date,city,temperature,humidity,rainfall,wind_speed,day_of_week,month,quarter,sin_day_of_year,cos_day_of_year,temperature_lag_1,temperature_lag_3,temperature_lag_7,humidity_lag_1,rainfall_lag_1,temperature_3day_avg,temperature_7day_avg,humidity_7day_avg,rainfall_7day_avg,temperature_7day_std,temperature_difference
2019-01-01,Bangalore,18.6,75,0.0,2.0,1,1,1,0.017213356155834685,0.9998518392091162,25.7,25.7,24.1,74.0,0.0,18.6,18.6,75.0,0.0,0.0,0.0
2019-01-01,Delhi,15.0,46,0.0,3.5,1,1,1,0.017213356155834685,0.9998518392091162,25.7,25.7,24.1,74.0,0.0,15.0,15.0,46.0,0.0,0.0,0.0
2019-01-01,Chennai,25.7,74,0.0,3.2,1,1,1,0.017213356155834685,0.9998518392091162,25.7,25.7,24.1,74.0,0.0,25.7,25.7,74.0,0.0,0.0,0.0
2019-01-01,Mumbai,23.7,88,0.0,2.8,1,1,1,0.017213356155834685,0.9998518392091162,25.7,25.7,24.1,74.0,0.0,23.7,23.7,88.0,0.0,0.0,0.0
2019-01-01,Hyderabad,24.1,62,0.0,3.7,1,1,1,0.017213356155834685,0.9998518392091162,25.7,25.7,24.1,74.0,0.0,24.1,24.1,62.0,0.0,0.0,0.0
2019-01-02,Chennai,24.4,73,0.0,3.0,2,1,1,0.03442161162274574,0.9994074007397048,25.7,25.7,24.1,74.0,0.0,25.049999999999997,25.049999999999997,73.5,0.0,0.9192388155425111,-1.3000000000000007
2019-01-02,Bangalore,19.0,72,0.0,1.9,2,1,1,0.03442161162274574,0.9994074007397048,18.6,25.7,24.1,75.0,0.0,18.8,18.8,73.5,0.0,0.282842712474618,0.3999999999999986
2019-01-02,Delhi,17.9,57,0.0,2.1,2,1,1,0.03442161162274574,0.9994074007397048,15.0,25.7,24.1,46.0,0.0,16.45,16.45,51.5,0.0,2.050609665440987,2.8999999999999986
2019-01-02,Mumbai,22.6,84,0.0,5.2,2,1,1,0.03442161162274574,0.9994074007397048,23.7,25.7,24.1,88.0,0.0,23.15,23.15,86.0,0.0,0.7778174593051995,-1.0999999999999979
2019-01-02,Hyderabad,19.2,64,0.0,3.9,2,1,1,0.03442161162274574,0.9994074007397048,24.1,25.7,24.1,62.0,0.0,21.65,21.65,63.0,0.0,3.464823227814083,-4.900000000000002
2019-01-03,Hyderabad,19.2,62,0.0,2.7,3,1,1,0.051619667223253764,0.998666816288476,19.2,25.7,24.1,64.0,0.0,20.833333333333332,20.833333333333332,62.666666666666664,0.0,2.8290163190291664,0.0
2019-01-03,Chennai,23.9,83,0.0,4.5,3,1,1,0.051619667223253764,0.998666816288476,24.4,25.7,24.1,73.0,0.0,24.666666666666668,24.666666666666668,76.66666666666667,0.0,0.929157324317756,-0.5
2019-01-03,Delhi,11.5,60,0.0,3.9,3,1,1,0.051619667223253764,0.998666816288476,17.9,25.7,24.1,57.0,0.0,14.799999999999999,14.799999999999999,54.333333333333336,0.0,3.2046840717924123,-6.399999999999999
2019-01-03,Mumbai,24.3,89,0.0,4.0,3,1,1,0.051619667223253764,0.998666816288476,22.6,25.7,24.1,84.0,0.0,23.53333333333333,23.53333333333333,87.0,0.0,0.8621678104251709,1.6999999999999993
2019-01-04,Chennai,23.6,80,0.0,3.3,4,1,1,0.06880242680231986,0.9976303053065857,23.9,25.7,24.1,83.0,0.0,23.966666666666665,24.4,77.5,0.0,0.9273618495495687,-0.29999999999999716
2019-01-04,Bangalore,17.8,72,0.0,4.7,4,1,1,0.06880242680231986,0.9976303053065857,19.0,24.1,24.1,72.0,0.0,18.46666666666667,18.46666666666667,73.0,0.0,0.6110100926607789,-1.1999999999999993
2019-01-04,Hyderabad,19.3,62,0.0,2.8,4,1,1,0.06880242680231986,0.9976303053065857,19.2,24.1,24.1,62.0,0.0,19.233333333333334,20.45,62.5,0.0,2.433789911502908,0.10000000000000142
2019-01-04,Delhi,16.8,54,0.0,2.9,4,1,1,0.06880242680231986,0.9976303053065857,11.5,15.0,24.1,60.0,0.0,15.4,15.3,54.25,0.0,2.801190223220598,5.300000000000001
2019-01-05,Mumbai,25.1,85,0.0,3.3,5,1,1,0.08596479873744647,0.9962981749346078,24.3,23.7,24.1,89.0,0.0,24.0,23.925,86.5,0.0,1.0531698185319736,0.8000000000000007
2019-01-05,Bangalore,16.2,71,0.0,2.6,5,1,1,0.08596479873744647,0.9962981749346078,17.8,18.6,24.1,72.0,0.0,17.666666666666668,17.9,72.5,0.0,1.2382783747337822,-1.6000000000000014
2019-01-05,Hyderabad,22.6,53,0.0,3.0,5,1,1,0.08596479873744647,0.9962981749346078,19.3,19.2,24.1,62.0,0.0,20.366666666666664,20.880000000000003,60.6,0.0,2.3166786570433113,3.3000000000000007
2019-01-05,Chennai,27.1,83,0.0,4.2,5,1,1,0.08596479873744647,0.9962981749346078,23.6,24.4,24.1,80.0,0.0,24.86666666666667,24.94,78.6,0.0,1.4501724035438,3.5
2019-01-06,Chennai,28.2,81,0.0,4.4,6,1,1,0.10310169744743485,0.9946708199115211,27.1,23.9,24.1,83.0,0.0,26.3,25.483333333333334,79.0,0.0,1.8584043334717746,1.0999999999999979
2019-01-06,Mumbai,22.0,79,0.0,4.1,6,1,1,0.10310169744743485,0.9946708199115211,25.1,22.6,24.1,85.0,0.0,23.8,23.54,85.0,0.0,1.2541929676090522,-3.1000000000000014
2019-01-06,Delhi,13.2,52,0.0,1.1,6,1,1,0.10310169744743485,0.9946708199115211,16.8,17.9,24.1,54.0,0.0,13.833333333333334,14.88,53.8,0.0,2.6013458055398937,-3.6000000000000014
2019-01-06,Hyderabad,23.4,66,0.0,4.1,6,1,1,0.10310169744743485,0.9946708199115211,22.6,19.2,24.1,53.0,0.0,21.766666666666666,21.3,61.5,0.0,2.313438998547401,0.7999999999999972
2019-01-06,Bangalore,17.5,74,0.0,3.3,6,1,1,0.10310169744743485,0.9946708199115211,16.2,19.0,24.1,71.0,0.0,17.166666666666668,17.82,72.8,0.0,1.0871982339941522,1.3000000000000007
2019-01-07,Delhi,15.0,59,0.0,3.2,0,1,1,0.1202080448993527,0.9927487224577402,13.2,11.5,24.1,52.0,0.0,15.0,14.9,54.666666666666664,0.0,2.3272301132462165,1.8000000000000007
2019-01-07,Hyderabad,18.9,65,0.0,2.5,0,1,1,0.1202080448993527,0.9927487224577402,23.4,19.3,24.1,66.0,0.0,21.633333333333336,20.957142857142856,62.0,0.0,2.2984466804468497,-4.5
2019-01-07,Chennai,27.2,86,0.0,2.6,0,1,1,0.1202080448993527,0.9927487224577402,28.2,23.6,24.1,81.0,0.0,27.5,25.728571428571428,80.0,0.0,1.8163280593129707,-1.0
2019-01-07,Bangalore,19.3,75,0.0,3.1,0,1,1,0.1202080448993527,0.9927487224577402,17.5,17.8,24.1,74.0,0.0,17.666666666666668,18.066666666666666,73.16666666666667,0.0,1.1448435118681808,1.8000000000000007
2019-01-08,Mumbai,22.0,91,0.0,4.0,1,1,1,0.13727877211326478,0.9905324521322229,22.0,24.3,24.1,79.0,0.0,23.03333333333333,23.28333333333333,86.0,0.0,1.2859497138950133,0.0
2019-01-08,Hyderabad,17.6,71,0.0,3.7,1,1,1,0.13727877211326478,0.9905324521322229,18.9,22.6,24.1,65.0,0.0,19.966666666666665,20.028571428571432,63.285714285714285,0.0,2.123451816982813,-1.2999999999999972
2019-01-08,Delhi,18.6,57,0.0,4.1,1,1,1,0.13727877211326478,0.9905324521322229,15.0,16.8,19.2,59.0,0.0,15.6,15.428571428571429,55.0,0.0,2.5434322517117733,3.6000000000000014
2019-01-08,Bangalore,17.4,78,0.0,4.7,1,1,1,0.13727877211326478,0.9905324521322229,19.3,16.2,19.2,75.0,0.0,18.066666666666666,17.97142857142857,73.85714285714286,0.0,1.0750415274370977,-1.9000000000000021
2019-01-09,Hyderabad,21.7,65,0.0,4.3,2,1,1,0.15430882066428117,0.9880226656636976,17.6,23.4,19.2,71.0,0.0,19.400000000000002,20.385714285714283,63.42857142857143,0.0,2.1705825419524047,4.099999999999998
2019-01-09,Delhi,14.4,54,0.0,2.3,2,1,1,0.15430882066428117,0.9880226656636976,18.6,13.2,15.0,57.0,0.0,16.0,15.342857142857143,56.142857142857146,0.0,2.570251053144513,-4.200000000000001
2019-01-09,Mumbai,25.5,91,0.0,0.9,2,1,1,0.15430882066428117,0.9880226656636976,22.0,25.1,25.7,91.0,0.0,23.166666666666668,23.599999999999998,86.71428571428571,0.0,1.4422205101855963,3.5
2019-01-09,Chennai,28.5,73,3.3,2.6,2,1,1,0.15430882066428117,0.9880226656636976,27.2,27.1,25.7,86.0,0.0,27.966666666666665,26.12857142857143,79.85714285714286,0.4714285714285714,2.0958007902424685,1.3000000000000007
2019-01-09,Bangalore,16.1,70,0.0,4.2,2,1,1,0.15430882066428117,0.9880226656636976,17.4,17.5,18.6,78.0,0.0,17.599999999999998,17.614285714285714,73.14285714285714,0.0,1.2348124978157236,-1.2999999999999972
2019-01-10,Mumbai,25.2,87,0.0,1.8,3,1,1,0.1712931441814776,0.9852201067560606,25.5,22.0,23.7,91.0,0.0,24.233333333333334,23.814285714285717,86.57142857142857,0.0,1.565703858150887,-0.3000000000000007
2019-01-10,Hyderabad,18.2,63,0.0,4.9,3,1,1,0.1712931441814776,0.9852201067560606,21.7,18.9,19.2,65.0,0.0,19.166666666666668,20.24285714285714,63.57142857142857,0.0,2.2911839318404366,-3.5
2019-01-10,Delhi,13.9,57,0.0,3.2,3,1,1,0.1712931441814776,0.9852201067560606,14.4,15.0,17.9,54.0,0.0,15.633333333333333,14.77142857142857,56.142857142857146,0.0,2.3414484731424166,-0.5
2019-01-10,Chennai,27.5,76,0.0,4.0,3,1,1,0.1712931441814776,0.9852201067560606,28.5,28.2,24.4,73.0,3.3,27.733333333333334,26.571428571428573,80.28571428571429,0.4714285714285714,1.9947550273273207,-1.0
2019-01-11,Delhi,15.6,55,0.0,5.2,4,1,1,0.1882267098432442,0.9821256058680006,13.9,18.6,11.5,57.0,0.0,14.633333333333333,15.35714285714286,55.42857142857143,0.0,1.847391984083818,1.6999999999999993
2019-01-11,Bangalore,20.3,65,0.0,1.6,4,1,1,0.1882267098432442,0.9821256058680006,16.1,19.3,19.0,70.0,0.0,17.933333333333334,17.8,72.14285714285714,0.0,1.5383974345619107,4.199999999999999
2019-01-11,Chennai,24.1,81,0.0,3.3,4,1,1,0.1882267098432442,0.9821256058680006,27.5,27.2,23.9,76.0,0.0,26.7,26.599999999999998,80.0,0.4714285714285714,1.9510680835549192,-3.3999999999999986
2019-01-11,Hyderabad,19.2,55,0.0,4.1,4,1,1,0.1882267098432442,0.9821256058680006,18.2,17.6,19.3,63.0,0.0,19.7,20.228571428571428,62.57142857142857,0.0,2.2983430884837333,1.0
2019-01-11,Mumbai,25.4,80,0.0,3.6,4,1,1,0.1882267098432442,0.9821256058680006,25.2,22.0,22.6,87.0,0.0,25.366666666666664,24.214285714285715,86.0,0.0,1.5614401167176541,0.1999999999999993
2019-01-12,Chennai,26.6,85,0.0,3.1,5,1,1,0.2051044998686192,0.9787400799669153,24.1,28.5,23.6,81.0,0.0,26.066666666666666,27.028571428571432,80.71428571428571,0.4714285714285714,1.446506464686885,2.5
2019-01-12,Bangalore,17.2,66,0.0,3.9,5,1,1,0.2051044998686192,0.9787400799669153,20.3,17.4,17.8,65.0,0.0,17.86666666666667,17.714285714285715,71.28571428571429,0.0,1.555022584432535,-3.1000000000000014
2019-01-12,Delhi,12.8,56,0.0,3.6,5,1,1,0.2051044998686192,0.9787400799669153,15.6,14.4,16.8,55.0,0.0,14.100000000000001,14.785714285714286,55.714285714285715,0.0,1.942874649781068,-2.799999999999999
2019-01-12,Hyderabad,21.0,59,0.0,2.0,5,1,1,0.2051044998686192,0.9787400799669153,19.2,21.7,22.6,55.0,0.0,19.466666666666665,20.0,63.42857142857143,0.0,2.0936411663256256,1.8000000000000007
2019-01-12,Mumbai,21.4,80,0.0,2.9,5,1,1,0.2051044998686192,0.9787400799669153,25.4,25.5,24.3,80.0,0.0,24.0,23.8,84.71428571428571,0.0,1.8859126879754184,-4.0
2019-01-13,Delhi,14.0,63,0.0,4.4,6,1,1,0.2219215130041655,0.9750645322571948,12.8,13.9,13.2,56.0,0.0,14.133333333333333,14.900000000000002,57.285714285714285,0.0,1.855622087962238,1.1999999999999993
2019-01-13,Chennai,24.8,74,0.0,1.8,6,1,1,0.2219215130041655,0.9750645322571948,26.6,27.5,27.1,85.0,0.0,25.166666666666668,26.7,79.42857142857143,0.4714285714285714,1.6713268182295558,-1.8000000000000007
2019-01-13,Bangalore,17.7,71,0.0,4.4,6,1,1,0.2219215130041655,0.9750645322571948,17.2,16.1,16.2,66.0,0.0,18.4,17.928571428571427,71.28571428571429,0.0,1.4079705083491463,0.5
2019-01-13,Mumbai,25.5,90,1.2,2.2,6,1,1,0.2219215130041655,0.9750645322571948,21.4,25.2,25.1,80.0,0.0,24.099999999999998,23.857142857142858,85.42857142857143,0.17142857142857143,1.9372292437543739,4.100000000000001
2019-01-13,Hyderabad,21.8,65,0.0,2.2,6,1,1,0.2219215130041655,0.9750645322571948,21.0,18.2,23.4,59.0,0.0,20.666666666666668,19.771428571428572,63.285714285714285,0.0,1.7133926245067936,0.8000000000000007
2019-01-14,Bangalore,14.2,78,0.0,1.2,0,1,1,0.2386727660059501,0.9711000518829505,17.7,20.3,17.5,71.0,0.0,16.366666666666664,17.45714285714286,71.85714285714286,0.0,2.00237953683207,-3.5
2019-01-14,Delhi,16.7,51,0.0,4.4,0,1,1,0.2386727660059501,0.9711000518829505,14.0,15.6,15.0,63.0,0.0,14.5,15.142857142857142,56.142857142857146,0.0,1.978094321021408,2.6999999999999993
2019-01-14,Mumbai,21.9,82,0.0,2.8,0,1,1,0.2386727660059501,0.9711000518829505,25.5,25.4,22.0,90.0,1.2,22.933333333333334,23.842857142857145,85.85714285714286,0.17142857142857143,1.953507224504296,-3.6000000000000014
2019-01-14,Hyderabad,23.3,58,0.0,3.2,0,1,1,0.2386727660059501,0.9711000518829505,21.8,19.2,18.9,65.0,0.0,22.03333333333333,20.400000000000002,62.285714285714285,0.0,2.103172207246312,1.5
2019-01-14,Chennai,26.8,89,0.0,2.7,0,1,1,0.2386727660059501,0.9711000518829505,24.8,24.1,28.2,74.0,0.0,26.066666666666666,26.5,80.57142857142857,0.4714285714285714,1.5405626677721782,2.0
2019-01-15,Bangalore,19.4,64,0.0,5.0,1,1,1,0.255353295116187,0.9668478136052775,14.2,17.2,19.3,78.0,0.0,17.099999999999998,17.47142857142857,70.28571428571429,0.0,2.0180141110460443,5.199999999999999
2019-01-15,Chennai,27.5,85,0.0,2.1,1,1,1,0.255353295116187,0.9668478136052775,26.8,26.6,27.2,89.0,0.0,26.366666666666664,26.542857142857144,80.42857142857143,0.4714285714285714,1.5672238117736963,0.6999999999999993
2019-01-15,Mumbai,23.7,89,0.0,4.8,1,1,1,0.255353295116187,0.9668478136052775,21.9,21.4,22.0,82.0,0.0,23.7,24.085714285714282,85.57142857142857,0.17142857142857143,1.7845901223423566,1.8000000000000007
2019-01-15,Delhi,15.8,50,0.0,4.4,1,1,1,0.255353295116187,0.9668478136052775,16.7,12.8,18.6,51.0,0.0,15.5,14.742857142857144,55.142857142857146,0.0,1.3439458605875745,-0.8999999999999986
2019-01-15,Hyderabad,16.2,57,0.0,3.8,1,1,1,0.255353295116187,0.9668478136052775,23.3,21.0,17.6,58.0,0.0,20.433333333333334,20.2,60.285714285714285,0.0,2.451530134426251,-7.100000000000001
2019-01-16,Mumbai,24.6,89,0.0,3.3,2,1,1,0.2719581575341055,0.9623090774541486,23.7,25.5,25.5,89.0,0.0,23.399999999999995,23.957142857142856,85.28571428571429,0.17142857142857143,1.6959335117245837,0.9000000000000021
2019-01-16,Chennai,26.6,70,0.0,3.5,2,1,1,0.2719581575341055,0.9623090774541486,27.5,24.8,28.5,85.0,0.0,26.96666666666667,26.271428571428572,80.0,0.0,1.3161994348809567,-0.8999999999999986
2019-01-16,Delhi,12.9,57,0.0,4.3,2,1,1,0.2719581575341055,0.9623090774541486,15.8,14.0,14.4,50.0,0.0,15.133333333333335,14.528571428571427,55.57142857142857,0.0,1.5162610655977482,-2.9000000000000004
2019-01-16,Hyderabad,17.4,65,0.0,2.3,2,1,1,0.2719581575341055,0.9623090774541486,16.2,21.8,21.7,57.0,0.0,18.96666666666667,19.585714285714285,60.285714285714285,0.0,2.5497899073116916,1.1999999999999993
2019-01-16,Bangalore,20.6,73,0.0,2.4,2,1,1,0.2719581575341055,0.9623090774541486,19.4,17.7,17.4,64.0,0.0,18.066666666666666,17.928571428571427,69.57142857142857,0.0,2.336460489511351,1.2000000000000028
2019-01-17,Delhi,13.4,62,0.0,3.7,3,1,1,0.288482432880609,0.9574851883550393,12.9,16.7,13.9,57.0,0.0,14.033333333333333,14.457142857142857,56.285714285714285,0.0,1.5618975028867321,0.5
2019-01-17,Hyderabad,17.8,63,0.0,0.8,3,1,1,0.288482432880609,0.9574851883550393,17.4,23.3,18.2,65.0,0.0,17.133333333333333,19.52857142857143,60.285714285714285,0.0,2.5901829315798546,0.40000000000000213
2019-01-17,Chennai,24.7,77,0.0,2.9,3,1,1,0.288482432880609,0.9574851883550393,26.6,26.8,27.5,70.0,0.0,26.26666666666667,25.871428571428574,80.14285714285714,0.0,1.306029971215929,-1.9000000000000021
2019-01-17,Mumbai,24.7,82,0.0,2.7,3,1,1,0.288482432880609,0.9574851883550393,24.6,21.9,25.2,89.0,0.0,24.333333333333332,23.885714285714283,84.57142857142857,0.17142857142857143,1.644616035663616,0.09999999999999787
2019-01-18,Chennai,23.7,76,0.0,1.2,4,1,1,0.30492122465628907,0.9523775757303974,24.7,27.5,24.1,77.0,0.0,25.0,25.814285714285717,79.42857142857143,0.0,1.4016996485559594,-1.0
2019-01-18,Hyderabad,24.9,53,0.0,2.4,4,1,1,0.30492122465628907,0.9523775757303974,17.8,16.2,19.2,63.0,0.0,20.033333333333335,20.342857142857145,60.0,0.0,3.275086331104948,7.099999999999998
2019-01-18,Mumbai,19.2,85,0.0,2.3,4,1,1,0.30492122465628907,0.9523775757303974,24.7,23.7,25.4,82.0,0.0,22.833333333333332,23.0,85.28571428571429,0.17142857142857143,2.2509257354845547,-5.5
2019-01-18,Delhi,19.5,62,0.0,2.3,4,1,1,0.30492122465628907,0.9523775757303974,13.4,15.8,15.6,62.0,0.0,15.266666666666666,15.014285714285714,57.285714285714285,0.0,2.469432169162627,6.1
2019-01-18,Bangalore,21.6,75,0.0,3.3,4,1,1,0.30492122465628907,0.9523775757303974,20.6,14.2,16.1,73.0,0.0,20.533333333333335,18.714285714285715,70.28571428571429,0.0,2.5353688564181827,1.0
2019-01-19,Hyderabad,18.0,56,0.0,2.9,5,1,1,0.3212696616923644,0.9469877530760753,24.9,17.4,21.0,53.0,0.0,20.233333333333334,19.914285714285715,59.57142857142857,0.0,3.3696827602553174,-6.899999999999999
2019-01-19,Mumbai,21.6,91,0.0,2.6,5,1,1,0.3212696616923644,0.9469877530760753,19.2,24.6,21.4,85.0,0.0,21.833333333333332,23.028571428571432,86.85714285714286,0.17142857142857143,2.2283882708617684,2.400000000000002
2019-01-19,Delhi,14.6,61,0.0,2.0,5,1,1,0.3212696616923644,0.9469877530760753,19.5,12.9,12.8,62.0,0.0,15.833333333333334,15.27142857142857,58.0,0.0,2.287439824865553,-4.9
2019-01-19,Bangalore,19.9,70,0.0,3.6,5,1,1,0.3212696616923644,0.9469877530760753,21.6,19.4,20.3,75.0,0.0,20.7,18.657142857142855,71.0,0.0,2.4979038831636045,-1.7000000000000028
2019-01-19,Chennai,26.0,82,0.0,2.8,5,1,1,0.3212696616923644,0.9469877530760753,23.7,26.6,26.6,76.0,0.0,24.799999999999997,25.728571428571428,79.0,0.0,1.3634689651941525,2.3000000000000007
2019-01-20,Delhi,16.1,57,0.0,3.1,6,1,1,0.3375228995941133,0.9413173175128471,14.6,13.4,14.0,61.0,0.0,16.73333333333333,15.571428571428571,57.142857142857146,0.0,2.229883618573165,1.5000000000000018
2019-01-20,Hyderabad,20.1,56,0.0,3.4,6,1,1,0.3375228995941133,0.9413173175128471,18.0,17.8,21.8,56.0,0.0,21.0,19.67142857142857,58.285714285714285,0.0,3.2709398678434316,2.1000000000000014
2019-01-20,Bangalore,16.6,70,0.0,3.2,6,1,1,0.3375228995941133,0.9413173175128471,19.9,20.6,17.2,70.0,0.0,19.366666666666667,18.571428571428573,71.57142857142857,0.0,2.56561512163866,-3.299999999999997
2019-01-20,Chennai,23.6,82,0.0,3.0,6,1,1,0.3375228995941133,0.9413173175128471,26.0,24.7,24.8,82.0,0.0,24.433333333333334,25.557142857142857,80.14285714285714,0.0,1.5608300599970735,-2.3999999999999986
2019-01-20,Mumbai,22.6,89,0.0,2.8,6,1,1,0.3375228995941133,0.9413173175128471,21.6,24.7,25.5,91.0,0.0,21.133333333333333,22.614285714285717,86.71428571428571,0.0,1.9437322958924308,1.0
2019-01-21,Delhi,15.2,59,0.0,2.2,0,1,1,0.3536761221763716,0.9353679493131483,16.1,19.5,16.7,57.0,0.0,15.299999999999999,15.35714285714286,58.285714285714285,0.0,2.174746838030535,-0.9000000000000021
2019-01-21,Hyderabad,19.7,50,0.0,2.6,0,1,1,0.3536761221763716,0.9353679493131483,20.1,24.9,23.3,56.0,0.0,19.266666666666666,19.157142857142855,57.142857142857146,0.0,2.862898963671344,-0.40000000000000213
2019-01-21,Bangalore,19.2,68,0.0,2.5,0,1,1,0.3536761221763716,0.9353679493131483,16.6,21.6,17.7,70.0,0.0,18.566666666666666,18.785714285714285,71.14285714285714,0.0,2.5432450212465256,2.599999999999998
2019-01-21,Mumbai,21.6,83,0.0,3.6,0,1,1,0.3536761221763716,0.9353679493131483,22.6,19.2,21.9,89.0,0.0,21.933333333333337,22.571428571428573,86.85714285714286,0.0,1.9652941134550255,-1.0
2019-01-21,Chennai,23.2,83,0.0,4.2,0,1,1,0.3536761221763716,0.9353679493131483,23.6,23.7,26.8,82.0,0.0,24.266666666666666,25.042857142857144,79.28571428571429,0.0,1.672181352661984,-0.40000000000000213
2019-01-22,Chennai,26.0,73,0.0,3.6,1,1,1,0.3697245428906731,0.9291414114031743,23.2,26.0,27.5,83.0,0.0,24.266666666666666,24.82857142857143,77.57142857142857,0.0,1.3744262872368247,2.8000000000000007
2019-01-22,Bangalore,19.0,74,0.0,1.7,1,1,1,0.3697245428906731,0.9291414114031743,19.2,19.9,14.2,68.0,0.0,18.266666666666666,19.47142857142857,70.57142857142857,0.0,1.556399997552348,-0.1999999999999993
2019-01-22,Mumbai,24.8,87,0.0,3.1,1,1,1,0.3697245428906731,0.9291414114031743,21.6,21.6,23.7,83.0,0.0,23.0,22.72857142857143,86.57142857142857,0.0,2.109276562958883,3.1999999999999993
2019-01-22,Delhi,15.4,51,0.0,1.8,1,1,1,0.3697245428906731,0.9291414114031743,15.2,14.6,15.8,59.0,0.0,15.566666666666665,15.299999999999999,58.42857142857143,0.0,2.1664102412362563,0.20000000000000107
2019-01-22,Hyderabad,20.5,62,2.1,3.9,1,1,1,0.3697245428906731,0.9291414114031743,19.7,18.0,16.2,50.0,0.0,20.099999999999998,19.771428571428572,57.857142857142854,0.3,2.568861152154316,0.8000000000000007
2019-01-23,Mumbai,20.9,77,0.0,2.2,2,1,1,0.38566340624360707,0.9226395488404876,24.8,22.6,24.6,87.0,0.0,22.433333333333334,22.2,84.85714285714286,0.0,2.024022397768043,-3.900000000000002
2019-01-23,Delhi,17.5,57,0.0,1.8,2,1,1,0.38566340624360707,0.9226395488404876,15.4,16.1,12.9,51.0,0.0,16.03333333333333,15.957142857142859,58.42857142857143,0.0,2.0090272462538876,2.0999999999999996
2019-01-23,Hyderabad,21.1,63,0.0,4.2,2,1,1,0.38566340624360707,0.9226395488404876,20.5,20.1,17.4,62.0,2.1,20.433333333333334,20.3,57.57142857142857,0.3,2.372762103540931,0.6000000000000014
2019-01-23,Chennai,21.9,76,0.0,2.7,2,1,1,0.38566340624360707,0.9226395488404876,26.0,23.6,26.6,73.0,0.0,23.7,24.157142857142855,78.42857142857143,0.0,1.506493879683479,-4.100000000000001
2019-01-23,Bangalore,17.8,75,0.7,4.4,2,1,1,0.38566340624360707,0.9226395488404876,19.0,16.6,19.4,74.0,0.0,18.666666666666668,19.24285714285714,72.14285714285714,0.09999999999999999,1.6811277394030693,-1.1999999999999993
2019-01-24,Mumbai,17.4,72,1.1,2.9,3,1,1,0.401487989205973,0.9158642882672872,20.9,21.6,24.7,77.0,0.0,21.03333333333333,21.157142857142855,83.42857142857143,0.15714285714285717,2.3719592062661063,-3.5
2019-01-24,Hyderabad,22.7,61,0.0,2.8,3,1,1,0.401487989205973,0.9158642882672872,21.1,19.7,17.8,63.0,0.0,21.433333333333334,21.0,57.285714285714285,0.3,2.230844384233615,1.5999999999999979
2019-01-24,Bangalore,18.1,66,0.0,5.2,3,1,1,0.401487989205973,0.9158642882672872,17.8,19.2,20.6,75.0,0.7,18.3,18.88571428571429,71.14285714285714,0.09999999999999999,1.6087558043703334,0.3000000000000007
2019-01-24,Chennai,25.3,76,0.0,3.5,3,1,1,0.401487989205973,0.9158642882672872,21.9,23.2,24.7,76.0,0.0,24.400000000000002,24.24285714285714,78.28571428571429,0.0,1.5586929811620323,3.400000000000002
2019-01-24,Delhi,18.0,52,0.0,3.5,3,1,1,0.401487989205973,0.9158642882672872,17.5,15.2,13.4,57.0,0.0,16.966666666666665,16.614285714285717,57.0,0.0,1.771466973470079,0.5
2019-01-25,Delhi,14.5,52,0.0,3.5,4,1,1,0.4171936026123168,0.9088176373395029,18.0,15.4,19.5,52.0,0.0,16.666666666666664,15.900000000000002,55.57142857142857,0.0,1.3784048752090232,-3.5
2019-01-25,Mumbai,20.0,79,0.0,2.3,4,1,1,0.4171936026123168,0.9088176373395029,17.4,24.8,19.2,72.0,1.1,19.433333333333334,21.27142857142857,82.57142857142857,0.15714285714285717,2.2794109514772325,2.6000000000000014
2019-01-25,Bangalore,20.7,71,0.0,2.8,4,1,1,0.4171936026123168,0.9088176373395029,18.1,19.0,21.6,66.0,0.0,18.86666666666667,18.75714285714286,70.57142857142857,0.09999999999999999,1.3745995087747593,2.599999999999998
2019-01-25,Hyderabad,21.7,63,0.0,2.9,4,1,1,0.4171936026123168,0.9088176373395029,22.7,20.5,24.9,61.0,0.0,21.833333333333332,20.542857142857144,58.714285714285715,0.3,1.5098091963966165,-1.0
2019-01-26,Bangalore,19.3,68,0.0,1.6,5,1,1,0.4327755925504312,0.901501684131884,20.7,17.8,19.9,71.0,0.0,19.366666666666667,18.671428571428574,70.28571428571429,0.09999999999999999,1.3085797462825695,-1.3999999999999986
2019-01-26,Mumbai,24.0,93,0.0,4.2,5,1,1,0.4327755925504312,0.901501684131884,20.0,20.9,21.6,79.0,0.0,20.466666666666665,21.61428571428571,82.85714285714286,0.15714285714285717,2.5062778320506727,4.0
2019-01-26,Hyderabad,20.5,59,0.0,2.4,5,1,1,0.4327755925504312,0.901501684131884,21.7,21.1,18.0,63.0,0.0,21.633333333333336,20.900000000000002,59.142857142857146,0.3,1.026320287889373,-1.1999999999999993
2019-01-26,Chennai,25.1,79,0.0,2.0,5,1,1,0.4327755925504312,0.901501684131884,25.3,26.0,23.7,76.0,0.0,24.099999999999998,24.442857142857143,78.71428571428571,0.0,1.56722381177369,-0.1999999999999993
2019-01-26,Delhi,14.6,57,0.0,3.3,5,1,1,0.4327755925504312,0.901501684131884,14.5,17.5,14.6,52.0,0.0,15.699999999999998,15.900000000000002,55.0,0.0,1.3784048752090232,0.09999999999999964
2019-01-27,Chennai,25.2,84,0.0,2.4,6,1,1,0.4482293417404106,0.893918596519257,25.1,21.9,26.0,79.0,0.0,25.2,24.32857142857143,79.0,0.0,1.4602674249537062,0.09999999999999787
2019-01-27,Hyderabad,22.9,60,0.0,3.3,6,1,1,0.4482293417404106,0.893918596519257,20.5,22.7,20.1,59.0,0.0,21.7,21.3,59.714285714285715,0.3,1.1944315244779262,2.3999999999999986
2019-01-27,Delhi,17.1,60,0.0,5.1,6,1,1,0.4482293417404106,0.893918596519257,14.6,18.0,16.1,57.0,0.0,15.399999999999999,16.042857142857144,55.42857142857143,0.0,1.4524199838627299,2.5000000000000018
2019-01-28,Hyderabad,18.9,58,0.0,2.0,0,1,1,0.4635502709028509,0.886070621534138,22.9,21.7,19.7,60.0,0.0,20.766666666666666,21.185714285714283,60.857142857142854,0.3,1.3945472042071219,-4.0
2019-01-28,Bangalore,21.3,72,0.0,2.9,0,1,1,0.4635502709028509,0.886070621534138,19.3,18.1,16.6,68.0,0.0,20.433333333333334,19.342857142857145,70.57142857142857,0.09999999999999999,1.2739141034061685,2.0
2019-01-28,Mumbai,24.0,89,0.0,1.7,0,1,1,0.4635502709028509,0.886070621534138,24.0,17.4,22.6,93.0,0.0,22.666666666666668,21.814285714285713,82.85714285714286,0.15714285714285717,2.649797835954399,0.0
2019-01-28,Chennai,27.6,80,0.0,3.2,0,1,1,0.4635502709028509,0.886070621534138,25.2,25.3,23.6,84.0,0.0,25.96666666666667,24.900000000000002,78.71428571428571,0.0,1.8565200420859067,2.400000000000002
2019-01-28,Delhi,18.8,52,0.0,1.3,0,1,1,0.4635502709028509,0.886070621534138,17.1,14.5,15.2,60.0,0.0,16.833333333333332,16.557142857142857,54.42857142857143,0.0,1.717417773730029,1.6999999999999993
2019-01-29,Bangalore,20.1,61,0.0,2.9,1,1,1,0.47873384011578846,0.8779600847008882,21.3,20.7,19.2,72.0,0.0,20.233333333333334,19.47142857142857,69.57142857142857,0.09999999999999999,1.3021959475110818,-1.1999999999999993
2019-01-29,Delhi,15.4,54,0.0,2.2,1,1,1,0.47873384011578846,0.8779600847008882,18.8,14.6,15.4,52.0,0.0,17.099999999999998,16.557142857142857,54.857142857142854,0.0,1.7174177737300291,-3.4000000000000004
2019-01-29,Hyderabad,20.1,58,0.0,3.8,1,1,1,0.47873384011578846,0.8779600847008882,18.9,20.5,20.5,58.0,0.0,20.63333333333333,21.12857142857143,60.285714285714285,0.0,1.4349381934590817,1.2000000000000028
2019-01-29,Mumbai,21.9,83,0.0,2.3,1,1,1,0.47873384011578846,0.8779600847008882,24.0,20.0,21.6,89.0,0.0,23.3,21.857142857142858,82.85714285714286,0.15714285714285717,2.648179967988805,-2.1000000000000014
2019-01-29,Chennai,22.5,79,0.0,2.1,1,1,1,0.47873384011578846,0.8779600847008882,27.6,25.1,23.2,80.0,0.0,25.099999999999998,24.800000000000004,78.14285714285714,0.0,1.9782146833277021,-5.100000000000001
2019-01-30,Mumbai,25.7,89,0.0,1.9,2,1,1,0.49377555015997715,0.869589389346611,21.9,24.0,24.8,83.0,0.0,23.866666666666664,21.985714285714284,83.14285714285714,0.15714285714285717,2.8304467088126937,3.8000000000000007
2019-01-30,Hyderabad,21.0,57,0.0,3.7,2,1,1,0.49377555015997715,0.869589389346611,20.1,22.9,21.1,58.0,0.0,20.0,21.11428571428571,59.42857142857143,0.0,1.4357675896288247,0.8999999999999986
2019-01-30,Chennai,23.6,79,0.0,4.0,2,1,1,0.49377555015997715,0.869589389346611,22.5,25.2,26.0,79.0,0.0,24.566666666666666,24.45714285714286,79.0,0.0,1.9432422587496534,1.1000000000000014
2019-01-30,Delhi,16.9,55,0.0,5.6,2,1,1,0.49377555015997715,0.869589389346611,15.4,17.1,17.5,54.0,0.0,17.03333333333333,16.47142857142857,54.57142857142857,0.0,1.6770154896067457,1.4999999999999982
2019-01-30,Bangalore,15.7,63,0.0,2.8,2,1,1,0.49377555015997715,0.869589389346611,20.1,19.3,19.0,61.0,0.0,19.033333333333335,19.0,68.0,0.09999999999999999,1.9416487838947607,-4.400000000000002
2019-01-31,Chennai,24.0,85,0.0,2.9,3,1,1,0.5086709438521044,0.8609610158889943,23.6,27.6,21.9,79.0,0.0,23.366666666666664,24.75714285714286,80.28571428571429,0.0,1.617464211718597,0.3999999999999986
2019-01-31,Hyderabad,18.7,56,0.0,3.8,3,1,1,0.5086709438521044,0.8609610158889943,21.0,18.9,22.7,57.0,0.0,19.933333333333334,20.542857142857144,58.714285714285715,0.0,1.4942747882692549,-2.3000000000000007
2019-01-31,Mumbai,21.2,81,0.0,3.5,3,1,1,0.5086709438521044,0.8609610158889943,25.7,24.0,20.9,89.0,0.0,22.933333333333334,22.02857142857143,83.71428571428571,0.15714285714285717,2.8134879217288855,-4.5
2019-01-31,Delhi,17.3,54,0.0,5.5,3,1,1,0.5086709438521044,0.8609610158889943,16.9,18.8,18.0,55.0,0.0,16.53333333333333,16.371428571428574,54.857142857142854,0.0,1.5892495983055295,0.40000000000000213
2019-01-31,Bangalore,15.5,63,0.0,3.2,3,1,1,0.5086709438521044,0.8609610158889943,15.7,21.3,17.8,63.0,0.0,17.099999999999998,18.67142857142857,66.28571428571429,0.0,2.333605426312317,-0.1999999999999993
2019-02-01,Hyderabad,22.4,58,0.0,2.3,4,2,1,0.5234156073655503,0.8520775211013093,18.7,20.1,21.7,56.0,0.0,20.7,20.642857142857142,58.0,0.0,1.6040128250288799,3.6999999999999993
2019-02-01,Bangalore,16.0,60,0.0,3.1,4,2,1,0.5234156073655503,0.8520775211013093,15.5,20.1,18.1,63.0,0.0,15.733333333333334,18.37142857142857,65.42857142857143,0.0,2.544742479252919,0.5
2019-02-01,Delhi,14.9,50,0.0,4.7,4,2,1,0.5234156073655503,0.8520775211013093,17.3,15.4,14.5,54.0,0.0,16.366666666666664,16.428571428571427,54.57142857142857,0.0,1.5162610655977484,-2.4000000000000004
2019-02-01,Chennai,25.5,80,3.1,1.5,4,2,1,0.5234156073655503,0.8520775211013093,24.0,22.5,25.3,85.0,0.0,24.366666666666664,24.785714285714285,80.85714285714286,0.4428571428571429,1.6303665962277396,1.5
2019-02-01,Mumbai,27.3,81,0.0,0.7,4,2,1,0.5234156073655503,0.8520775211013093,21.2,21.9,17.4,81.0,0.0,24.73333333333333,23.442857142857147,85.0,0.0,2.577374078952671,6.100000000000001
2019-02-02,Bangalore,19.2,73,0.0,3.3,5,2,1,0.5380051715382996,0.8429415373547828,16.0,15.7,20.7,60.0,0.0,16.900000000000002,18.157142857142855,65.71428571428571,0.0,2.373364098248971,3.1999999999999993
2019-02-02,Mumbai,25.6,83,0.0,0.6,5,2,1,0.5380051715382996,0.8429415373547828,27.3,25.7,20.0,81.0,0.0,24.7,24.242857142857144,85.57142857142857,0.0,2.1670695596104976,-1.6999999999999993
2019-02-02,Delhi,16.3,48,0.0,2.3,5,2,1,0.5380051715382996,0.8429415373547828,14.9,16.9,14.6,50.0,0.0,16.166666666666664,16.67142857142857,53.285714285714285,0.0,1.2944938337876633,1.4000000000000004
2019-02-02,Hyderabad,23.1,56,0.0,2.7,5,2,1,0.5380051715382996,0.8429415373547828,22.4,21.0,20.5,58.0,0.0,21.399999999999995,21.014285714285712,57.57142857142857,0.0,1.8479074394465482,0.7000000000000028
2019-02-03,Hyderabad,23.9,54,0.0,1.4,6,2,1,0.5524353131676196,0.8335557718385699,23.1,18.7,22.9,56.0,0.0,23.133333333333336,21.157142857142855,56.714285714285715,0.0,2.046018200356603,0.7999999999999972
2019-02-03,Mumbai,26.3,84,0.0,1.8,6,2,1,0.5524353131676196,0.8335557718385699,25.6,21.2,24.0,83.0,0.0,26.400000000000002,24.571428571428573,84.28571428571429,0.0,2.294714423564343,0.6999999999999993
2019-02-03,Chennai,23.6,88,0.0,2.2,6,2,1,0.5524353131676196,0.8335557718385699,25.5,23.6,25.1,80.0,3.1,24.366666666666664,24.571428571428573,82.14285714285714,0.4428571428571429,1.6799943310561891,-1.8999999999999986
2019-02-03,Bangalore,19.3,62,0.0,3.1,6,2,1,0.5524353131676196,0.8335557718385699,19.2,15.5,19.3,73.0,0.0,18.166666666666668,18.15714285714286,64.85714285714286,0.0,2.373364098248971,0.10000000000000142
2019-02-03,Delhi,14.9,57,0.0,3.9,6,2,1,0.5524353131676196,0.8335557718385699,16.3,17.3,17.1,48.0,0.0,15.366666666666665,16.357142857142858,52.857142857142854,0.0,1.432779516484356,-1.4000000000000004
2019-02-04,Delhi,13.8,59,0.0,2.6,0,2,1,0.5667017562911176,0.8239230057575542,14.9,14.9,18.8,57.0,0.0,14.999999999999998,15.642857142857142,53.857142857142854,0.0,1.2461368876881687,-1.0999999999999996
2019-02-04,Hyderabad,17.0,59,0.0,2.5,0,2,1,0.5667017562911176,0.8239230057575542,23.9,22.4,18.9,54.0,0.0,21.333333333333332,20.885714285714283,56.857142857142854,0.0,2.4761721611044263,-6.899999999999999
2019-02-04,Chennai,29.4,77,0.0,3.8,0,2,1,0.5667017562911176,0.8239230057575542,23.6,24.0,25.2,88.0,0.0,26.166666666666668,25.171428571428574,81.14285714285714,0.4428571428571429,2.4944700744608967,5.799999999999997
2019-02-04,Mumbai,23.5,83,0.0,3.3,0,2,1,0.5667017562911176,0.8239230057575542,26.3,27.3,24.0,84.0,0.0,25.133333333333336,24.5,83.42857142857143,0.0,2.323072677870113,-2.8000000000000007
2019-02-05,Delhi,15.2,49,0.0,3.2,1,2,1,0.5808002734538009,0.8140460935082178,13.8,16.3,15.4,59.0,0.0,14.633333333333331,15.614285714285716,53.142857142857146,0.0,1.2548951768023966,1.3999999999999986
2019-02-05,Hyderabad,20.6,62,0.0,2.1,1,2,1,0.5808002734538009,0.8140460935082178,17.0,23.1,20.1,59.0,0.0,20.5,20.957142857142856,57.42857142857143,0.0,2.456865986615971,3.6000000000000014
2019-02-05,Bangalore,22.8,65,0.0,1.9,1,2,1,0.5808002734538009,0.8140460935082178,19.3,16.0,21.3,62.0,0.0,20.433333333333334,18.371428571428574,63.857142857142854,0.0,2.7433035351040354,3.5
2019-02-05,Chennai,25.6,79,0.0,3.0,1,2,1,0.5808002734538009,0.8140460935082178,29.4,25.5,27.6,77.0,0.0,26.2,24.885714285714283,81.0,0.4428571428571429,2.274810300829916,-3.799999999999997
2019-02-05,Mumbai,25.6,87,0.0,3.2,1,2,1,0.5808002734538009,0.8140460935082178,23.5,25.6,21.9,83.0,0.0,25.133333333333336,25.028571428571432,84.0,0.0,2.0361027198337056,2.1000000000000014
2019-02-06,Hyderabad,19.2,59,0.0,3.1,2,2,1,0.5947266869607634,0.8039279618328213,20.6,23.9,21.0,62.0,0.0,18.933333333333334,20.7,57.714285714285715,0.0,2.544274618301516,-1.4000000000000021
2019-02-06,Chennai,25.2,76,0.0,2.7,2,2,1,0.5947266869607634,0.8039279618328213,25.6,23.6,22.5,79.0,0.0,26.733333333333334,25.271428571428572,80.57142857142857,0.4428571428571429,2.017188047517539,-0.40000000000000213
2019-02-06,Delhi,17.0,63,0.0,4.6,2,2,1,0.5947266869607634,0.8039279618328213,15.2,14.9,16.9,49.0,0.0,15.33333333333333,15.62857142857143,54.285714285714285,0.0,1.272418020560709,1.8000000000000007
2019-02-06,Bangalore,15.5,64,0.0,2.8,2,2,1,0.5947266869607634,0.8039279618328213,22.8,19.2,20.1,65.0,0.0,19.2,17.714285714285715,64.28571428571429,0.0,2.8103550021474595,-7.300000000000001
2019-02-06,Mumbai,21.1,75,0.0,2.9,2,2,1,0.5947266869607634,0.8039279618328213,25.6,26.3,25.7,87.0,0.0,23.400000000000002,24.37142857142857,82.0,0.0,2.4777101563838277,-4.5
2019-02-07,Hyderabad,22.1,51,0.0,3.9,3,2,1,0.6084768701151261,0.7935716089521474,19.2,17.0,18.7,59.0,0.0,20.633333333333336,21.185714285714287,57.0,0.0,2.4203502304615414,2.900000000000002
2019-02-07,Mumbai,25.2,79,0.0,1.7,3,2,1,0.6084768701151261,0.7935716089521474,21.1,23.5,21.2,75.0,0.0,23.96666666666667,24.942857142857143,81.71428571428571,0.0,2.0484605137005705,4.099999999999998
2019-02-07,Chennai,23.4,72,0.0,2.6,3,2,1,0.6084768701151261,0.7935716089521474,25.2,29.4,23.6,76.0,0.0,24.733333333333334,25.24285714285714,79.57142857142857,0.4428571428571429,2.0460182003566048,-1.8000000000000007
2019-02-07,Bangalore,19.5,71,0.0,3.3,3,2,1,0.6084768701151261,0.7935716089521474,15.5,19.3,15.7,64.0,0.0,19.266666666666666,18.257142857142856,65.42857142857143,0.0,2.722044049886743,4.0
2019-02-08,Chennai,27.2,82,0.0,2.6,4,2,1,0.6220467484408675,0.7829801036770629,23.4,25.6,24.0,72.0,0.0,25.266666666666666,25.7,79.14285714285714,0.4428571428571429,2.0792626898334308,3.8000000000000007
2019-02-08,Bangalore,22.5,58,0.0,4.2,4,2,1,0.6220467484408675,0.7829801036770629,19.5,22.8,15.5,71.0,0.0,19.166666666666668,19.25714285714286,64.71428571428571,0.0,2.8242150194683284,3.0
2019-02-08,Mumbai,21.7,76,0.0,3.8,4,2,1,0.6220467484408675,0.7829801036770629,25.2,25.6,27.3,79.0,0.0,22.666666666666668,24.142857142857146,81.0,0.0,2.0678951801748657,-3.5
2019-02-08,Delhi,20.5,53,0.0,2.4,4,2,1,0.6220467484408675,0.7829801036770629,17.0,13.8,17.3,63.0,0.0,17.566666666666663,16.085714285714285,54.142857142857146,0.0,2.2056205260111974,3.5
2019-02-09,Bangalore,20.1,75,0.0,1.5,5,2,1,0.6354323008901774,0.7721565844991642,22.5,15.5,16.0,58.0,0.0,20.700000000000003,19.842857142857145,66.85714285714286,0.0,2.4343768147496174,-2.3999999999999986
2019-02-09,Mumbai,22.3,79,0.0,3.9,5,2,1,0.6354323008901774,0.7721565844991642,21.7,21.1,25.6,76.0,0.0,23.066666666666666,23.67142857142857,80.42857142857143,0.0,2.0564648353540114,0.6000000000000014
2019-02-09,Delhi,16.5,53,0.0,4.2,5,2,1,0.6354323008901774,0.7721565844991642,20.5,15.2,14.9,53.0,0.0,17.999999999999996,16.314285714285713,54.57142857142857,0.0,2.144316963066617,-4.0
2019-02-09,Chennai,24.6,74,0.0,3.1,5,2,1,0.6354323008901774,0.7721565844991642,27.2,25.2,25.5,82.0,0.0,25.066666666666663,25.571428571428573,78.28571428571429,0.0,2.1210958533379944,-2.599999999999998
2019-02-09,Hyderabad,21.7,64,0.0,4.4,5,2,1,0.6354323008901774,0.7721565844991642,22.1,20.6,22.4,51.0,0.0,21.0,21.085714285714285,57.857142857142854,0.0,2.3758707676895856,-0.40000000000000213
2019-02-10,Bangalore,18.4,65,0.0,3.3,6,2,1,0.6486295610349814,0.7611042586607747,20.1,19.5,19.2,75.0,0.0,20.333333333333332,19.72857142857143,65.71428571428571,0.0,2.4877796564502326,-1.7000000000000028
2019-02-10,Delhi,17.0,53,0.0,1.5,6,2,1,0.6486295610349814,0.7611042586607747,16.5,17.0,16.3,53.0,0.0,17.999999999999996,16.414285714285715,55.285714285714285,0.0,2.159805987759527,0.5
2019-02-10,Chennai,25.0,87,0.0,3.9,6,2,1,0.6486295610349814,0.7611042586607747,24.6,23.4,23.6,74.0,0.0,25.600000000000005,25.771428571428572,78.14285714285714,0.0,1.96444588091595,0.3999999999999986
2019-02-10,Hyderabad,23.2,60,0.0,3.9,6,2,1,0.6486295610349814,0.7611042586607747,21.7,19.2,23.1,64.0,0.0,22.333333333333332,21.1,58.42857142857143,0.0,2.3902580055996734,1.5
2019-02-10,Mumbai,23.1,77,0.0,3.7,6,2,1,0.6486295610349814,0.7611042586607747,22.3,25.2,26.3,79.0,0.0,22.366666666666664,23.214285714285715,79.42857142857143,0.0,1.6994396835708045,0.8000000000000007
2019-02-11,Chennai,29.3,68,0.0,2.6,0,2,1,0.6616346182422783,0.7498264012045686,25.0,27.2,29.4,87.0,0.0,26.3,25.75714285714286,76.85714285714286,0.0,1.933784840545565,4.300000000000001
2019-02-11,Hyderabad,19.5,59,0.0,4.4,0,2,1,0.6616346182422783,0.7498264012045686,23.2,22.1,23.9,60.0,0.0,21.46666666666667,20.47142857142857,59.142857142857146,0.0,2.091023900480563,-3.6999999999999993
2019-02-11,Mumbai,21.2,85,0.0,2.9,0,2,1,0.6616346182422783,0.7498264012045686,23.1,21.7,23.5,77.0,0.0,22.2,22.88571428571429,79.71428571428571,0.0,1.8506112246395554,-1.9000000000000021
2019-02-11,Bangalore,17.4,64,0.0,2.9,0,2,1,0.6616346182422783,0.7498264012045686,18.4,22.5,19.3,65.0,0.0,18.633333333333336,19.457142857142856,66.0,0.0,2.6412479013130317,-1.0
2019-02-12,Hyderabad,23.1,65,0.0,3.8,1,2,1,0.6744436188329455,0.7383263540031065,19.5,21.7,17.0,59.0,0.0,21.933333333333334,21.342857142857145,60.0,0.0,1.6215806515630984,3.6000000000000014
2019-02-12,Bangalore,22.9,61,0.0,1.7,1,2,1,0.6744436188329455,0.7383263540031065,17.4,20.1,22.8,64.0,0.0,19.566666666666663,19.47142857142857,65.42857142857143,0.0,2.6625265480456024,5.5
2019-02-12,Chennai,27.0,76,0.0,2.5,1,2,1,0.6744436188329455,0.7383263540031065,29.3,24.6,25.6,68.0,0.0,27.099999999999998,25.95714285714286,76.42857142857143,0.0,1.986502070522583,-2.3000000000000007
2019-02-12,Delhi,16.4,52,0.0,3.5,1,2,1,0.6744436188329455,0.7383263540031065,17.0,20.5,14.9,53.0,0.0,16.63333333333333,16.628571428571426,54.57142857142857,0.0,2.056464835354015,-0.6000000000000014
2019-02-12,Mumbai,20.2,96,0.0,3.4,1,2,1,0.6744436188329455,0.7383263540031065,21.2,22.3,25.6,85.0,0.0,21.5,22.11428571428571,81.0,0.0,1.6446160356636261,-1.0
2019-02-13,Hyderabad,20.9,55,0.0,3.9,2,2,1,0.6870527672236669,0.7266075247685656,23.1,23.2,20.6,65.0,0.0,21.166666666666668,21.38571428571429,59.0,0.0,1.6025277651557965,-2.200000000000003
2019-02-13,Chennai,25.7,80,0.0,2.5,2,2,1,0.6870527672236669,0.7266075247685656,27.0,25.0,25.2,76.0,0.0,27.333333333333332,26.02857142857143,77.0,0.0,1.9635972819583756,-1.3000000000000007
2019-02-13,Delhi,17.0,63,0.0,2.6,2,2,1,0.6870527672236669,0.7266075247685656,16.4,16.5,13.8,52.0,0.0,16.799999999999997,17.085714285714285,55.142857142857146,0.0,1.6354699339217136,0.6000000000000014
2019-02-13,Mumbai,23.9,88,0.0,2.6,2,2,1,0.6870527672236669,0.7266075247685656,20.2,23.1,21.1,96.0,0.0,21.766666666666666,22.514285714285712,82.85714285714286,0.0,1.696494986168619,3.6999999999999993
2019-02-14,Hyderabad,20.7,55,0.0,3.0,3,2,1,0.699458327051647,0.7146733860429609,20.9,19.5,19.2,55.0,0.0,21.566666666666663,21.599999999999998,58.42857142857143,0.0,1.3403979508588708,-0.1999999999999993
2019-02-14,Chennai,25.9,74,0.0,2.1,3,2,1,0.699458327051647,0.7146733860429609,25.7,29.3,23.4,80.0,0.0,26.2,26.38571428571429,77.28571428571429,0.0,1.599404651142194,0.1999999999999993
2019-02-14,Delhi,16.5,50,0.0,3.9,3,2,1,0.699458327051647,0.7146733860429609,17.0,17.0,15.2,63.0,0.0,16.63333333333333,17.27142857142857,55.285714285714285,0.0,1.4488090347066465,-0.5
2019-02-14,Mumbai,22.0,85,0.0,3.1,3,2,1,0.699458327051647,0.7146733860429609,23.9,21.2,25.2,88.0,0.0,22.03333333333333,22.057142857142857,83.71428571428571,0.0,1.2149857925879273,-1.8999999999999986
2019-02-14,Bangalore,20.9,69,0.0,1.9,3,2,1,0.699458327051647,0.7146733860429609,22.9,18.4,15.5,61.0,0.0,20.400000000000002,20.24285714285714,66.14285714285714,0.0,2.0263737256958523,-2.0
2019-02-15,Chennai,21.9,79,0.0,3.1,4,2,1,0.7116566222817746,0.7025274741691571,25.9,27.0,27.2,74.0,0.0,24.5,25.628571428571426,76.85714285714286,0.0,2.2654758776868444,-4.0
2019-02-15,Hyderabad,22.6,56,0.0,3.5,4,2,1,0.7116566222817746,0.7025274741691571,20.7,23.1,22.1,55.0,0.0,21.400000000000002,21.67142857142857,59.142857142857146,0.0,1.384093308167581,1.9000000000000021
2019-02-15,Bangalore,16.5,69,0.0,3.1,4,2,1,0.7116566222817746,0.7025274741691571,20.9,17.4,19.5,69.0,0.0,20.099999999999998,19.814285714285713,65.85714285714286,0.0,2.4768451515510446,-4.399999999999999
2019-02-15,Delhi,21.3,52,0.0,2.1,4,2,1,0.7116566222817746,0.7025274741691571,16.5,16.4,17.0,50.0,0.0,18.266666666666666,17.885714285714286,53.714285714285715,0.0,2.08600780713509,4.800000000000001
2019-02-15,Mumbai,25.9,79,0.0,3.3,4,2,1,0.7116566222817746,0.7025274741691571,22.0,20.2,21.7,85.0,0.0,23.933333333333334,22.657142857142855,84.14285714285714,0.0,1.8698102781273023,3.8999999999999986
2019-02-16,Chennai,24.6,74,0.0,2.1,5,2,1,0.7236440382959124,0.6901733882429719,21.9,25.7,24.6,79.0,0.0,24.133333333333336,25.62857142857143,76.85714285714286,0.0,2.2654758776868444,2.700000000000003
2019-02-16,Hyderabad,25.0,59,0.0,2.7,5,2,1,0.7236440382959124,0.6901733882429719,22.6,20.9,21.7,56.0,0.0,22.766666666666666,22.142857142857142,58.42857142857143,0.0,1.871592141161405,2.3999999999999986
2019-02-16,Delhi,16.2,50,0.0,2.1,5,2,1,0.7236440382959124,0.6901733882429719,21.3,17.0,20.5,52.0,0.0,17.999999999999996,17.27142857142857,53.285714285714285,0.0,1.8015866023353615,-5.100000000000001
2019-02-16,Mumbai,20.1,82,0.0,4.1,5,2,1,0.7236440382959124,0.6901733882429719,25.9,23.9,22.3,79.0,0.0,22.666666666666668,22.342857142857145,84.57142857142857,0.0,2.109389439985855,-5.799999999999997
2019-02-17,Mumbai,26.4,87,3.1,3.8,6,2,1,0.7354170229639855,0.6776147890466889,20.1,22.0,23.1,82.0,0.0,24.133333333333336,22.814285714285717,86.0,0.4428571428571429,2.614975188810643,6.299999999999997
2019-02-17,Hyderabad,22.9,49,0.0,3.7,6,2,1,0.7354170229639855,0.6776147890466889,25.0,20.7,23.2,59.0,0.0,23.5,22.099999999999998,56.857142857142854,0.0,1.846618531261936,-2.1000000000000014
2019-02-17,Bangalore,19.0,59,0.0,1.9,6,2,1,0.7354170229639855,0.6776147890466889,16.5,22.9,22.5,69.0,0.0,18.8,19.314285714285713,66.0,0.0,2.179777183894855,2.5
2019-02-17,Delhi,16.7,52,0.0,2.7,6,2,1,0.7354170229639855,0.6776147890466889,16.2,16.5,16.5,50.0,0.0,18.066666666666663,17.3,53.142857142857146,0.0,1.7888543819998277,0.5
2019-02-17,Chennai,25.7,80,0.0,3.8,6,2,1,0.7354170229639855,0.6776147890466889,24.6,25.9,25.0,74.0,0.0,24.066666666666666,25.728571428571428,75.85714285714286,0.0,2.248491557848131,1.0999999999999979
2019-02-18,Bangalore,20.5,68,0.0,0.5,0,2,1,0.7469720876965552,0.6648553979642865,19.0,20.9,20.1,59.0,0.0,18.666666666666668,19.37142857142857,65.0,0.0,2.20885663161909,1.5
2019-02-18,Chennai,26.5,76,0.0,2.2,0,2,1,0.7469720876965552,0.6648553979642865,25.7,21.9,29.3,80.0,0.0,25.599999999999998,25.328571428571426,77.0,0.0,1.6859362242922977,0.8000000000000007
2019-02-18,Hyderabad,19.2,55,0.0,3.7,0,2,1,0.7469720876965552,0.6648553979642865,22.9,22.6,19.5,49.0,0.0,22.366666666666664,22.057142857142853,56.285714285714285,0.0,1.91907715917238,-3.6999999999999993
2019-02-18,Delhi,16.8,55,0.0,3.1,0,2,1,0.7469720876965552,0.6648553979642865,16.7,21.3,17.0,52.0,0.0,16.566666666666666,17.27142857142857,53.42857142857143,0.0,1.7960273621841822,0.10000000000000142
2019-02-19,Bangalore,20.4,67,0.0,2.9,1,2,1,0.7583058084785624,0.6518989958787126,20.5,16.5,18.4,68.0,0.0,19.966666666666665,19.657142857142855,65.28571428571429,0.0,2.1915421836818827,-0.10000000000000142
2019-02-19,Delhi,13.3,55,0.0,1.5,1,2,1,0.7583058084785624,0.6518989958787126,16.8,16.2,16.4,55.0,0.0,15.6,16.82857142857143,53.857142857142854,0.0,2.3450048228196914,-3.5
2019-02-19,Chennai,31.3,79,0.0,2.4,1,2,1,0.7583058084785624,0.6518989958787126,26.5,24.6,27.0,76.0,0.0,27.833333333333332,25.942857142857143,77.42857142857143,0.0,2.8070489503255636,4.800000000000001
2019-02-19,Hyderabad,23.4,55,0.0,2.8,1,2,1,0.7583058084785624,0.6518989958787126,19.2,25.0,23.1,55.0,0.0,21.833333333333332,22.099999999999998,54.857142857142854,0.0,1.9493588689617902,4.199999999999999
2019-02-19,Mumbai,23.5,81,0.0,1.9,1,2,1,0.7583058084785624,0.6518989958787126,26.4,25.9,21.2,87.0,3.1,23.333333333333332,23.142857142857142,85.42857142857143,0.4428571428571429,2.52114864222451,-2.8999999999999986
2019-02-20,Bangalore,22.6,69,0.0,3.2,2,2,1,0.7694148268839378,0.6387494220515272,20.4,19.0,17.4,67.0,0.0,21.166666666666668,20.4,66.0,0.0,2.180214056769048,2.200000000000003
2019-02-20,Delhi,16.9,49,0.0,2.2,2,2,1,0.7694148268839378,0.6387494220515272,13.3,16.7,17.0,55.0,0.0,15.666666666666664,16.814285714285713,51.857142857142854,0.0,2.3440908482313345,3.599999999999998
2019-02-20,Hyderabad,20.4,63,0.0,4.3,2,2,1,0.7694148268839378,0.6387494220515272,23.4,22.9,20.9,55.0,0.0,21.0,22.02857142857143,56.0,0.0,2.008908730060745,-3.0
2019-02-21,Hyderabad,18.7,51,0.0,3.8,3,2,1,0.7802958510707755,0.6254105729852463,20.4,19.2,20.7,63.0,0.0,20.833333333333332,21.74285714285714,55.42857142857143,0.0,2.3436845228949075,-1.6999999999999993
2019-02-21,Mumbai,24.0,76,0.0,4.9,3,2,1,0.7802958510707755,0.6254105729852463,23.5,20.1,20.2,81.0,0.0,24.633333333333336,23.685714285714287,82.57142857142857,0.4428571428571429,2.1659705841558834,0.5
2019-02-21,Chennai,27.3,75,0.0,2.2,3,2,1,0.7802958510707755,0.6254105729852463,31.3,25.7,25.7,79.0,0.0,28.366666666666664,26.17142857142857,76.71428571428571,0.0,2.8488092750681524,-4.0
2019-02-21,Delhi,19.9,47,0.0,2.8,3,2,1,0.7802958510707755,0.6254105729852463,16.9,16.8,16.5,49.0,0.0,16.7,17.3,51.42857142857143,0.0,2.6057628441590737,3.0
2019-02-21,Bangalore,20.4,59,0.0,4.3,3,2,1,0.7802958510707755,0.6254105729852463,22.6,20.5,22.9,69.0,0.0,21.13333333333333,20.042857142857144,65.71428571428571,0.0,1.8875532159007222,-2.200000000000003
2019-02-22,Mumbai,24.5,89,0.0,4.2,4,2,1,0.7909456567567772,0.6118864012687243,24.0,26.4,23.9,76.0,0.0,24.0,23.771428571428572,82.71428571428571,0.4428571428571429,2.1876275473019375,0.5
2019-02-22,Delhi,17.9,52,0.0,2.6,4,2,1,0.7909456567567772,0.6118864012687243,19.9,13.3,21.3,47.0,0.0,18.23333333333333,16.814285714285713,51.42857142857143,0.0,1.9768902949064293,-2.0
2019-02-22,Hyderabad,23.3,52,0.0,3.3,4,2,1,0.7909456567567772,0.6118864012687243,18.7,23.4,22.6,51.0,0.0,20.799999999999997,21.842857142857145,54.857142857142854,0.0,2.4005951642992893,4.600000000000001
2019-02-22,Chennai,24.6,75,0.0,3.4,4,2,1,0.7909456567567772,0.6118864012687243,27.3,26.5,25.9,75.0,0.0,27.733333333333334,25.985714285714288,76.85714285714286,0.0,2.911144432136947,-2.6999999999999993
2019-02-22,Bangalore,17.8,64,0.0,4.0,4,2,1,0.7909456567567772,0.6118864012687243,20.4,20.4,20.9,59.0,0.0,20.26666666666667,19.599999999999998,65.0,0.0,2.012461179749814,-2.599999999999998
2019-02-23,Delhi,20.5,49,0.0,2.9,5,2,1,0.8013610881746766,0.5981809144059165,17.9,16.9,16.2,52.0,0.0,19.433333333333326,17.428571428571427,51.285714285714285,0.0,2.3809761903571394,2.6000000000000014
2019-02-23,Bangalore,20.7,68,0.0,2.7,5,2,1,0.8013610881746766,0.5981809144059165,17.8,22.6,16.5,64.0,0.0,19.633333333333336,20.199999999999996,64.85714285714286,0.0,1.4933184523068135,2.8999999999999986
2019-02-23,Hyderabad,22.0,47,0.0,2.8,5,2,1,0.8013610881746766,0.5981809144059165,23.3,20.4,25.0,52.0,0.0,21.333333333333332,21.414285714285715,53.142857142857146,0.0,1.9726704163211246,-1.3000000000000007
2019-02-23,Mumbai,22.7,85,0.0,4.2,5,2,1,0.8013610881746766,0.5981809144059165,24.5,23.5,22.0,89.0,0.0,23.733333333333334,23.87142857142857,82.71428571428571,0.4428571428571429,2.1076956498462858,-1.8000000000000007
2019-02-23,Chennai,22.8,80,0.0,3.9,5,2,1,0.8013610881746766,0.5981809144059165,24.6,31.3,21.9,75.0,0.0,24.900000000000002,26.11428571428571,77.0,0.0,2.7138094820311074,-1.8000000000000007
2019-02-24,Hyderabad,20.3,57,0.0,2.8,6,2,1,0.8115390590073611,0.5842981736283684,22.0,18.7,22.9,47.0,0.0,21.866666666666664,21.042857142857144,54.285714285714285,0.0,1.889318345203846,-1.6999999999999993
2019-02-24,Mumbai,25.2,95,0.0,1.9,6,2,1,0.8115390590073611,0.5842981736283684,22.7,24.0,25.9,85.0,0.0,24.133333333333336,23.77142857142857,85.0,0.4428571428571429,2.00973819664344,2.5
2019-02-24,Chennai,24.5,74,0.0,5.7,6,2,1,0.8115390590073611,0.5842981736283684,22.8,27.3,24.6,80.0,0.0,23.96666666666667,26.099999999999998,77.0,0.0,2.7233557730613733,1.6999999999999993
2019-02-24,Delhi,20.7,52,0.0,3.0,6,2,1,0.8115390590073611,0.5842981736283684,20.5,19.9,16.7,49.0,0.0,19.7,18.0,51.285714285714285,0.0,2.642599730063805,0.1999999999999993
2019-02-24,Bangalore,17.9,74,0.0,3.1,6,2,1,0.8115390590073611,0.5842981736283684,20.7,20.4,19.0,68.0,0.0,18.799999999999997,20.04285714285714,67.0,0.0,1.6860774427223557,-2.8000000000000007
2019-02-25,Chennai,29.4,77,0.0,4.4,0,2,1,0.8214765533024142,0.5702422926917871,24.5,24.6,25.7,74.0,0.0,25.566666666666663,26.62857142857143,76.57142857142857,0.0,2.979773081804666,4.899999999999999
2019-02-25,Hyderabad,22.1,61,0.0,3.8,0,2,1,0.8214765533024142,0.5702422926917871,20.3,23.3,19.2,57.0,0.0,21.46666666666667,21.45714285714286,55.142857142857146,0.0,1.7290239470648743,1.8000000000000007
2019-02-25,Bangalore,18.9,62,0.0,4.4,0,2,1,0.8214765533024142,0.5702422926917871,17.9,17.8,20.5,74.0,0.0,19.166666666666668,19.814285714285713,66.14285714285714,0.0,1.7218483977289982,1.0
2019-02-25,Mumbai,26.2,85,3.4,3.9,0,2,1,0.8214765533024142,0.5702422926917871,25.2,24.5,20.1,95.0,0.0,24.7,24.642857142857142,85.42857142857143,0.9285714285714286,1.374599508774762,1.0
2019-02-25,Delhi,15.6,60,0.0,1.6,0,2,1,0.8214765533024142,0.5702422926917871,20.7,17.9,16.8,52.0,0.0,18.93333333333333,17.82857142857143,52.0,0.0,2.769304537072004,-5.1
2019-02-26,Hyderabad,21.4,54,0.0,3.4,1,2,1,0.8311706263658079,0.5560174366570446,22.1,22.0,23.4,61.0,0.0,21.26666666666667,21.17142857142857,55.0,0.0,1.5052289811567794,-0.7000000000000028
2019-02-26,Bangalore,15.4,62,0.0,2.1,1,2,1,0.8311706263658079,0.5560174366570446,18.9,20.7,20.4,62.0,0.0,17.4,19.099999999999998,65.42857142857143,0.0,2.3579652245103206,-3.4999999999999982
2019-02-26,Mumbai,26.5,85,0.0,4.9,1,2,1,0.8311706263658079,0.5560174366570446,26.2,22.7,26.4,85.0,3.4,25.966666666666665,24.657142857142855,85.14285714285714,0.4857142857142857,1.3962534904249362,0.3000000000000007
2019-02-26,Delhi,18.2,53,0.0,3.8,1,2,1,0.8311706263658079,0.5560174366570446,15.6,20.5,13.3,60.0,0.0,18.166666666666664,18.52857142857143,51.714285714285715,0.0,1.9241572057347354,2.5999999999999996
2019-02-26,Chennai,29.5,82,0.0,2.7,1,2,1,0.8311706263658079,0.5560174366570446,29.4,22.8,26.5,77.0,0.0,27.8,27.057142857142857,77.42857142857143,0.0,3.167994708990302,0.10000000000000142
2019-02-27,Mumbai,23.6,80,0.0,3.4,2,2,1,0.8406184056344782,0.5416278206559814,26.5,25.2,23.5,85.0,0.0,25.433333333333334,24.67142857142857,85.0,0.4857142857142857,1.382888626166605,-2.8999999999999986
2019-02-27,Hyderabad,22.4,56,0.0,2.4,2,2,1,0.8406184056344782,0.5416278206559814,21.4,20.3,20.4,54.0,0.0,21.96666666666667,21.457142857142856,54.0,0.0,1.5240922356790387,1.0
2019-02-27,Bangalore,20.0,70,0.0,2.4,2,2,1,0.8406184056344782,0.5416278206559814,15.4,17.9,22.6,62.0,0.0,18.099999999999998,18.728571428571428,65.57142857142857,0.0,1.8687913078728058,4.6
2019-02-27,Delhi,18.4,45,0.0,2.8,2,2,1,0.8406184056344782,0.5416278206559814,18.2,20.7,16.9,53.0,0.0,17.399999999999995,18.74285714285714,51.142857142857146,0.0,1.7915143899851198,0.1999999999999993
2019-02-27,Chennai,23.8,75,0.0,2.3,2,2,1,0.8406184056344782,0.5416278206559814,29.5,24.5,31.3,82.0,0.0,27.566666666666666,25.985714285714288,76.85714285714286,0.0,2.73217164628468,-5.699999999999999
2019-02-28,Chennai,26.4,74,0.0,3.3,3,2,1,0.8498170915275278,0.5270777086423722,23.8,29.4,27.3,75.0,0.0,26.566666666666666,25.857142857142858,76.71428571428571,0.0,2.6807070851158854,2.599999999999998
2019-02-28,Mumbai,25.4,70,0.0,4.0,3,2,1,0.8498170915275278,0.5270777086423722,23.6,26.2,24.0,80.0,0.0,25.166666666666668,24.87142857142857,84.14285714285714,0.4857142857142857,1.37078357848627,1.7999999999999972
2019-02-28,Bangalore,16.3,62,0.0,2.1,3,2,1,0.8498170915275278,0.5270777086423722,20.0,18.9,20.4,70.0,0.0,17.233333333333334,18.142857142857142,66.0,0.0,1.899874682584038,-3.6999999999999993
2019-02-28,Delhi,16.0,44,0.0,3.4,3,2,1,0.8498170915275278,0.5270777086423722,18.4,15.6,19.9,45.0,0.0,17.533333333333328,18.185714285714287,50.714285714285715,0.0,1.9692880028312763,-2.3999999999999986
2019-03-01,Chennai,24.9,79,0.0,3.3,4,3,1,0.8587639582758029,0.5123714121284237,26.4,29.5,24.6,74.0,0.0,25.03333333333333,25.9,77.28571428571429,0.0,2.659573900709166,-1.5
2019-03-01,Bangalore,15.9,65,0.0,3.9,4,3,1,0.8587639582758029,0.5123714121284237,16.3,15.4,17.8,62.0,0.0,17.400000000000002,17.87142857142857,66.14285714285714,0.0,2.083838034104603,-0.40000000000000036
2019-03-01,Delhi,20.5,55,0.0,3.2,4,3,1,0.8587639582758029,0.5123714121284237,16.0,18.2,17.9,44.0,0.0,18.299999999999997,18.557142857142853,51.142857142857146,0.0,2.1438727751875644,4.5
2019-03-02,Delhi,16.4,55,0.0,2.5,5,3,1,0.8674563547295969,0.49751328890718066,20.5,18.4,20.5,55.0,0.0,17.63333333333333,17.971428571428568,52.0,0.0,2.083838034104598,-4.100000000000001
2019-03-02,Chennai,28.5,62,0.0,2.6,5,3,1,0.8674563547295969,0.49751328890718066,24.9,23.8,22.8,79.0,0.0,26.599999999999998,26.714285714285715,74.71428571428571,0.0,2.413454351083104,3.6000000000000014
2019-03-02,Hyderabad,22.7,55,0.0,1.7,5,3,1,0.8674563547295969,0.49751328890718066,22.4,22.1,18.7,56.0,0.0,22.166666666666668,22.028571428571432,54.57142857142857,0.0,0.965598753303326,0.3000000000000007
2019-03-02,Bangalore,18.0,64,0.0,2.8,5,3,1,0.8674563547295969,0.49751328890718066,15.9,20.0,20.7,65.0,0.0,16.733333333333334,17.485714285714288,65.57142857142857,0.0,1.6846647257229614,2.0999999999999996
2019-03-02,Mumbai,25.1,90,0.0,2.2,5,3,1,0.8674563547295969,0.49751328890718066,25.4,26.5,24.5,70.0,0.0,24.7,24.957142857142856,84.28571428571429,0.4857142857142857,1.3624208146496002,-0.29999999999999716
2019-03-03,Hyderabad,21.8,59,0.0,3.2,6,3,1,0.8758917051442429,0.48250774176121847,22.7,21.4,23.3,55.0,0.0,22.3,21.814285714285713,55.57142857142857,0.0,0.7861903319777107,-0.8999999999999986
2019-03-03,Bangalore,21.2,74,0.0,2.0,6,3,1,0.8758917051442429,0.48250774176121847,18.0,16.3,17.9,64.0,0.0,18.36666666666667,17.957142857142856,65.57142857142857,0.0,2.2021634384222706,3.1999999999999993
2019-03-03,Mumbai,24.1,74,0.0,1.5,6,3,1,0.8758917051442429,0.48250774176121847,25.1,23.6,22.7,90.0,0.0,24.86666666666667,25.157142857142855,82.71428571428571,0.4857142857142857,1.0406042200842467,-1.0
2019-03-03,Delhi,19.4,55,0.0,3.3,6,3,1,0.8758917051442429,0.48250774176121847,16.4,16.0,20.7,55.0,0.0,18.766666666666662,17.785714285714285,52.42857142857143,0.0,1.8442962265939102,3.0
2019-03-03,Chennai,26.1,71,0.0,2.7,6,3,1,0.8758917051442429,0.48250774176121847,28.5,26.4,24.5,62.0,0.0,26.5,26.942857142857143,74.28571428571429,0.0,2.238196552924671,-2.3999999999999986
2019-03-04,Mumbai,23.8,85,0.0,3.1,0,3,1,0.8840675099433636,0.4673592171580022,24.1,25.4,25.2,74.0,0.0,24.333333333333332,24.957142857142856,81.28571428571429,0.4857142857142857,1.1588171308956152,-0.3000000000000007
2019-03-04,Chennai,27.0,80,0.0,2.7,0,3,1,0.8840675099433636,0.4673592171580022,26.1,24.9,29.4,71.0,0.0,27.200000000000003,26.599999999999998,74.71428571428571,0.0,1.9663841605003651,0.8999999999999986
2019-03-04,Hyderabad,22.6,52,0.0,2.8,0,3,1,0.8840675099433636,0.4673592171580022,21.8,22.4,22.0,59.0,0.0,22.366666666666664,21.900000000000002,56.285714285714285,0.0,0.8406346808612242,0.8000000000000007
2019-03-04,Delhi,15.6,57,0.0,4.7,0,3,1,0.8840675099433636,0.4673592171580022,19.4,20.5,15.6,55.0,0.0,17.13333333333333,17.785714285714285,52.0,0.0,1.8442962265939102,-3.799999999999999
2019-03-04,Bangalore,19.9,61,0.0,3.7,0,3,1,0.8840675099433636,0.4673592171580022,21.2,15.9,18.9,74.0,0.0,19.7,18.1,65.42857142857143,0.0,2.303620339089464,-1.3000000000000007
2019-03-05,Chennai,27.2,75,0.0,3.4,1,3,1,0.8919813464595485,0.45207220393230435,27.0,28.5,29.5,80.0,0.0,26.76666666666667,26.271428571428572,73.71428571428571,0.0,1.5488859283522685,0.1999999999999993
2019-03-05,Mumbai,27.1,85,0.0,3.6,1,3,1,0.8919813464595485,0.45207220393230435,23.8,25.1,26.2,85.0,0.0,25.0,25.085714285714285,81.28571428571429,0.0,1.3533028380331482,3.3000000000000007
2019-03-05,Hyderabad,24.0,66,0.0,2.2,1,3,1,0.8919813464595485,0.45207220393230435,22.6,22.7,20.3,52.0,0.0,22.8,22.428571428571427,57.57142857142857,0.0,0.8300889223737461,1.3999999999999986
2019-03-05,Delhi,18.5,45,0.0,0.5,1,3,1,0.8919813464595485,0.45207220393230435,15.6,16.4,18.2,57.0,0.0,17.833333333333332,17.828571428571426,50.857142857142854,0.0,1.858955159683592,2.9000000000000004
2019-03-06,Bangalore,19.0,59,0.0,2.4,2,3,1,0.8996308696522433,0.43665123195606403,19.9,18.0,15.4,61.0,0.0,20.03333333333333,18.61428571428571,65.0,0.0,1.9794179038533612,-0.8999999999999986
2019-03-06,Delhi,20.3,46,0.0,1.3,2,3,1,0.8996308696522433,0.43665123195606403,18.5,19.4,18.4,45.0,0.0,18.13333333333333,18.1,51.0,0.0,2.0816659994661224,1.8000000000000007
2019-03-06,Mumbai,23.5,79,0.0,2.1,2,3,1,0.8996308696522433,0.43665123195606403,27.1,24.1,26.5,85.0,0.0,24.8,24.657142857142855,80.42857142857143,0.0,1.3049356853336307,-3.6000000000000014
2019-03-06,Hyderabad,25.1,54,0.0,3.6,2,3,1,0.8996308696522433,0.43665123195606403,24.0,21.8,22.1,66.0,0.0,23.900000000000002,22.857142857142858,56.57142857142857,0.0,1.28303954584045,1.1000000000000014
2019-03-06,Chennai,23.7,80,0.0,1.8,2,3,1,0.8996308696522433,0.43665123195606403,27.2,26.1,23.8,75.0,0.0,25.966666666666665,26.257142857142856,74.42857142857143,0.0,1.5757084574429345,-3.5
2019-03-07,Chennai,26.6,76,0.0,3.9,3,3,1,0.9070138128026359,0.4211008707960896,23.7,27.0,26.4,80.0,0.0,25.833333333333332,26.285714285714285,74.71428571428571,0.0,1.5805363767073783,2.900000000000002
2019-03-07,Mumbai,23.8,83,0.0,1.8,3,3,1,0.9070138128026359,0.4211008707960896,23.5,23.8,23.6,79.0,0.0,24.8,24.685714285714287,80.85714285714286,0.0,1.2798809468443724,0.3000000000000007
2019-03-07,Bangalore,22.5,62,0.0,4.1,3,3,1,0.9070138128026359,0.4211008707960896,19.0,21.2,20.0,59.0,0.0,20.466666666666665,18.971428571428568,63.857142857142854,0.0,2.442481174075715,3.5
2019-03-08,Hyderabad,19.5,55,0.0,2.4,4,3,1,0.9141279881853337,0.40542572835999735,25.1,22.6,21.4,54.0,0.0,22.866666666666664,22.58571428571429,56.714285714285715,0.0,1.7563490270336064,-5.600000000000001
2019-03-08,Delhi,19.9,45,0.0,1.4,4,3,1,0.9141279881853337,0.40542572835999735,20.3,15.6,16.0,46.0,0.0,19.566666666666663,18.657142857142855,51.142857142857146,0.0,1.9432422587496436,-0.40000000000000213
2019-03-08,Chennai,26.0,67,0.0,4.0,4,3,1,0.9141279881853337,0.40542572835999735,26.6,27.2,24.9,76.0,0.0,25.433333333333334,26.442857142857143,73.0,0.0,1.4706655441864398,-0.6000000000000014
2019-03-08,Bangalore,20.1,63,0.0,4.6,4,3,1,0.9141279881853337,0.40542572835999735,22.5,19.9,16.3,62.0,0.0,20.533333333333335,19.514285714285712,64.0,0.0,2.15517096880083,-2.3999999999999986
2019-03-09,Chennai,28.7,73,0.0,3.8,5,3,1,0.9209712877166346,0.38963044953078796,26.0,23.7,28.5,67.0,0.0,27.099999999999998,26.47142857142857,74.57142857142857,0.0,1.5184578643196989,2.6999999999999993
2019-03-09,Hyderabad,24.6,57,0.0,3.4,5,3,1,0.9209712877166346,0.38963044953078796,19.5,24.0,22.4,55.0,0.0,23.066666666666666,22.900000000000002,56.857142857142854,0.0,1.907878402833889,5.100000000000001
2019-03-09,Mumbai,26.6,82,0.0,3.4,5,3,1,0.9209712877166346,0.38963044953078796,23.8,27.1,25.4,83.0,0.0,24.633333333333336,24.857142857142858,82.57142857142857,0.0,1.4592888026445678,2.8000000000000007
2019-03-09,Delhi,20.8,52,0.0,3.4,5,3,1,0.9209712877166346,0.38963044953078796,19.9,18.5,20.5,45.0,0.0,20.333333333333332,18.7,50.714285714285715,0.0,1.9933221850301255,0.9000000000000021
2019-03-09,Bangalore,18.5,67,0.0,1.2,5,3,1,0.9209712877166346,0.38963044953078796,20.1,19.0,15.9,63.0,0.0,20.36666666666667,19.88571428571429,64.28571428571429,0.0,1.5741966961263905,-1.6000000000000014
2019-03-10,Delhi,19.6,46,0.0,3.5,6,3,1,0.9275416835791966,0.37371971479046906,20.8,20.3,16.4,52.0,0.0,20.099999999999998,19.157142857142855,49.42857142857143,0.0,1.7270950011093968,-1.1999999999999993
2019-03-10,Chennai,28.5,78,0.0,4.2,6,3,1,0.9275416835791966,0.37371971479046906,28.7,26.6,26.1,73.0,0.0,27.733333333333334,26.814285714285717,75.57142857142857,0.0,1.682684929340202,-0.1999999999999993
2019-03-10,Mumbai,25.5,77,0.0,3.2,6,3,1,0.9275416835791966,0.37371971479046906,26.6,23.5,25.1,82.0,0.0,25.3,24.914285714285715,80.71428571428571,0.0,1.478094010799689,-1.1000000000000014
2019-03-10,Hyderabad,23.8,61,0.0,1.8,6,3,1,0.9275416835791966,0.37371971479046906,24.6,25.1,22.7,57.0,0.0,22.633333333333336,23.057142857142857,57.714285714285715,0.0,1.9337848405455556,-0.8000000000000007
2019-03-10,Bangalore,20.6,69,0.0,2.9,6,3,1,0.9275416835791966,0.37371971479046906,18.5,22.5,18.0,67.0,0.0,19.733333333333334,20.25714285714286,65.0,0.0,1.3451854182691017,2.1000000000000014
2019-03-11,Delhi,20.6,47,0.0,1.3,0,3,1,0.9338372288229252,0.35769823883312546,19.6,19.9,19.4,46.0,0.0,20.333333333333332,19.32857142857143,48.285714285714285,0.0,1.812653934349909,1.0
2019-03-11,Chennai,26.6,76,0.0,3.5,0,3,1,0.9338372288229252,0.35769823883312546,28.5,26.0,27.0,78.0,0.0,27.933333333333337,26.75714285714286,75.0,0.0,1.6821188452436635,-1.8999999999999986
2019-03-11,Bangalore,20.3,69,0.0,2.6,0,3,1,0.9338372288229252,0.35769823883312546,20.6,20.1,21.2,69.0,0.0,19.8,20.12857142857143,64.28571428571429,0.0,1.281554116056345,-0.3000000000000007
2019-03-11,Mumbai,25.0,83,0.0,3.1,0,3,1,0.9338372288229252,0.35769823883312546,25.5,23.8,24.1,77.0,0.0,25.700000000000003,25.042857142857144,82.0,0.0,1.433942284818493,-0.5
2019-03-12,Hyderabad,21.6,63,0.0,2.8,1,3,1,0.9398560579418954,0.3415707691678556,23.8,19.5,21.8,61.0,0.0,23.333333333333332,23.028571428571432,58.285714285714285,0.0,1.9567952419830772,-2.1999999999999993
2019-03-12,Delhi,18.1,55,0.0,2.0,1,3,1,0.9398560579418954,0.3415707691678556,20.6,20.8,15.6,47.0,0.0,19.433333333333334,19.685714285714287,48.0,0.0,1.0350983390134858,-2.5
2019-03-12,Bangalore,17.4,58,0.0,3.8,1,3,1,0.9398560579418954,0.3415707691678556,20.3,18.5,19.9,69.0,0.0,19.433333333333334,19.771428571428572,63.857142857142854,0.0,1.650973738650706,-2.900000000000002
2019-03-12,Chennai,27.2,77,0.0,2.4,1,3,1,0.9398560579418954,0.3415707691678556,26.6,28.7,27.2,76.0,0.0,27.433333333333334,26.757142857142856,75.28571428571429,0.0,1.6821188452436635,0.5999999999999979
2019-03-13,Delhi,20.3,54,0.0,4.0,2,3,1,0.9455963874271426,0.3253420847119801,18.1,19.6,18.5,55.0,0.0,19.666666666666668,19.942857142857147,49.285714285714285,0.0,0.9071147352220884,2.1999999999999993
2019-03-13,Hyderabad,27.6,57,0.0,4.0,2,3,1,0.9455963874271426,0.3253420847119801,21.6,24.6,22.6,63.0,0.0,24.333333333333332,23.742857142857144,59.0,0.0,2.5857669029110997,6.0
2019-03-13,Chennai,29.3,78,0.0,3.1,2,3,1,0.9455963874271426,0.3253420847119801,27.2,28.5,23.7,77.0,0.0,27.7,27.557142857142857,75.0,0.0,1.2660399452060105,2.1000000000000014
2019-03-13,Mumbai,23.6,81,0.0,0.7,2,3,1,0.9455963874271426,0.3253420847119801,25.0,26.6,23.8,83.0,0.0,24.7,25.014285714285712,81.42857142857143,0.0,1.464500564957866,-1.3999999999999986
2019-03-13,Bangalore,18.3,59,0.0,1.9,2,3,1,0.9455963874271426,0.3253420847119801,17.4,20.6,19.0,58.0,0.0,18.666666666666668,19.67142857142857,63.857142857142854,0.0,1.7250258797230513,0.9000000000000021
2019-03-14,Mumbai,25.3,85,0.0,2.2,3,3,1,0.9510565162951535,0.30901699437494745,23.6,25.5,27.1,81.0,0.0,24.633333333333336,24.75714285714286,81.42857142857143,0.0,1.1645559137244044,1.6999999999999993
2019-03-14,Hyderabad,26.1,53,0.0,3.3,3,3,1,0.9510565162951535,0.30901699437494745,27.6,23.8,24.0,57.0,0.0,25.100000000000005,24.04285714285714,57.142857142857146,0.0,2.7379171784753566,-1.5
2019-03-14,Bangalore,17.7,63,0.0,2.5,3,3,1,0.9510565162951535,0.30901699437494745,18.3,20.3,22.5,59.0,0.0,17.8,18.985714285714288,64.0,0.0,1.319631983330414,-0.6000000000000014
2019-03-14,Delhi,19.2,43,0.0,2.3,3,3,1,0.9510565162951535,0.30901699437494745,20.3,20.6,20.3,54.0,0.0,19.2,19.785714285714285,48.857142857142854,0.0,0.9299257522844534,-1.1000000000000014
2019-03-14,Chennai,24.3,69,0.0,4.0,3,3,1,0.9510565162951535,0.30901699437494745,29.3,26.6,26.6,78.0,0.0,26.933333333333334,27.22857142857143,74.0,0.0,1.7585166909588992,-5.0
2019-03-15,Chennai,30.4,77,0.0,4.1,4,3,1,0.9562348265919056,0.29260033563334836,24.3,27.2,26.0,69.0,0.0,28.0,27.857142857142858,75.42857142857143,0.0,2.013998628646648,6.099999999999998
2019-03-15,Bangalore,18.6,63,0.0,2.1,4,3,1,0.9562348265919056,0.29260033563334836,17.7,17.4,20.1,63.0,0.0,18.2,18.771428571428572,64.0,0.0,1.2270755012281327,0.9000000000000021
2019-03-15,Delhi,20.6,45,0.0,2.6,4,3,1,0.9562348265919056,0.29260033563334836,19.2,18.1,19.9,43.0,0.0,20.03333333333333,19.88571428571429,48.857142857142854,0.0,0.980524640908361,1.4000000000000021
2019-03-15,Hyderabad,23.1,56,0.0,4.4,4,3,1,0.9562348265919056,0.29260033563334836,26.1,21.6,25.1,53.0,0.0,25.599999999999998,23.75714285714286,57.42857142857143,0.0,2.7134585205705886,-3.0
2019-03-15,Mumbai,27.1,78,0.0,1.9,4,3,1,0.9562348265919056,0.29260033563334836,25.3,25.0,23.5,85.0,0.0,25.333333333333332,25.271428571428572,81.28571428571429,0.0,1.303475208451478,1.8000000000000007
2019-03-16,Bangalore,20.9,55,0.0,3.3,5,3,1,0.9611297838723007,0.27609697309746883,18.6,18.3,18.5,63.0,0.0,19.066666666666666,19.114285714285717,62.285714285714285,0.0,1.4530755559944444,2.299999999999997
2019-03-16,Mumbai,23.4,76,0.0,3.9,5,3,1,0.9611297838723007,0.27609697309746883,27.1,23.6,23.8,78.0,0.0,25.26666666666667,25.214285714285715,80.28571428571429,0.0,1.3849531537547555,-3.700000000000003
2019-03-16,Hyderabad,25.8,46,0.0,3.7,5,3,1,0.9611297838723007,0.27609697309746883,23.1,27.6,19.5,56.0,0.0,25.0,24.657142857142855,56.142857142857146,0.0,2.0230811014037755,2.6999999999999993
2019-03-16,Chennai,28.0,69,0.0,2.3,5,3,1,0.9611297838723007,0.27609697309746883,30.4,29.3,28.7,77.0,0.0,27.566666666666666,27.757142857142856,74.85714285714286,0.0,1.9823026533614663,-2.3999999999999986
2019-03-17,Bangalore,20.4,67,0.0,3.0,6,3,1,0.9657399376548549,0.2595117970697999,20.9,17.7,20.6,55.0,0.0,19.966666666666665,19.085714285714285,62.0,0.0,1.4205967894146558,-0.5
2019-03-17,Delhi,20.2,43,0.0,1.6,6,3,1,0.9657399376548549,0.2595117970697999,20.6,20.3,20.8,45.0,0.0,20.0,19.8,47.57142857142857,0.0,0.9110433579143759,-0.40000000000000213
2019-03-17,Hyderabad,21.8,53,0.0,4.0,6,3,1,0.9657399376548549,0.2595117970697999,25.8,26.1,24.6,46.0,0.0,23.566666666666666,24.25714285714286,55.57142857142857,0.0,2.294818179331524,-4.0
2019-03-17,Chennai,27.7,77,0.0,4.2,6,3,1,0.9657399376548549,0.2595117970697999,28.0,24.3,28.5,69.0,0.0,28.7,27.642857142857142,74.71428571428571,0.0,1.9552128126772386,-0.3000000000000007
2019-03-17,Mumbai,23.9,84,0.0,3.6,6,3,1,0.9657399376548549,0.2595117970697999,23.4,25.3,26.6,76.0,0.0,24.8,24.82857142857143,80.57142857142857,0.0,1.30857974628257,0.5
2019-03-18,Bangalore,22.7,66,0.0,2.2,0,3,1,0.9700639218515071,0.2428497220959356,20.4,18.6,20.3,67.0,0.0,21.333333333333332,19.428571428571427,61.57142857142857,0.0,1.9525319337672677,2.3000000000000007
2019-03-18,Hyderabad,21.9,52,0.0,1.9,0,3,1,0.9700639218515071,0.2428497220959356,21.8,23.1,23.8,53.0,0.0,23.166666666666668,23.985714285714288,54.285714285714285,0.0,2.4640269015229017,0.09999999999999787
2019-03-18,Delhi,21.0,53,0.0,3.3,0,3,1,0.9700639218515071,0.2428497220959356,20.2,19.2,19.6,43.0,0.0,20.599999999999998,20.0,48.57142857142857,0.0,1.0082988974835603,0.8000000000000007
2019-03-18,Mumbai,25.0,74,0.0,3.5,0,3,1,0.9700639218515071,0.2428497220959356,23.9,27.1,25.5,84.0,0.0,24.099999999999998,24.75714285714286,80.14285714285714,0.0,1.2791366135759223,1.1000000000000014
2019-03-18,Chennai,28.4,73,0.0,4.6,0,3,1,0.9700639218515071,0.2428497220959356,27.7,30.4,26.6,77.0,0.0,28.03333333333333,27.900000000000002,74.28571428571429,0.0,1.9131126469709265,0.6999999999999993
2019-03-19,Mumbai,26.1,76,0.0,1.7,1,3,1,0.9741004551724205,0.22611568550828828,25.0,23.4,25.0,74.0,0.0,25.0,24.914285714285715,79.14285714285714,0.0,1.377713772194806,1.1000000000000014
2019-03-19,Chennai,26.1,71,0.0,3.4,1,3,1,0.9741004551724205,0.22611568550828828,28.4,28.0,27.2,73.0,0.0,27.399999999999995,27.742857142857144,73.42857142857143,0.0,2.0222571076705127,-2.299999999999997
2019-03-19,Delhi,19.5,48,0.0,3.1,1,3,1,0.9741004551724205,0.22611568550828828,21.0,20.6,20.6,53.0,0.0,20.23333333333333,19.842857142857145,48.714285714285715,0.0,0.9846440014155927,-1.5
2019-03-19,Bangalore,20.9,68,0.0,4.6,1,3,1,0.9741004551724205,0.22611568550828828,22.7,20.9,17.4,66.0,0.0,21.333333333333332,19.928571428571427,63.0,0.0,1.7876560870912177,-1.8000000000000007
2019-03-19,Hyderabad,25.0,49,0.0,4.3,1,3,1,0.9741004551724205,0.22611568550828828,21.9,25.8,21.6,52.0,0.0,22.900000000000002,24.47142857142857,52.285714285714285,0.0,2.240323105948692,3.1000000000000014
2019-03-20,Mumbai,26.3,77,0.0,2.2,2,3,1,0.9778483415056568,0.20931464596304847,26.1,23.9,23.6,76.0,0.0,25.8,25.300000000000004,78.57142857142857,0.0,1.3253930234714058,0.1999999999999993
2019-03-20,Chennai,28.7,71,0.0,3.7,2,3,1,0.9778483415056568,0.20931464596304847,26.1,27.7,29.3,71.0,0.0,27.733333333333334,27.657142857142855,72.42857142857143,0.0,1.956916914312895,2.599999999999998
2019-03-20,Delhi,26.3,51,0.0,2.0,2,3,1,0.9778483415056568,0.20931464596304847,19.5,20.2,18.1,48.0,0.0,22.266666666666662,21.014285714285712,48.142857142857146,0.0,2.410690476072872,6.800000000000001
2019-03-20,Bangalore,20.4,71,0.0,3.4,2,3,1,0.9778483415056568,0.20931464596304847,20.9,20.4,18.3,68.0,0.0,21.333333333333332,20.228571428571428,64.71428571428571,0.0,1.6388149028228558,-0.5
2019-03-20,Hyderabad,25.4,57,0.0,2.8,2,3,1,0.9778483415056568,0.20931464596304847,25.0,21.8,27.6,49.0,0.0,24.099999999999998,24.157142857142855,52.285714285714285,0.0,1.8482939366319566,0.3999999999999986
2019-03-21,Delhi,23.5,42,0.0,2.4,3,3,1,0.9813064702716093,0.19245158197082998,26.3,21.0,20.3,51.0,0.0,23.099999999999994,21.47142857142857,46.42857142857143,0.0,2.5519367061862686,-2.8000000000000007
2019-03-21,Bangalore,18.2,64,0.0,2.1,3,3,1,0.9813064702716093,0.19245158197082998,20.4,22.7,17.7,71.0,0.0,19.833333333333332,20.3,64.85714285714286,0.0,1.516575088810311,-2.1999999999999993
2019-03-21,Hyderabad,26.7,47,0.0,2.6,3,3,1,0.9813064702716093,0.19245158197082998,25.4,21.9,26.1,57.0,0.0,25.7,24.242857142857144,51.42857142857143,0.0,1.9637185328326594,1.3000000000000007
2019-03-21,Chennai,31.4,73,0.0,4.6,3,3,1,0.9813064702716093,0.19245158197082998,28.7,28.4,24.3,71.0,0.0,28.733333333333334,28.67142857142857,73.0,0.0,1.7566201313073975,2.6999999999999993
2019-03-21,Mumbai,26.0,74,0.0,2.0,3,3,1,0.9813064702716093,0.19245158197082998,26.3,25.0,25.3,77.0,0.0,26.133333333333336,25.400000000000002,77.0,0.0,1.3515423288475559,-0.3000000000000007
2019-03-22,Chennai,25.0,70,0.0,2.2,4,3,1,0.9844738167520922,0.1755314904214282,31.4,26.1,30.4,73.0,0.0,28.366666666666664,27.900000000000002,72.0,0.0,2.034698994937605,-6.399999999999999
2019-03-22,Mumbai,23.2,75,0.0,2.2,4,3,1,0.9844738167520922,0.1755314904214282,26.0,26.1,27.1,74.0,0.0,25.166666666666668,24.842857142857145,76.57142857142857,0.0,1.3377308434523796,-2.8000000000000007
2019-03-22,Delhi,22.3,48,0.0,3.6,4,3,1,0.9844738167520922,0.1755314904214282,23.5,19.5,19.2,42.0,0.0,24.03333333333333,21.914285714285715,47.142857142857146,0.0,2.353315796508216,-1.1999999999999993
2019-03-22,Hyderabad,22.1,51,0.0,2.2,4,3,1,0.9844738167520922,0.1755314904214282,26.7,25.0,23.1,47.0,0.0,24.73333333333333,24.099999999999998,50.714285714285715,0.0,2.09284495364563,-4.599999999999998
2019-03-23,Delhi,27.0,45,0.0,2.3,5,3,1,0.9873494423939864,0.15855938510313475,22.3,26.3,20.6,48.0,0.0,24.266666666666666,22.828571428571426,47.142857142857146,0.0,2.9301389533116233,4.699999999999999
2019-03-23,Bangalore,19.0,58,0.0,1.0,5,3,1,0.9873494423939864,0.15855938510313475,18.2,20.9,18.6,64.0,0.0,19.2,20.357142857142858,64.14285714285714,0.0,1.4478226673838477,0.8000000000000007
2019-03-23,Hyderabad,25.8,57,0.0,3.2,5,3,1,0.9873494423939864,0.15855938510313475,22.1,25.4,25.8,51.0,0.0,24.86666666666667,24.1,52.285714285714285,0.0,2.09284495364563,3.6999999999999993
2019-03-23,Chennai,27.0,75,0.0,2.2,5,3,1,0.9873494423939864,0.15855938510313475,25.0,28.7,28.0,70.0,0.0,27.799999999999997,27.75714285714286,72.85714285714286,0.0,2.06143731641879,2.0
2019-03-24,Mumbai,23.7,68,0.0,3.6,6,3,1,0.989932495087353,0.141540295217043,23.2,26.3,23.4,75.0,0.0,24.3,24.885714285714283,75.42857142857143,0.0,1.287670469528304,0.5
2019-03-24,Hyderabad,21.7,49,0.0,2.2,6,3,1,0.989932495087353,0.141540295217043,25.8,26.7,21.8,57.0,0.0,23.2,24.085714285714285,51.714285714285715,0.0,2.1114201945835456,-4.100000000000001
2019-03-24,Chennai,29.6,76,0.0,3.1,6,3,1,0.989932495087353,0.141540295217043,27.0,31.4,27.7,75.0,0.0,27.200000000000003,28.02857142857143,72.71428571428571,0.0,2.17463735345637,2.6000000000000014
2019-03-24,Bangalore,24.7,61,0.0,3.4,6,3,1,0.989932495087353,0.141540295217043,19.0,20.4,20.9,58.0,0.0,20.633333333333336,20.9,65.0,0.0,2.201514630127784,5.699999999999999
2019-03-24,Delhi,23.3,45,0.0,2.5,6,3,1,0.989932495087353,0.141540295217043,27.0,23.5,20.2,45.0,0.0,24.2,23.271428571428572,47.42857142857143,0.0,2.6911672100374586,-3.6999999999999993
2019-03-25,Mumbai,23.0,78,0.0,3.5,0,3,1,0.9922222094179323,0.12447926388678915,23.7,26.0,23.9,68.0,0.0,23.3,24.757142857142856,74.57142857142857,0.0,1.4385839598451715,-0.6999999999999993
2019-03-25,Chennai,31.3,72,0.0,6.5,0,3,1,0.9922222094179323,0.12447926388678915,29.6,25.0,28.4,76.0,0.0,29.3,28.442857142857147,72.57142857142857,0.0,2.507892304211633,1.6999999999999993
2019-03-25,Bangalore,19.5,65,0.0,4.0,0,3,1,0.9922222094179323,0.12447926388678915,24.7,18.2,20.4,61.0,0.0,21.066666666666666,20.771428571428572,64.71428571428571,0.0,2.26105748542158,-5.199999999999999
2019-03-25,Hyderabad,25.5,50,0.0,3.8,0,3,1,0.9922222094179323,0.12447926388678915,21.7,22.1,21.9,49.0,0.0,24.333333333333332,24.599999999999998,51.42857142857143,0.0,1.9200694431886145,3.8000000000000007
2019-03-25,Delhi,25.4,45,0.0,3.4,0,3,1,0.9922222094179323,0.12447926388678915,23.3,22.3,21.0,45.0,0.0,25.23333333333333,23.900000000000002,46.285714285714285,0.0,2.5839246635044346,2.099999999999998
2019-03-26,Delhi,20.1,47,0.0,3.8,1,3,1,0.994217906893952,0.10738134666416309,25.4,27.0,19.5,45.0,0.0,22.933333333333334,23.985714285714288,46.142857142857146,0.0,2.418283531369941,-5.299999999999997
2019-03-26,Chennai,28.9,74,0.0,2.5,1,3,1,0.994217906893952,0.10738134666416309,31.3,27.0,26.1,72.0,0.0,29.933333333333337,28.842857142857138,73.0,0.0,2.2853571149510272,-2.400000000000002
2019-03-26,Hyderabad,25.6,55,0.0,2.5,1,3,1,0.994217906893952,0.10738134666416309,25.5,25.8,25.0,50.0,0.0,24.26666666666667,24.685714285714283,52.285714285714285,0.0,1.9539946873252254,0.10000000000000142
2019-03-26,Bangalore,21.4,66,0.0,2.4,1,3,1,0.994217906893952,0.10738134666416309,19.5,19.0,22.7,65.0,0.0,21.866666666666664,20.585714285714285,64.71428571428571,0.0,2.125581153025036,1.8999999999999986
2019-03-27,Hyderabad,24.9,52,0.0,1.7,2,3,1,0.995918996147179,0.09025161003104117,25.6,21.7,25.4,55.0,0.0,25.333333333333332,24.614285714285717,51.57142857142857,0.0,1.9325532087789652,-0.7000000000000028
2019-03-27,Mumbai,24.9,77,0.0,2.6,2,3,1,0.995918996147179,0.09025161003104117,23.0,23.2,25.0,78.0,0.0,23.866666666666664,24.74285714285714,75.0,0.0,1.4362649974350652,1.8999999999999986
2019-03-27,Delhi,24.8,47,0.0,2.8,2,3,1,0.995918996147179,0.09025161003104117,20.1,23.3,26.3,47.0,0.0,23.433333333333334,23.771428571428572,45.57142857142857,0.0,2.238834730921599,4.699999999999999
2019-03-27,Chennai,30.1,75,0.0,3.6,2,3,1,0.995918996147179,0.09025161003104117,28.9,29.6,28.7,74.0,0.0,30.099999999999998,29.042857142857144,73.57142857142857,0.0,2.3315639549861427,1.2000000000000028
2019-03-27,Bangalore,21.5,68,0.0,3.6,2,3,1,0.995918996147179,0.09025161003104117,21.4,24.7,20.9,66.0,0.0,20.799999999999997,20.67142857142857,64.71428571428571,0.0,2.1522966692305587,0.10000000000000142
2019-03-28,Chennai,24.9,69,0.0,2.2,3,3,1,0.9973249731081555,0.07309512989807777,30.1,31.3,31.4,75.0,0.0,27.96666666666667,28.114285714285717,73.0,0.0,2.5228479749604453,-5.200000000000003
2019-03-28,Mumbai,24.0,82,0.0,2.4,3,3,1,0.9973249731081555,0.07309512989807777,24.9,23.7,26.1,77.0,0.0,23.966666666666665,24.442857142857143,75.85714285714286,0.0,1.320173148816906,-0.8999999999999986
2019-03-28,Delhi,19.8,44,0.0,3.7,3,3,1,0.9973249731081555,0.07309512989807777,24.8,25.4,23.5,47.0,0.0,21.566666666666663,23.24285714285714,45.857142857142854,0.0,2.7023799035030183,-5.0
2019-03-28,Bangalore,21.7,63,0.0,2.8,3,3,1,0.9973249731081555,0.07309512989807777,21.5,19.5,20.4,68.0,0.0,21.53333333333333,20.857142857142858,63.57142857142857,0.0,2.180869201990455,0.1999999999999993
2019-03-28,Hyderabad,22.3,63,0.0,2.9,3,3,1,0.9973249731081555,0.07309512989807777,24.9,25.5,26.7,52.0,0.0,24.266666666666666,23.985714285714288,53.857142857142854,0.0,1.8551087761715102,-2.599999999999998
2019-03-29,Hyderabad,26.8,51,0.0,3.3,4,3,1,0.9984354211555643,0.055916990100603484,22.3,25.6,22.1,63.0,0.0,24.666666666666668,24.657142857142855,53.857142857142854,0.0,1.9086270308410471,4.5
2019-03-29,Mumbai,28.3,71,0.0,2.6,4,3,1,0.9984354211555643,0.055916990100603484,24.0,23.0,26.3,82.0,0.0,25.73333333333333,24.728571428571428,75.0,0.0,1.8847761013926714,4.300000000000001
2019-03-29,Delhi,21.0,48,0.0,3.4,4,3,1,0.9984354211555643,0.055916990100603484,19.8,20.1,22.3,44.0,0.0,21.866666666666664,23.057142857142857,45.857142857142854,0.0,2.8200810525332396,1.1999999999999993
2019-03-29,Bangalore,21.3,60,0.0,3.4,4,3,1,0.9984354211555643,0.055916990100603484,21.7,21.4,18.2,63.0,0.0,21.5,21.3,63.0,0.0,1.8393839548428563,-0.3999999999999986
2019-03-29,Chennai,27.8,66,0.0,3.6,4,3,1,0.9984354211555643,0.055916990100603484,24.9,28.9,25.0,69.0,0.0,27.599999999999998,28.514285714285712,72.42857142857143,0.0,2.139648391230524,2.900000000000002
2019-03-30,Mumbai,26.7,72,0.0,3.4,5,3,1,0.9992500112396835,0.03872228089217446,28.3,24.9,26.0,71.0,0.0,26.333333333333332,24.828571428571426,74.71428571428571,0.0,1.9796584602015632,-1.6000000000000014
2019-03-30,Bangalore,21.8,70,0.0,5.0,5,3,1,0.9992500112396835,0.03872228089217446,21.3,21.5,19.0,60.0,0.0,21.600000000000005,21.7,64.71428571428571,0.0,1.5351438586226003,0.5
2019-03-30,Chennai,26.7,70,0.0,3.7,5,3,1,0.9992500112396835,0.03872228089217446,27.8,30.1,27.0,66.0,0.0,26.46666666666667,28.47142857142857,71.71428571428571,0.0,2.177700840882669,-1.1000000000000014
2019-03-30,Delhi,21.7,46,0.0,2.4,5,3,1,0.9992500112396835,0.03872228089217446,21.0,24.8,27.0,48.0,0.0,20.833333333333332,22.300000000000004,46.0,0.0,2.236067977499756,0.6999999999999993
2019-03-30,Hyderabad,28.5,59,0.0,3.6,5,3,1,0.9992500112396835,0.03872228089217446,26.8,24.9,25.8,51.0,0.0,25.866666666666664,25.04285714285714,54.142857142857146,0.0,2.390158392838663,1.6999999999999993
2019-03-31,Chennai,29.9,70,0.0,1.9,6,3,1,0.9997685019798909,0.021516097436222254,26.7,24.9,29.6,70.0,0.0,28.133333333333336,28.514285714285712,70.85714285714286,0.0,2.2063760418603553,3.1999999999999993
2019-03-31,Bangalore,22.2,56,0.0,2.6,6,3,1,0.9997685019798909,0.021516097436222254,21.8,21.7,24.7,70.0,0.0,21.766666666666666,21.342857142857145,64.0,0.0,0.8657504314314987,0.3999999999999986
2019-03-31,Hyderabad,25.3,52,0.0,3.0,6,3,1,0.9997685019798909,0.021516097436222254,28.5,22.3,21.7,59.0,0.0,26.86666666666667,25.557142857142857,54.57142857142857,0.0,1.8849024226354756,-3.1999999999999993
2019-03-31,Mumbai,26.0,77,0.0,3.3,6,3,1,0.9997685019798909,0.021516097436222254,26.7,24.0,23.2,72.0,0.0,27.0,25.228571428571428,75.0,0.0,1.8759124763825272,-0.6999999999999993
2019-03-31,Delhi,22.0,44,0.0,2.5,6,3,1,0.9997685019798909,0.021516097436222254,21.7,19.8,23.3,46.0,0.0,21.566666666666663,22.114285714285717,45.857142857142854,0.0,2.192736928611157,0.3000000000000007
2019-04-01,Chennai,29.3,70,0.0,4.0,0,4,2,0.9999907397361901,0.004303538296244289,29.9,27.8,31.3,70.0,0.0,28.633333333333336,28.228571428571428,70.57142857142857,0.0,1.8927178744813165,-0.5999999999999979
2019-04-01,Mumbai,27.6,68,0.0,3.6,0,4,2,0.9999907397361901,0.004303538296244289,26.0,28.3,23.7,77.0,0.0,26.766666666666666,25.785714285714285,75.0,0.0,1.9247758063634088,1.6000000000000014
2019-04-01,Delhi,24.2,44,0.0,4.2,0,4,2,0.9999907397361901,0.004303538296244289,22.0,21.0,25.4,44.0,0.0,22.63333333333333,21.942857142857143,45.714285714285715,0.0,1.9234146223640038,2.1999999999999993
2019-04-01,Bangalore,21.7,58,0.0,1.8,0,4,2,0.9999907397361901,0.004303538296244289,22.2,21.3,19.5,56.0,0.0,21.900000000000002,21.657142857142855,63.0,0.0,0.2992052966172715,-0.5
2019-04-02,Chennai,28.8,72,0.0,2.7,1,4,2,0.9999166586547379,-0.01291029607500882,29.3,26.7,28.9,70.0,0.0,29.333333333333332,28.214285714285715,70.28571428571429,0.0,1.887174759111803,-0.5
2019-04-02,Bangalore,21.1,50,1.3,2.7,1,4,2,0.9999166586547379,-0.01291029607500882,21.7,21.8,21.4,58.0,0.0,21.666666666666668,21.614285714285717,60.714285714285715,0.18571428571428572,0.3579039509355224,-0.5999999999999979
2019-04-02,Delhi,21.4,52,0.0,3.8,1,4,2,0.9999166586547379,-0.01291029607500882,24.2,21.7,20.1,44.0,0.0,22.53333333333333,22.12857142857143,46.42857142857143,0.0,1.772676211940806,-2.8000000000000007
2019-04-02,Hyderabad,26.3,51,0.0,3.8,1,4,2,0.9999166586547379,-0.01291029607500882,25.3,26.8,25.5,52.0,0.0,26.7,25.67142857142857,54.714285714285715,0.0,1.9050059367486385,1.0
2019-04-03,Delhi,20.9,44,0.0,3.1,2,4,2,0.9995462806873573,-0.030120304846908114,21.4,22.0,24.8,52.0,0.0,22.16666666666666,21.571428571428573,46.0,0.0,1.3573433435873214,-0.5
2019-04-03,Mumbai,28.6,75,0.0,2.6,2,4,2,0.9995462806873573,-0.030120304846908114,27.6,26.7,23.0,68.0,0.0,27.400000000000002,26.58571428571429,74.57142857142857,0.0,1.7276463482906175,1.0
2019-04-03,Chennai,28.3,78,0.0,3.6,2,4,2,0.9995462806873573,-0.030120304846908114,28.8,29.9,30.1,72.0,0.0,28.8,27.957142857142856,70.71428571428571,0.0,1.7008401285415553,-0.5
2019-04-03,Hyderabad,25.9,54,0.0,1.9,2,4,2,0.9995462806873573,-0.030120304846908114,26.3,28.5,25.6,51.0,0.0,25.833333333333332,25.714285714285715,54.57142857142857,0.0,1.9065051546643774,-0.40000000000000213
2019-04-03,Bangalore,19.9,57,0.0,1.3,2,4,2,0.9995462806873573,-0.030120304846908114,21.1,22.2,21.5,50.0,1.3,20.9,21.385714285714283,59.142857142857146,0.18571428571428572,0.7448234050846689,-1.2000000000000028
2019-04-04,Bangalore,21.6,55,0.0,3.0,3,4,2,0.9988797155850336,-0.04732138832243185,19.9,21.7,21.7,57.0,0.0,20.866666666666667,21.371428571428574,58.0,0.18571428571428572,0.7387247699341764,1.7000000000000028
2019-04-04,Mumbai,26.4,67,0.0,3.6,3,4,2,0.9988797155850336,-0.04732138832243185,28.6,26.0,24.9,75.0,0.0,27.53333333333333,26.8,73.14285714285714,0.0,1.5695009822658066,-2.200000000000003
2019-04-04,Chennai,29.7,69,0.0,2.9,3,4,2,0.9988797155850336,-0.04732138832243185,28.3,29.3,24.9,78.0,0.0,28.933333333333337,28.642857142857142,70.71428571428571,0.0,1.1370387604902794,1.3999999999999986
2019-04-04,Delhi,24.4,36,0.0,3.3,3,4,2,0.9988797155850336,-0.04732138832243185,20.9,24.2,19.8,44.0,0.0,22.23333333333333,22.228571428571428,44.857142857142854,0.0,1.4659630346797545,3.5
2019-04-05,Mumbai,26.8,85,0.0,2.0,4,4,2,0.9979171608653922,-0.06450844944931623,26.4,27.6,24.0,67.0,0.0,27.26666666666667,27.2,73.57142857142857,0.0,0.9848857801796076,0.40000000000000213
2019-04-05,Chennai,29.2,66,0.0,1.5,4,4,2,0.9979171608653922,-0.06450844944931623,29.7,28.8,27.8,69.0,0.0,29.066666666666666,28.842857142857145,70.71428571428571,0.0,1.086058842569749,-0.5
2019-04-05,Bangalore,20.2,60,0.0,4.6,4,4,2,0.9979171608653922,-0.06450844944931623,21.6,21.1,21.3,55.0,0.0,20.566666666666666,21.214285714285715,58.0,0.18571428571428572,0.8629958891917839,-1.4000000000000021
2019-04-05,Delhi,22.0,55,0.0,4.7,4,4,2,0.9979171608653922,-0.06450844944931623,24.4,21.4,21.0,36.0,0.0,22.433333333333326,22.37142857142857,45.857142857142854,0.0,1.371998889351157,-2.3999999999999986
2019-04-06,Chennai,30.3,64,0.0,1.6,5,4,2,0.9966589017541702,-0.08167639533042241,29.2,28.3,26.7,66.0,0.0,29.733333333333334,29.357142857142858,69.85714285714286,0.0,0.6778818551369831,1.1000000000000014
2019-04-06,Mumbai,27.1,75,0.0,3.4,5,4,2,0.9966589017541702,-0.08167639533042241,26.8,28.6,28.3,85.0,0.0,26.766666666666666,27.02857142857143,74.14285714285714,0.0,0.8577378887016022,0.3000000000000007
2019-04-06,Hyderabad,27.6,47,0.0,2.3,5,4,2,0.9966589017541702,-0.08167639533042241,25.9,25.3,24.9,54.0,0.0,26.600000000000005,26.099999999999998,53.857142857142854,0.0,1.985782801147512,1.7000000000000028
2019-04-06,Bangalore,23.2,63,0.0,2.2,5,4,2,0.9966589017541702,-0.08167639533042241,20.2,19.9,21.8,60.0,0.0,21.666666666666668,21.414285714285715,57.0,0.18571428571428572,1.1393398255548055,3.0
2019-04-06,Delhi,24.1,46,0.0,1.9,5,4,2,0.9966589017541702,-0.08167639533042241,22.0,20.9,21.7,55.0,0.0,23.5,22.714285714285715,45.857142857142854,0.0,1.4724453260121737,2.1000000000000014
2019-04-07,Delhi,25.6,49,0.0,4.1,6,4,2,0.9951053111006976,-0.09882013873287143,24.1,24.4,22.0,46.0,0.0,23.899999999999995,23.228571428571428,46.57142857142857,0.0,1.7783084525415767,1.5
2019-04-07,Chennai,30.4,69,0.0,1.3,6,4,2,0.9951053111006976,-0.09882013873287143,30.3,29.7,29.9,64.0,0.0,29.96666666666667,29.428571428571427,69.71428571428571,0.0,0.7653197277703193,0.09999999999999787
2019-04-07,Hyderabad,25.7,52,0.0,3.2,6,4,2,0.9951053111006976,-0.09882013873287143,27.6,26.3,22.3,47.0,0.0,26.400000000000002,26.585714285714285,52.285714285714285,0.0,1.1349428347256754,-1.9000000000000021
2019-04-07,Mumbai,29.4,78,0.0,2.0,6,4,2,0.9951053111006976,-0.09882013873287143,27.1,26.4,26.7,75.0,0.0,27.76666666666667,27.414285714285715,75.0,0.0,1.217139503684175,2.299999999999997
2019-04-07,Bangalore,22.1,60,0.0,3.5,6,4,2,0.9951053111006976,-0.09882013873287143,23.2,21.6,22.2,63.0,0.0,21.833333333333332,21.400000000000002,57.57142857142857,0.18571428571428572,1.1284207253207248,-1.0999999999999979
2019-04-08,Delhi,20.9,38,0.0,1.5,0,4,2,0.9932568492674143,-0.11593459959550041,25.6,22.0,24.2,49.0,0.0,23.53333333333333,22.75714285714286,45.714285714285715,0.0,1.9103726886457706,-4.700000000000003
2019-04-08,Hyderabad,25.9,50,0.0,3.5,0,4,2,0.9932568492674143,-0.11593459959550041,25.7,25.9,26.8,52.0,0.0,26.400000000000002,26.45714285714286,52.142857142857146,0.0,1.1573779890440836,0.1999999999999993
2019-04-08,Chennai,29.9,62,0.0,3.7,0,4,2,0.9932568492674143,-0.11593459959550041,30.4,29.2,29.3,69.0,0.0,30.2,29.514285714285712,68.57142857142857,0.0,0.7819389819088979,-0.5
2019-04-08,Bangalore,21.7,61,0.0,3.9,0,4,2,0.9932568492674143,-0.11593459959550041,22.1,20.2,21.7,60.0,0.0,22.333333333333332,21.400000000000002,58.0,0.18571428571428572,1.1284207253207248,-0.40000000000000213
2019-04-08,Mumbai,29.4,78,0.0,2.9,0,4,2,0.9932568492674143,-0.11593459959550041,29.4,26.8,26.0,78.0,0.0,28.633333333333336,27.900000000000002,75.14285714285714,0.0,1.2369316876852894,0.0
2019-04-09,Mumbai,27.6,82,0.0,2.8,1,4,2,0.9911140639934547,-0.1330147065341959,29.4,27.1,27.6,78.0,0.0,28.8,27.900000000000002,77.14285714285714,0.0,1.2369316876852894,-1.7999999999999972
2019-04-09,Bangalore,23.7,59,0.0,2.5,1,4,2,0.9911140639934547,-0.1330147065341959,21.7,23.2,21.1,61.0,0.0,22.5,21.77142857142857,59.285714285714285,0.0,1.4067862734074594,2.0
2019-04-09,Hyderabad,25.5,49,0.0,3.3,1,4,2,0.9911140639934547,-0.1330147065341959,25.9,27.6,28.5,50.0,0.0,25.7,26.028571428571432,50.714285714285715,0.0,0.7631388814500824,-0.3999999999999986
2019-04-09,Chennai,31.8,69,0.0,1.9,1,4,2,0.9911140639934547,-0.1330147065341959,29.9,30.3,28.8,62.0,0.0,30.7,29.942857142857147,68.14285714285714,0.0,1.087592360610035,1.9000000000000021
2019-04-09,Delhi,26.2,43,0.0,3.5,1,4,2,0.9911140639934547,-0.1330147065341959,20.9,24.1,21.4,38.0,0.0,24.23333333333333,23.442857142857143,44.42857142857143,0.0,2.183923947742613,5.300000000000001
2019-04-10,Hyderabad,26.2,50,0.0,3.4,2,4,2,0.9886775902323405,-0.1500553983446526,25.5,25.7,25.3,49.0,0.0,25.866666666666664,26.157142857142855,50.42857142857143,0.0,0.6924765768773237,0.6999999999999993
2019-04-10,Mumbai,29.9,80,0.0,3.2,2,4,2,0.9886775902323405,-0.1500553983446526,27.6,29.4,28.6,82.0,0.0,28.96666666666667,28.085714285714285,77.85714285714286,0.0,1.4404033826542748,2.299999999999997
2019-04-10,Bangalore,23.2,58,0.0,4.0,2,4,2,0.9886775902323405,-0.1500553983446526,23.7,22.1,19.9,59.0,0.0,22.866666666666664,22.242857142857144,59.42857142857143,0.0,1.2149857925879288,-0.5
2019-04-10,Delhi,19.4,44,0.0,3.4,2,4,2,0.9886775902323405,-0.1500553983446526,26.2,25.6,20.9,43.0,0.0,22.16666666666666,23.228571428571428,44.42857142857143,0.0,2.5223760529272434,-6.800000000000001
2019-04-10,Chennai,28.5,60,0.0,3.5,2,4,2,0.9886775902323405,-0.1500553983446526,31.8,30.4,28.3,69.0,0.0,30.066666666666666,29.97142857142857,65.57142857142857,0.0,1.0387721689801794,-3.3000000000000007
2019-04-11,Bangalore,21.8,68,0.0,2.3,3,4,2,0.9859481499638304,-0.16705162550211924,23.2,21.7,21.6,58.0,0.0,22.899999999999995,22.271428571428572,61.285714285714285,0.0,1.1996031089688213,-1.3999999999999986
2019-04-11,Chennai,31.0,71,0.0,2.1,3,4,2,0.9859481499638304,-0.16705162550211924,28.5,29.9,29.7,60.0,0.0,30.433333333333334,30.157142857142862,65.85714285714286,0.0,1.0967484410097494,2.5
2019-04-11,Hyderabad,28.5,57,2.6,4.1,3,4,2,0.9859481499638304,-0.16705162550211924,26.2,25.9,26.3,50.0,0.0,26.733333333333334,26.47142857142857,51.285714285714285,0.37142857142857144,1.1294752258080747,2.3000000000000007
2019-04-11,Delhi,23.8,54,0.0,3.4,3,4,2,0.9859481499638304,-0.16705162550211924,19.4,20.9,24.4,44.0,0.0,23.13333333333333,23.142857142857142,47.0,0.0,2.4858648011353464,4.400000000000002
2019-04-11,Mumbai,28.7,68,0.0,4.2,3,4,2,0.9859481499638304,-0.16705162550211924,29.9,29.4,26.4,80.0,0.0,28.733333333333334,28.414285714285715,78.0,0.0,1.2401996767033936,-1.1999999999999993
2019-04-12,Chennai,31.7,65,0.0,2.8,4,4,2,0.9829265519799822,-0.18399835165768005,31.0,31.8,29.2,71.0,0.0,30.400000000000002,30.514285714285712,65.71428571428571,0.0,1.1393398255548786,0.6999999999999993
2019-04-12,Hyderabad,25.1,47,0.0,3.0,4,4,2,0.9829265519799822,-0.18399835165768005,28.5,25.5,25.9,57.0,2.6,26.600000000000005,26.357142857142858,50.285714285714285,0.37142857142857144,1.23268966472658,-3.3999999999999986
2019-04-12,Mumbai,26.3,78,0.0,2.0,4,4,2,0.9829265519799822,-0.18399835165768005,28.7,27.6,26.8,68.0,0.0,28.3,28.342857142857145,77.0,0.0,1.3575187449376556,-2.3999999999999986
2019-04-12,Delhi,25.5,46,0.0,4.7,4,4,2,0.9829265519799822,-0.18399835165768005,23.8,26.2,22.0,54.0,0.0,22.899999999999995,23.642857142857142,45.714285714285715,0.0,2.56830498114814,1.6999999999999993
2019-04-12,Bangalore,21.3,58,0.0,2.5,4,4,2,0.9829265519799822,-0.18399835165768005,21.8,23.7,20.2,68.0,0.0,22.099999999999998,22.428571428571427,61.0,0.0,0.9232447954800497,-0.5
2019-04-13,Chennai,29.3,76,0.0,3.0,5,4,2,0.9796136916454901,-0.20089055513063506,31.7,28.5,30.3,65.0,0.0,30.666666666666668,30.371428571428574,67.42857142857143,0.0,1.229788986932771,-2.3999999999999986
2019-04-13,Hyderabad,26.5,55,0.0,4.8,5,4,2,0.9796136916454901,-0.20089055513063506,25.1,26.2,27.6,47.0,0.0,26.7,26.199999999999996,51.42857142857143,0.37142857142857144,1.1120551545074508,1.3999999999999986
2019-04-13,Bangalore,21.8,66,0.0,3.6,5,4,2,0.9796136916454901,-0.20089055513063506,21.3,23.2,23.2,58.0,0.0,21.633333333333336,22.22857142857143,61.42857142857143,0.0,0.8788520651287072,0.5
2019-04-13,Mumbai,25.7,72,1.8,3.0,5,4,2,0.9796136916454901,-0.20089055513063506,26.3,29.9,27.1,78.0,0.0,26.900000000000002,28.142857142857142,76.57142857142857,0.2571428571428572,1.6440368435217971,-0.6000000000000014
2019-04-14,Mumbai,27.6,71,0.0,2.4,6,4,2,0.9760105506323683,-0.21772323039653177,25.7,28.7,29.4,72.0,1.8,26.53333333333333,27.885714285714283,75.57142857142857,0.2571428571428572,1.5528775133372719,1.9000000000000021
2019-04-14,Hyderabad,25.3,42,0.0,2.1,6,4,2,0.9760105506323683,-0.21772323039653177,26.5,28.5,25.7,55.0,0.0,25.633333333333336,26.142857142857142,50.0,0.37142857142857144,1.1516034370348158,-1.1999999999999993
2019-04-14,Bangalore,24.5,55,0.0,4.0,6,4,2,0.9760105506323683,-0.21772323039653177,21.8,21.8,22.1,66.0,0.0,22.53333333333333,22.571428571428573,60.714285714285715,0.0,1.221630448368492,2.6999999999999993
2019-04-14,Chennai,29.8,73,0.0,2.2,6,4,2,0.9760105506323683,-0.21772323039653177,29.3,31.0,30.4,76.0,0.0,30.26666666666667,30.285714285714285,68.0,0.0,1.2482368517614812,0.5
2019-04-15,Mumbai,27.3,70,0.0,3.5,0,4,2,0.9721181966290613,-0.23449138957040985,27.6,26.3,29.4,71.0,0.0,26.866666666666664,27.585714285714285,74.42857142857143,0.2571428571428572,1.4076322571710829,-0.3000000000000007
2019-04-15,Bangalore,21.7,63,0.0,3.1,0,4,2,0.9721181966290613,-0.23449138957040985,24.5,21.3,21.7,55.0,0.0,22.666666666666668,22.571428571428573,61.0,0.0,1.221630448368492,-2.8000000000000007
2019-04-15,Hyderabad,25.4,44,2.3,3.0,0,4,2,0.9721181966290613,-0.23449138957040985,25.3,25.1,25.9,42.0,0.0,25.733333333333334,26.071428571428573,49.142857142857146,0.7000000000000001,1.184221665221879,0.09999999999999787
2019-04-15,Delhi,21.0,44,0.0,2.0,0,4,2,0.9721181966290613,-0.23449138957040985,25.5,19.4,24.1,46.0,0.0,23.433333333333334,23.199999999999996,45.42857142857143,0.0,2.7380041392712564,-4.5
2019-04-15,Chennai,28.4,65,0.0,3.9,0,4,2,0.9721181966290613,-0.23449138957040985,29.8,31.7,29.9,73.0,0.0,29.166666666666668,30.071428571428573,68.42857142857143,0.0,1.439576657347959,-1.4000000000000021
2019-04-16,Hyderabad,27.6,47,0.0,5.0,1,4,2,0.9679377830240642,-0.25119006388481935,25.4,26.5,25.5,44.0,2.3,26.099999999999998,26.37142857142857,48.857142857142854,0.7000000000000001,1.2776466461353349,2.200000000000003
2019-04-16,Mumbai,31.0,79,0.0,3.0,1,4,2,0.9679377830240642,-0.25119006388481935,27.3,25.7,27.6,70.0,0.0,28.633333333333336,28.071428571428573,74.0,0.2571428571428572,1.9102480517062677,3.6999999999999993
2019-04-16,Chennai,29.2,73,0.0,4.2,1,4,2,0.9679377830240642,-0.25119006388481935,28.4,29.3,31.8,65.0,0.0,29.133333333333336,29.699999999999996,69.0,0.0,1.2409673645991495,0.8000000000000007
2019-04-16,Bangalore,22.6,68,0.0,3.4,1,4,2,0.9679377830240642,-0.25119006388481935,21.7,21.8,23.7,63.0,0.0,22.933333333333334,22.414285714285715,62.285714285714285,0.0,1.1186726828829863,0.9000000000000021
2019-04-16,Delhi,26.6,51,0.0,2.1,1,4,2,0.9679377830240642,-0.25119006388481935,21.0,23.8,25.6,44.0,0.0,24.366666666666664,23.342857142857138,45.714285714285715,0.0,2.9050858523499232,5.600000000000001
2019-04-17,Bangalore,21.8,58,0.0,0.9,2,4,2,0.9634705485641488,-0.2678143051621742,22.6,24.5,23.2,68.0,0.0,22.03333333333333,22.214285714285715,62.285714285714285,0.0,1.0792413561210232,-0.8000000000000007
2019-04-17,Chennai,29.6,73,0.0,4.6,2,4,2,0.9634705485641488,-0.2678143051621742,29.2,29.8,28.5,73.0,0.0,29.066666666666666,29.857142857142858,70.85714285714286,0.0,1.1282097069504882,0.40000000000000213
2019-04-17,Delhi,27.7,47,0.0,5.4,2,4,2,0.9634705485641488,-0.2678143051621742,26.6,25.5,20.9,51.0,0.0,25.099999999999998,24.314285714285717,47.0,0.0,3.0835199428729365,1.0999999999999979
2019-04-18,Bangalore,25.0,72,0.0,1.4,3,4,2,0.9587178169872964,-0.2843591872810034,21.8,21.7,21.8,58.0,0.0,23.133333333333336,22.671428571428574,62.857142857142854,0.0,1.4784161409137624,3.1999999999999993
2019-04-18,Mumbai,26.9,79,0.0,2.8,3,4,2,0.9587178169872964,-0.2843591872810034,31.0,27.6,29.9,79.0,0.0,28.400000000000002,27.642857142857142,73.85714285714286,0.2571428571428572,1.7624387865087574,-4.100000000000001
2019-04-18,Chennai,25.5,72,0.0,4.7,3,4,2,0.9587178169872964,-0.2843591872810034,29.6,28.4,31.0,73.0,0.0,28.099999999999998,29.071428571428573,71.0,0.0,1.8705741415532713,-4.100000000000001
2019-04-18,Delhi,29.1,44,0.0,3.9,3,4,2,0.9587178169872964,-0.2843591872810034,27.7,21.0,26.2,47.0,0.0,27.799999999999997,24.728571428571428,47.142857142857146,0.0,3.5401103022901474,1.4000000000000021
2019-04-18,Hyderabad,22.3,55,0.0,2.0,3,4,2,0.9587178169872964,-0.2843591872810034,27.6,25.3,26.2,47.0,0.0,25.100000000000005,25.814285714285713,49.57142857142857,0.7000000000000001,2.007011519173514,-5.300000000000001
2019-04-19,Delhi,29.3,47,0.0,3.3,4,4,2,0.9536809966304457,-0.30081980763566735,29.1,26.6,19.4,44.0,0.0,28.7,26.142857142857142,47.57142857142857,0.0,2.9915754728108914,0.1999999999999993
2019-04-19,Bangalore,24.4,61,0.0,2.3,4,4,2,0.9536809966304457,-0.30081980763566735,25.0,22.6,21.3,72.0,0.0,23.733333333333334,23.114285714285717,63.285714285714285,0.0,1.4633620780342236,-0.6000000000000014
2019-04-19,Hyderabad,28.0,46,0.0,4.0,4,4,2,0.9536809966304457,-0.30081980763566735,22.3,25.4,28.5,55.0,0.0,25.96666666666667,25.74285714285714,48.0,0.32857142857142857,1.901628374890956,5.699999999999999
2019-04-19,Mumbai,28.1,71,0.0,5.0,4,4,2,0.9536809966304457,-0.30081980763566735,26.9,27.3,28.7,79.0,0.0,28.666666666666668,27.557142857142857,74.28571428571429,0.2571428571428572,1.7164470502146183,1.2000000000000028
2019-04-20,Mumbai,31.2,68,0.0,2.0,5,4,2,0.9483615800121715,-0.3171912885891061,28.1,31.0,26.3,71.0,0.0,28.733333333333334,28.257142857142856,72.85714285714286,0.2571428571428572,2.079148177224777,3.099999999999998
2019-04-20,Chennai,26.7,70,0.0,1.9,5,4,2,0.9483615800121715,-0.3171912885891061,25.5,29.2,31.7,72.0,0.0,27.266666666666666,28.357142857142858,71.71428571428571,0.0,1.639976771031812,1.1999999999999993
2019-04-20,Delhi,28.1,44,0.0,3.3,5,4,2,0.9483615800121715,-0.3171912885891061,29.3,27.7,23.8,47.0,0.0,28.833333333333332,26.75714285714286,46.142857142857146,0.0,2.8692955830407314,-1.1999999999999993
2019-04-20,Hyderabad,26.6,46,0.0,3.1,5,4,2,0.9483615800121715,-0.3171912885891061,28.0,27.6,25.1,46.0,0.0,25.633333333333336,25.95714285714286,47.857142857142854,0.32857142857142857,1.9016283748909542,-1.3999999999999986
2019-04-20,Bangalore,23.2,57,0.0,2.9,5,4,2,0.9483615800121715,-0.3171912885891061,24.4,21.8,21.8,61.0,0.0,24.2,23.314285714285713,62.0,0.0,1.3446543191821887,-1.1999999999999993
2019-04-21,Delhi,25.8,50,0.0,1.1,6,4,2,0.9427611433904207,-0.3334687789181868,28.1,29.1,25.5,44.0,0.0,27.733333333333334,26.800000000000004,46.714285714285715,0.0,2.8495613697549858,-2.3000000000000007
2019-04-21,Mumbai,31.9,67,0.0,3.4,6,4,2,0.9427611433904207,-0.3334687789181868,31.2,26.9,25.7,68.0,0.0,30.400000000000002,29.142857142857142,72.14285714285714,0.0,2.128267795537901,0.6999999999999993
2019-04-21,Hyderabad,27.1,48,2.2,2.7,6,4,2,0.9427611433904207,-0.3334687789181868,26.6,22.3,26.5,46.0,0.0,27.233333333333334,26.042857142857144,46.857142857142854,0.6428571428571429,1.9432422587496418,0.5
2019-04-21,Chennai,31.3,69,0.0,4.0,6,4,2,0.9427611433904207,-0.3334687789181868,26.7,29.6,29.3,70.0,0.0,27.833333333333332,28.642857142857142,70.71428571428571,0.0,1.9721875695592284,4.600000000000001
2019-04-21,Bangalore,24.3,56,3.3,3.6,6,4,2,0.9427611433904207,-0.3334687789181868,23.2,25.0,24.5,57.0,0.0,23.96666666666667,23.285714285714285,62.142857142857146,0.4714285714285714,1.3171036044146192,1.1000000000000014
2019-04-22,Hyderabad,25.1,52,0.0,1.6,0,4,2,0.9368813462954315,-0.3496474552512284,27.1,28.0,25.3,48.0,2.2,26.26666666666667,26.014285714285712,48.285714285714285,0.6428571428571429,1.9574035280004238,-2.0
2019-04-22,Chennai,27.5,79,0.0,2.0,0,4,2,0.9368813462954315,-0.3496474552512284,31.3,25.5,29.8,69.0,0.0,28.5,28.314285714285717,71.57142857142857,0.0,1.9385807277736353,-3.8000000000000007
2019-04-22,Mumbai,26.8,78,0.0,2.2,0,4,2,0.9368813462954315,-0.3496474552512284,31.9,28.1,27.6,67.0,0.0,29.96666666666667,29.028571428571432,73.14285714285714,0.0,2.2432968934986968,-5.099999999999998
2019-04-22,Delhi,25.3,37,0.0,2.9,0,4,2,0.9368813462954315,-0.3496474552512284,25.8,29.3,21.0,50.0,0.0,26.399999999999995,27.414285714285715,45.714285714285715,0.0,1.5646390120712037,-0.5
2019-04-22,Bangalore,20.7,59,0.0,3.5,0,4,2,0.9368813462954315,-0.3496474552512284,24.3,24.4,21.7,56.0,3.3,22.733333333333334,23.142857142857142,61.57142857142857,0.4714285714285714,1.5511900193691772,-3.6000000000000014
2019-04-23,Chennai,26.2,72,0.0,3.9,1,4,2,0.9307239310379795,-0.36572252349726897,27.5,26.7,28.4,79.0,0.0,28.333333333333332,28.0,72.57142857142857,0.0,2.0944370763206948,-1.3000000000000007
2019-04-23,Hyderabad,26.0,47,0.0,1.1,1,4,2,0.9307239310379795,-0.36572252349726897,25.1,26.6,25.4,52.0,0.0,26.066666666666666,26.099999999999998,48.714285714285715,0.31428571428571433,1.939071942966514,0.8999999999999986
2019-04-23,Bangalore,21.5,57,0.0,3.4,1,4,2,0.9307239310379795,-0.36572252349726897,20.7,23.2,22.6,59.0,0.0,22.166666666666668,22.985714285714288,60.0,0.4714285714285714,1.6667619020409916,0.8000000000000007
2019-04-23,Mumbai,29.5,69,0.0,2.8,1,4,2,0.9307239310379795,-0.36572252349726897,26.8,31.2,27.3,78.0,0.0,29.399999999999995,29.342857142857145,73.0,0.0,2.110969084612662,2.6999999999999993
2019-04-23,Delhi,28.2,37,0.0,3.9,1,4,2,0.9307239310379795,-0.36572252349726897,25.3,28.1,26.6,37.0,0.0,26.433333333333334,27.642857142857146,43.714285714285715,0.0,1.5425705201136595,2.8999999999999986
2019-04-24,Bangalore,23.7,62,0.0,4.2,2,4,2,0.9242907221930933,-0.3816892202666588,21.5,24.3,21.8,57.0,0.0,21.96666666666667,23.257142857142856,60.57142857142857,0.4714285714285714,1.594633858557261,2.1999999999999993
2019-04-24,Delhi,25.8,35,0.0,2.1,2,4,2,0.9242907221930933,-0.3816892202666588,28.2,25.8,27.7,37.0,0.0,26.433333333333334,27.37142857142857,42.0,0.0,1.690871851752087,-2.3999999999999986
2019-04-24,Chennai,31.0,70,0.0,3.7,2,4,2,0.9242907221930933,-0.3816892202666588,26.2,31.3,29.2,72.0,0.0,28.233333333333334,28.25714285714286,72.14285714285714,0.0,2.35998385789478,4.800000000000001
2019-04-24,Mumbai,27.2,68,0.0,2.7,2,4,2,0.9242907221930933,-0.3816892202666588,29.5,31.9,31.0,69.0,0.0,27.833333333333332,28.8,71.42857142857143,0.0,2.102379604162853,-2.3000000000000007
2019-04-24,Hyderabad,26.0,43,0.0,4.1,2,4,2,0.9242907221930933,-0.3816892202666588,26.0,27.1,27.6,47.0,0.0,25.7,25.87142857142857,48.142857142857146,0.31428571428571433,1.8236541025408912,0.0
2019-04-25,Delhi,27.2,34,0.0,3.6,3,4,2,0.9175836260593937,-0.39754281428255595,25.8,25.3,29.1,35.0,0.0,27.066666666666663,27.1,40.57142857142857,0.0,1.5099668870541199,1.3999999999999986
2019-04-25,Mumbai,27.9,71,0.0,2.9,3,4,2,0.9175836260593937,-0.39754281428255595,27.2,26.8,26.9,68.0,0.0,28.2,28.942857142857143,70.28571428571429,0.0,1.982302653361429,0.6999999999999993
2019-04-25,Hyderabad,22.5,46,0.0,2.5,3,4,2,0.9175836260593937,-0.39754281428255595,26.0,25.1,22.3,43.0,0.0,24.833333333333332,25.900000000000002,46.857142857142854,0.31428571428571433,1.7587874611030383,-3.5
2019-04-25,Bangalore,20.8,55,0.0,2.2,3,4,2,0.9175836260593937,-0.39754281428255595,23.7,20.7,25.0,62.0,0.0,22.0,22.657142857142855,58.142857142857146,0.4714285714285714,1.6195237395164035,-2.8999999999999986
2019-04-26,Delhi,28.8,39,0.0,3.7,4,4,2,0.9106046300942162,-0.4132786077829042,27.2,28.2,29.3,34.0,0.0,27.266666666666662,27.02857142857143,39.42857142857143,0.0,1.3960829556468077,1.6000000000000014
2019-04-26,Bangalore,24.0,62,0.0,3.2,4,4,2,0.9106046300942162,-0.4132786077829042,20.8,21.5,24.4,55.0,0.0,22.833333333333332,22.599999999999998,58.285714285714285,0.4714285714285714,1.5534906930308223,3.1999999999999993
2019-04-26,Mumbai,29.1,72,0.0,1.6,4,4,2,0.9106046300942162,-0.4132786077829042,27.9,29.5,28.1,71.0,0.0,28.066666666666666,29.085714285714285,70.42857142857143,0.0,1.947159102751627,1.2000000000000028
2019-04-26,Hyderabad,26.1,37,0.0,1.3,4,4,2,0.9106046300942162,-0.4132786077829042,22.5,26.0,28.0,46.0,0.0,24.866666666666664,25.628571428571433,45.57142857142857,0.31428571428571433,1.5096514892674948,3.6000000000000014
2019-04-27,Hyderabad,29.5,56,0.0,2.6,5,4,2,0.9033558023246845,-0.4288919379124835,26.1,26.0,26.6,37.0,0.0,26.03333333333333,26.042857142857144,47.0,0.31428571428571433,2.102266350756665,3.3999999999999986
2019-04-27,Mumbai,26.7,78,0.0,2.7,5,4,2,0.9033558023246845,-0.4288919379124835,29.1,27.2,31.2,72.0,0.0,27.899999999999995,28.442857142857147,71.85714285714286,0.0,1.8742617594287903,-2.400000000000002
2019-04-27,Bangalore,24.8,43,0.0,2.6,5,4,2,0.9033558023246845,-0.4288919379124835,24.0,23.7,23.2,62.0,0.0,23.2,22.82857142857143,56.285714285714285,0.4714285714285714,1.760411207373913,0.8000000000000007
2019-04-27,Delhi,26.4,40,0.0,3.5,5,4,2,0.9033558023246845,-0.4288919379124835,28.8,25.8,28.1,39.0,0.0,27.466666666666665,26.785714285714285,38.857142857142854,0.0,1.324674263644391,-2.400000000000002
2019-04-27,Chennai,27.5,74,0.0,0.5,5,4,2,0.9033558023246845,-0.4288919379124835,31.0,27.5,29.6,70.0,0.0,28.233333333333334,27.957142857142856,72.28571428571429,0.0,2.2933651714290777,-3.5
2019-04-28,Delhi,29.7,43,0.0,2.6,6,4,2,0.895839290734909,-0.4443781781046132,26.4,27.2,25.8,40.0,0.0,28.299999999999997,27.342857142857138,37.857142857142854,0.0,1.6267115528545266,3.3000000000000007
2019-04-28,Bangalore,21.2,61,0.0,2.4,6,4,2,0.895839290734909,-0.4443781781046132,24.8,20.8,24.3,43.0,0.0,23.333333333333332,22.385714285714283,57.0,0.0,1.717972226617362,-3.6000000000000014
2019-04-28,Chennai,28.1,66,0.0,2.3,6,4,2,0.895839290734909,-0.4443781781046132,27.5,26.2,25.5,74.0,0.0,28.866666666666664,28.328571428571426,71.42857142857143,0.0,2.023787114721903,0.6000000000000014
2019-04-29,Hyderabad,23.9,48,0.0,2.1,0,4,2,0.8880573226294932,-0.45973273945210397,29.5,22.5,27.1,56.0,0.0,26.5,25.585714285714285,47.0,0.0,2.1805416539845903,-5.600000000000001
2019-04-29,Delhi,28.1,46,0.0,4.3,0,4,2,0.8880573226294932,-0.45973273945210397,29.7,28.8,25.3,43.0,0.0,28.066666666666663,27.742857142857144,39.142857142857146,0.0,1.3636435786244603,-1.5999999999999979
2019-04-29,Chennai,28.5,60,0.0,3.2,0,4,2,0.8880573226294932,-0.45973273945210397,28.1,31.0,26.7,66.0,0.0,28.03333333333333,28.585714285714285,70.0,0.0,1.892466266919624,0.3999999999999986
2019-04-29,Bangalore,25.7,50,0.0,2.0,0,4,2,0.8880573226294932,-0.45973273945210397,21.2,24.0,20.7,61.0,0.0,23.900000000000002,23.099999999999998,55.714285714285715,0.0,1.9270011243726353,4.5
2019-04-29,Mumbai,31.3,67,0.0,4.4,0,4,2,0.8880573226294932,-0.45973273945210397,26.7,27.9,31.9,78.0,0.0,29.033333333333335,28.357142857142858,71.85714285714286,0.0,1.6949504838953577,4.600000000000001
2019-04-30,Bangalore,22.6,63,0.0,4.0,1,4,2,0.8800122039735357,-0.47495107206704995,25.7,24.8,21.5,50.0,0.0,23.166666666666668,23.25714285714286,56.57142857142857,0.0,1.8164591406150268,-3.099999999999998
2019-04-30,Hyderabad,28.6,41,0.0,3.2,1,4,2,0.8800122039735357,-0.47495107206704995,23.9,26.1,25.1,48.0,0.0,27.333333333333332,26.08571428571429,45.42857142857143,0.0,2.4368207234212313,4.700000000000003
2019-04-30,Delhi,27.0,44,0.0,2.1,1,4,2,0.8800122039735357,-0.47495107206704995,28.1,26.4,28.2,46.0,0.0,28.266666666666666,27.571428571428573,40.142857142857146,0.0,1.3719988893511776,-1.1000000000000014
2019-04-30,Chennai,29.2,70,0.0,5.0,1,4,2,0.8800122039735357,-0.47495107206704995,28.5,27.5,31.3,60.0,0.0,28.599999999999998,28.285714285714285,70.14285714285714,0.0,1.5203383082158681,0.6999999999999993
2019-04-30,Mumbai,25.3,62,0.0,2.6,1,4,2,0.8800122039735357,-0.47495107206704995,31.3,29.1,26.8,67.0,0.0,27.766666666666666,28.142857142857142,69.57142857142857,0.0,1.9932027350114465,-6.0
2019-05-01,Bangalore,26.3,55,0.0,2.7,2,5,2,0.8717063187093218,-0.4900286664290592,22.6,21.2,23.7,63.0,0.0,24.866666666666664,23.62857142857143,55.57142857142857,0.0,2.156165025930924,3.6999999999999993
2019-05-01,Chennai,26.1,68,0.0,2.5,2,5,2,0.8717063187093218,-0.4900286664290592,29.2,28.1,27.5,70.0,0.0,27.933333333333334,28.085714285714285,68.57142857142857,0.0,1.7199114041413146,-3.099999999999998
2019-05-01,Delhi,30.0,47,0.0,2.7,2,5,2,0.8717063187093218,-0.4900286664290592,27.0,29.7,25.8,44.0,0.0,28.366666666666664,28.171428571428574,41.857142857142854,0.0,1.3864995320521651,3.0
2019-05-01,Mumbai,28.1,67,0.0,3.0,2,5,2,0.8717063187093218,-0.4900286664290592,25.3,26.7,29.5,62.0,0.0,28.233333333333334,27.942857142857143,69.28571428571429,0.0,1.9025046148495357,2.8000000000000007
2019-05-02,Bangalore,20.4,55,0.0,3.2,3,5,2,0.8631421280499114,-0.5049610547215204,26.3,25.7,20.8,55.0,0.0,23.099999999999998,23.571428571428573,55.57142857142857,0.0,2.2470085934521267,-5.900000000000002
2019-05-02,Mumbai,28.1,67,0.0,2.0,3,5,2,0.8631421280499114,-0.5049610547215204,28.1,31.3,27.2,67.0,0.0,27.166666666666668,28.071428571428573,69.14285714285714,0.0,1.8741347209795032,0.0
2019-05-02,Chennai,35.7,70,0.0,1.5,3,5,2,0.8631421280499114,-0.5049610547215204,26.1,28.5,26.2,68.0,0.0,30.333333333333332,29.442857142857147,68.28571428571429,0.0,3.143170980001559,9.600000000000001
2019-05-02,Delhi,29.9,39,0.0,1.9,3,5,2,0.8631421280499114,-0.5049610547215204,30.0,28.1,27.2,47.0,0.0,28.966666666666665,28.557142857142853,42.57142857142857,0.0,1.4455185261779708,-0.10000000000000142
2019-05-02,Hyderabad,25.8,50,0.0,2.9,3,5,2,0.8631421280499114,-0.5049610547215204,28.6,29.5,26.0,41.0,0.0,26.099999999999998,26.057142857142857,45.857142857142854,0.0,2.4391645720458768,-2.8000000000000007
2019-05-03,Delhi,31.3,43,0.0,1.6,4,5,2,0.854322169749827,-0.5197438121555155,29.9,27.0,28.8,39.0,0.0,30.399999999999995,28.914285714285715,43.142857142857146,0.0,1.7845901223423353,1.4000000000000021
2019-05-03,Hyderabad,24.0,44,0.0,2.9,4,5,2,0.854322169749827,-0.5197438121555155,25.8,23.9,26.0,50.0,0.0,26.133333333333336,25.771428571428572,46.0,0.0,2.5610637670795247,-1.8000000000000007
2019-05-03,Bangalore,26.8,50,0.0,2.5,4,5,2,0.854322169749827,-0.5197438121555155,20.4,22.6,24.0,55.0,0.0,24.5,23.97142857142857,53.857142857142854,0.0,2.5630153372634576,6.400000000000002
2019-05-03,Chennai,29.4,69,0.0,1.9,4,5,2,0.854322169749827,-0.5197438121555155,35.7,29.2,31.0,70.0,0.0,30.399999999999995,29.214285714285715,68.14285714285714,0.0,3.0683484001596115,-6.300000000000004
2019-05-04,Chennai,30.8,69,0.0,5.5,5,5,2,0.8452490573530633,-0.5343725582809786,29.4,26.1,27.5,69.0,0.0,31.96666666666667,29.685714285714287,67.42857142857143,0.0,3.014093877894658,1.4000000000000021
2019-05-04,Bangalore,23.8,51,0.0,1.0,5,5,2,0.8452490573530633,-0.5343725582809786,26.8,26.3,24.8,50.0,0.0,23.666666666666668,23.828571428571426,55.0,0.0,2.536870963552222,-3.0
2019-05-04,Hyderabad,26.6,50,0.0,2.5,5,5,2,0.8452490573530633,-0.5343725582809786,24.0,28.6,22.5,44.0,0.0,25.46666666666667,26.357142857142858,46.57142857142857,0.0,2.118849642972275,2.6000000000000014
2019-05-04,Delhi,30.5,43,0.0,2.5,5,5,2,0.8452490573530633,-0.5343725582809786,31.3,30.0,26.4,43.0,0.0,30.566666666666663,29.5,43.57142857142857,0.0,1.466287829861494,-0.8000000000000007
2019-05-04,Mumbai,27.9,65,0.0,2.8,5,5,2,0.8452490573530633,-0.5343725582809786,28.1,25.3,27.9,67.0,0.0,28.03333333333333,28.071428571428573,68.28571428571429,0.0,1.8741347209795032,-0.20000000000000284
2019-05-05,Hyderabad,32.5,51,0.0,3.2,6,5,2,0.8359254794186372,-0.548842958284719,26.6,25.8,26.1,50.0,0.0,27.700000000000003,27.27142857142857,48.57142857142857,0.0,3.1292780241424456,5.899999999999999
2019-05-05,Chennai,31.9,64,0.0,3.7,6,5,2,0.8359254794186372,-0.548842958284719,30.8,35.7,28.1,69.0,0.0,30.7,30.22857142857143,67.14285714285714,0.0,3.0230857776529905,1.0999999999999979
2019-05-05,Delhi,26.9,41,0.0,2.8,6,5,2,0.8359254794186372,-0.548842958284719,30.5,29.9,29.7,43.0,0.0,29.566666666666663,29.1,43.285714285714285,0.0,1.7559422921421022,-3.6000000000000014
2019-05-05,Bangalore,25.0,64,0.0,3.3,6,5,2,0.8359254794186372,-0.548842958284719,23.8,20.4,21.2,51.0,0.0,25.2,24.37142857142857,55.42857142857143,0.0,2.273553962202728,1.1999999999999993
2019-05-05,Mumbai,30.2,71,0.0,3.6,6,5,2,0.8359254794186372,-0.548842958284719,27.9,28.1,29.1,65.0,0.0,28.733333333333334,28.228571428571428,68.14285714285714,0.0,2.015534904778609,2.3000000000000007
2019-05-06,Mumbai,27.3,69,0.0,3.2,0,5,2,0.8263541987239096,-0.5631507242749186,30.2,28.1,26.7,71.0,0.0,28.46666666666667,28.314285714285713,66.85714285714286,0.0,1.95143414905428,-2.8999999999999986
2019-05-06,Chennai,31.3,58,0.0,4.2,0,5,2,0.8263541987239096,-0.5631507242749186,31.9,29.4,28.5,64.0,0.0,31.333333333333332,30.62857142857143,66.85714285714286,0.0,2.94035955041462,-0.5999999999999979
2019-05-06,Delhi,28.0,41,0.0,2.5,0,5,2,0.8263541987239096,-0.5631507242749186,26.9,31.3,28.1,41.0,0.0,28.466666666666665,29.085714285714285,42.57142857142857,0.0,1.7658129114079908,1.1000000000000014
2019-05-06,Hyderabad,27.8,43,0.0,3.5,0,5,2,0.8263541987239096,-0.5631507242749186,32.5,24.0,29.5,51.0,0.0,28.96666666666667,27.02857142857143,46.714285714285715,0.0,2.990381405837867,-4.699999999999999
2019-05-06,Bangalore,21.1,56,0.0,2.0,0,5,2,0.8263541987239096,-0.5631507242749186,25.0,26.8,25.7,64.0,0.0,23.3,23.714285714285715,56.285714285714285,0.0,2.4808792604159513,-3.8999999999999986
2019-05-07,Bangalore,28.3,52,0.0,4.8,1,5,2,0.8165380514459161,-0.5772916165517272,21.1,23.8,22.6,56.0,0.0,24.8,24.52857142857143,54.714285714285715,0.0,2.9460223385181123,7.199999999999999
2019-05-07,Chennai,30.6,70,0.0,2.8,1,5,2,0.8165380514459161,-0.5772916165517272,31.3,30.8,29.2,58.0,0.0,31.26666666666667,30.82857142857143,66.85714285714286,0.0,2.8738558800064773,-0.6999999999999993
2019-05-07,Delhi,31.1,39,0.0,3.9,1,5,2,0.8165380514459161,-0.5772916165517272,28.0,30.5,27.0,41.0,0.0,28.666666666666668,29.67142857142857,41.857142857142854,0.0,1.6337220140059192,3.1000000000000014
2019-05-07,Hyderabad,27.4,50,0.0,2.8,1,5,2,0.8165380514459161,-0.5772916165517272,27.8,26.6,23.9,43.0,0.0,29.233333333333334,27.528571428571432,47.0,0.0,2.6537484719507307,-0.40000000000000213
2019-05-08,Bangalore,22.5,57,0.0,1.7,2,5,2,0.8064799463209448,-0.5912614448635781,28.3,25.0,26.3,52.0,0.0,23.96666666666667,23.985714285714288,55.0,0.0,2.9151492651484134,-5.800000000000001
2019-05-08,Hyderabad,28.6,33,0.0,2.7,2,5,2,0.8064799463209448,-0.5912614448635781,27.4,32.5,28.6,50.0,0.0,27.933333333333334,27.528571428571432,45.857142857142854,0.0,2.6537484719507307,1.2000000000000028
2019-05-08,Chennai,29.2,62,0.0,4.2,2,5,2,0.8064799463209448,-0.5912614448635781,30.6,31.9,26.1,70.0,0.0,30.366666666666664,31.271428571428572,66.0,0.0,2.1784660396055027,-1.4000000000000021
2019-05-08,Delhi,27.0,34,0.0,1.9,2,5,2,0.8064799463209448,-0.5912614448635781,31.1,26.9,30.0,39.0,0.0,28.7,29.24285714285714,40.0,0.0,1.904255885166278,-4.100000000000001
2019-05-08,Mumbai,28.8,68,0.0,3.2,2,5,2,0.8064799463209448,-0.5912614448635781,27.3,27.9,31.3,69.0,0.0,28.766666666666666,27.95714285714286,67.0,0.0,1.4875675254781244,1.5
2019-05-09,Mumbai,29.7,76,0.0,2.5,3,5,2,0.7961828637826158,-0.6050560696488488,28.8,30.2,25.3,68.0,0.0,28.599999999999998,28.585714285714285,69.0,0.0,1.039917579151604,0.8999999999999986
2019-05-09,Bangalore,25.8,56,0.0,3.9,3,5,2,0.7961828637826158,-0.6050560696488488,22.5,21.1,20.4,57.0,0.0,25.53333333333333,24.75714285714286,55.142857142857146,0.0,2.4918916127159147,3.3000000000000007
2019-05-09,Chennai,32.6,63,0.0,1.8,3,5,2,0.7961828637826158,-0.6050560696488488,29.2,31.3,35.7,62.0,0.0,30.8,30.828571428571426,65.0,0.0,1.2419263071459319,3.400000000000002
2019-05-09,Delhi,33.0,33,0.0,3.3,3,5,2,0.7961828637826158,-0.6050560696488488,27.0,28.0,29.9,34.0,0.0,30.366666666666664,29.685714285714287,39.142857142857146,0.0,2.3828754138844896,6.0
2019-05-10,Delhi,30.5,38,0.0,2.9,4,5,2,0.7856498550787147,-0.6186714032625031,33.0,31.1,31.3,33.0,0.0,30.166666666666668,29.571428571428573,38.42857142857143,0.0,2.310637924696891,-2.5
2019-05-10,Bangalore,23.1,54,0.0,2.9,4,5,2,0.7856498550787147,-0.6186714032625031,25.8,28.3,26.8,56.0,0.0,23.8,24.228571428571428,55.714285714285715,0.0,2.3760711870047966,-2.6999999999999993
2019-05-10,Mumbai,27.7,70,0.0,2.6,4,5,2,0.7856498550787147,-0.6186714032625031,29.7,27.3,28.1,76.0,0.0,28.733333333333334,28.52857142857143,69.42857142857143,0.0,1.081225054763152,-2.0
2019-05-10,Chennai,31.9,60,0.0,2.7,4,5,2,0.7856498550787147,-0.6186714032625031,32.6,30.6,29.4,63.0,0.0,31.233333333333334,31.185714285714287,63.714285714285715,0.0,1.1156889820922735,-0.7000000000000028
2019-05-10,Hyderabad,26.3,41,0.0,0.5,4,5,2,0.7856498550787147,-0.6186714032625031,28.6,27.8,25.8,33.0,0.0,27.433333333333337,27.6,44.57142857142857,0.0,2.6057628441590546,-2.3000000000000007
2019-05-11,Hyderabad,30.6,51,0.0,3.7,5,5,2,0.7748840413670407,-0.6321034111873487,26.3,27.4,24.0,41.0,0.0,28.5,28.542857142857144,45.57142857142857,0.0,2.256735948855558,4.300000000000001
2019-05-11,Chennai,31.3,58,0.0,0.5,5,5,2,0.7748840413670407,-0.6321034111873487,31.9,29.2,30.8,60.0,0.0,31.933333333333334,31.257142857142856,62.142857142857146,0.0,1.1028102630056846,-0.5999999999999979
2019-05-11,Mumbai,31.0,66,0.0,2.7,5,5,2,0.7748840413670407,-0.6321034111873487,27.7,28.8,28.1,70.0,0.0,29.46666666666667,28.942857142857143,69.28571428571429,0.0,1.398638794038845,3.3000000000000007
2019-05-11,Bangalore,22.6,62,0.0,2.5,5,5,2,0.7748840413670407,-0.6321034111873487,23.1,22.5,23.8,54.0,0.0,23.833333333333332,24.057142857142857,57.285714285714285,0.0,2.4541510024562947,-0.5
2019-05-11,Delhi,28.6,46,0.0,2.3,5,5,2,0.7748840413670407,-0.6321034111873487,30.5,27.0,30.5,38.0,0.0,30.7,29.3,38.857142857142854,0.0,2.2949219304077855,-1.8999999999999986
2019-05-12,Chennai,32.6,62,0.0,3.2,6,5,2,0.7638886127905428,-0.6453481132295501,31.3,32.6,31.9,58.0,0.0,31.933333333333337,31.357142857142858,61.857142857142854,0.0,1.1984116472192141,1.3000000000000007
2019-05-12,Bangalore,25.0,49,0.0,0.6,6,5,2,0.7638886127905428,-0.6453481132295501,22.6,25.8,25.0,62.0,0.0,23.566666666666666,24.057142857142857,55.142857142857146,0.0,2.4541510024562947,2.3999999999999986
2019-05-12,Delhi,31.2,34,0.0,2.4,6,5,2,0.7638886127905428,-0.6453481132295501,28.6,33.0,26.9,46.0,0.0,30.099999999999998,29.914285714285715,37.857142857142854,0.0,2.113786942455454,2.599999999999998
2019-05-12,Mumbai,29.2,73,0.0,2.9,6,5,2,0.7638886127905428,-0.6453481132295501,31.0,29.7,27.9,66.0,0.0,29.3,29.12857142857143,70.42857142857143,0.0,1.3212548148310537,-1.8000000000000007
2019-05-12,Hyderabad,31.6,50,0.0,3.8,6,5,2,0.7638886127905428,-0.6453481132295501,30.6,28.6,26.6,51.0,0.0,29.5,29.25714285714286,45.57142857142857,0.0,2.3294184845558137,1.0
2019-05-13,Bangalore,23.4,55,0.0,4.4,0,5,2,0.7526668275320085,-0.6584015846980488,25.0,23.1,21.1,49.0,0.0,23.666666666666668,24.38571428571429,55.0,0.0,2.124012375535669,-1.6000000000000014
2019-05-13,Mumbai,24.3,60,0.0,5.0,0,5,2,0.7526668275320085,-0.6584015846980488,29.2,27.7,30.2,73.0,0.0,28.166666666666668,28.285714285714285,68.85714285714286,0.0,2.1474237056129697,-4.899999999999999
2019-05-13,Hyderabad,28.1,42,0.0,3.2,0,5,2,0.7526668275320085,-0.6584015846980488,31.6,26.3,32.5,50.0,0.0,30.100000000000005,28.628571428571433,44.285714285714285,0.0,1.8535679878855638,-3.5
2019-05-13,Chennai,33.5,67,0.0,1.7,0,5,2,0.7526668275320085,-0.6584015846980488,32.6,31.9,31.3,62.0,0.0,32.46666666666667,31.67142857142857,63.142857142857146,0.0,1.4442002235543687,0.8999999999999986
2019-05-13,Delhi,33.9,33,0.0,3.9,0,5,2,0.7526668275320085,-0.6584015846980488,31.2,30.5,28.0,34.0,0.0,31.23333333333333,30.75714285714286,36.714285714285715,0.0,2.3824757031689585,2.6999999999999993
2019-05-14,Bangalore,24.1,62,0.0,3.9,1,5,2,0.7412220108485958,-0.6712599575675313,23.4,22.6,28.3,55.0,0.0,24.166666666666668,23.785714285714285,56.42857142857143,0.0,1.2455635557564535,0.7000000000000028
2019-05-14,Chennai,29.5,68,0.0,3.9,1,5,2,0.7412220108485958,-0.6712599575675313,33.5,31.3,30.6,67.0,0.0,31.866666666666674,31.51428571428571,62.857142857142854,0.0,1.6283207827172046,-4.0
2019-05-14,Delhi,30.0,42,0.0,3.0,1,5,2,0.7412220108485958,-0.6712599575675313,33.9,28.6,31.1,33.0,0.0,31.7,30.599999999999998,37.142857142857146,0.0,2.3923489154664037,-3.8999999999999986
2019-05-14,Hyderabad,31.6,48,0.0,2.8,1,5,2,0.7412220108485958,-0.6712599575675313,28.1,30.6,27.8,42.0,0.0,30.433333333333337,29.171428571428574,45.0,0.0,2.109276562958839,3.5
2019-05-15,Mumbai,27.7,64,0.0,4.3,2,5,2,0.7295575540864875,-0.6839194216246106,24.3,31.0,27.3,60.0,0.0,27.066666666666663,28.342857142857145,68.14285714285714,0.0,2.1219936717288084,3.3999999999999986
2019-05-15,Chennai,32.1,66,0.0,5.4,2,5,2,0.7295575540864875,-0.6839194216246106,29.5,32.6,29.2,68.0,0.0,31.700000000000003,31.928571428571427,63.42857142857143,0.0,1.2711075036024673,2.6000000000000014
2019-05-15,Delhi,30.4,36,0.0,4.2,2,5,2,0.7295575540864875,-0.6839194216246106,30.0,31.2,27.0,42.0,0.0,31.433333333333326,31.085714285714285,37.42857142857143,0.0,1.8151479016217529,0.3999999999999986
2019-05-15,Bangalore,26.3,57,0.0,3.2,2,5,2,0.7295575540864875,-0.6839194216246106,24.1,25.0,22.5,62.0,0.0,24.600000000000005,24.32857142857143,56.42857142857143,0.0,1.4091537480752023,2.1999999999999993
2019-05-15,Hyderabad,28.9,38,0.0,3.5,2,5,2,0.7295575540864875,-0.6839194216246106,31.6,31.6,27.4,48.0,0.0,29.53333333333333,29.385714285714283,43.285714285714285,0.0,1.9709799351494504,-2.700000000000003
2019-05-16,Delhi,27.4,34,0.0,2.9,3,5,2,0.717676913675962,-0.6963762255968722,30.4,33.9,33.0,36.0,0.0,29.266666666666662,30.285714285714285,37.57142857142857,0.0,2.0497386592998907,-3.0
2019-05-16,Mumbai,28.3,74,0.0,2.4,3,5,2,0.717676913675962,-0.6963762255968722,27.7,29.2,28.8,64.0,0.0,26.766666666666666,28.27142857142857,69.0,0.0,2.1124348397952826,0.6000000000000014
2019-05-16,Chennai,33.7,66,0.0,0.9,3,5,2,0.717676913675962,-0.6963762255968722,32.1,33.5,32.6,66.0,0.0,31.76666666666667,32.08571428571428,63.857142857142854,0.0,1.4264508069898945,1.6000000000000014
2019-05-16,Hyderabad,29.1,48,0.0,2.4,3,5,2,0.717676913675962,-0.6963762255968722,28.9,28.1,28.6,38.0,0.0,29.866666666666664,29.45714285714286,45.42857142857143,0.0,1.9466699282424935,0.20000000000000284
2019-05-17,Chennai,32.7,60,0.0,3.0,4,5,2,0.705583610107178,-0.7086266782644596,33.7,29.5,31.9,66.0,0.0,32.833333333333336,32.2,63.857142857142854,0.0,1.4410644214145618,-1.0
2019-05-17,Delhi,32.0,32,0.0,5.0,4,5,2,0.705583610107178,-0.7086266782644596,27.4,30.0,30.5,34.0,0.0,29.933333333333326,30.5,36.714285714285715,0.0,2.1517434791349888,4.600000000000001
2019-05-17,Mumbai,28.6,66,0.0,3.6,4,5,2,0.705583610107178,-0.7086266782644596,28.3,24.3,29.7,74.0,0.0,28.200000000000003,28.114285714285717,67.57142857142857,0.0,2.02766579382021,0.3000000000000007
2019-05-17,Bangalore,24.8,50,0.0,1.1,4,5,2,0.705583610107178,-0.7086266782644596,26.3,23.4,25.8,57.0,0.0,25.066666666666666,24.185714285714283,55.57142857142857,0.0,1.279880946844408,-1.5
2019-05-17,Hyderabad,30.3,45,0.0,1.8,4,5,2,0.705583610107178,-0.7086266782644596,29.1,31.6,26.3,48.0,0.0,29.433333333333334,30.02857142857143,46.0,0.0,1.3659115219201023,1.1999999999999993
2019-05-18,Bangalore,20.0,48,0.0,3.6,5,5,2,0.6932812268869777,-0.7206671495538609,24.8,24.1,23.1,50.0,0.0,23.700000000000003,23.74285714285714,54.714285714285715,0.0,2.032942975800657,-4.800000000000001
2019-05-18,Mumbai,30.4,62,0.0,2.2,5,5,2,0.6932812268869777,-0.7206671495538609,28.6,27.7,27.7,66.0,0.0,29.099999999999998,28.5,66.42857142857143,0.0,2.186321110907537,1.7999999999999972
2019-05-18,Chennai,30.2,56,0.0,3.0,5,5,2,0.6932812268869777,-0.7206671495538609,32.7,32.1,31.3,60.0,0.0,32.2,32.042857142857144,63.57142857142857,0.0,1.6060896019599982,-2.5000000000000036
2019-05-18,Delhi,35.7,34,0.0,4.5,5,5,2,0.6932812268869777,-0.7206671495538609,32.0,30.4,28.6,32.0,0.0,31.7,31.514285714285716,35.0,0.0,2.7082765561814157,3.700000000000003
2019-05-18,Hyderabad,25.0,48,0.0,2.8,5,5,2,0.6932812268869777,-0.7206671495538609,30.3,28.9,30.6,45.0,0.0,28.133333333333336,29.228571428571428,45.57142857142857,0.0,2.2976178139645977,-5.300000000000001
2019-05-19,Bangalore,22.7,47,0.0,3.5,6,5,2,0.6807734094770161,-0.7324940716135789,20.0,26.3,22.6,48.0,0.0,22.5,23.75714285714286,52.57142857142857,0.0,2.023904759663993,2.6999999999999993
2019-05-19,Chennai,32.5,69,0.0,2.1,6,5,2,0.6807734094770161,-0.7324940716135789,30.2,33.7,32.6,56.0,0.0,31.8,32.028571428571425,64.57142857142857,0.0,1.6007438746973757,2.3000000000000007
2019-05-19,Delhi,29.3,37,0.0,3.3,6,5,2,0.6807734094770161,-0.7324940716135789,35.7,27.4,31.2,34.0,0.0,32.33333333333333,31.24285714285714,35.42857142857143,0.0,2.837168273036298,-6.400000000000002
2019-05-19,Hyderabad,33.0,44,0.0,2.8,6,5,2,0.6807734094770161,-0.7324940716135789,25.0,29.1,31.6,48.0,0.0,29.433333333333337,29.428571428571427,44.714285714285715,0.0,2.5818044631060104,8.0
2019-05-19,Mumbai,28.8,74,0.0,1.8,6,5,2,0.6807734094770161,-0.7324940716135789,30.4,28.3,31.0,62.0,0.0,29.26666666666667,28.185714285714287,67.57142857142857,0.0,1.907379154257277,-1.5999999999999979
2019-05-20,Hyderabad,29.8,45,0.0,1.9,0,5,2,0.6680638642135335,-0.7441039398713607,33.0,30.3,28.1,44.0,0.0,29.26666666666667,29.67142857142857,45.142857142857146,0.0,2.515097271620743,-3.1999999999999993
2019-05-20,Chennai,30.2,64,0.0,1.6,0,5,2,0.6680638642135335,-0.7441039398713607,32.5,32.7,33.5,69.0,0.0,30.96666666666667,31.557142857142853,64.14285714285714,0.0,1.580988238262389,-2.3000000000000007
2019-05-20,Mumbai,29.6,75,0.0,2.1,0,5,2,0.6680638642135335,-0.7441039398713607,28.8,28.6,29.2,74.0,0.0,29.599999999999998,28.24285714285714,67.85714285714286,0.0,1.9483815017060815,0.8000000000000007
2019-05-20,Delhi,32.6,37,0.0,2.9,0,5,2,0.6680638642135335,-0.7441039398713607,29.3,32.0,33.9,37.0,0.0,32.53333333333333,31.05714285714286,36.0,0.0,2.671988736788344,3.3000000000000007
2019-05-20,Bangalore,27.9,52,0.0,5.0,0,5,2,0.6680638642135335,-0.7441039398713607,22.7,24.8,25.0,47.0,0.0,23.53333333333333,24.17142857142857,53.0,0.0,2.5493229726826923,5.199999999999999
2019-05-21,Mumbai,31.2,67,0.0,3.0,1,5,2,0.6551563572090853,-0.7554933140726803,29.6,30.4,24.3,75.0,0.0,29.86666666666667,29.22857142857143,68.85714285714286,0.0,1.2365466505747307,1.5999999999999979
2019-05-21,Delhi,34.0,39,0.0,3.1,1,5,2,0.6551563572090853,-0.7554933140726803,32.6,35.7,30.0,37.0,0.0,31.966666666666658,31.628571428571433,35.57142857142857,0.0,2.8312036814249613,1.3999999999999986
2019-05-21,Bangalore,25.1,50,0.0,3.0,1,5,2,0.6551563572090853,-0.7554933140726803,27.9,20.0,23.4,52.0,0.0,25.233333333333334,24.414285714285715,52.285714285714285,0.0,2.5445553451953082,-2.799999999999997
2019-05-21,Chennai,29.2,65,0.0,2.1,1,5,2,0.6551563572090853,-0.7554933140726803,30.2,30.2,29.5,64.0,0.0,30.633333333333336,31.514285714285712,63.714285714285715,0.0,1.6486646833408671,-1.0
2019-05-21,Hyderabad,32.3,42,0.0,2.1,1,5,2,0.6551563572090853,-0.7554933140726803,29.8,25.0,31.6,45.0,0.0,31.700000000000003,29.77142857142857,44.285714285714285,0.0,2.6164315939298124,2.4999999999999964
2019-05-22,Bangalore,23.6,50,0.0,4.8,2,5,2,0.6420547132365637,-0.766658819300159,25.1,22.7,24.1,50.0,0.0,25.53333333333333,24.342857142857145,50.57142857142857,0.0,2.5618073976896176,-1.5
2019-05-22,Mumbai,32.0,72,0.0,1.8,2,5,2,0.6420547132365637,-0.766658819300159,31.2,28.8,27.7,67.0,0.0,30.933333333333334,29.842857142857145,70.0,0.0,1.4069555108544727,0.8000000000000007
2019-05-22,Delhi,28.2,47,0.0,4.3,2,5,2,0.6420547132365637,-0.766658819300159,34.0,29.3,30.4,39.0,0.0,31.599999999999994,31.314285714285717,37.142857142857146,0.0,3.0996927651132142,-5.800000000000001
2019-05-22,Chennai,30.0,60,0.0,4.0,2,5,2,0.6420547132365637,-0.766658819300159,29.2,32.5,32.1,65.0,0.0,29.8,31.214285714285715,62.857142857142854,0.0,1.7140872901038138,0.8000000000000007
2019-05-22,Hyderabad,33.6,46,0.0,1.8,2,5,2,0.6420547132365637,-0.766658819300159,32.3,33.0,28.9,42.0,0.0,31.900000000000006,30.442857142857147,45.42857142857143,0.0,2.9387396067345373,1.3000000000000043
2019-05-23,Mumbai,31.3,66,0.0,2.7,3,5,2,0.6287628145958344,-0.7775971469736269,32.0,29.6,28.3,72.0,0.0,31.5,30.271428571428572,68.85714285714286,0.0,1.3123951205261746,-0.6999999999999993
2019-05-23,Bangalore,26.6,61,0.0,4.9,3,5,2,0.6287628145958344,-0.7775971469736269,23.6,27.9,26.3,50.0,0.0,25.100000000000005,24.385714285714283,51.142857142857146,0.0,2.60219687407173,3.0
2019-05-23,Chennai,28.5,59,0.0,3.0,3,5,2,0.6287628145958344,-0.7775971469736269,30.0,30.2,33.7,60.0,0.0,29.233333333333334,30.47142857142857,61.857142857142854,0.0,1.5787276371753085,-1.5
2019-05-23,Hyderabad,30.9,45,0.0,3.0,3,5,2,0.6287628145958344,-0.7775971469736269,33.6,29.8,29.1,46.0,0.0,32.26666666666667,30.699999999999996,45.0,0.0,2.8798148088606514,-2.700000000000003
2019-05-23,Delhi,31.4,29,0.0,3.1,3,5,2,0.6287628145958344,-0.7775971469736269,28.2,32.6,27.4,47.0,0.0,31.199999999999992,31.88571428571429,36.42857142857143,0.0,2.583556057987106,3.1999999999999993
2019-05-24,Mumbai,28.7,68,0.0,0.8,4,5,2,0.6152845999633276,-0.7883050558305255,31.3,31.2,28.6,66.0,0.0,30.666666666666668,30.285714285714285,69.14285714285714,0.0,1.2915476135610326,-2.6000000000000014
2019-05-24,Hyderabad,30.3,47,0.0,2.6,4,5,2,0.6152845999633276,-0.7883050558305255,30.9,32.3,30.3,45.0,0.0,31.600000000000005,30.7,45.285714285714285,0.0,2.8798148088606514,-0.5999999999999979
2019-05-24,Delhi,33.7,40,0.0,3.1,4,5,2,0.6152845999633276,-0.7883050558305255,31.4,34.0,32.0,29.0,0.0,31.099999999999994,32.128571428571426,37.57142857142857,0.0,2.6743935672187304,2.3000000000000043
2019-05-24,Bangalore,23.6,54,0.0,4.4,4,5,2,0.6152845999633276,-0.7883050558305255,26.6,25.1,24.8,61.0,0.0,24.600000000000005,24.214285714285715,51.714285714285715,0.0,2.609871370667274,-3.0
2019-05-24,Chennai,30.3,54,0.0,3.8,4,5,2,0.6152845999633276,-0.7883050558305255,28.5,29.2,32.7,59.0,0.0,29.600000000000005,30.128571428571426,61.0,0.0,1.237893756499775,1.8000000000000007
2019-05-25,Mumbai,27.8,68,0.0,3.8,5,5,2,0.6016240632249226,-0.7987793728863649,28.7,32.0,30.4,68.0,0.0,29.266666666666666,29.914285714285715,70.0,0.0,1.592093560304125,-0.8999999999999986
2019-05-25,Hyderabad,28.9,37,0.0,4.3,5,5,2,0.6016240632249226,-0.7987793728863649,30.3,33.6,25.0,47.0,0.0,30.033333333333335,31.25714285714286,43.714285714285715,0.0,1.7481963494385386,-1.4000000000000021
2019-05-25,Bangalore,22.4,54,0.0,3.9,5,5,2,0.6016240632249226,-0.7987793728863649,23.6,23.6,20.0,54.0,0.0,24.2,24.557142857142857,52.57142857142857,0.0,2.064668773158848,-1.2000000000000028
2019-05-25,Delhi,31.2,36,0.0,3.0,5,5,2,0.6016240632249226,-0.7987793728863649,33.7,28.2,35.7,40.0,0.0,32.099999999999994,31.485714285714284,37.857142857142854,0.0,2.1652009694472256,-2.5000000000000036
2019-05-25,Chennai,30.7,59,0.0,2.9,5,5,2,0.6016240632249226,-0.7987793728863649,30.3,30.0,30.2,54.0,0.0,29.833333333333332,30.2,61.42857142857143,0.0,1.2569805089977224,0.3999999999999986
2019-05-26,Delhi,32.6,39,0.0,4.8,6,5,2,0.5877852522924732,-0.8090169943749473,31.2,31.4,29.3,36.0,0.0,32.49999999999999,31.957142857142856,38.142857142857146,0.0,1.9594702879920838,1.4000000000000021
2019-05-26,Hyderabad,33.6,47,0.0,2.5,6,5,2,0.5877852522924732,-0.8090169943749473,28.9,30.9,33.0,37.0,0.0,30.933333333333337,31.342857142857145,44.142857142857146,0.0,1.8590832354120757,4.700000000000003
2019-05-26,Mumbai,25.9,61,0.0,2.0,6,5,2,0.5877852522924732,-0.8090169943749473,27.8,31.3,28.8,68.0,0.0,27.46666666666667,29.5,68.14285714285714,0.0,2.1939310229205695,-1.9000000000000021
2019-05-26,Bangalore,24.1,57,0.0,3.8,6,5,2,0.5877852522924732,-0.8090169943749473,22.4,26.6,22.7,54.0,0.0,23.366666666666664,24.75714285714286,54.0,0.0,1.917339426442434,1.7000000000000028
2019-05-26,Chennai,29.1,61,0.0,4.0,6,5,2,0.5877852522924732,-0.8090169943749473,30.7,28.5,32.5,59.0,0.0,30.033333333333335,29.714285714285715,60.285714285714285,0.0,0.7904188160475859,-1.5999999999999979
2019-05-27,Hyderabad,28.6,30,0.0,2.2,0,5,2,0.5737722679043246,-0.8190148866680801,33.6,30.3,29.8,47.0,0.0,30.366666666666674,31.17142857142857,42.0,0.0,2.06858589839711,-5.0
2019-05-27,Bangalore,22.5,55,0.0,3.5,0,5,2,0.5737722679043246,-0.8190148866680801,24.1,23.6,27.9,57.0,0.0,23.0,23.98571428571429,54.42857142857143,0.0,1.4780940107997191,-1.6000000000000014
2019-05-27,Mumbai,29.6,69,0.0,3.5,0,5,2,0.5737722679043246,-0.8190148866680801,25.9,28.7,29.6,61.0,0.0,27.766666666666666,29.5,67.28571428571429,0.0,2.1939310229205695,3.700000000000003
2019-05-27,Delhi,34.1,33,0.0,2.3,0,5,2,0.5737722679043246,-0.8190148866680801,32.6,33.7,32.6,39.0,0.0,32.633333333333326,32.17142857142857,37.57142857142857,0.0,2.1171634212740695,1.5
2019-05-27,Chennai,29.6,59,0.0,1.2,0,5,2,0.5737722679043246,-0.8190148866680801,29.1,30.3,30.2,61.0,0.0,29.8,29.62857142857143,59.57142857142857,0.0,0.7609517849691791,0.5
2019-05-28,Bangalore,26.2,40,0.0,2.4,1,5,2,0.5595892624101765,-0.8287700871745038,22.5,22.4,25.1,55.0,0.0,24.266666666666666,24.142857142857142,53.0,0.0,1.6631868434395984,3.6999999999999993
2019-05-28,Hyderabad,30.2,35,0.0,3.4,1,5,2,0.5595892624101765,-0.8287700871745038,28.6,28.9,32.3,30.0,0.0,30.800000000000008,30.87142857142857,41.0,0.0,2.029543697250048,1.5999999999999979
2019-05-28,Delhi,32.8,40,0.0,3.9,1,5,2,0.5595892624101765,-0.8287700871745038,34.1,31.2,34.0,33.0,0.0,33.16666666666666,31.999999999999996,37.714285714285715,0.0,1.9891371663780848,-1.3000000000000043
2019-05-28,Chennai,35.2,61,0.0,3.7,1,5,2,0.5595892624101765,-0.8287700871745038,29.6,30.7,29.2,59.0,0.0,31.3,30.485714285714288,59.0,0.0,2.205620526011238,5.600000000000001
2019-05-28,Mumbai,28.7,81,0.0,3.4,1,5,2,0.5595892624101765,-0.8287700871745038,29.6,27.8,31.2,69.0,0.0,28.066666666666666,29.142857142857142,69.28571428571429,0.0,2.0711165610664635,-0.9000000000000021
2019-05-29,Bangalore,24.7,47,0.0,4.2,2,5,2,0.545240438540651,-0.8382797052177744,26.2,24.1,23.6,40.0,0.0,24.46666666666667,24.3,52.57142857142857,0.0,1.6552945357247164,-1.5
2019-05-29,Delhi,32.4,38,0.0,2.6,2,5,2,0.545240438540651,-0.8382797052177744,32.8,32.6,28.2,40.0,0.0,33.099999999999994,32.6,36.42857142857143,0.0,1.0754843869934312,-0.3999999999999986
2019-05-29,Mumbai,28.2,61,0.0,3.3,2,5,2,0.545240438540651,-0.8382797052177744,28.7,25.9,32.0,81.0,0.0,28.833333333333332,28.599999999999998,67.71428571428571,0.0,1.6532795690182898,-0.5
2019-05-29,Chennai,34.8,63,0.0,2.3,2,5,2,0.545240438540651,-0.8382797052177744,35.2,29.1,30.0,61.0,0.0,33.20000000000001,31.17142857142857,59.42857142857143,0.0,2.716440247649084,-0.4000000000000057
2019-05-30,Hyderabad,32.1,45,0.0,0.5,3,5,2,0.5307300481619334,-0.8475409228928311,30.2,33.6,33.6,35.0,0.0,30.300000000000008,30.657142857142855,40.857142857142854,0.0,1.753907202844626,1.9000000000000021
2019-05-30,Bangalore,24.6,51,0.0,3.4,3,5,2,0.5307300481619334,-0.8475409228928311,24.7,22.5,26.6,47.0,0.0,25.166666666666668,24.014285714285716,51.142857142857146,0.0,1.3334523756382648,-0.09999999999999787
2019-05-30,Delhi,32.3,41,0.0,3.8,3,5,2,0.5307300481619334,-0.8475409228928311,32.4,34.1,31.4,38.0,0.0,32.49999999999999,32.72857142857142,38.142857142857146,0.0,0.9551863443228873,-0.10000000000000142
2019-05-30,Chennai,31.9,63,0.0,2.0,3,5,2,0.5307300481619334,-0.8475409228928311,34.8,29.6,28.5,63.0,0.0,33.96666666666667,31.657142857142855,60.0,0.0,2.4500728852132854,-2.8999999999999986
2019-05-30,Mumbai,32.7,68,0.0,2.9,3,5,2,0.5307300481619334,-0.8475409228928311,28.2,29.6,31.3,61.0,0.0,29.866666666666664,28.800000000000004,68.0,0.0,2.0672042311618135,4.5000000000000036
2019-05-31,Hyderabad,28.5,45,0.0,4.4,4,5,2,0.5160623910158528,-0.8565509959010036,32.1,28.6,30.9,45.0,0.0,30.26666666666667,30.314285714285713,40.857142857142854,0.0,1.9247758063633553,-3.6000000000000014
2019-06-01,Delhi,32.2,39,0.0,4.8,5,6,2,0.5012418134457758,-0.865307254363206,32.3,32.8,33.7,41.0,0.0,32.3,32.51428571428571,38.0,0.0,0.8649249898662946,-0.09999999999999432
2019-06-02,Bangalore,26.4,49,0.0,5.0,6,6,2,0.48627270710868997,-0.8738071036110808,24.6,26.2,23.6,51.0,0.0,25.23333333333333,24.41428571428571,50.42857142857143,0.0,1.5847487407878504,1.7999999999999972
2019-06-02,Hyderabad,29.5,45,0.0,6.3,6,6,2,0.48627270710868997,-0.8738071036110808,28.5,30.2,30.3,45.0,0.0,30.033333333333342,30.2,40.57142857142857,0.0,1.949358868961743,1.0
2019-06-03,Chennai,32.6,55,0.0,5.4,0,6,2,0.4711595076738638,-0.8820480249558537,31.9,35.2,30.3,63.0,0.0,33.1,31.985714285714288,60.142857142857146,0.0,2.3912539049827934,0.7000000000000028
2019-06-03,Mumbai,34.9,65,0.0,6.4,0,6,2,0.4711595076738638,-0.8820480249558537,32.7,28.7,28.7,68.0,0.0,31.933333333333334,29.685714285714283,67.57142857142857,0.0,3.0916169293907036,2.1999999999999957
2019-06-03,Hyderabad,31.9,50,0.0,5.2,0,6,2,0.4711595076738638,-0.8820480249558537,29.5,32.1,28.9,45.0,0.0,29.966666666666672,30.62857142857143,42.42857142857143,0.0,1.9456912102679778,2.3999999999999986
2019-06-03,Bangalore,25.6,62,0.0,4.1,0,6,2,0.4711595076738638,-0.8820480249558537,26.4,24.7,22.4,49.0,0.0,25.53333333333333,24.871428571428574,51.57142857142857,0.0,1.351189951751568,-0.7999999999999972
2019-06-04,Hyderabad,30.3,41,0.0,5.7,1,6,2,0.4559066935084588,-0.8900275764346767,31.9,28.5,33.6,50.0,0.0,30.566666666666674,30.157142857142855,41.57142857142857,0.0,1.4397420403867316,-1.5999999999999979
2019-06-05,Chennai,32.5,69,0.0,6.2,2,6,2,0.440518784350495,-0.8977433935342337,32.6,34.8,30.7,55.0,0.0,32.333333333333336,32.24285714285714,61.57142857142857,0.0,2.325838302531807,-0.10000000000000142
2019-06-05,Delhi,32.3,40,3.4,4.0,2,6,2,0.440518784350495,-0.8977433935342337,32.2,32.4,31.2,39.0,0.0,32.26666666666666,32.67142857142857,38.57142857142857,0.4857142857142857,0.6626066850308607,0.09999999999999432
2019-06-06,Delhi,32.3,31,0.0,4.9,3,6,2,0.42500033996955416,-0.9051931898913974,32.3,32.3,32.6,40.0,3.4,32.26666666666666,32.628571428571426,37.42857142857143,0.4857142857142857,0.6775305299745451,0.0
2019-06-07,Bangalore,23.7,47,0.0,5.4,4,6,2,0.4093559588156213,-0.9123747579707273,25.6,24.6,24.1,62.0,0.0,25.233333333333334,24.814285714285713,50.142857142857146,0.0,1.3969354213522862,-1.9000000000000021
2019-06-07,Chennai,28.7,57,1.6,6.1,4,6,2,0.4093559588156213,-0.9123747579707273,32.5,31.9,29.1,69.0,0.0,31.266666666666666,32.18571428571429,61.0,0.2285714285714286,2.4189726272591003,-3.8000000000000007
2019-06-08,Bangalore,25.0,49,0.0,4.7,5,6,2,0.39359027665646673,-0.9192859697186104,23.7,26.4,22.5,47.0,0.0,24.766666666666666,25.17142857142857,49.285714285714285,0.0,0.9569296137723055,1.3000000000000007
2019-06-08,Delhi,34.4,42,0.0,4.1,5,6,2,0.39359027665646673,-0.9192859697186104,32.3,32.2,34.1,31.0,0.0,32.99999999999999,32.67142857142857,38.714285714285715,0.4857142857142857,0.7867957924694213,2.1000000000000014
2019-06-08,Hyderabad,29.7,38,1.1,4.8,5,6,2,0.39359027665646673,-0.9192859697186104,30.3,29.5,28.6,41.0,0.0,30.63333333333334,30.314285714285717,42.714285714285715,0.15714285714285717,1.2941259230699709,-0.6000000000000014
2019-06-09,Bangalore,25.2,53,2.2,5.5,6,6,2,0.3777079652039649,-0.9259247771938498,25.0,25.6,26.2,49.0,0.0,24.633333333333336,25.02857142857143,51.142857142857146,0.31428571428571433,0.8459989868282408,0.1999999999999993
2019-06-09,Delhi,28.2,43,0.0,4.3,6,6,2,0.3777079652039649,-0.9259247771938498,34.4,32.3,32.8,42.0,0.0,31.633333333333326,32.01428571428571,39.142857142857146,0.4857142857142857,1.8560069786404088,-6.199999999999999
2019-06-10,Bangalore,23.7,49,0.0,6.5,0,6,2,0.36171373072976765,-0.9322892131745133,25.2,23.7,24.7,53.0,2.2,24.63333333333333,24.88571428571429,51.42857142857143,0.31428571428571433,0.9839183086493305,-1.5
2019-06-10,Delhi,32.7,33,0.0,6.1,0,6,2,0.36171373072976765,-0.9322892131745133,28.2,32.3,32.4,43.0,0.0,31.766666666666662,32.05714285714286,38.42857142857143,0.4857142857142857,1.869810278127294,4.5000000000000036
2019-06-11,Bangalore,25.4,51,0.0,5.4,1,6,2,0.3456123126707335,-0.9383773917408641,23.7,25.0,24.6,49.0,0.0,24.766666666666666,25.0,51.42857142857143,0.31428571428571433,0.9916316520429634,1.6999999999999993
2019-06-11,Delhi,36.5,38,0.0,4.4,1,6,2,0.3456123126707335,-0.9383773917408641,32.7,34.4,32.3,33.0,0.0,32.46666666666666,32.65714285714285,38.0,0.4857142857142857,2.5211486422244995,3.799999999999997
2019-06-12,Hyderabad,30.1,51,0.0,4.8,2,6,2,0.3294084822245304,-0.9441875088341993,29.7,31.9,30.2,38.0,1.1,30.033333333333342,30.3,45.0,0.15714285714285717,1.296148139681495,0.40000000000000213
2019-06-12,Delhi,33.2,35,0.0,5.2,2,6,2,0.3294084822245304,-0.9441875088341993,36.5,28.2,32.2,38.0,0.0,34.133333333333326,32.8,37.42857142857143,0.4857142857142857,2.5192591503588155,-3.299999999999997
2019-06-13,Delhi,35.1,33,0.0,5.7,3,6,2,0.3131070409358269,-0.9497178427914316,33.2,32.7,32.3,35.0,0.0,34.93333333333333,33.2,36.42857142857143,0.0,2.645751311064578,1.8999999999999986
2019-06-13,Chennai,32.2,68,0.0,5.2,3,6,2,0.3131070409358269,-0.9497178427914316,28.7,32.6,29.6,57.0,1.6,31.133333333333336,32.55714285714286,62.285714285714285,0.2285714285714286,2.1392032339613536,3.5000000000000036
2019-06-13,Mumbai,26.8,69,0.0,5.0,3,6,2,0.3131070409358269,-0.9497178427914316,34.9,28.2,27.8,65.0,0.0,31.466666666666665,29.542857142857144,67.71428571428571,0.0,3.213957655216349,-8.099999999999998
2019-06-13,Hyderabad,34.8,42,3.2,5.1,3,6,2,0.3131070409358269,-0.9497178427914316,30.1,30.3,32.1,51.0,0.0,31.533333333333342,30.685714285714287,44.57142857142857,0.6142857142857144,2.0836095055044135,4.699999999999996
2019-06-14,Bangalore,22.1,50,0.0,3.2,4,6,2,0.29671281927349075,-0.9549667548552551,25.4,25.2,26.4,51.0,0.0,23.733333333333334,24.38571428571429,51.57142857142857,0.31428571428571433,1.2720437249148893,-3.299999999999997
2019-06-14,Delhi,33.0,43,0.0,3.3,4,6,2,0.29671281927349075,-0.9549667548552551,35.1,36.5,32.3,33.0,0.0,33.76666666666666,33.3,38.142857142857146,0.0,2.6191601707417447,-2.1000000000000014
2019-06-15,Hyderabad,32.2,34,0.0,4.9,5,6,2,0.28023067519921585,-0.9599326896597447,34.8,29.7,28.5,42.0,3.2,32.366666666666674,31.214285714285715,43.0,0.6142857142857144,1.8977430203871968,-2.5999999999999943
2019-06-15,Chennai,32.3,62,0.0,4.0,5,6,2,0.28023067519921585,-0.9599326896597447,32.2,32.5,35.2,68.0,0.0,31.066666666666666,32.142857142857146,62.42857142857143,0.2285714285714286,1.7952317797034907,0.09999999999999432
2019-06-16,Hyderabad,31.9,44,0.0,3.7,6,6,2,0.26366549272800704,-0.9646141756912435,32.2,30.1,29.5,34.0,0.0,32.966666666666676,31.557142857142857,42.857142857142854,0.6142857142857144,1.7472427257988152,-0.30000000000000426
2019-06-16,Bangalore,25.2,37,1.4,4.8,6,6,2,0.26366549272800704,-0.9646141756912435,22.1,23.7,25.6,50.0,0.0,24.23333333333333,24.32857142857143,48.0,0.5142857142857143,1.2161610169084214,3.099999999999998
2019-06-17,Chennai,31.3,59,0.0,4.7,0,6,2,0.24702218048093552,-0.9690098257244062,32.3,28.7,34.8,62.0,0.0,31.933333333333334,31.642857142857142,61.857142857142854,0.2285714285714286,1.3685237092784848,-0.9999999999999964
2019-06-17,Delhi,32.6,35,0.0,2.8,0,6,2,0.24702218048093552,-0.9690098257244062,33.0,33.2,34.4,43.0,0.0,33.56666666666666,33.042857142857144,37.142857142857146,0.0,2.581251080940613,-0.3999999999999986
2019-06-18,Hyderabad,31.4,44,0.0,6.3,1,6,2,0.23030567023061221,-0.9731183372332619,31.9,34.8,31.9,44.0,0.0,31.83333333333334,31.485714285714284,42.0,0.6142857142857144,1.741099816618308,-0.5
2019-06-18,Bangalore,23.3,53,0.0,5.2,1,6,2,0.23030567023061221,-0.9731183372332619,25.2,25.4,23.7,37.0,1.4,23.533333333333335,24.271428571428572,48.857142857142854,0.5142857142857143,1.2592514783451283,-1.8999999999999986
2019-06-19,Hyderabad,35.5,37,0.0,5.2,2,6,2,0.21352091543979612,-0.9769384927771817,31.4,32.2,30.3,44.0,0.0,32.93333333333334,32.228571428571435,41.42857142857143,0.6142857142857144,2.1997835391345486,4.100000000000001
2019-06-19,Bangalore,24.8,56,2.0,5.5,2,6,2,0.21352091543979612,-0.9769384927771817,23.3,22.1,25.0,53.0,0.0,24.433333333333334,24.24285714285714,49.857142857142854,0.7999999999999999,1.2421180068162798,1.5
2019-06-19,Mumbai,30.5,63,0.0,5.2,2,6,2,0.21352091543979612,-0.9769384927771817,26.8,32.7,25.9,69.0,0.0,30.733333333333334,30.2,68.0,0.0,2.7868739954771233,3.6999999999999993
2019-06-19,Chennai,34.8,59,1.6,4.2,2,6,2,0.21352091543979612,-0.9769384927771817,31.3,32.2,31.9,59.0,0.0,32.8,32.05714285714286,61.285714285714285,0.4571428571428572,1.8228705776487137,3.4999999999999964
2019-06-20,Delhi,35.4,36,0.0,5.3,3,6,2,0.19667288979357647,-0.980469160361632,32.6,35.1,28.2,35.0,0.0,33.666666666666664,34.07142857142857,36.142857142857146,0.0,1.5638779638175622,2.799999999999997
2019-06-20,Hyderabad,31.1,41,0.0,5.6,3,6,2,0.19667288979357647,-0.980469160361632,35.5,31.9,29.7,37.0,0.0,32.66666666666667,32.42857142857143,41.857142857142854,0.4571428571428572,1.9847034083326682,-4.399999999999999
2019-06-20,Chennai,32.1,71,1.6,4.1,3,6,2,0.19667288979357647,-0.980469160361632,34.8,32.3,32.6,59.0,1.6,32.73333333333333,31.985714285714288,63.57142857142857,0.6857142857142858,1.8077873874146395,-2.6999999999999957
2019-06-21,Hyderabad,31.5,39,0.0,5.7,4,6,2,0.1797665857255624,-0.9837092937736097,31.1,31.4,30.1,41.0,0.0,32.70000000000001,32.628571428571426,40.142857142857146,0.4571428571428572,1.769853370305188,0.3999999999999986
2019-06-22,Delhi,33.0,39,0.0,5.6,5,6,2,0.16280701293851715,-0.986657932891657,35.4,33.0,32.7,36.0,0.0,33.66666666666666,34.114285714285714,37.0,0.0,1.52362350055007,-2.3999999999999986
2019-06-22,Mumbai,28.8,64,3.0,4.5,5,6,2,0.16280701293851715,-0.986657932891657,30.5,34.9,29.6,63.0,0.0,28.7,30.08571428571429,67.28571428571429,0.42857142857142855,2.831624134325599,-1.6999999999999993
2019-06-22,Hyderabad,34.9,43,0.0,4.4,5,6,2,0.16280701293851715,-0.986657932891657,31.5,35.5,34.8,39.0,0.0,32.50000000000001,32.642857142857146,40.285714285714285,0.0,1.790583836682929,3.3999999999999986
2019-06-23,Bangalore,24.6,48,0.0,4.0,6,6,2,0.1457991969198751,-0.9893142039703663,24.8,25.2,25.2,56.0,2.0,24.233333333333334,24.157142857142862,49.142857142857146,0.4857142857142857,1.1844227044671365,-0.1999999999999993
2019-06-23,Delhi,35.7,35,0.0,4.1,6,6,2,0.1457991969198751,-0.9893142039703663,33.0,32.6,36.5,39.0,0.0,34.699999999999996,34.00000000000001,36.57142857142857,0.0,1.3329166015421046,2.700000000000003
2019-06-24,Bangalore,27.2,54,0.0,5.6,0,6,2,0.12874817745258132,-0.99167731989929,24.6,23.3,23.7,48.0,0.0,25.533333333333335,24.657142857142855,49.857142857142854,0.4857142857142857,1.618494303210216,2.599999999999998
2019-06-25,Bangalore,25.2,51,0.0,3.4,1,6,2,0.11165900712169512,-0.993746580436178,27.2,24.8,25.4,54.0,0.0,25.666666666666668,24.62857142857143,49.857142857142854,0.4857142857142857,1.604903201353402,-2.0
2019-06-25,Hyderabad,31.5,33,0.0,5.4,1,6,2,0.11165900712169512,-0.993746580436178,34.9,31.1,32.2,43.0,0.0,32.63333333333335,32.542857142857144,40.142857142857146,0.0,1.8383481197867544,-3.3999999999999986
2019-06-26,Hyderabad,29.9,45,0.0,3.2,2,6,2,0.09453674981719912,-0.9955213724144752,31.5,31.5,31.9,33.0,0.0,32.10000000000001,32.25714285714285,40.285714285714285,0.0,2.0927311842478735,-1.6000000000000014
2019-06-26,Delhi,33.7,49,0.0,5.4,2,6,2,0.09453674981719912,-0.9955213724144752,35.7,35.4,33.2,35.0,0.0,34.13333333333333,34.07142857142857,38.57142857142857,0.0,1.2957806986706901,-2.0
2019-06-27,Bangalore,30.1,56,2.4,4.5,3,6,2,0.07738647923346301,-0.9970011699250151,25.2,24.6,22.1,51.0,0.0,27.5,25.77142857142857,50.714285714285715,0.8285714285714285,2.2306309165154206,4.900000000000002
2019-06-27,Delhi,36.5,30,0.0,4.4,3,6,2,0.07738647923346301,-0.9970011699250151,33.7,33.0,35.1,49.0,0.0,35.29999999999999,34.27142857142857,38.142857142857146,0.0,1.5617450557141148,2.799999999999997
2019-06-27,Mumbai,27.1,64,0.0,4.8,3,6,2,0.07738647923346301,-0.9970011699250151,28.8,26.8,28.7,64.0,3.0,28.8,29.857142857142858,64.85714285714286,0.42857142857142855,3.0204067843350346,-1.6999999999999993
2019-06-27,Hyderabad,31.2,35,0.0,4.1,3,6,2,0.07738647923346301,-0.9970011699250151,29.9,34.9,31.4,45.0,0.0,30.866666666666674,32.22857142857143,39.0,0.0,2.107695649846213,1.3000000000000007
2019-06-28,Hyderabad,27.5,36,0.0,5.4,4,6,2,0.06021327736579302,-0.9981855344718586,31.2,31.5,35.5,35.0,0.0,29.533333333333342,31.08571428571429,38.857142857142854,0.0,2.2048647512780244,-3.6999999999999993
2019-06-28,Delhi,34.9,35,0.0,4.4,4,6,2,0.06021327736579302,-0.9981855344718586,36.5,35.7,33.0,30.0,0.0,35.03333333333333,34.542857142857144,37.0,0.0,1.4661254412647133,-1.6000000000000014
2019-06-28,Chennai,31.3,61,2.5,6.1,4,6,2,0.06021327736579302,-0.9981855344718586,32.1,31.3,32.5,71.0,1.6,32.733333333333334,31.814285714285713,62.42857142857143,1.042857142857143,1.807787387414638,-0.8000000000000007
2019-06-29,Delhi,37.5,32,0.0,5.9,5,6,2,0.04302223300453059,-0.99907411510223,34.9,33.7,32.6,35.0,0.0,36.29999999999999,35.24285714285714,36.57142857142857,0.0,1.551190019369083,2.6000000000000014
2019-06-29,Hyderabad,32.1,33,0.0,4.1,5,6,2,0.04302223300453059,-0.99907411510223,27.5,29.9,31.1,36.0,0.0,30.26666666666667,31.228571428571428,37.714285714285715,0.0,2.2380901722333144,4.600000000000001
2019-06-29,Chennai,33.0,63,0.0,3.8,5,6,2,0.04302223300453059,-0.99907411510223,31.3,34.8,28.7,61.0,2.5,32.13333333333333,32.42857142857143,63.285714285714285,0.8142857142857144,1.2023785950001378,1.6999999999999993
2019-07-01,Delhi,33.6,34,0.0,6.0,0,7,3,0.008606996888688698,-0.9999629591162655,37.5,36.5,35.4,32.0,0.0,35.33333333333332,34.98571428571429,36.285714285714285,0.0,1.6657616590502098,-3.8999999999999986
2019-07-01,Chennai,36.1,52,0.0,5.5,0,7,3,0.008606996888688698,-0.9999629591162655,33.0,32.1,32.2,63.0,0.0,33.46666666666667,32.98571428571429,61.0,0.8142857142857144,1.8224786888819324,3.1000000000000014
2019-07-02,Delhi,36.9,34,0.0,6.0,1,7,3,-0.008606996888688009,-0.9999629591162655,33.6,34.9,33.0,34.0,0.0,35.99999999999999,35.542857142857144,35.57142857142857,0.0,1.53824265842234,3.299999999999997
2019-07-02,Hyderabad,28.7,39,0.0,5.6,1,7,3,-0.008606996888688009,-0.9999629591162655,32.1,31.2,31.5,33.0,0.0,29.433333333333337,30.828571428571426,37.714285714285715,0.0,2.4239872701221072,-3.400000000000002
2019-07-02,Chennai,32.7,60,3.4,4.9,1,7,3,-0.008606996888688009,-0.9999629591162655,36.1,31.3,32.3,52.0,0.0,33.93333333333334,33.042857142857144,60.714285714285715,1.3000000000000003,1.8035678925001353,-3.3999999999999986
2019-07-03,Delhi,33.1,35,0.0,4.6,2,7,3,-0.02581844022713239,-0.9996666485105112,36.9,37.5,35.7,34.0,0.0,34.533333333333324,35.17142857142857,35.57142857142857,0.0,1.787656087091157,-3.799999999999997
2019-07-03,Bangalore,25.6,46,0.0,5.5,2,7,3,-0.02581844022713239,-0.9996666485105112,30.1,27.2,25.2,56.0,2.4,26.96666666666667,25.82857142857143,52.0,0.6285714285714287,2.2186439444807484,-4.5
2019-07-03,Mumbai,29.6,71,0.0,5.5,2,7,3,-0.02581844022713239,-0.9996666485105112,27.1,30.5,28.2,64.0,0.0,28.5,30.057142857142857,66.28571428571429,0.42857142857142855,2.9376051146339885,2.5
2019-07-04,Delhi,36.3,33,0.0,4.2,3,7,3,-0.04302223300453034,-0.99907411510223,33.1,33.6,33.7,35.0,0.0,35.43333333333332,35.542857142857144,33.285714285714285,0.0,1.6988791823405889,3.1999999999999957
2019-07-04,Bangalore,26.4,50,0.1,4.2,3,7,3,-0.04302223300453034,-0.99907411510223,25.6,25.2,23.3,46.0,0.0,27.366666666666664,26.27142857142857,51.57142857142857,0.6428571428571429,1.918953087592582,0.7999999999999972
2019-07-04,Hyderabad,28.8,41,0.0,5.1,3,7,3,-0.04302223300453034,-0.99907411510223,28.7,27.5,34.9,39.0,0.0,29.866666666666674,29.957142857142856,37.42857142857143,0.0,1.7067094488684673,0.10000000000000142
2019-07-05,Delhi,36.3,38,0.0,4.8,4,7,3,-0.060213277365792774,-0.9981855344718586,36.3,36.9,36.5,33.0,0.0,35.23333333333333,35.51428571428571,34.42857142857143,0.0,1.6816941571210242,0.0
2019-07-05,Bangalore,29.4,47,0.0,4.9,4,7,3,-0.060213277365792774,-0.9981855344718586,26.4,30.1,24.8,50.0,0.1,27.133333333333336,26.928571428571427,50.285714285714285,0.35714285714285715,2.1092765629589176,3.0
2019-07-05,Hyderabad,35.6,37,0.0,3.8,4,7,3,-0.060213277365792774,-0.9981855344718586,28.8,32.1,31.5,41.0,0.0,31.033333333333342,30.54285714285714,38.0,0.0,2.724492088969409,6.800000000000001
2019-07-07,Hyderabad,28.4,36,0.0,6.0,6,7,3,-0.09453674981719933,-0.9955213724144752,35.6,28.7,29.9,37.0,0.0,30.933333333333337,30.32857142857143,36.714285714285715,0.0,2.8400201206530284,-7.200000000000003
2019-07-07,Bangalore,28.1,48,0.0,5.8,6,7,3,-0.09453674981719933,-0.9955213724144752,29.4,25.6,24.6,47.0,0.0,27.96666666666667,27.428571428571427,50.285714285714285,0.35714285714285715,1.8661138637235213,-1.2999999999999972
2019-07-07,Mumbai,30.4,70,3.4,5.1,6,7,3,-0.09453674981719933,-0.9955213724144752,29.6,28.8,32.7,71.0,0.0,29.03333333333333,29.728571428571428,66.57142857142857,0.9142857142857144,2.7127564614332007,0.7999999999999972
2019-07-07,Delhi,36.4,38,0.0,6.0,6,7,3,-0.09453674981719933,-0.9955213724144752,36.3,33.1,34.9,38.0,0.0,36.33333333333332,35.72857142857143,34.857142857142854,0.0,1.6859362242922151,0.10000000000000142
2019-07-09,Hyderabad,31.9,42,0.0,5.4,1,7,3,-0.12874817745258066,-0.99167731989929,28.4,28.8,31.2,36.0,0.0,31.966666666666672,30.428571428571427,37.714285714285715,0.0,2.8877409196545614,3.5
2019-07-09,Chennai,35.7,62,0.0,6.1,1,7,3,-0.12874817745258066,-0.99167731989929,32.7,33.0,31.3,60.0,3.4,34.833333333333336,33.67142857142857,61.142857142857146,1.3000000000000003,1.8607474176742005,3.0
2019-07-09,Delhi,34.9,31,0.0,5.0,1,7,3,-0.12874817745258066,-0.99167731989929,36.4,36.3,37.5,38.0,0.0,35.86666666666666,35.357142857142854,34.714285714285715,0.0,1.507599795322653,-1.5
2019-07-10,Hyderabad,31.5,42,0.0,4.1,2,7,3,-0.14579919691987442,-0.9893142039703664,31.9,35.6,27.5,42.0,0.0,30.600000000000005,31.0,38.57142857142857,0.0,2.5922962793630933,-0.3999999999999986
2019-07-10,Chennai,34.7,58,3.0,3.5,2,7,3,-0.14579919691987442,-0.9893142039703664,35.7,36.1,34.8,62.0,0.0,34.366666666666674,33.65714285714286,61.0,1.5,1.850997157261656,-1.0
2019-07-11,Hyderabad,35.7,42,0.0,4.2,3,7,3,-0.16280701293851646,-0.9866579328916572,31.5,28.4,32.1,42.0,0.0,33.03333333333334,31.514285714285712,39.857142857142854,0.0,3.145064160144955,4.200000000000003
2019-07-11,Delhi,33.1,34,0.0,4.3,3,7,3,-0.16280701293851646,-0.9866579328916572,34.9,36.3,33.6,31.0,0.0,34.79999999999999,35.285714285714285,34.714285714285715,0.0,1.612894470022244,-1.7999999999999972
2019-07-11,Mumbai,30.6,61,0.0,4.4,3,7,3,-0.16280701293851646,-0.9866579328916572,30.4,27.1,34.9,70.0,3.4,30.2,29.114285714285717,66.0,0.9142857142857144,1.608755804370325,0.20000000000000284
2019-07-12,Bangalore,25.7,51,0.0,4.7,4,7,3,-0.17976658572556214,-0.9837092937736098,28.1,26.4,27.2,48.0,0.0,27.733333333333334,27.214285714285715,49.857142857142854,0.35714285714285715,1.979417903853406,-2.400000000000002
2019-07-12,Delhi,33.8,32,0.0,3.7,4,7,3,-0.17976658572556214,-0.9837092937736098,33.1,36.4,36.9,34.0,0.0,33.93333333333333,34.84285714285714,34.42857142857143,0.0,1.5186146569127617,0.6999999999999957
2019-07-14,Delhi,32.4,34,0.0,5.5,6,7,3,-0.2135209154397959,-0.9769384927771817,33.8,34.9,33.1,32.0,0.0,33.09999999999999,34.74285714285714,34.285714285714285,0.0,1.6681897802279382,-1.3999999999999986
2019-07-14,Chennai,34.8,64,0.0,5.9,6,7,3,-0.2135209154397959,-0.9769384927771817,34.7,32.7,32.1,58.0,3.0,35.06666666666666,34.042857142857144,60.0,1.2714285714285716,1.7510541043013885,0.09999999999999432
2019-07-14,Hyderabad,33.7,33,0.0,4.3,6,7,3,-0.2135209154397959,-0.9769384927771817,35.7,31.9,28.7,42.0,0.0,33.63333333333334,32.228571428571435,39.0,0.0,2.961820546957673,-2.0
2019-07-15,Delhi,31.0,42,0.0,5.2,0,7,3,-0.23030567023061196,-0.973118337233262,32.4,33.1,36.3,34.0,0.0,32.39999999999999,33.98571428571428,35.57142857142857,0.0,2.011159343453853,-1.3999999999999986
2019-07-15,Chennai,32.4,56,2.7,6.4,0,7,3,-0.23030567023061196,-0.973118337233262,34.8,35.7,31.3,64.0,0.0,33.96666666666667,34.2,59.285714285714285,1.3000000000000003,1.4944341180974152,-2.3999999999999986
2019-07-16,Bangalore,24.4,55,0.0,4.5,1,7,3,-0.24702218048093527,-0.9690098257244063,25.7,29.4,25.2,51.0,0.0,26.066666666666666,27.1,50.42857142857143,0.35714285714285715,2.132291412229304,-1.3000000000000007
2019-07-16,Delhi,35.3,33,0.0,4.9,1,7,3,-0.24702218048093527,-0.9690098257244063,31.0,33.8,36.3,42.0,0.0,32.89999999999999,33.84285714285714,34.857142857142854,0.0,1.848293936631917,4.299999999999997
2019-07-17,Delhi,36.3,41,0.0,4.8,2,7,3,-0.2636654927280072,-0.9646141756912435,35.3,32.4,36.4,33.0,0.0,34.199999999999996,33.82857142857143,35.285714285714285,0.0,1.8254810194523483,1.0
2019-07-17,Chennai,32.0,58,0.0,5.6,2,7,3,-0.2636654927280072,-0.9646141756912435,32.4,34.7,33.0,56.0,2.7,33.06666666666666,34.057142857142864,58.57142857142857,1.3000000000000003,1.6661904081439007,-0.3999999999999986
2019-07-17,Hyderabad,32.1,41,0.0,6.6,2,7,3,-0.2636654927280072,-0.9646141756912435,33.7,31.5,28.8,33.0,0.0,33.83333333333334,32.7,39.0,0.0,2.560598888281089,-1.6000000000000014
2019-07-18,Chennai,33.0,64,2.2,4.3,3,7,3,-0.2802306751992161,-0.9599326896597445,32.0,34.8,36.1,58.0,0.0,32.46666666666667,33.614285714285714,60.285714285714285,1.6142857142857143,1.4276187299470018,1.0
2019-07-19,Bangalore,26.5,43,0.0,5.9,4,7,3,-0.2967128192734901,-0.9549667548552553,24.4,28.1,30.1,55.0,0.0,25.53333333333333,26.58571428571429,48.57142857142857,0.014285714285714287,1.6727507997593076,2.1000000000000014
2019-07-20,Mumbai,28.7,66,3.2,4.6,5,7,3,-0.3131070409358267,-0.9497178427914317,30.6,29.6,26.8,61.0,0.0,29.900000000000002,29.385714285714283,65.57142857142857,1.3714285714285714,1.2798809468443573,-1.9000000000000021
2019-07-20,Delhi,34.9,34,0.0,5.0,5,7,3,-0.3131070409358267,-0.9497178427914317,36.3,31.0,34.9,41.0,0.0,35.49999999999999,33.82857142857143,35.714285714285715,0.0,1.8254810194523483,-1.3999999999999986
2019-07-20,Hyderabad,32.6,32,0.0,4.4,5,7,3,-0.3131070409358267,-0.9497178427914317,32.1,35.7,35.6,41.0,0.0,32.800000000000004,32.27142857142857,38.285714285714285,0.0,2.223146633126265,0.5
2019-07-21,Delhi,36.9,24,0.0,6.4,6,7,3,-0.3294084822245302,-0.9441875088341994,34.9,35.3,33.1,34.0,0.0,36.033333333333324,34.371428571428574,34.285714285714285,0.0,2.114800452142177,2.0
2019-07-21,Hyderabad,32.2,43,0.0,4.3,6,7,3,-0.3294084822245302,-0.9441875088341994,32.6,33.7,28.4,32.0,0.0,32.300000000000004,32.81428571428572,39.285714285714285,0.0,1.4496304947910847,-0.3999999999999986
2019-07-22,Delhi,31.6,38,0.9,4.9,0,7,3,-0.3456123126707333,-0.9383773917408642,36.9,36.3,33.8,24.0,0.0,34.46666666666666,34.05714285714286,35.142857142857146,0.1285714285714286,2.3628070473182876,-5.299999999999997
2019-07-22,Hyderabad,31.1,43,0.0,3.9,0,7,3,-0.3456123126707333,-0.9383773917408642,32.2,32.1,31.9,43.0,0.0,31.96666666666668,32.7,39.42857142857143,0.0,1.5609825965289759,-1.1000000000000014
2019-07-23,Hyderabad,32.7,45,0.0,5.6,1,7,3,-0.3617137307297674,-0.9322892131745134,31.1,32.6,31.5,43.0,0.0,32.00000000000001,32.871428571428574,39.857142857142854,0.0,1.4705036390232504,1.6000000000000014
2019-07-23,Delhi,37.5,38,0.0,4.7,1,7,3,-0.3617137307297674,-0.9322892131745134,31.6,34.9,32.4,38.0,0.9,35.33333333333332,34.785714285714285,35.714285714285715,0.1285714285714286,2.54586499473722,5.899999999999999
2019-07-23,Bangalore,25.3,46,0.0,6.0,1,7,3,-0.3617137307297674,-0.9322892131745134,26.5,25.7,25.6,43.0,0.0,25.399999999999995,26.54285714285714,48.57142857142857,0.014285714285714287,1.705732631312415,-1.1999999999999993
2019-07-24,Delhi,35.2,30,0.0,5.4,2,7,3,-0.37770796520396466,-0.9259247771938499,37.5,36.9,31.0,38.0,0.0,34.76666666666666,35.385714285714286,34.0,0.1285714285714286,1.9239097097910562,-2.299999999999997
2019-07-24,Bangalore,25.0,43,0.0,6.3,2,7,3,-0.37770796520396466,-0.9259247771938499,25.3,24.4,26.4,46.0,0.0,25.600000000000005,26.342857142857138,47.57142857142857,0.0,1.8044917501032363,-0.3000000000000007
2019-07-25,Hyderabad,34.7,41,0.0,4.1,3,7,3,-0.39359027665646645,-0.9192859697186105,32.7,32.2,35.7,45.0,0.0,32.83333333333334,32.728571428571435,39.714285714285715,0.0,1.1672107574815378,2.0
2019-07-25,Mumbai,31.2,64,0.0,5.5,3,7,3,-0.39359027665646645,-0.9192859697186105,28.7,30.4,30.5,66.0,3.2,30.166666666666668,29.485714285714288,65.71428571428571,1.3714285714285714,1.4028881773310393,2.5
2019-07-25,Bangalore,26.0,46,1.7,6.2,3,7,3,-0.39359027665646645,-0.9192859697186105,25.0,26.5,29.4,43.0,0.0,25.433333333333337,25.857142857142858,47.42857142857143,0.24285714285714285,1.2011898862616617,1.0
2019-07-25,Chennai,33.9,65,2.3,5.7,3,7,3,-0.39359027665646645,-0.9192859697186105,33.0,32.4,32.7,64.0,2.2,32.96666666666667,33.785714285714285,61.0,1.457142857142857,1.3704361488575432,0.8999999999999986
2019-07-25,Delhi,35.2,40,0.0,4.9,3,7,3,-0.39359027665646645,-0.9192859697186105,35.2,31.6,35.3,30.0,0.0,35.96666666666666,35.371428571428574,35.0,0.1285714285714286,1.9250231909548574,0.0
2019-07-26,Delhi,34.0,24,0.0,4.3,4,7,3,-0.4093559588156211,-0.9123747579707274,35.2,37.5,36.3,40.0,0.0,34.79999999999999,35.042857142857144,32.57142857142857,0.1285714285714286,1.9363687173479047,-1.2000000000000028
2019-07-26,Hyderabad,27.8,40,0.0,6.3,4,7,3,-0.4093559588156211,-0.9123747579707274,34.7,31.1,33.7,41.0,0.0,31.733333333333345,31.88571428571429,40.714285714285715,0.0,2.103511802857692,-6.900000000000002
2019-07-27,Hyderabad,34.1,34,0.0,3.2,5,7,3,-0.42500033996955394,-0.9051931898913975,27.8,32.7,32.1,40.0,0.0,32.20000000000001,32.17142857142857,39.714285714285715,0.0,2.2669467614055954,6.300000000000001
2019-07-27,Delhi,35.3,35,0.0,5.9,5,7,3,-0.42500033996955394,-0.9051931898913975,34.0,35.2,34.9,24.0,0.0,34.83333333333332,35.1,32.714285714285715,0.1285714285714286,1.937352144895989,1.2999999999999972
2019-07-27,Chennai,29.8,54,3.1,4.8,5,7,3,-0.42500033996955394,-0.9051931898913975,33.9,32.0,35.7,65.0,2.3,32.233333333333334,32.94285714285714,59.857142857142854,1.9000000000000001,1.7567556677553973,-4.099999999999998
2019-07-28,Hyderabad,29.1,45,0.0,5.2,6,7,3,-0.4405187843504952,-0.8977433935342336,34.1,34.7,32.6,34.0,0.0,30.333333333333343,31.671428571428574,41.57142857142857,0.0,2.5276565468922674,-5.0
2019-07-28,Bangalore,26.0,49,0.0,4.5,6,7,3,-0.4405187843504952,-0.8977433935342336,26.0,25.3,28.1,46.0,1.7,25.666666666666668,25.557142857142853,47.57142857142857,0.24285714285714285,0.7091242083424458,0.0
2019-07-29,Delhi,34.9,44,0.0,4.4,0,7,3,-0.455906693508459,-0.8900275764346766,35.3,35.2,36.9,35.0,0.0,34.73333333333333,34.81428571428571,35.57142857142857,0.1285714285714286,1.767699608180553,-0.3999999999999986
2019-07-29,Hyderabad,29.9,38,0.0,5.8,0,7,3,-0.455906693508459,-0.8900275764346766,29.1,27.8,32.2,45.0,0.0,31.033333333333342,31.342857142857145,40.857142857142854,0.0,2.5960592846704302,0.7999999999999972
2019-07-29,Chennai,36.0,65,1.3,2.7,0,7,3,-0.455906693508459,-0.8900275764346766,29.8,33.0,34.7,54.0,3.1,33.233333333333334,33.128571428571426,60.857142857142854,1.657142857142857,2.0221393668706065,6.199999999999999
2019-07-30,Hyderabad,31.0,41,0.0,5.4,1,7,3,-0.47115950767386394,-0.8820480249558535,29.9,34.1,31.1,38.0,0.0,30.00000000000001,31.32857142857143,40.57142857142857,0.0,2.597892919087959,1.1000000000000014
2019-07-31,Delhi,36.0,33,0.0,3.6,2,7,3,-0.4862727071086902,-0.8738071036110807,34.9,34.0,31.6,44.0,0.0,35.39999999999999,35.44285714285714,34.857142857142854,0.0,1.0845231561337025,1.1000000000000014
2019-07-31,Bangalore,27.7,44,0.0,4.0,2,7,3,-0.4862727071086902,-0.8738071036110807,26.0,25.0,25.7,49.0,0.0,26.566666666666666,25.842857142857145,46.57142857142857,0.24285714285714285,1.0814452411120823,1.6999999999999993
2019-08-01,Hyderabad,30.2,41,0.0,4.1,3,8,3,-0.5012418134457756,-0.8653072543632061,31.0,29.1,32.7,41.0,0.0,30.366666666666674,30.97142857142857,40.0,0.0,2.5493229726826248,-0.8000000000000007
2019-08-02,Chennai,32.7,68,0.0,4.3,4,8,3,-0.5160623910158526,-0.8565509959010037,36.0,33.9,34.8,65.0,1.3,32.833333333333336,32.82857142857143,61.42857142857143,1.657142857142857,1.8838916155256522,-3.299999999999997
2019-08-02,Hyderabad,31.5,41,0.0,4.0,4,8,3,-0.5160623910158526,-0.8565509959010037,30.2,29.9,34.7,41.0,0.0,30.900000000000006,30.514285714285712,40.0,0.0,1.9961868411453068,1.3000000000000007
2019-08-04,Delhi,38.4,28,0.0,6.3,6,8,3,-0.5452404385406507,-0.8382797052177745,36.0,35.3,37.5,33.0,0.0,36.43333333333333,35.57142857142857,33.42857142857143,0.0,1.3816828938100585,2.3999999999999986
2019-08-04,Hyderabad,30.4,40,0.0,3.8,6,8,3,-0.5452404385406507,-0.8382797052177745,31.5,31.0,27.8,41.0,0.0,30.700000000000006,30.885714285714283,40.0,0.0,1.6118607998505936,-1.1000000000000014
2019-08-05,Bangalore,23.8,47,0.0,4.8,0,8,3,-0.5595892624101763,-0.828770087174504,27.7,26.0,24.4,44.0,0.0,25.833333333333332,25.757142857142856,45.42857142857143,0.24285714285714285,1.228626798309384,-3.8999999999999986
2019-08-05,Delhi,35.9,42,0.0,5.3,0,8,3,-0.5595892624101763,-0.828770087174504,38.4,34.9,35.2,28.0,0.0,36.76666666666666,35.67142857142857,35.142857142857146,0.0,1.3756383799460759,-2.5
2019-08-05,Chennai,35.6,68,0.0,4.7,0,8,3,-0.5595892624101763,-0.828770087174504,32.7,29.8,32.4,68.0,0.0,34.76666666666667,33.28571428571429,63.142857142857146,1.2714285714285711,2.134188816567586,2.8999999999999986
2019-08-06,Delhi,33.6,31,0.0,4.4,1,8,3,-0.5737722679043243,-0.8190148866680802,35.9,36.0,35.2,42.0,0.0,35.96666666666666,35.44285714285714,33.857142857142854,0.0,1.5841476602651448,-2.299999999999997
2019-08-07,Delhi,34.7,25,0.0,5.8,2,8,3,-0.5877852522924734,-0.8090169943749472,33.6,38.4,34.0,31.0,0.0,34.73333333333333,35.542857142857144,34.0,0.0,1.4976171549688058,1.1000000000000014
2019-08-07,Mumbai,33.8,69,0.8,4.6,2,8,3,-0.5877852522924734,-0.8090169943749472,31.2,30.6,28.8,64.0,0.0,31.23333333333333,30.2,66.42857142857143,1.0571428571428572,2.0968229936421956,2.599999999999998
2019-08-08,Hyderabad,29.8,41,0.0,4.8,3,8,3,-0.6016240632249227,-0.7987793728863648,30.4,30.2,34.1,40.0,0.0,30.566666666666674,30.271428571428572,41.0,0.0,0.7952238379102672,-0.5999999999999979
2019-08-08,Delhi,35.1,27,0.0,4.2,3,8,3,-0.6016240632249227,-0.7987793728863648,34.7,35.9,35.3,25.0,0.0,34.46666666666666,35.51428571428571,32.857142857142854,0.0,1.5049125904057095,0.3999999999999986
2019-08-09,Chennai,35.0,60,0.3,4.5,4,8,3,-0.6152845999633277,-0.7883050558305253,35.6,36.0,32.0,68.0,0.0,34.43333333333334,33.714285714285715,63.42857142857143,1.3142857142857143,2.134188816567589,-0.6000000000000014
2019-08-09,Delhi,29.8,38,0.0,4.2,4,8,3,-0.6152845999633277,-0.7883050558305253,35.1,33.6,34.9,27.0,0.0,33.199999999999996,34.785714285714285,32.0,0.0,2.6504267401234944,-5.300000000000001
2019-08-10,Hyderabad,32.4,45,0.0,4.8,5,8,3,-0.6287628145958345,-0.7775971469736268,29.8,31.5,29.1,41.0,0.0,30.866666666666674,30.74285714285714,41.0,0.0,0.9484322904264545,2.599999999999998
2019-08-10,Delhi,34.7,34,0.0,4.5,5,8,3,-0.6287628145958345,-0.7775971469736268,29.8,34.7,36.0,38.0,0.0,33.199999999999996,34.6,32.142857142857146,0.0,2.5961509971493872,4.900000000000002
2019-08-11,Bangalore,27.0,53,0.0,6.5,6,8,3,-0.6420547132365636,-0.7666588193001592,23.8,26.0,26.5,47.0,0.0,26.166666666666668,25.828571428571426,46.857142857142854,0.24285714285714285,1.2919162585275323,3.1999999999999993
2019-08-12,Delhi,29.8,36,0.0,6.2,0,8,3,-0.655156357209085,-0.7554933140726804,34.7,35.1,38.4,34.0,0.0,31.433333333333323,33.371428571428574,33.285714285714285,0.0,2.5322679464031412,-4.900000000000002
2019-08-12,Hyderabad,27.4,38,0.0,6.6,0,8,3,-0.655156357209085,-0.7554933140726804,32.4,30.4,29.9,45.0,0.0,29.866666666666674,30.385714285714283,41.0,0.0,1.5794815303642147,-5.0
2019-08-13,Hyderabad,29.2,45,0.0,3.0,1,8,3,-0.6680638642135333,-0.7441039398713608,27.4,29.8,31.0,38.0,0.0,29.66666666666667,30.12857142857143,41.57142857142857,0.0,1.6090517763724714,1.8000000000000007
2019-08-13,Delhi,31.5,43,0.0,6.6,1,8,3,-0.6680638642135333,-0.7441039398713608,29.8,29.8,35.9,36.0,0.0,31.99999999999999,32.74285714285715,33.42857142857143,0.0,2.3387013083170065,1.6999999999999993
2019-08-14,Bangalore,25.8,60,1.6,4.6,2,8,3,-0.6807734094770159,-0.7324940716135792,27.0,27.7,25.3,53.0,0.0,25.53333333333333,25.900000000000002,48.857142857142854,0.4714285714285714,1.2714820748507727,-1.1999999999999993
2019-08-14,Hyderabad,31.9,48,0.0,4.4,2,8,3,-0.6807734094770159,-0.7324940716135792,29.2,32.4,30.2,45.0,0.0,29.500000000000004,30.37142857142857,42.57142857142857,0.0,1.744242228700111,2.6999999999999993
2019-08-15,Delhi,32.7,30,0.0,5.1,3,8,3,-0.6932812268869771,-0.7206671495538615,31.5,34.7,33.6,43.0,0.0,31.333333333333325,32.614285714285714,33.285714285714285,0.0,2.3082667172783813,1.2000000000000028
2019-08-15,Bangalore,22.9,50,0.0,5.5,3,8,3,-0.6932812268869771,-0.7206671495538615,25.8,23.8,25.0,60.0,1.6,25.233333333333334,25.6,49.857142857142854,0.4714285714285714,1.696073897761187,-2.900000000000002
2019-08-15,Chennai,30.4,64,0.0,5.2,3,8,3,-0.6932812268869771,-0.7206671495538615,35.0,32.7,33.0,60.0,0.3,33.666666666666664,33.34285714285714,63.42857142857143,1.0,2.477806249391598,-4.600000000000001
2019-08-16,Delhi,32.2,30,0.0,4.8,4,8,3,-0.7055836101071774,-0.70862667826446,32.7,29.8,34.7,30.0,0.0,32.133333333333326,32.25714285714286,34.0,0.0,2.1172758778338356,-0.5
2019-08-16,Hyderabad,28.6,41,2.5,5.1,4,8,3,-0.7055836101071774,-0.70862667826446,31.9,27.4,31.5,48.0,0.0,29.900000000000006,29.95714285714286,42.57142857142857,0.35714285714285715,1.775628661307576,-3.299999999999997
2019-08-16,Bangalore,24.7,48,3.4,5.2,4,8,3,-0.7055836101071774,-0.70862667826446,22.9,27.0,26.0,50.0,0.0,24.46666666666667,25.414285714285715,50.142857142857146,0.7142857142857143,1.7160308577534562,1.8000000000000007
2019-08-17,Delhi,30.9,35,0.0,4.4,5,8,3,-0.7176769136759615,-0.6963762255968726,32.2,31.5,35.1,30.0,0.0,31.933333333333326,31.657142857142855,35.142857142857146,0.0,1.738636575842428,-1.3000000000000043
2019-08-17,Mumbai,29.3,73,2.8,5.2,5,8,3,-0.7176769136759615,-0.6963762255968726,33.8,28.7,27.1,69.0,0.8,31.433333333333334,30.514285714285712,67.71428571428571,1.457142857142857,1.6777252172992614,-4.4999999999999964
2019-08-17,Bangalore,21.5,58,0.0,5.8,5,8,3,-0.7176769136759615,-0.6963762255968726,24.7,25.8,26.0,48.0,3.4,23.03333333333333,24.771428571428572,51.42857142857143,0.7142857142857143,2.2268919190314946,-3.1999999999999993
2019-08-17,Chennai,29.0,68,0.0,5.4,5,8,3,-0.7176769136759615,-0.6963762255968726,30.4,35.6,33.9,64.0,0.0,31.46666666666667,32.642857142857146,63.857142857142854,0.6714285714285715,2.942706884744731,-1.3999999999999986
2019-08-18,Delhi,35.5,44,0.0,4.8,6,8,3,-0.7295575540864876,-0.6839194216246105,30.9,32.7,29.8,35.0,0.0,32.86666666666665,32.471428571428575,36.0,0.0,2.0336455654105916,4.600000000000001
2019-08-18,Bangalore,22.7,46,0.0,5.4,6,8,3,-0.7295575540864876,-0.6839194216246105,21.5,22.9,27.7,58.0,0.0,22.966666666666665,24.057142857142853,51.714285714285715,0.7142857142857143,1.9103726886458468,1.1999999999999993
2019-08-19,Chennai,34.8,58,0.0,5.4,0,8,3,-0.7412220108485957,-0.6712599575675315,29.0,35.0,29.8,68.0,0.0,31.399999999999995,33.357142857142854,64.42857142857143,0.2285714285714286,2.7373083755502217,5.799999999999997
2019-08-19,Delhi,33.7,39,0.0,5.7,0,8,3,-0.7412220108485957,-0.6712599575675315,35.5,32.2,34.7,44.0,0.0,33.36666666666665,32.32857142857143,36.714285714285715,0.0,1.880349511583997,-1.7999999999999972
2019-08-20,Delhi,35.4,38,0.0,5.9,1,8,3,-0.7526668275320083,-0.6584015846980489,33.7,30.9,29.8,39.0,0.0,34.86666666666665,33.128571428571426,37.0,0.0,1.8154102251871662,1.6999999999999957
2019-08-21,Delhi,32.9,32,0.0,4.0,2,8,3,-0.7638886127905429,-0.64534811322955,35.4,35.5,31.5,38.0,0.0,33.99999999999999,33.32857142857143,35.42857142857143,0.0,1.678009024324393,-2.5
2019-08-22,Delhi,30.3,39,0.0,5.4,3,8,3,-0.7748840413670406,-0.6321034111873488,32.9,33.7,32.7,32.0,0.0,32.86666666666666,32.98571428571429,36.714285714285715,0.0,2.0350500169353127,-2.599999999999998
2019-08-22,Hyderabad,29.6,36,0.0,5.2,3,8,3,-0.7748840413670406,-0.6321034111873488,28.6,29.2,30.4,41.0,2.5,30.033333333333342,29.842857142857145,42.0,0.35714285714285715,1.7681036384189341,1.0
2019-08-23,Hyderabad,29.5,42,0.0,5.4,4,8,3,-0.7856498550787144,-0.6186714032625032,29.6,31.9,29.8,36.0,0.0,29.233333333333345,29.8,42.142857142857146,0.35714285714285715,1.7729448195962365,-0.10000000000000142
2019-08-23,Bangalore,26.1,62,0.0,5.0,4,8,3,-0.7856498550787144,-0.6186714032625032,22.7,24.7,23.8,46.0,0.0,23.433333333333334,24.38571428571429,53.857142857142854,0.7142857142857143,2.051364238280318,3.400000000000002
2019-08-23,Chennai,31.6,61,2.3,5.4,4,8,3,-0.7856498550787144,-0.6186714032625032,34.8,30.4,36.0,58.0,0.0,31.8,32.72857142857143,63.857142857142854,0.3714285714285714,2.5263374581360245,-3.1999999999999957
2019-08-24,Mumbai,29.6,70,0.0,5.7,5,8,3,-0.7961828637826154,-0.6050560696488494,29.3,31.2,29.6,73.0,2.8,30.900000000000002,30.514285714285712,67.57142857142857,1.457142857142857,1.6777252172992614,0.3000000000000007
2019-08-24,Chennai,31.8,56,0.0,4.4,5,8,3,-0.7961828637826154,-0.6050560696488494,31.6,29.0,32.7,61.0,2.3,32.733333333333334,32.6,62.142857142857146,0.3714285714285714,2.550816862627911,0.1999999999999993
2019-08-24,Bangalore,26.2,54,1.3,5.3,5,8,3,-0.7961828637826154,-0.6050560696488494,26.1,21.5,27.0,62.0,0.0,25.0,24.271428571428572,54.0,0.9,1.8979939284363119,0.09999999999999787
2019-08-24,Delhi,31.7,30,0.0,4.2,5,8,3,-0.7961828637826154,-0.6050560696488494,30.3,35.4,32.2,39.0,0.0,31.633333333333326,32.91428571428571,36.714285714285715,0.0,2.075595152744169,1.3999999999999986
2019-08-25,Chennai,27.4,64,0.0,4.3,6,8,3,-0.8064799463209447,-0.5912614448635782,31.8,34.8,35.6,56.0,0.0,30.266666666666666,31.428571428571427,61.57142857142857,0.3714285714285714,2.8128954748410315,-4.400000000000002
2019-08-26,Delhi,30.4,38,0.0,5.7,0,8,3,-0.8165380514459157,-0.5772916165517278,31.7,32.9,30.9,30.0,0.0,30.799999999999994,32.84285714285714,37.142857142857146,0.0,2.163220702915832,-1.3000000000000007
2019-08-26,Bangalore,25.3,57,0.0,4.9,0,8,3,-0.8165380514459157,-0.5772916165517278,26.2,22.7,25.8,54.0,1.3,25.866666666666664,24.2,53.57142857142857,0.6714285714285714,1.8393839548428939,-0.8999999999999986
2019-08-27,Delhi,32.8,40,2.6,3.7,1,8,3,-0.8263541987239094,-0.5631507242749187,30.4,30.3,35.5,38.0,0.0,31.633333333333326,32.457142857142856,36.57142857142857,0.37142857142857144,1.8246982790378516,2.3999999999999986
2019-08-28,Hyderabad,32.7,42,0.0,5.6,2,8,3,-0.8359254794186365,-0.5488429582847199,29.5,28.6,32.4,42.0,0.0,30.60000000000001,29.842857142857138,41.714285714285715,0.35714285714285715,1.8482939366319084,3.200000000000003
2019-08-28,Bangalore,27.3,53,0.0,4.0,2,8,3,-0.8359254794186365,-0.5488429582847199,25.3,26.1,22.9,57.0,0.0,26.26666666666667,24.828571428571426,54.0,0.6714285714285714,2.059704093403008,2.0
2019-08-29,Bangalore,26.1,46,0.0,5.6,3,8,3,-0.8452490573530634,-0.5343725582809785,27.3,26.2,24.7,53.0,0.0,26.233333333333334,25.02857142857143,53.714285714285715,0.18571428571428572,2.1124348397953265,-1.1999999999999993
2019-08-29,Delhi,31.5,29,0.0,4.3,3,8,3,-0.8452490573530634,-0.5343725582809785,32.8,31.7,33.7,40.0,2.6,31.566666666666652,32.142857142857146,35.142857142857146,0.37142857142857144,1.7633841922631954,-1.2999999999999972
2019-08-29,Hyderabad,26.2,38,0.0,6.3,3,8,3,-0.8452490573530634,-0.5343725582809785,32.7,29.6,27.4,42.0,0.0,29.46666666666668,29.671428571428574,41.714285714285715,0.35714285714285715,2.1445390225051693,-6.5000000000000036
2019-08-29,Mumbai,31.4,67,2.9,4.8,3,8,3,-0.8452490573530634,-0.5343725582809785,29.6,33.8,30.4,70.0,0.0,30.099999999999998,30.657142857142855,67.14285714285714,1.3857142857142857,1.7086614086833454,1.7999999999999972
2019-08-30,Delhi,34.1,32,0.0,4.0,4,8,3,-0.8543221697498269,-0.5197438121555157,31.5,30.4,35.4,29.0,0.0,32.79999999999999,31.95714285714286,34.285714285714285,0.37142857142857144,1.3926678748085426,2.6000000000000014
2019-08-30,Bangalore,21.9,45,0.0,5.3,4,8,3,-0.8543221697498269,-0.5197438121555157,26.1,25.3,21.5,46.0,0.0,25.100000000000005,25.085714285714285,51.857142857142854,0.18571428571428572,2.0036870775552904,-4.200000000000003
2019-08-31,Delhi,35.0,35,0.0,4.8,5,8,3,-0.8631421280499115,-0.5049610547215202,34.1,32.8,32.9,32.0,0.0,33.533333333333324,32.25714285714286,34.714285714285715,0.37142857142857144,1.7970875909436679,0.8999999999999986
2019-09-01,Bangalore,22.8,46,0.0,5.4,6,9,3,-0.8717063187093217,-0.4900286664290594,21.9,27.3,22.7,45.0,0.0,23.599999999999998,25.1,51.857142857142854,0.18571428571428572,1.9841034919244567,0.9000000000000021
2019-09-01,Hyderabad,30.5,38,0.0,5.3,6,9,3,-0.8717063187093217,-0.4900286664290594,26.2,29.5,29.2,38.0,0.0,29.80000000000001,29.857142857142858,40.714285714285715,0.35714285714285715,2.1531814777650014,4.300000000000001
2019-09-02,Hyderabad,31.3,44,0.0,4.2,0,9,3,-0.8800122039735356,-0.4749510720670502,30.5,32.7,31.9,38.0,0.0,29.333333333333343,29.771428571428576,40.142857142857146,0.35714285714285715,2.068585898397121,0.8000000000000007
2019-09-02,Delhi,33.2,34,0.0,5.4,0,9,3,-0.8800122039735356,-0.4749510720670502,35.0,31.5,30.3,35.0,0.0,34.09999999999999,32.67142857142857,34.0,0.37142857142857144,1.5934389285590738,-1.7999999999999972
2019-09-03,Bangalore,21.0,59,2.7,4.4,1,9,3,-0.888057322629493,-0.4597327394521046,22.8,26.1,26.1,46.0,0.0,21.900000000000002,24.37142857142857,51.42857142857143,0.5714285714285714,2.4397501823713648,-1.8000000000000007
2019-09-03,Hyderabad,31.2,44,0.0,4.6,1,9,3,-0.888057322629493,-0.4597327394521046,31.3,26.2,28.6,44.0,0.0,31.00000000000001,30.142857142857142,40.57142857142857,0.0,2.0565806109957365,-0.10000000000000142
2019-09-03,Delhi,31.4,40,0.0,5.3,1,9,3,-0.888057322629493,-0.4597327394521046,33.2,34.1,31.7,34.0,0.0,33.19999999999999,32.628571428571426,35.42857142857143,0.37142857142857144,1.6275895118387482,-1.8000000000000043
2019-09-04,Hyderabad,30.7,49,0.0,4.5,2,9,3,-0.8958392907349089,-0.4443781781046134,31.2,30.5,29.6,44.0,0.0,31.066666666666674,30.3,42.42857142857143,0.0,2.0502032419575174,-0.5
2019-09-05,Mumbai,28.5,70,1.2,3.5,3,9,3,-0.9033558023246842,-0.4288919379124841,31.4,29.3,30.6,67.0,2.9,29.833333333333332,30.357142857142858,68.42857142857143,1.5571428571428572,1.8946038661218239,-2.8999999999999986
2019-09-05,Hyderabad,30.4,46,0.0,5.7,3,9,3,-0.9033558023246842,-0.4288919379124841,30.7,31.3,29.5,49.0,0.0,30.766666666666676,30.428571428571427,43.0,0.0,2.0196652244982074,-0.3000000000000007
2019-09-05,Bangalore,23.4,56,0.0,5.9,3,9,3,-0.9033558023246842,-0.4288919379124841,21.0,21.9,26.2,59.0,2.7,22.400000000000002,23.97142857142857,51.714285714285715,0.38571428571428573,2.3164011495668104,2.3999999999999986
2019-09-06,Delhi,25.9,45,0.0,5.3,4,9,3,-0.9106046300942162,-0.41327860778290443,31.4,35.0,30.4,40.0,0.0,30.166666666666657,31.985714285714288,36.42857142857143,0.37142857142857144,2.9807317733673817,-5.5
2019-09-06,Bangalore,22.4,45,0.0,3.7,4,9,3,-0.9106046300942162,-0.41327860778290443,23.4,22.8,25.3,56.0,0.0,22.266666666666666,23.557142857142853,50.0,0.38571428571428573,2.2984466804468835,-1.0
2019-09-07,Delhi,25.3,42,0.0,6.2,5,9,3,-0.9175836260593934,-0.3975428142825566,25.9,33.2,32.8,45.0,0.0,27.53333333333332,30.914285714285715,36.714285714285715,0.0,3.8580774881749043,-0.5999999999999979
2019-09-07,Bangalore,23.0,59,0.0,3.9,5,9,3,-0.9175836260593934,-0.3975428142825566,22.4,21.0,27.3,45.0,0.0,22.933333333333334,22.942857142857143,50.857142857142854,0.38571428571428573,1.5998511835555091,0.6000000000000014
2019-09-08,Delhi,28.1,34,0.0,4.8,6,9,3,-0.9242907221930934,-0.3816892202666586,25.3,31.4,31.5,42.0,0.0,26.433333333333323,30.428571428571427,37.42857142857143,0.0,3.9840156817438714,2.8000000000000007
2019-09-08,Mumbai,25.5,68,0.0,4.6,6,9,3,-0.9242907221930934,-0.3816892202666586,28.5,29.6,28.7,70.0,1.2,28.466666666666665,29.900000000000002,68.71428571428571,1.1,2.611512971440112,-3.0
2019-09-09,Bangalore,27.0,56,0.0,4.0,0,9,3,-0.9307239310379793,-0.3657225234972692,23.0,23.4,26.1,59.0,0.0,24.13333333333333,23.071428571428573,52.285714285714285,0.38571428571428573,1.9032553565880495,4.0
2019-09-09,Hyderabad,27.9,50,1.9,5.3,0,9,3,-0.9307239310379793,-0.3657225234972692,30.4,31.2,32.7,46.0,0.0,29.666666666666675,29.742857142857144,44.142857142857146,0.2714285714285714,1.932922780710673,-2.5
2019-09-10,Hyderabad,25.3,42,0.0,5.9,1,9,3,-0.9368813462954315,-0.34964745525122826,27.9,30.7,26.2,50.0,1.9,27.866666666666674,29.61428571428571,44.714285714285715,0.2714285714285714,2.216926228985014,-2.599999999999998
2019-09-10,Chennai,32.6,65,0.0,5.7,1,9,3,-0.9368813462954315,-0.34964745525122826,27.4,31.6,35.0,64.0,0.0,30.600000000000005,31.085714285714285,62.285714285714285,0.32857142857142857,2.424478343498954,5.200000000000003
2019-09-10,Bangalore,22.9,60,0.0,4.1,1,9,3,-0.9368813462954315,-0.34964745525122826,27.0,22.4,21.9,56.0,0.0,24.3,23.214285714285715,54.42857142857143,0.38571428571428573,1.837052504628557,-4.100000000000001
2019-09-10,Delhi,29.1,42,0.0,4.8,1,9,3,-0.9368813462954315,-0.34964745525122826,28.1,25.9,34.1,34.0,0.0,27.49999999999999,29.714285714285715,38.857142857142854,0.0,3.650309836816886,1.0
2019-09-11,Bangalore,23.6,55,0.0,5.1,2,9,3,-0.9427611433904206,-0.33346877891818705,22.9,23.0,22.8,60.0,0.0,24.5,23.328571428571426,55.714285714285715,0.38571428571428573,1.8318608805568277,0.7000000000000028
2019-09-12,Hyderabad,30.4,44,0.0,6.5,3,9,3,-0.9483615800121716,-0.31719128858910595,25.3,30.4,30.5,42.0,0.0,27.866666666666674,29.599999999999998,45.57142857142857,0.2714285714285714,2.2105806175451908,5.099999999999998
2019-09-12,Delhi,28.8,42,0.0,5.5,3,9,3,-0.9483615800121716,-0.31719128858910595,29.1,25.3,35.0,42.0,0.0,28.666666666666657,28.82857142857143,39.857142857142854,0.0,2.809338169815317,-0.3000000000000007
2019-09-12,Chennai,28.1,68,0.0,6.3,3,9,3,-0.9483615800121716,-0.31719128858910595,32.6,31.8,30.4,65.0,0.0,29.36666666666667,30.757142857142856,62.857142857142854,0.32857142857142857,2.6757286502042748,-4.5
2019-09-13,Delhi,28.2,41,0.0,6.4,4,9,3,-0.9536809966304455,-0.300819807635668,28.8,28.1,33.2,42.0,0.0,28.69999999999999,28.114285714285717,40.857142857142854,0.0,2.0440389521962734,-0.6000000000000014
2019-09-14,Mumbai,26.2,78,0.0,5.9,5,9,3,-0.9587178169872964,-0.2843591872810036,25.5,31.4,31.2,68.0,0.0,26.733333333333334,29.185714285714283,70.71428571428571,1.0999999999999999,2.867884569636981,0.6999999999999993
2019-09-14,Delhi,28.0,47,0.0,5.3,5,9,3,-0.9587178169872964,-0.2843591872810036,28.2,29.1,31.4,41.0,0.0,28.333333333333325,27.62857142857143,41.857142857142854,0.0,1.4511079510893545,-0.1999999999999993
2019-09-15,Chennai,30.6,65,0.0,5.3,6,9,3,-0.9634705485641486,-0.26781430516217486,28.1,27.4,29.0,68.0,0.0,30.433333333333337,30.98571428571429,62.42857142857143,0.32857142857142857,2.5667285088406655,2.5
2019-09-15,Bangalore,23.2,63,0.0,3.8,6,9,3,-0.9634705485641486,-0.26781430516217486,23.6,27.0,21.0,55.0,0.0,23.233333333333334,23.642857142857142,56.285714285714285,0.0,1.5295501984321924,-0.40000000000000213
2019-09-16,Bangalore,22.6,54,0.0,5.3,0,9,3,-0.9679377830240642,-0.25119006388481957,23.2,22.9,23.4,63.0,0.0,23.133333333333336,23.52857142857143,56.0,0.0,1.5797829869049849,-0.5999999999999979
2019-09-16,Delhi,27.5,31,0.0,4.9,0,9,3,-0.9679377830240642,-0.25119006388481957,28.0,28.8,25.9,47.0,0.0,27.89999999999999,27.857142857142858,39.857142857142854,0.0,1.2447987024110534,-0.5
2019-09-16,Hyderabad,30.0,41,0.0,4.8,0,9,3,-0.9679377830240642,-0.25119006388481957,30.4,27.9,31.3,44.0,0.0,28.566666666666677,29.41428571428571,45.142857142857146,0.2714285714285714,2.0955735662172277,-0.3999999999999986
2019-09-17,Delhi,25.7,44,0.0,6.6,1,9,3,-0.9721181966290612,-0.23449138957041052,27.5,28.2,25.3,31.0,0.0,27.066666666666652,27.914285714285715,40.142857142857146,0.0,1.10969751348239,-1.8000000000000007
2019-09-17,Mumbai,25.6,69,3.2,5.1,1,9,3,-0.9721181966290612,-0.23449138957041052,26.2,28.5,33.8,78.0,0.0,25.76666666666667,28.014285714285716,70.71428571428571,1.4428571428571428,2.2843150479071976,-0.5999999999999979
2019-09-18,Delhi,24.9,41,0.0,3.8,2,9,3,-0.9760105506323682,-0.21772323039653224,25.7,28.0,28.1,44.0,0.0,26.03333333333332,27.457142857142856,41.142857142857146,0.0,1.5799336936058277,-0.8000000000000007
2019-09-18,Hyderabad,23.9,50,0.0,5.6,2,9,3,-0.9760105506323682,-0.21772323039653224,30.0,25.3,31.2,41.0,0.0,28.10000000000001,28.37142857142857,46.0,0.2714285714285714,2.7674984406585463,-6.100000000000001
2019-09-19,Bangalore,24.5,55,2.4,5.8,3,9,3,-0.9796136916454901,-0.20089055513063528,22.6,23.6,22.4,54.0,0.0,23.433333333333337,23.82857142857143,57.42857142857143,0.34285714285714286,1.5283043825476756,1.8999999999999986
2019-09-19,Hyderabad,32.4,44,0.0,4.8,3,9,3,-0.9796136916454901,-0.20089055513063528,23.9,30.4,30.7,50.0,0.0,28.766666666666676,28.614285714285717,45.285714285714285,0.2714285714285714,3.064543778677085,8.5
2019-09-19,Delhi,30.8,49,0.0,4.6,3,9,3,-0.9796136916454901,-0.20089055513063528,24.9,27.5,29.1,41.0,0.0,27.133333333333322,27.7,42.142857142857146,0.0,1.9595917942266576,5.900000000000002
2019-09-20,Bangalore,27.5,48,0.0,5.2,4,9,3,-0.9829265519799822,-0.18399835165767986,24.5,23.2,23.0,55.0,2.4,24.866666666666664,24.47142857142857,55.857142857142854,0.34285714285714286,1.996425376946112,3.0
2019-09-20,Delhi,25.7,41,0.0,4.3,4,9,3,-0.9829265519799822,-0.18399835165767986,30.8,25.7,28.8,49.0,0.0,27.133333333333326,27.25714285714286,42.0,0.0,2.0189577697889014,-5.100000000000001
2019-09-20,Chennai,28.8,70,0.0,5.1,4,9,3,-0.9829265519799822,-0.18399835165767986,30.6,32.6,34.8,65.0,0.0,29.16666666666667,30.12857142857143,64.14285714285714,0.32857142857142857,2.0254335220838797,-1.8000000000000007
2019-09-22,Chennai,28.0,69,0.0,3.4,6,9,3,-0.9886775902323404,-0.15005539834465262,28.8,28.1,31.6,70.0,0.0,29.133333333333336,29.614285714285717,65.28571428571429,0.0,2.0464836276147866,-0.8000000000000007
2019-09-22,Hyderabad,27.8,38,0.0,3.9,6,9,3,-0.9886775902323404,-0.15005539834465262,32.4,30.0,30.4,44.0,0.0,28.033333333333342,28.24285714285714,44.142857142857146,0.2714285714285714,2.968084198523297,-4.599999999999998
2019-09-22,Delhi,25.9,46,0.0,5.1,6,9,3,-0.9886775902323404,-0.15005539834465262,25.7,24.9,28.2,41.0,0.0,27.466666666666658,26.928571428571427,42.714285714285715,0.0,2.0270785922228454,0.1999999999999993
2019-09-23,Delhi,30.6,39,0.0,4.4,0,9,3,-0.9911140639934546,-0.13301470653419636,25.9,30.8,28.0,46.0,0.0,27.39999999999999,27.3,41.57142857142857,0.0,2.450170062125041,4.700000000000003
2019-09-23,Hyderabad,28.6,49,0.0,5.6,0,9,3,-0.9911140639934546,-0.13301470653419636,27.8,23.9,27.9,38.0,0.0,29.600000000000012,28.342857142857138,44.0,0.0,2.9663991318640313,0.8000000000000007
2019-09-24,Delhi,29.8,48,0.0,4.9,1,9,3,-0.9932568492674143,-0.11593459959550066,30.6,25.7,27.5,39.0,0.0,28.766666666666655,27.62857142857143,44.0,0.0,2.6291407251003913,-0.8000000000000007
2019-09-24,Hyderabad,30.0,45,0.0,3.3,1,9,3,-0.9932568492674143,-0.11593459959550066,28.6,32.4,25.3,49.0,0.0,28.80000000000001,29.014285714285712,44.42857142857143,0.0,2.6810623338697437,1.3999999999999986
2019-09-25,Hyderabad,23.3,48,0.0,5.8,2,9,3,-0.9951053111006974,-0.09882013873287211,30.0,27.8,30.4,45.0,0.0,27.30000000000001,28.0,45.0,0.0,3.3331666624997744,-6.699999999999999
2019-09-25,Bangalore,24.9,62,0.0,3.0,2,9,3,-0.9951053111006974,-0.09882013873287211,27.5,22.6,27.0,48.0,0.0,25.633333333333336,24.171428571428574,56.714285714285715,0.34285714285714286,1.6869245050429578,-2.6000000000000014
2019-09-25,Delhi,27.1,42,0.0,4.4,2,9,3,-0.9951053111006974,-0.09882013873287211,29.8,25.9,25.7,48.0,0.0,29.166666666666657,27.82857142857143,43.714285714285715,0.0,2.5084618698280803,-2.6999999999999993
2019-09-26,Delhi,23.2,46,0.0,5.4,3,9,3,-0.99665890175417,-0.08167639533042288,27.1,30.6,24.9,42.0,0.0,26.69999999999999,27.585714285714285,44.42857142857143,0.0,2.892189811330226,-3.900000000000002
2019-09-27,Chennai,29.8,65,0.0,1.4,4,9,3,-0.9979171608653922,-0.06450844944931625,28.0,30.6,31.8,69.0,0.0,28.86666666666667,29.32857142857143,66.57142857142857,0.0,1.8172454298693614,1.8000000000000007
2019-09-27,Mumbai,24.3,65,0.0,1.0,4,9,3,-0.9979171608653922,-0.06450844944931625,25.6,25.5,29.3,69.0,3.2,25.36666666666667,27.3,69.57142857142857,1.042857142857143,2.5781130050226095,-1.3000000000000007
2019-09-27,Bangalore,22.9,60,0.0,2.5,4,9,3,-0.9979171608653922,-0.06450844944931625,24.9,24.5,22.9,62.0,0.0,25.099999999999998,24.17142857142857,56.714285714285715,0.34285714285714286,1.6869245050429578,-2.0
2019-09-27,Hyderabad,24.4,51,0.0,2.6,4,9,3,-0.9979171608653922,-0.06450844944931625,23.3,28.6,30.0,48.0,0.0,25.900000000000006,27.2,46.42857142857143,0.0,3.443351080948121,1.0999999999999979
2019-09-27,Delhi,28.5,47,0.0,4.3,4,9,3,-0.9979171608653922,-0.06450844944931625,23.2,29.8,30.8,46.0,0.0,26.266666666666662,27.257142857142856,44.142857142857146,0.0,2.579959394291114,5.300000000000001
2019-09-28,Hyderabad,27.4,40,0.0,3.3,5,9,3,-0.9988797155850335,-0.04732138832243232,24.4,30.0,23.9,51.0,0.0,25.033333333333342,27.699999999999996,45.0,0.0,3.1235663378046845,3.0
2019-09-28,Bangalore,21.3,53,0.0,2.0,5,9,3,-0.9988797155850335,-0.04732138832243232,22.9,27.5,23.6,60.0,0.0,23.03333333333333,23.842857142857145,56.42857142857143,0.34285714285714286,2.0098566639250555,-1.5999999999999979
2019-09-28,Mumbai,28.0,78,0.0,3.1,5,9,3,-0.9988797155850335,-0.04732138832243232,24.3,26.2,29.6,65.0,0.0,25.96666666666667,27.071428571428573,70.71428571428571,1.042857142857143,2.4053511772118297,3.6999999999999993
2019-09-28,Chennai,32.3,65,0.0,3.2,5,9,3,-0.9988797155850335,-0.04732138832243232,29.8,28.8,27.4,65.0,0.0,30.033333333333335,30.02857142857143,66.71428571428571,0.0,1.8927178744813236,2.4999999999999964
2019-09-28,Delhi,28.7,42,0.0,3.1,5,9,3,-0.9988797155850335,-0.04732138832243232,28.5,27.1,25.7,47.0,0.0,26.799999999999986,27.685714285714287,44.285714285714285,0.0,2.5268086403133805,0.1999999999999993
2019-09-29,Mumbai,28.4,62,0.0,2.8,6,9,3,-0.9995462806873573,-0.03012030484690836,28.0,25.6,31.4,78.0,0.0,26.900000000000002,26.642857142857142,70.0,0.6285714285714287,1.656157342421668,0.3999999999999986
2019-09-29,Chennai,30.6,68,0.0,3.4,6,9,3,-0.9995462806873573,-0.03012030484690836,32.3,28.0,32.6,65.0,0.0,30.900000000000006,29.74285714285714,67.14285714285714,0.0,1.561897502886776,-1.6999999999999957
2019-09-29,Bangalore,22.0,62,0.0,2.8,6,9,3,-0.9995462806873573,-0.03012030484690836,21.3,24.9,23.2,53.0,0.0,22.066666666666666,23.67142857142857,56.285714285714285,0.34285714285714286,2.1218814652051363,0.6999999999999993
2019-09-29,Delhi,25.9,46,0.0,3.4,6,9,3,-0.9995462806873573,-0.03012030484690836,28.7,23.2,25.9,42.0,0.0,27.69999999999999,27.685714285714283,44.285714285714285,0.0,2.5268086403133805,-2.8000000000000007
2019-09-29,Hyderabad,25.4,45,0.0,2.1,6,9,3,-0.9995462806873573,-0.03012030484690836,27.4,23.3,32.4,40.0,0.0,25.733333333333338,26.7,45.142857142857146,0.0,2.4062418831031835,-2.0
2019-09-30,Delhi,29.2,45,0.0,3.8,0,9,3,-0.9999166586547379,-0.012910296075008843,25.9,28.5,30.6,46.0,0.0,27.933333333333323,27.485714285714288,45.142857142857146,0.0,2.3032068740697986,3.3000000000000007
2019-09-30,Mumbai,31.3,66,0.0,2.0,0,9,3,-0.9999166586547379,-0.012910296075008843,28.4,24.3,28.5,62.0,0.0,29.233333333333334,27.042857142857144,69.42857142857143,0.4571428571428572,2.365626867489995,2.900000000000002
2019-09-30,Hyderabad,28.7,44,0.0,2.4,0,9,3,-0.9999166586547379,-0.012910296075008843,25.4,24.4,27.8,45.0,0.0,27.166666666666675,26.82857142857143,46.0,0.0,2.497141222621226,3.3000000000000007
2019-09-30,Chennai,31.0,61,0.0,2.2,0,9,3,-0.9999166586547379,-0.012910296075008843,30.6,29.8,28.1,68.0,0.0,31.3,30.157142857142862,66.14285714285714,0.0,1.4327795164844077,0.3999999999999986
2019-09-30,Bangalore,24.2,60,0.0,3.1,0,9,3,-0.9999166586547379,-0.012910296075008843,22.0,22.9,22.6,62.0,0.0,22.5,23.900000000000002,57.142857142857146,0.34285714285714286,2.0728402414722678,2.1999999999999993
2019-10-01,Bangalore,23.1,56,0.0,2.6,1,10,4,-0.9999907397361901,0.004303538296243821,24.2,21.3,24.5,60.0,0.0,23.100000000000005,23.7,57.285714285714285,0.0,2.072840241472268,-1.0999999999999979
2019-10-01,Delhi,27.3,40,0.0,2.8,1,10,4,-0.9999907397361901,0.004303538296243821,29.2,28.7,29.8,45.0,0.0,27.466666666666654,27.128571428571426,44.0,0.0,2.0661673744031783,-1.8999999999999986
2019-10-01,Mumbai,28.1,65,0.0,4.7,1,10,4,-0.9999907397361901,0.004303538296243821,31.3,28.0,25.5,66.0,0.0,29.26666666666667,27.414285714285715,69.0,0.4571428571428572,2.2857738087487895,-3.1999999999999993
2019-10-01,Hyderabad,31.3,51,0.0,6.2,1,10,4,-0.9999907397361901,0.004303538296243821,28.7,27.4,28.6,44.0,0.0,28.46666666666668,27.214285714285715,46.285714285714285,0.0,2.9784943463818254,2.6000000000000014
2019-10-01,Chennai,28.1,65,0.0,2.8,1,10,4,-0.9999907397361901,0.004303538296243821,31.0,32.3,30.6,61.0,0.0,29.900000000000006,29.8,66.14285714285714,0.0,1.6051998837113106,-2.8999999999999986
2019-10-02,Hyderabad,29.5,41,0.0,1.6,2,10,4,-0.9997685019798909,0.021516097436222233,31.3,25.4,30.0,51.0,0.0,29.833333333333343,27.142857142857142,45.714285714285715,0.0,2.9056595022227008,-1.8000000000000007
2019-10-02,Chennai,28.5,69,0.0,1.6,2,10,4,-0.9997685019798909,0.021516097436222233,28.1,30.6,28.8,65.0,0.0,29.200000000000003,29.75714285714286,66.0,0.0,1.6399767710318174,0.3999999999999986
2019-10-02,Delhi,27.7,45,0.0,1.2,2,10,4,-0.9997685019798909,0.021516097436222233,27.3,25.9,27.1,40.0,0.0,28.06666666666666,27.214285714285715,44.42857142857143,0.0,2.077200497006103,0.3999999999999986
2019-10-02,Mumbai,26.2,73,0.0,1.4,2,10,4,-0.9997685019798909,0.021516097436222233,28.1,28.4,26.2,65.0,0.0,28.53333333333333,27.414285714285715,68.28571428571429,0.4571428571428572,2.2857738087487895,-1.9000000000000021
2019-10-02,Bangalore,22.9,58,0.0,2.9,2,10,4,-0.9997685019798909,0.021516097436222233,23.1,22.0,27.5,56.0,0.0,23.400000000000002,23.042857142857144,58.714285714285715,0.0,1.2218253323848265,-0.20000000000000284
2019-10-03,Mumbai,25.8,74,0.0,2.0,3,10,4,-0.9992500112396835,0.03872228089217399,26.2,31.3,25.6,73.0,0.0,26.7,27.442857142857147,69.0,0.0,2.2604255815053618,-0.3999999999999986
2019-10-03,Chennai,25.7,65,0.0,2.4,3,10,4,-0.9992500112396835,0.03872228089217399,28.5,31.0,28.0,69.0,0.0,27.433333333333337,29.428571428571427,65.42857142857143,0.0,2.1891507377019694,-2.8000000000000007
2019-10-03,Delhi,23.1,39,0.0,2.0,3,10,4,-0.9992500112396835,0.03872228089217399,27.7,29.2,23.2,45.0,0.0,26.03333333333332,27.2,43.42857142857143,0.0,2.1095023109730153,-4.599999999999998
2019-10-03,Bangalore,23.1,58,0.0,5.5,3,10,4,-0.9992500112396835,0.03872228089217399,22.9,24.2,24.9,58.0,0.0,23.03333333333333,22.785714285714285,58.142857142857146,0.0,0.9172941575245763,0.20000000000000284
2019-10-03,Hyderabad,28.0,52,0.0,3.0,3,10,4,-0.9992500112396835,0.03872228089217399,29.5,28.7,23.3,41.0,0.0,29.60000000000001,27.814285714285713,46.285714285714285,0.0,2.3617991527848297,-1.5
2019-10-04,Delhi,23.2,47,0.0,3.0,4,10,4,-0.9984354211555643,0.05591699010060302,23.1,27.3,28.5,39.0,0.0,24.666666666666657,26.442857142857143,43.42857142857143,0.0,2.4831815230045193,0.09999999999999787
2019-10-04,Hyderabad,21.1,54,0.0,1.6,4,10,4,-0.9984354211555643,0.05591699010060302,28.0,31.3,24.4,52.0,0.0,26.200000000000006,27.342857142857138,46.714285714285715,0.0,3.299927849139088,-6.899999999999999
2019-10-04,Bangalore,22.4,60,0.0,2.9,4,10,4,-0.9984354211555643,0.05591699010060302,23.1,23.1,22.9,58.0,0.0,22.8,22.714285714285715,58.142857142857146,0.0,0.9263343014783536,-0.7000000000000028
2019-10-04,Chennai,30.1,75,0.0,4.2,4,10,4,-0.9984354211555643,0.05591699010060302,25.7,28.1,29.8,65.0,0.0,28.100000000000005,29.471428571428568,66.85714285714286,0.0,2.2005410590082337,4.400000000000002
2019-10-05,Mumbai,30.7,70,0.0,3.3,5,10,4,-0.9973249731081555,0.07309512989807776,25.8,28.1,24.3,74.0,0.0,27.566666666666666,28.357142857142858,69.71428571428571,0.0,2.0630536774864816,4.899999999999999
2019-10-05,Chennai,31.0,72,0.0,2.9,5,10,4,-0.9973249731081555,0.07309512989807776,30.1,28.5,32.3,75.0,0.0,28.933333333333337,29.285714285714285,67.85714285714286,0.0,1.9642034614813613,0.8999999999999986
2019-10-05,Hyderabad,27.9,57,0.0,3.6,5,10,4,-0.9973249731081555,0.07309512989807776,21.1,29.5,27.4,54.0,0.0,25.666666666666675,27.414285714285715,49.142857142857146,0.0,3.3067751518302266,6.799999999999997
2019-10-05,Bangalore,20.4,57,0.0,2.8,5,10,4,-0.9973249731081555,0.07309512989807776,22.4,22.9,21.3,60.0,0.0,21.96666666666667,22.585714285714285,58.714285714285715,0.0,1.1824107738410505,-2.0
2019-10-05,Delhi,26.0,44,0.0,2.7,5,10,4,-0.9973249731081555,0.07309512989807776,23.2,27.7,28.7,47.0,0.0,24.09999999999999,26.057142857142853,43.714285714285715,0.0,2.2751242770870967,2.8000000000000007
2019-10-06,Mumbai,28.0,68,0.0,3.6,6,10,4,-0.9959189961471792,0.0902516100310407,30.7,26.2,28.0,70.0,0.0,28.166666666666668,28.357142857142858,68.28571428571429,0.0,2.0630536774864816,-2.6999999999999993
2019-10-06,Bangalore,18.8,60,0.0,2.7,6,10,4,-0.9959189961471792,0.0902516100310407,20.4,23.1,22.0,57.0,0.0,20.53333333333333,22.12857142857143,58.42857142857143,0.0,1.8670067717377041,-1.5999999999999979
2019-10-06,Hyderabad,27.7,53,0.0,2.4,6,10,4,-0.9959189961471792,0.0902516100310407,27.9,28.0,25.4,57.0,0.0,25.566666666666677,27.742857142857144,50.285714285714285,0.0,3.1853085370479217,-0.1999999999999993
2019-10-06,Chennai,31.4,74,0.0,3.1,6,10,4,-0.9959189961471792,0.0902516100310407,31.0,25.7,30.6,72.0,0.0,30.833333333333332,29.4,68.71428571428571,0.0,2.073644135332802,0.3999999999999986
2019-10-06,Delhi,24.1,42,0.0,5.0,6,10,4,-0.9959189961471792,0.0902516100310407,26.0,23.1,25.9,44.0,0.0,24.433333333333323,25.800000000000004,43.142857142857146,0.0,2.3944379994758616,-1.8999999999999986
2019-10-07,Chennai,30.7,72,0.0,2.1,0,10,4,-0.994217906893952,0.10738134666416306,31.4,30.1,31.0,74.0,0.0,31.033333333333335,29.357142857142858,70.28571428571429,0.0,2.037856016223243,-0.6999999999999993
2019-10-07,Mumbai,28.3,69,0.0,3.2,0,10,4,-0.994217906893952,0.10738134666416306,28.0,25.8,28.4,68.0,0.0,29.0,28.342857142857145,69.28571428571429,0.0,2.0630536774864816,0.3000000000000007
2019-10-07,Hyderabad,29.6,55,0.0,0.5,0,10,4,-0.994217906893952,0.10738134666416306,27.7,21.1,28.7,53.0,0.0,28.40000000000001,27.87142857142857,51.857142857142854,0.0,3.247929743551653,1.9000000000000021
2019-10-07,Bangalore,23.9,55,0.0,3.0,0,10,4,-0.994217906893952,0.10738134666416306,18.8,22.4,24.2,60.0,0.0,21.03333333333333,22.085714285714285,57.714285714285715,0.0,1.8142294704443345,5.099999999999998
2019-10-08,Hyderabad,25.0,50,0.0,2.6,1,10,4,-0.9922222094179324,0.12447926388678869,29.6,27.9,31.3,55.0,0.0,27.43333333333334,26.97142857142857,51.714285714285715,0.0,3.0031729252654693,-4.600000000000001
2019-10-08,Bangalore,20.9,58,0.0,3.7,1,10,4,-0.9922222094179324,0.12447926388678869,23.9,20.4,23.1,55.0,0.0,21.2,21.77142857142857,58.0,0.0,1.7997354302918473,-3.0
2019-10-08,Chennai,29.3,70,0.0,1.9,1,10,4,-0.9922222094179324,0.12447926388678869,30.7,31.0,28.1,72.0,0.0,30.46666666666667,29.52857142857143,71.0,0.0,1.9635972819584,-1.3999999999999986
2019-10-08,Delhi,24.7,41,0.0,3.3,1,10,4,-0.9922222094179324,0.12447926388678869,24.1,23.2,29.2,42.0,0.0,24.933333333333323,25.157142857142855,42.57142857142857,0.0,1.8778153466704801,0.5999999999999979
2019-10-08,Mumbai,27.3,70,0.0,2.2,1,10,4,-0.9922222094179324,0.12447926388678869,28.3,30.7,31.3,69.0,0.0,27.866666666666664,27.771428571428572,69.85714285714286,0.0,1.6121562018140958,-1.0
2019-10-09,Chennai,25.1,65,0.0,3.9,2,10,4,-0.989932495087353,0.141540295217043,29.3,31.4,28.5,70.0,0.0,28.36666666666667,29.04285714285714,70.42857142857143,0.0,2.5831873998719592,-4.199999999999999
2019-10-09,Bangalore,22.7,56,0.0,4.5,2,10,4,-0.989932495087353,0.141540295217043,20.9,18.8,22.9,58.0,0.0,22.5,21.742857142857144,57.714285714285715,0.0,1.7803156488454435,1.8000000000000007
2019-10-09,Mumbai,26.6,73,0.0,0.5,2,10,4,-0.989932495087353,0.141540295217043,27.3,28.0,28.1,70.0,0.0,27.400000000000002,27.557142857142857,71.0,0.0,1.6601778447475177,-0.6999999999999993
2019-10-09,Hyderabad,23.9,50,0.0,2.4,2,10,4,-0.989932495087353,0.141540295217043,25.0,27.7,29.5,50.0,0.0,26.166666666666675,26.171428571428574,53.0,0.0,2.962945767145865,-1.1000000000000014
2019-10-09,Delhi,26.0,36,0.0,3.5,2,10,4,-0.989932495087353,0.141540295217043,24.7,26.0,27.3,41.0,0.0,24.933333333333323,24.97142857142857,42.0,0.0,1.6849473638806456,1.3000000000000007
2019-10-10,Bangalore,24.3,62,0.0,3.2,3,10,4,-0.9873494423939864,0.15855938510313475,22.7,23.9,23.1,56.0,0.0,22.63333333333333,21.91428571428571,58.285714285714285,0.0,1.9794179038534028,1.6000000000000014
2019-10-10,Hyderabad,26.6,47,0.0,5.1,3,10,4,-0.9873494423939864,0.15855938510313475,23.9,29.6,28.0,50.0,0.0,25.166666666666675,25.97142857142857,52.285714285714285,0.0,2.864561796455834,2.700000000000003
2019-10-10,Chennai,28.0,62,0.0,1.7,3,10,4,-0.9873494423939864,0.15855938510313475,25.1,30.7,25.7,65.0,0.0,27.46666666666667,29.37142857142857,70.0,0.0,2.2058364140875013,2.8999999999999986
2019-10-10,Mumbai,27.6,74,0.0,3.8,3,10,4,-0.9873494423939864,0.15855938510313475,26.6,28.3,26.2,73.0,0.0,27.166666666666668,27.75714285714286,71.14285714285714,0.0,1.5501152030920717,1.0
2019-10-10,Delhi,25.0,51,0.0,2.3,3,10,4,-0.9873494423939864,0.15855938510313475,26.0,24.1,27.7,36.0,0.0,25.233333333333324,24.585714285714285,42.857142857142854,0.0,1.1936339073445683,-1.0
2019-10-11,Delhi,26.3,47,0.0,3.1,4,10,4,-0.9844738167520923,0.17553149042142777,25.0,24.7,23.1,51.0,0.0,25.766666666666655,25.042857142857144,44.0,0.0,1.1414276774539227,1.3000000000000007
2019-10-11,Chennai,29.9,75,0.0,2.6,4,10,4,-0.9844738167520923,0.17553149042142777,28.0,29.3,30.1,62.0,0.0,27.66666666666667,29.342857142857145,70.0,0.0,2.1961004400658144,1.8999999999999986
2019-10-11,Bangalore,20.5,55,0.0,2.6,4,10,4,-0.9844738167520923,0.17553149042142777,24.3,20.9,22.4,62.0,0.0,22.5,21.642857142857142,57.57142857142857,0.0,2.0313026549952227,-3.8000000000000007
2019-10-11,Mumbai,26.4,71,0.0,4.0,4,10,4,-0.9844738167520923,0.17553149042142777,27.6,27.3,25.8,74.0,0.0,26.86666666666667,27.842857142857145,70.71428571428571,0.0,1.4362649974350743,-1.2000000000000028
2019-10-11,Hyderabad,24.7,54,0.0,2.5,4,10,4,-0.9844738167520923,0.17553149042142777,26.6,25.0,21.1,47.0,0.0,25.066666666666677,26.485714285714284,52.285714285714285,0.0,2.0521765448977667,-1.9000000000000021
2019-10-12,Bangalore,23.1,59,0.0,3.0,5,10,4,-0.9813064702716093,0.19245158197082995,20.5,22.7,20.4,55.0,0.0,22.633333333333336,22.028571428571432,57.857142857142854,0.0,2.0122245448875176,2.6000000000000014
2019-10-12,Chennai,29.9,71,0.0,2.7,5,10,4,-0.9813064702716093,0.19245158197082995,29.9,25.1,31.0,75.0,0.0,29.266666666666666,29.185714285714287,69.85714285714286,0.0,2.094778088031129,0.0
2019-10-12,Mumbai,26.0,72,0.0,2.4,5,10,4,-0.9813064702716093,0.19245158197082995,26.4,26.6,30.7,71.0,0.0,26.666666666666668,27.171428571428574,71.0,0.0,0.8616153157767099,-0.3999999999999986
2019-10-12,Hyderabad,28.2,60,0.0,2.3,5,10,4,-0.9813064702716093,0.19245158197082995,24.7,23.9,27.9,54.0,0.0,26.50000000000001,26.528571428571432,52.714285714285715,0.0,2.0894291770036735,3.5
2019-10-12,Delhi,24.4,48,0.0,3.2,5,10,4,-0.9813064702716093,0.19245158197082995,26.3,26.0,23.2,47.0,0.0,25.233333333333324,25.214285714285715,44.142857142857146,0.0,0.8783100656540767,-1.9000000000000021
2019-10-13,Hyderabad,28.5,53,0.0,2.4,6,10,4,-0.9778483415056567,0.20931464596304888,28.2,26.6,27.7,60.0,0.0,27.133333333333344,26.642857142857142,52.714285714285715,0.0,2.1839239477426324,0.3000000000000007
2019-10-13,Chennai,27.7,76,0.0,2.9,6,10,4,-0.9778483415056567,0.20931464596304888,29.9,28.0,31.4,71.0,0.0,29.166666666666668,28.657142857142855,70.14285714285714,0.0,1.900751730988884,-2.1999999999999993
2019-10-13,Delhi,28.5,40,0.0,3.0,6,10,4,-0.9778483415056567,0.20931464596304888,24.4,25.0,26.0,48.0,0.0,26.39999999999999,25.571428571428573,43.57142857142857,0.0,1.522841954717654,4.100000000000001
2019-10-13,Bangalore,21.3,66,0.0,2.9,6,10,4,-0.9778483415056567,0.20931464596304888,23.1,24.3,18.8,59.0,0.0,21.633333333333336,22.385714285714283,58.714285714285715,0.0,1.5004761149144377,-1.8000000000000007
2019-10-13,Mumbai,28.5,77,0.0,2.0,6,10,4,-0.9778483415056567,0.20931464596304888,26.0,27.6,28.0,72.0,0.0,26.96666666666667,27.242857142857144,72.28571428571429,0.0,0.9571783930859081,2.5
2019-10-14,Hyderabad,26.6,52,0.0,3.9,0,10,4,-0.9741004551724206,0.22611568550828803,28.5,24.7,29.6,53.0,0.0,27.766666666666676,26.214285714285715,52.285714285714285,0.0,1.7601406870177223,-1.8999999999999986
2019-10-14,Bangalore,22.3,55,0.0,3.8,0,10,4,-0.9741004551724206,0.22611568550828803,21.3,20.5,23.9,66.0,0.0,22.233333333333334,22.157142857142855,58.714285714285715,0.0,1.3451854182691576,1.0
2019-10-14,Delhi,22.1,40,0.0,4.0,0,10,4,-0.9741004551724206,0.22611568550828803,28.5,26.3,24.1,40.0,0.0,24.99999999999999,25.285714285714285,43.285714285714285,0.0,1.9675946156231627,-6.399999999999999
2019-10-14,Chennai,32.7,72,0.0,3.8,0,10,4,-0.9741004551724206,0.22611568550828803,27.7,29.9,30.7,76.0,0.0,30.100000000000005,28.942857142857143,70.14285714285714,0.0,2.355035132687108,5.0000000000000036
2019-10-15,Bangalore,21.8,58,0.0,2.7,1,10,4,-0.970063921851507,0.2428497220959358,22.3,23.1,20.9,55.0,0.0,21.8,22.285714285714285,58.714285714285715,0.0,1.2442247538509246,-0.5
2019-10-15,Hyderabad,26.5,51,0.0,3.0,1,10,4,-0.970063921851507,0.2428497220959358,26.6,28.2,25.0,52.0,0.0,27.200000000000006,26.428571428571427,52.42857142857143,0.0,1.6770154896067357,-0.10000000000000142
2019-10-15,Mumbai,31.7,73,0.0,3.2,1,10,4,-0.970063921851507,0.2428497220959358,28.5,26.4,28.3,77.0,0.0,28.73333333333333,27.728571428571428,72.85714285714286,0.0,1.9405448424899423,3.1999999999999993
2019-10-15,Delhi,22.7,39,0.0,1.9,1,10,4,-0.970063921851507,0.2428497220959358,22.1,24.4,24.7,40.0,0.0,24.433333333333323,25.0,43.0,0.0,2.198484326378983,0.5999999999999979
2019-10-15,Chennai,30.7,73,0.0,3.7,1,10,4,-0.970063921851507,0.2428497220959358,32.7,29.9,29.3,72.0,0.0,30.36666666666667,29.142857142857142,70.57142857142857,0.0,2.44803127897853,-2.0000000000000036
2019-10-16,Delhi,25.4,41,0.0,3.6,2,10,4,-0.965739937654855,0.25951179706979943,22.7,28.5,26.0,39.0,0.0,23.399999999999988,24.914285714285715,43.714285714285715,0.0,2.164431081084041,2.6999999999999993
2019-10-16,Hyderabad,22.2,55,0.0,2.8,2,10,4,-0.965739937654855,0.25951179706979943,26.5,28.5,23.9,51.0,0.0,25.10000000000001,26.185714285714283,53.142857142857146,0.0,2.158262087443325,-4.300000000000001
2019-10-16,Bangalore,21.6,68,0.0,2.9,2,10,4,-0.965739937654855,0.25951179706979943,21.8,21.3,22.7,58.0,0.0,21.900000000000002,22.12857142857143,60.42857142857143,0.0,1.2526163095887657,-0.1999999999999993
2019-10-16,Mumbai,24.7,80,0.0,2.7,2,10,4,-0.965739937654855,0.25951179706979943,31.7,26.0,27.3,73.0,0.0,28.299999999999997,27.357142857142858,74.28571428571429,0.0,2.258950451616233,-7.0
2019-10-16,Chennai,31.6,83,0.0,1.9,2,10,4,-0.965739937654855,0.25951179706979943,30.7,27.7,25.1,73.0,0.0,31.66666666666667,30.071428571428573,73.14285714285714,0.0,1.808050778890837,0.9000000000000021
2019-10-17,Chennai,28.6,68,0.0,3.1,3,10,4,-0.9611297838723007,0.27609697309746883,31.6,32.7,28.0,83.0,0.0,30.3,30.157142857142862,74.0,0.0,1.7047552540439996,-3.0
2019-10-17,Bangalore,16.1,56,0.0,5.1,3,10,4,-0.9611297838723007,0.27609697309746883,21.6,22.3,24.3,68.0,0.0,19.833333333333336,20.95714285714286,59.57142857142857,0.0,2.289000613701097,-5.5
2019-10-17,Delhi,21.4,46,0.0,2.1,3,10,4,-0.9611297838723007,0.27609697309746883,25.4,22.1,25.0,41.0,0.0,23.166666666666657,24.400000000000002,43.0,0.0,2.5364016506330587,-4.0
2019-10-17,Hyderabad,25.5,49,0.0,3.3,3,10,4,-0.9611297838723007,0.27609697309746883,22.2,26.6,26.6,55.0,0.0,24.733333333333345,26.02857142857143,53.42857142857143,0.0,2.1631106349531937,3.3000000000000007
2019-10-18,Bangalore,25.1,63,0.0,2.5,4,10,4,-0.9562348265919058,0.2926003356333479,16.1,21.8,20.5,56.0,0.0,20.933333333333334,21.614285714285717,60.714285714285715,0.0,2.749805187904907,9.0
2019-10-18,Mumbai,27.6,80,0.0,1.9,4,10,4,-0.9562348265919058,0.2926003356333479,24.7,28.5,26.6,80.0,0.0,28.0,27.5,75.28571428571429,0.0,2.2345767682792577,2.900000000000002
2019-10-18,Delhi,22.5,37,0.0,3.5,4,10,4,-0.9562348265919058,0.2926003356333479,21.4,22.7,26.3,46.0,0.0,23.09999999999999,23.857142857142858,41.57142857142857,0.0,2.467696052905347,1.1000000000000014
2019-10-18,Hyderabad,25.3,51,0.0,3.7,4,10,4,-0.9562348265919058,0.2926003356333479,25.5,26.5,24.7,49.0,0.0,24.333333333333343,26.114285714285717,53.0,0.0,2.112998321050419,-0.1999999999999993
2019-10-18,Chennai,29.3,69,0.0,4.5,4,10,4,-0.9562348265919058,0.2926003356333479,28.6,30.7,29.9,68.0,0.0,29.833333333333332,30.071428571428573,73.14285714285714,0.0,1.7346606639477826,0.6999999999999993
2019-10-19,Chennai,26.7,68,0.0,1.7,5,10,4,-0.9510565162951536,0.30901699437494723,29.3,31.6,29.9,69.0,0.0,28.200000000000003,29.614285714285717,72.71428571428571,0.0,2.1574897229794714,-2.6000000000000014
2019-10-19,Bangalore,18.6,63,0.0,2.9,5,10,4,-0.9510565162951536,0.30901699437494723,25.1,21.6,23.1,63.0,0.0,19.933333333333334,20.97142857142857,61.285714285714285,0.0,2.8680506072443133,-6.5
2019-10-19,Delhi,20.0,42,0.0,1.7,5,10,4,-0.9510565162951536,0.30901699437494723,22.5,25.4,24.4,37.0,0.0,21.29999999999999,23.22857142857143,40.714285714285715,0.0,2.838846177419357,-2.5
2019-10-19,Mumbai,26.3,70,0.0,2.2,5,10,4,-0.9510565162951536,0.30901699437494723,27.6,31.7,27.6,80.0,0.0,26.2,27.314285714285713,74.71428571428571,0.0,2.278470665035785,-1.3000000000000007
2019-10-19,Hyderabad,25.8,55,0.0,3.4,5,10,4,-0.9510565162951536,0.30901699437494723,25.3,22.2,28.2,51.0,0.0,25.533333333333342,25.77142857142857,52.285714285714285,0.0,1.902379462422685,0.5
2019-10-20,Hyderabad,21.5,50,0.0,2.2,6,10,4,-0.9455963874271428,0.3253420847119795,25.8,25.5,28.5,55.0,0.0,24.200000000000006,24.77142857142857,51.857142857142854,0.0,2.0621301977278272,-4.300000000000001
2019-10-20,Mumbai,25.8,87,0.0,2.7,6,10,4,-0.9455963874271428,0.3253420847119795,26.3,24.7,26.4,70.0,0.0,26.566666666666666,27.228571428571428,77.0,0.0,2.329316270005928,-0.5
2019-10-20,Delhi,25.1,48,0.0,3.6,6,10,4,-0.9455963874271428,0.3253420847119795,20.0,21.4,28.5,42.0,0.0,22.53333333333332,22.742857142857144,41.857142857142854,0.0,1.9329227807109621,5.100000000000001
2019-10-20,Chennai,28.0,73,0.0,2.6,6,10,4,-0.9455963874271428,0.3253420847119795,26.7,28.6,27.7,68.0,0.0,28.0,29.657142857142862,72.28571428571429,0.0,2.1157009420498465,1.3000000000000007
2019-10-20,Bangalore,20.7,60,0.0,3.2,6,10,4,-0.9455963874271428,0.3253420847119795,18.6,16.1,21.3,63.0,0.0,21.46666666666667,20.885714285714283,60.42857142857143,0.0,2.865559032968744,2.099999999999998
2019-10-21,Chennai,28.0,69,0.0,2.7,0,10,4,-0.9398560579418953,0.341570769167856,28.0,29.3,32.7,73.0,0.0,27.566666666666666,28.985714285714288,71.85714285714286,0.0,1.6925607536398846,0.0
2019-10-21,Bangalore,20.0,61,0.0,1.5,0,10,4,-0.9398560579418953,0.341570769167856,20.7,25.1,22.3,60.0,0.0,19.766666666666666,20.557142857142857,61.285714285714285,0.0,2.8076426309018294,-0.6999999999999993
2019-10-21,Delhi,25.2,43,0.0,3.4,0,10,4,-0.9398560579418953,0.341570769167856,25.1,22.5,22.1,48.0,0.0,23.433333333333323,23.185714285714283,42.285714285714285,0.0,2.1082603977599135,0.09999999999999787
2019-10-21,Hyderabad,20.0,54,0.0,2.9,0,10,4,-0.9398560579418953,0.341570769167856,21.5,25.3,26.6,50.0,0.0,22.433333333333348,23.82857142857143,52.142857142857146,0.0,2.5401537261317584,-1.5
2019-10-22,Chennai,25.8,81,0.0,2.2,1,10,4,-0.9338372288229252,0.35769823883312546,28.0,26.7,30.7,69.0,0.0,27.26666666666667,28.285714285714285,73.0,0.0,1.8694282293690745,-2.1999999999999993
2019-10-22,Bangalore,19.2,66,0.0,4.3,1,10,4,-0.9338372288229252,0.35769823883312546,20.0,18.6,21.8,61.0,0.0,19.966666666666665,20.185714285714287,62.42857142857143,0.0,2.7877282097487166,-0.8000000000000007
2019-10-22,Mumbai,25.6,75,0.0,1.6,1,10,4,-0.9338372288229252,0.35769823883312546,25.8,27.6,26.0,87.0,0.0,25.900000000000002,27.17142857142857,77.42857142857143,0.0,2.369046422588843,-0.1999999999999993
2019-10-22,Delhi,22.1,36,0.0,2.7,1,10,4,-0.9338372288229252,0.35769823883312546,25.2,20.0,22.7,43.0,0.0,24.133333333333326,23.099999999999998,41.857142857142854,0.0,2.1432063207573426,-3.099999999999998
2019-10-22,Hyderabad,23.4,52,0.0,1.7,1,10,4,-0.9338372288229252,0.35769823883312546,20.0,25.8,26.5,54.0,0.0,21.633333333333344,23.385714285714283,52.285714285714285,0.0,2.250502589370212,3.3999999999999986
2019-10-23,Chennai,31.0,72,0.0,2.3,2,10,4,-0.9275416835791965,0.3737197147904692,25.8,28.0,31.6,81.0,0.0,28.26666666666667,28.2,71.42857142857143,0.0,1.6980380835933622,5.199999999999999
2019-10-23,Bangalore,23.1,58,0.0,3.2,2,10,4,-0.9275416835791965,0.3737197147904692,19.2,20.7,21.6,66.0,0.0,20.76666666666667,20.400000000000002,61.0,0.0,2.9664793948383004,3.900000000000002
2019-10-23,Delhi,25.3,62,0.0,3.1,2,10,4,-0.9275416835791965,0.3737197147904692,22.1,25.1,25.4,36.0,0.0,24.19999999999999,23.085714285714285,44.857142857142854,0.0,2.1255811530252453,3.1999999999999993
2019-10-23,Hyderabad,24.1,47,0.0,3.8,2,10,4,-0.9275416835791965,0.3737197147904692,23.4,21.5,22.2,52.0,0.0,22.50000000000001,23.657142857142862,51.142857142857146,0.0,2.197617757828673,0.7000000000000028
2019-10-24,Delhi,19.7,55,0.0,1.9,3,10,4,-0.9209712877166347,0.38963044953078774,25.3,25.2,21.4,62.0,0.0,22.366666666666656,22.842857142857138,46.142857142857146,0.0,2.4261472494865997,-5.600000000000001
2019-10-24,Chennai,27.3,73,0.0,3.8,3,10,4,-0.9209712877166347,0.38963044953078774,31.0,28.0,28.6,72.0,0.0,28.033333333333335,28.014285714285712,72.14285714285714,0.0,1.7179722266173718,-3.6999999999999993
2019-10-24,Mumbai,27.9,72,0.0,3.0,3,10,4,-0.9209712877166347,0.38963044953078774,25.6,26.3,28.5,75.0,0.0,26.433333333333334,27.085714285714285,76.71428571428571,0.0,2.323380132069499,2.299999999999997
2019-10-24,Bangalore,24.7,53,0.0,2.0,3,10,4,-0.9209712877166347,0.38963044953078774,23.1,20.0,16.1,58.0,0.0,22.333333333333332,21.62857142857143,60.57142857142857,0.0,2.65312035517573,1.5999999999999979
2019-10-25,Hyderabad,26.1,48,0.0,2.9,4,10,4,-0.9141279881853337,0.4054257283599973,24.1,20.0,25.5,47.0,0.0,24.533333333333342,23.742857142857144,51.0,0.0,2.2911839318404623,2.0
2019-10-25,Bangalore,19.5,56,0.0,1.3,4,10,4,-0.9141279881853337,0.4054257283599973,24.7,19.2,25.1,53.0,0.0,22.433333333333334,20.82857142857143,59.57142857142857,0.0,2.244782309946293,-5.199999999999999
2019-10-25,Chennai,31.1,72,0.0,2.8,4,10,4,-0.9141279881853337,0.4054257283599973,27.3,25.8,29.3,73.0,0.0,29.8,28.271428571428572,72.57142857142857,0.0,2.0459018269981506,3.8000000000000007
2019-10-25,Mumbai,21.6,78,0.0,2.2,4,10,4,-0.9141279881853337,0.4054257283599973,27.9,25.8,31.7,72.0,0.0,25.033333333333335,25.642857142857142,77.42857142857143,0.0,2.1062265965917675,-6.299999999999997
2019-10-26,Hyderabad,24.7,53,0.0,3.8,5,10,4,-0.9070138128026362,0.42110087079608916,26.1,23.4,25.3,48.0,0.0,24.96666666666668,23.657142857142855,51.285714285714285,0.0,2.233724201759009,-1.4000000000000021
2019-10-26,Mumbai,25.8,76,0.0,2.7,5,10,4,-0.9070138128026362,0.42110087079608916,21.6,25.6,24.7,78.0,0.0,25.099999999999998,25.800000000000004,76.85714285714286,0.0,2.0647840887931586,4.199999999999999
2019-10-26,Delhi,23.3,51,0.0,1.7,5,10,4,-0.9070138128026362,0.42110087079608916,19.7,22.1,22.5,55.0,0.0,22.766666666666662,22.957142857142856,48.142857142857146,0.0,2.4261472494865974,3.6000000000000014
2019-10-26,Bangalore,19.3,58,0.0,3.8,5,10,4,-0.9070138128026362,0.42110087079608916,19.5,23.1,18.6,56.0,0.0,21.166666666666668,20.928571428571427,58.857142857142854,0.0,2.1422062503521486,-0.1999999999999993
2019-10-26,Chennai,27.7,68,0.0,1.0,5,10,4,-0.9070138128026362,0.42110087079608916,31.1,31.0,26.7,72.0,0.0,28.700000000000003,28.41428571428571,72.57142857142857,0.0,1.9505798893564943,-3.400000000000002
2019-10-27,Bangalore,24.4,69,0.0,3.8,6,10,4,-0.8996308696522434,0.4366512319560638,19.3,24.7,20.7,58.0,0.0,21.066666666666666,21.457142857142856,60.142857142857146,0.0,2.5025701074809708,5.099999999999998
2019-10-27,Delhi,22.5,49,0.0,3.2,6,10,4,-0.8996308696522434,0.4366512319560638,23.3,25.3,20.0,51.0,0.0,21.833333333333325,23.314285714285713,49.142857142857146,0.0,2.077200497006193,-0.8000000000000007
2019-10-27,Mumbai,22.5,81,0.0,2.3,6,10,4,-0.8996308696522434,0.4366512319560638,25.8,27.9,27.6,76.0,0.0,23.3,25.071428571428573,77.0,0.0,2.2178926076453047,-3.3000000000000007
2019-10-27,Hyderabad,23.3,58,0.0,3.2,6,10,4,-0.8996308696522434,0.4366512319560638,24.7,24.1,25.8,53.0,0.0,24.700000000000006,23.300000000000004,51.714285714285715,0.0,2.024022397768067,-1.3999999999999986
2019-10-27,Chennai,28.9,68,1.9,3.4,6,10,4,-0.8996308696522434,0.4366512319560638,27.7,27.3,28.0,68.0,0.0,29.233333333333338,28.54285714285714,71.85714285714286,0.2714285714285714,1.948381501706113,1.1999999999999993
2019-10-28,Chennai,25.6,74,0.0,4.1,0,10,4,-0.8919813464595487,0.45207220393230374,28.9,31.1,28.0,68.0,1.9,27.400000000000002,28.199999999999996,72.57142857142857,0.2714285714285714,2.2479620400116667,-3.299999999999997
2019-10-28,Mumbai,28.4,71,0.0,4.1,0,10,4,-0.8919813464595487,0.45207220393230374,22.5,21.6,26.3,81.0,0.0,25.566666666666663,25.371428571428574,77.14285714285714,0.0,2.5316096893177833,5.899999999999999
2019-10-28,Hyderabad,19.8,52,0.0,2.2,0,10,4,-0.8919813464595487,0.45207220393230374,23.3,26.1,21.5,58.0,0.0,22.60000000000001,23.057142857142857,52.0,0.0,2.3514939526870893,-3.5
2019-10-28,Bangalore,20.6,56,0.0,2.8,0,10,4,-0.8919813464595487,0.45207220393230374,24.4,19.5,20.0,69.0,0.0,21.433333333333337,21.542857142857144,59.42857142857143,0.0,2.4541510024563107,-3.799999999999997
2019-10-28,Delhi,24.0,42,0.0,2.7,0,10,4,-0.8919813464595487,0.45207220393230374,22.5,19.7,25.1,49.0,0.0,23.266666666666655,23.157142857142855,48.285714285714285,0.0,1.9577684088926424,1.5
2019-10-29,Bangalore,20.4,63,0.0,2.7,1,10,4,-0.8840675099433637,0.46735921715800205,20.6,19.3,19.2,56.0,0.0,21.8,21.714285714285715,59.0,0.0,2.3003105380423614,-0.20000000000000284
2019-10-29,Hyderabad,24.8,56,0.0,2.4,1,10,4,-0.8840675099433637,0.46735921715800205,19.8,24.7,20.0,52.0,0.0,22.633333333333344,23.74285714285714,52.285714285714285,0.0,1.982302653361468,5.0
2019-10-29,Delhi,26.3,50,0.0,1.2,1,10,4,-0.8840675099433637,0.46735921715800205,24.0,23.3,25.2,42.0,0.0,24.266666666666655,23.314285714285717,49.285714285714285,0.0,2.1805416539848026,2.3000000000000007
2019-10-29,Chennai,26.4,76,0.0,2.2,1,10,4,-0.8840675099433637,0.46735921715800205,25.6,27.7,25.8,74.0,0.0,26.96666666666667,28.285714285714285,71.85714285714286,0.2714285714285714,2.1505259600297757,0.7999999999999972
2019-10-29,Mumbai,24.5,76,0.0,1.9,1,10,4,-0.8840675099433637,0.46735921715800205,28.4,25.8,25.8,71.0,0.0,25.133333333333336,25.185714285714287,75.57142857142857,0.0,2.5425896060438014,-3.8999999999999986
2019-10-30,Hyderabad,19.3,50,0.0,0.9,2,10,4,-0.8758917051442433,0.48250774176121763,24.8,23.3,23.4,56.0,0.0,21.30000000000001,23.157142857142862,52.0,0.0,2.6075896551267315,-5.5
2019-10-30,Bangalore,19.2,56,0.0,3.7,2,10,4,-0.8758917051442433,0.48250774176121763,20.4,24.4,23.1,63.0,0.0,20.066666666666666,21.157142857142855,58.714285714285715,0.0,2.3796758482737363,-1.1999999999999993
2019-10-30,Delhi,23.7,48,0.0,4.6,2,10,4,-0.8758917051442433,0.48250774176121763,26.3,22.5,22.1,50.0,0.0,24.666666666666657,23.542857142857144,51.0,0.0,2.114913034348693,-2.6000000000000014
2019-10-30,Mumbai,27.1,79,0.0,0.8,2,10,4,-0.8758917051442433,0.48250774176121763,24.5,22.5,25.6,76.0,0.0,26.666666666666668,25.400000000000002,76.14285714285714,0.0,2.644491129373173,2.6000000000000014
2019-10-31,Delhi,22.7,39,0.0,3.8,3,10,4,-0.8674563547295971,0.4975132889071803,23.7,24.0,25.3,48.0,0.0,24.233333333333324,23.17142857142857,47.714285714285715,0.0,1.9788163850431324,-1.0
2019-10-31,Mumbai,27.8,78,0.0,0.8,3,10,4,-0.8674563547295971,0.4975132889071803,27.1,28.4,27.9,79.0,0.0,26.46666666666667,25.385714285714283,77.0,0.0,2.6289595986680054,0.6999999999999993
2019-10-31,Chennai,28.2,71,0.0,2.9,3,10,4,-0.8674563547295971,0.4975132889071803,26.4,28.9,31.0,76.0,0.0,26.733333333333334,27.88571428571429,71.71428571428571,0.2714285714285714,1.7920459177790744,1.8000000000000007
2019-10-31,Hyderabad,20.3,56,0.0,2.8,3,10,4,-0.8674563547295971,0.4975132889071803,19.3,19.8,24.1,50.0,0.0,21.46666666666668,22.61428571428571,53.285714285714285,0.0,2.769132578641803,1.0
2019-11-01,Mumbai,28.8,84,0.0,2.3,4,11,4,-0.858763958275803,0.5123714121284235,27.8,24.5,21.6,78.0,0.0,27.900000000000002,26.414285714285715,77.85714285714286,0.0,2.2872316392155434,1.0
2019-11-01,Hyderabad,22.7,60,0.0,3.4,4,11,4,-0.858763958275803,0.5123714121284235,20.3,24.8,26.1,56.0,0.0,20.766666666666676,22.12857142857143,55.0,0.0,2.3171205447813463,2.3999999999999986
2019-11-01,Bangalore,16.0,59,0.0,3.2,4,11,4,-0.858763958275803,0.5123714121284235,19.2,20.6,24.7,56.0,0.0,18.53333333333333,19.914285714285715,59.57142857142857,0.0,2.490266767121304,-3.1999999999999993
2019-11-01,Delhi,19.6,42,0.0,3.5,4,11,4,-0.858763958275803,0.5123714121284235,22.7,26.3,19.7,39.0,0.0,21.99999999999999,23.157142857142862,45.857142857142854,0.0,2.008197486020244,-3.099999999999998
2019-11-02,Hyderabad,22.5,57,0.0,3.4,5,11,4,-0.8498170915275277,0.5270777086423724,22.7,19.3,24.7,60.0,0.0,21.833333333333343,21.814285714285717,55.57142857142857,0.0,2.0432234103891096,-0.1999999999999993
2019-11-02,Bangalore,21.1,58,0.0,2.3,5,11,4,-0.8498170915275277,0.5270777086423724,16.0,20.4,19.5,59.0,0.0,18.766666666666666,20.142857142857142,59.857142857142854,0.0,2.5191646385638813,5.100000000000001
2019-11-02,Delhi,19.0,37,0.0,2.0,5,11,4,-0.8498170915275277,0.5270777086423724,19.6,23.7,23.3,42.0,0.0,20.433333333333323,22.542857142857144,43.857142857142854,0.0,2.543525861776276,-0.6000000000000014
2019-11-02,Chennai,25.2,73,0.0,2.7,5,11,4,-0.8498170915275277,0.5270777086423724,28.2,25.6,27.3,71.0,0.0,26.600000000000005,27.585714285714285,71.71428571428571,0.2714285714285714,2.061899263162155,-3.0
2019-11-02,Mumbai,27.6,76,0.0,2.7,5,11,4,-0.8498170915275277,0.5270777086423724,28.8,27.1,25.8,84.0,0.0,28.066666666666666,26.67142857142857,77.85714285714286,0.0,2.3077509150067157,-1.1999999999999993
2019-11-03,Hyderabad,25.3,60,0.0,3.6,6,11,4,-0.8406184056344783,0.5416278206559811,22.5,20.3,23.3,57.0,0.0,23.50000000000001,22.099999999999998,55.857142857142854,0.0,2.395133955891998,2.8000000000000007
2019-11-03,Chennai,30.0,74,0.0,4.0,6,11,4,-0.8406184056344783,0.5416278206559811,25.2,26.4,31.1,73.0,0.0,27.8,27.428571428571427,72.0,0.2714285714285714,1.7707948175083263,4.800000000000001
2019-11-03,Delhi,20.5,52,0.0,3.1,6,11,4,-0.8406184056344783,0.5416278206559811,19.0,22.7,22.5,37.0,0.0,19.69999999999999,22.25714285714286,44.285714285714285,0.0,2.6588576136237103,1.5
2019-11-03,Mumbai,25.6,88,0.0,3.4,6,11,4,-0.8406184056344783,0.5416278206559811,27.6,27.8,22.5,76.0,0.0,27.333333333333332,27.114285714285717,78.85714285714286,0.0,1.5453463165566719,-2.0
2019-11-03,Bangalore,21.0,59,0.0,3.2,6,11,4,-0.8406184056344783,0.5416278206559811,21.1,19.2,19.3,58.0,0.0,19.366666666666664,20.385714285714283,60.0,0.0,2.5062778320507046,-0.10000000000000142
2019-11-04,Delhi,21.0,62,0.0,3.4,0,11,4,-0.8311706263658079,0.5560174366570446,20.5,19.6,24.0,52.0,0.0,20.166666666666657,21.82857142857143,47.142857142857146,0.0,2.571455026319137,0.5
2019-11-04,Hyderabad,21.6,50,0.0,2.2,0,11,4,-0.8311706263658079,0.5560174366570446,25.3,22.7,19.8,60.0,0.0,23.133333333333344,22.357142857142858,55.57142857142857,0.0,2.195341387922156,-3.6999999999999993
2019-11-04,Chennai,30.0,74,0.0,2.3,0,11,4,-0.8311706263658079,0.5560174366570446,30.0,28.2,27.7,74.0,0.0,28.400000000000002,27.75714285714286,72.85714285714286,0.2714285714285714,2.0247280828604812,0.0
2019-11-04,Mumbai,25.1,75,0.0,2.0,0,11,4,-0.8311706263658079,0.5560174366570446,25.6,28.8,28.4,88.0,0.0,26.100000000000005,26.642857142857146,79.42857142857143,0.0,1.5904476758208226,-0.5
2019-11-05,Chennai,23.1,67,0.0,3.2,1,11,4,-0.8214765533024145,0.5702422926917867,30.0,25.2,28.9,74.0,0.0,27.700000000000003,26.928571428571427,72.71428571428571,0.0,2.5876078307414225,-6.899999999999999
2019-11-05,Bangalore,24.0,64,0.0,3.0,1,11,4,-0.8214765533024145,0.5702422926917867,21.0,16.0,24.4,59.0,0.0,22.03333333333333,20.328571428571426,59.285714285714285,0.0,2.4018841810228553,3.0
2019-11-05,Hyderabad,22.3,53,0.0,0.6,1,11,4,-0.8214765533024145,0.5702422926917867,21.6,22.5,24.8,50.0,0.0,23.066666666666677,22.0,55.142857142857146,0.0,1.917463602436003,0.6999999999999993
2019-11-05,Mumbai,28.2,81,0.0,2.0,1,11,4,-0.8214765533024145,0.5702422926917867,25.1,27.6,24.5,75.0,0.0,26.3,27.17142857142857,80.14285714285714,0.0,1.357343343587387,3.099999999999998
2019-11-06,Bangalore,18.1,61,0.0,3.8,2,11,4,-0.8115390590073611,0.5842981736283683,24.0,21.1,20.6,64.0,0.0,21.033333333333335,19.97142857142857,60.0,0.0,2.536870963552247,-5.899999999999999
2019-11-06,Delhi,19.1,45,0.0,4.7,2,11,4,-0.8115390590073611,0.5842981736283683,21.0,19.0,26.3,62.0,0.0,20.199999999999992,20.8,46.42857142857143,0.0,1.8129166187852543,-1.8999999999999986
2019-11-06,Mumbai,25.7,77,0.0,0.5,2,11,4,-0.8115390590073611,0.5842981736283683,28.2,25.6,27.1,81.0,0.0,26.333333333333332,26.97142857142857,79.85714285714286,0.0,1.4682350921137681,-2.5
2019-11-06,Hyderabad,18.3,50,0.0,4.3,2,11,4,-0.8115390590073611,0.5842981736283683,22.3,25.3,19.3,53.0,0.0,20.733333333333345,21.857142857142858,55.142857142857146,0.0,2.172446503259402,-4.0
2019-11-06,Chennai,25.3,70,0.0,4.3,2,11,4,-0.8115390590073611,0.5842981736283683,23.1,30.0,25.6,67.0,0.0,26.133333333333336,26.885714285714283,72.14285714285714,0.0,2.615612465834458,2.1999999999999993
2019-11-07,Hyderabad,25.2,41,0.0,2.8,3,11,4,-0.801361088174677,0.5981809144059158,18.3,21.6,20.3,50.0,0.0,21.93333333333334,22.557142857142857,53.0,0.0,2.367739528789144,6.899999999999999
2019-11-07,Mumbai,23.4,81,0.8,4.0,3,11,4,-0.801361088174677,0.5981809144059158,25.7,25.1,27.8,77.0,0.0,25.766666666666666,26.342857142857145,80.28571428571429,0.1142857142857143,1.9251468713297,-2.3000000000000007
2019-11-07,Bangalore,22.7,63,0.0,4.3,3,11,4,-0.801361088174677,0.5981809144059158,18.1,21.0,20.4,61.0,0.0,21.600000000000005,20.3,60.0,0.0,2.742261840160456,4.599999999999998
2019-11-07,Delhi,20.1,54,0.0,2.4,3,11,4,-0.801361088174677,0.5981809144059158,19.1,20.5,23.7,45.0,0.0,20.06666666666666,20.285714285714285,47.285714285714285,0.0,1.2876704695287453,1.0
2019-11-07,Chennai,29.4,72,0.0,3.6,3,11,4,-0.801361088174677,0.5981809144059158,25.3,30.0,26.4,70.0,0.0,25.933333333333337,27.314285714285717,71.57142857142857,0.0,2.764313399639887,4.099999999999998
2019-11-08,Mumbai,28.7,80,0.0,2.6,4,11,4,-0.7909456567567774,0.6118864012687242,23.4,28.2,28.8,81.0,0.8,25.933333333333334,26.32857142857143,79.71428571428571,0.1142857142857143,1.9041308478448487,5.300000000000001
2019-11-08,Chennai,29.8,61,0.0,3.3,4,11,4,-0.7909456567567774,0.6118864012687242,29.4,23.1,28.2,72.0,0.0,28.166666666666668,27.54285714285714,70.14285714285714,0.0,2.9119621923239105,0.40000000000000213
2019-11-08,Bangalore,22.7,66,0.0,3.3,4,11,4,-0.7909456567567774,0.6118864012687242,22.7,24.0,19.2,63.0,0.0,21.166666666666668,20.8,61.42857142857143,0.0,2.8260691192302536,0.0
2019-11-08,Delhi,20.4,49,0.0,4.7,4,11,4,-0.7909456567567774,0.6118864012687242,20.1,21.0,22.7,54.0,0.0,19.86666666666666,19.957142857142856,48.714285714285715,0.0,0.7502380574579738,0.29999999999999716
2019-11-08,Hyderabad,17.2,46,0.0,1.6,4,11,4,-0.7909456567567774,0.6118864012687242,25.2,22.3,22.7,41.0,0.0,20.233333333333345,21.77142857142857,51.0,0.0,3.108973188323516,-8.0
2019-11-09,Mumbai,20.3,76,0.0,3.6,5,11,4,-0.780295851070776,0.6254105729852457,28.7,25.7,27.6,80.0,0.0,24.133333333333336,25.285714285714285,79.71428571428571,0.1142857142857143,2.853902924901612,-8.399999999999999
2019-11-09,Delhi,20.1,42,0.0,2.4,5,11,4,-0.780295851070776,0.6254105729852457,20.4,19.1,19.6,49.0,0.0,20.19999999999999,20.028571428571432,48.714285714285715,0.0,0.7341986237039567,-0.29999999999999716
2019-11-09,Hyderabad,22.7,54,0.0,2.4,5,11,4,-0.780295851070776,0.6254105729852457,17.2,18.3,22.5,46.0,0.0,21.700000000000006,21.8,50.57142857142857,0.0,3.117691453624011,5.5
2019-11-09,Bangalore,19.3,67,0.0,2.6,5,11,4,-0.780295851070776,0.6254105729852457,22.7,18.1,16.0,66.0,0.0,21.566666666666663,21.271428571428572,62.57142857142857,0.0,2.0645534510835835,-3.3999999999999986
2019-11-10,Chennai,26.5,70,0.0,2.3,6,11,4,-0.7694148268839381,0.6387494220515268,29.8,25.3,25.2,61.0,0.0,28.566666666666674,27.728571428571428,69.71428571428571,0.0,2.7759168369593414,-3.3000000000000007
2019-11-10,Hyderabad,23.2,50,0.0,3.8,6,11,4,-0.7694148268839381,0.6387494220515268,22.7,25.2,25.3,54.0,0.0,21.033333333333342,21.5,49.142857142857146,0.0,2.8106938645110775,0.5
2019-11-10,Delhi,17.0,46,0.0,2.6,6,11,4,-0.7694148268839381,0.6387494220515268,20.1,20.1,19.0,42.0,0.0,19.166666666666657,19.742857142857144,50.0,0.0,1.3402203088267486,-3.1000000000000014
2019-11-10,Bangalore,21.5,66,0.0,2.9,6,11,4,-0.7694148268839381,0.6387494220515268,19.3,22.7,21.1,67.0,0.0,21.166666666666668,21.32857142857143,63.714285714285715,0.0,2.064553451083583,2.1999999999999993
2019-11-11,Mumbai,24.7,85,0.0,3.7,0,11,4,-0.7583058084785625,0.6518989958787125,20.3,23.4,25.6,76.0,0.0,24.566666666666666,25.157142857142855,79.28571428571429,0.1142857142857143,2.857654716054854,4.399999999999999
2019-11-11,Bangalore,18.5,65,0.0,3.6,0,11,4,-0.7583058084785625,0.6518989958787125,21.5,22.7,21.0,66.0,0.0,19.766666666666666,20.97142857142857,64.57142857142857,0.0,2.330031677691917,-3.0
2019-11-11,Hyderabad,22.4,67,0.0,1.8,0,11,4,-0.7583058084785625,0.6518989958787125,23.2,17.2,21.6,50.0,0.0,22.766666666666676,21.61428571428571,51.57142857142857,0.0,2.8316241343256427,-0.8000000000000007
2019-11-11,Delhi,17.2,55,0.0,2.6,0,11,4,-0.7583058084785625,0.6518989958787125,17.0,20.4,20.5,46.0,0.0,18.09999999999999,19.271428571428572,50.42857142857143,0.0,1.5871507864878023,0.1999999999999993
2019-11-11,Chennai,23.6,73,0.0,4.6,0,11,4,-0.7583058084785625,0.6518989958787125,26.5,29.4,30.0,70.0,0.0,26.633333333333336,26.814285714285713,69.57142857142857,0.0,2.9515129292328393,-2.8999999999999986
2019-11-12,Bangalore,21.6,74,0.0,2.9,1,11,4,-0.7469720876965551,0.6648553979642866,18.5,19.3,24.0,65.0,0.0,20.533333333333335,20.62857142857143,66.0,0.0,1.9567952419831305,3.1000000000000014
2019-11-12,Mumbai,24.3,71,0.0,4.0,1,11,4,-0.7469720876965551,0.6648553979642866,24.7,28.7,25.1,85.0,0.0,23.099999999999998,25.04285714285714,78.71428571428571,0.1142857142857143,2.87625748897021,-0.3999999999999986
2019-11-12,Chennai,26.6,77,0.0,3.8,1,11,4,-0.7469720876965551,0.6648553979642866,23.6,29.8,30.0,73.0,0.0,25.566666666666674,26.32857142857143,70.0,0.0,2.598534385452881,3.0
2019-11-12,Hyderabad,24.1,49,0.0,1.9,1,11,4,-0.7469720876965551,0.6648553979642866,22.4,22.7,22.3,67.0,0.0,23.233333333333338,21.87142857142857,51.0,0.0,2.982009549344393,1.7000000000000028
2019-11-12,Delhi,18.2,48,0.0,2.9,1,11,4,-0.7469720876965551,0.6648553979642866,17.2,20.1,21.0,55.0,0.0,17.466666666666658,18.87142857142857,48.42857142857143,0.0,1.4232758993658086,1.0
2019-11-13,Delhi,21.0,51,0.0,3.9,2,11,4,-0.7354170229639858,0.6776147890466887,18.2,17.0,19.1,48.0,0.0,18.799999999999994,19.142857142857142,49.285714285714285,0.0,1.638960181392982,2.8000000000000007
2019-11-13,Bangalore,19.3,59,0.0,4.8,2,11,4,-0.7354170229639858,0.6776147890466887,21.6,21.5,18.1,74.0,0.0,19.8,20.8,65.71428571428571,0.0,1.7387735140993863,-2.3000000000000007
2019-11-13,Chennai,26.2,79,0.0,3.5,2,11,4,-0.7354170229639858,0.6776147890466887,26.6,26.5,23.1,77.0,0.0,25.46666666666667,26.771428571428572,71.71428571428571,0.0,2.188389275025735,-0.40000000000000213
2019-11-13,Hyderabad,23.9,58,0.0,1.7,2,11,4,-0.7354170229639858,0.6776147890466887,24.1,23.2,18.3,49.0,0.0,23.46666666666668,22.67142857142857,52.142857142857146,0.0,2.5895393964399243,-0.20000000000000284
2019-11-13,Mumbai,20.8,77,0.0,4.5,2,11,4,-0.7354170229639858,0.6776147890466887,24.3,20.3,28.2,71.0,0.0,23.266666666666666,23.985714285714288,78.14285714285714,0.1142857142857143,2.8823766648540805,-3.5
2019-11-14,Hyderabad,24.6,57,0.0,3.8,3,11,4,-0.7236440382959124,0.690173388242972,23.9,22.4,25.2,58.0,0.0,24.200000000000006,22.585714285714285,54.42857142857143,0.0,2.5002856979610826,0.7000000000000028
2019-11-14,Mumbai,23.1,78,0.0,2.1,3,11,4,-0.7236440382959124,0.690173388242972,20.8,24.7,25.7,77.0,0.0,22.733333333333334,23.61428571428571,78.28571428571429,0.1142857142857143,2.790715900641866,2.3000000000000007
2019-11-14,Bangalore,18.4,67,0.0,1.5,3,11,4,-0.7236440382959124,0.690173388242972,19.3,18.5,22.7,59.0,0.0,19.766666666666666,20.185714285714287,66.28571428571429,0.0,1.7150593492438637,-0.9000000000000021
2019-11-14,Delhi,18.1,56,0.0,2.6,3,11,4,-0.7236440382959124,0.690173388242972,21.0,17.2,20.1,51.0,0.0,19.09999999999999,18.857142857142858,49.57142857142857,0.0,1.6184943032105716,-2.8999999999999986
2019-11-14,Chennai,29.6,79,0.0,3.1,3,11,4,-0.7236440382959124,0.690173388242972,26.2,23.6,25.3,79.0,0.0,27.46666666666667,27.385714285714283,73.0,0.0,2.3068221802793203,3.400000000000002
2019-11-15,Chennai,27.0,73,0.0,2.3,4,11,4,-0.711656622281775,0.7025274741691566,29.6,26.6,29.4,79.0,0.0,27.600000000000005,27.04285714285714,73.14285714285714,0.0,2.1290507609865004,-2.6000000000000014
2019-11-15,Delhi,17.8,54,0.0,4.1,4,11,4,-0.711656622281775,0.7025274741691566,18.1,18.2,20.4,56.0,0.0,18.966666666666658,18.485714285714288,50.285714285714285,0.0,1.499364944933866,-0.3000000000000007
2019-11-15,Mumbai,24.0,74,0.0,2.2,4,11,4,-0.711656622281775,0.7025274741691566,23.1,24.3,23.4,78.0,0.0,22.633333333333336,23.7,77.28571428571429,0.0,2.7922511825884806,0.8999999999999986
2019-11-15,Hyderabad,22.6,53,0.0,2.0,4,11,4,-0.711656622281775,0.7025274741691566,24.6,24.1,17.2,57.0,0.0,23.700000000000006,23.357142857142858,55.42857142857143,0.0,0.8502100580781605,-2.0
2019-11-16,Chennai,30.3,68,0.0,1.9,5,11,4,-0.6994583270516471,0.7146733860429608,27.0,26.2,29.8,73.0,0.0,28.96666666666667,27.114285714285717,74.14285714285714,0.0,2.2423414633135814,3.3000000000000007
2019-11-16,Hyderabad,20.5,56,0.0,3.0,5,11,4,-0.6994583270516471,0.7146733860429608,22.6,23.9,22.7,53.0,0.0,22.566666666666677,23.042857142857144,55.714285714285715,0.0,1.3770223223283706,-2.1000000000000014
2019-11-16,Bangalore,18.8,67,0.0,2.2,5,11,4,-0.6994583270516471,0.7146733860429608,18.4,21.6,22.7,67.0,0.0,18.833333333333332,19.62857142857143,66.42857142857143,0.0,1.3585706774822262,0.40000000000000213
2019-11-16,Mumbai,25.2,85,0.0,1.1,5,11,4,-0.6994583270516471,0.7146733860429608,24.0,20.8,28.7,74.0,0.0,24.100000000000005,23.199999999999996,78.0,0.0,1.927001124372647,1.1999999999999993
2019-11-17,Bangalore,18.2,68,0.0,1.8,6,11,4,-0.6870527672236675,0.7266075247685652,18.8,19.3,19.3,67.0,0.0,18.46666666666667,19.47142857142857,66.57142857142857,0.0,1.4625483304998346,-0.6000000000000014
2019-11-17,Mumbai,25.3,82,0.0,1.9,6,11,4,-0.6870527672236675,0.7266075247685652,25.2,23.1,20.3,85.0,0.0,24.833333333333332,23.914285714285715,78.85714285714286,0.0,1.5657038581509177,0.10000000000000142
2019-11-17,Chennai,28.0,74,0.0,2.6,6,11,4,-0.6870527672236675,0.7266075247685652,30.3,29.6,26.5,68.0,0.0,28.433333333333337,27.32857142857143,74.71428571428571,0.0,2.2455246496934778,-2.3000000000000007
2019-11-17,Delhi,16.6,52,0.0,3.2,6,11,4,-0.6870527672236675,0.7266075247685652,17.8,21.0,20.1,54.0,0.0,17.499999999999993,17.985714285714288,51.714285714285715,0.0,1.4542220960923555,-1.1999999999999993
2019-11-17,Hyderabad,21.6,61,0.0,2.6,6,11,4,-0.6870527672236675,0.7266075247685652,20.5,24.6,23.2,56.0,0.0,21.566666666666677,22.814285714285717,57.285714285714285,0.0,1.4758371312903715,1.1000000000000014
2019-11-18,Delhi,20.9,53,0.0,2.9,0,11,4,-0.6744436188329457,0.7383263540031063,16.6,18.1,17.0,52.0,0.0,18.433333333333326,18.542857142857144,52.714285714285715,0.0,1.7338369231827326,4.299999999999997
2019-11-18,Mumbai,23.5,88,0.0,3.8,0,11,4,-0.6744436188329457,0.7383263540031063,25.3,24.0,24.7,82.0,0.0,24.666666666666668,23.74285714285714,79.28571428571429,0.0,1.530639455540476,-1.8000000000000007
2019-11-18,Hyderabad,24.6,50,0.0,3.8,0,11,4,-0.6744436188329457,0.7383263540031063,21.6,22.6,22.4,61.0,0.0,22.233333333333345,23.12857142857143,54.857142857142854,0.0,1.601784718904018,3.0
2019-11-18,Bangalore,19.4,65,0.0,2.3,0,11,4,-0.6744436188329457,0.7383263540031063,18.2,18.4,21.5,68.0,0.0,18.799999999999997,19.17142857142857,66.42857142857143,0.0,1.1614850920471864,1.1999999999999993
2019-11-18,Chennai,26.4,80,0.0,2.4,0,11,4,-0.6744436188329457,0.7383263540031063,28.0,27.0,23.6,74.0,0.0,28.233333333333338,27.728571428571428,75.71428571428571,0.0,1.6377975920061156,-1.6000000000000014
2019-11-19,Delhi,22.4,49,0.0,1.8,1,11,4,-0.661634618242279,0.749826401204568,20.9,17.8,17.2,53.0,0.0,19.966666666666658,19.285714285714285,51.857142857142854,0.0,2.131062779795517,1.5
2019-11-19,Mumbai,18.8,82,0.0,1.8,1,11,4,-0.661634618242279,0.749826401204568,23.5,25.2,24.3,88.0,0.0,22.53333333333333,22.95714285714286,80.85714285714286,0.0,2.375469878330867,-4.699999999999999
2019-11-19,Hyderabad,25.7,47,0.0,1.2,1,11,4,-0.661634618242279,0.749826401204568,24.6,20.5,24.1,50.0,0.0,23.96666666666668,23.357142857142858,54.57142857142857,0.0,1.8572893715099794,1.0999999999999979
2019-11-19,Chennai,29.3,77,0.0,1.8,1,11,4,-0.661634618242279,0.749826401204568,26.4,30.3,26.6,80.0,0.0,27.900000000000002,28.11428571428571,75.71428571428571,0.0,1.6456291313948377,2.900000000000002
2019-11-19,Bangalore,20.8,68,0.0,2.7,1,11,4,-0.661634618242279,0.749826401204568,19.4,18.8,18.5,65.0,0.0,19.466666666666665,19.5,66.85714285714286,0.0,1.260952021291942,1.4000000000000021
2019-11-20,Bangalore,19.9,72,0.0,1.2,2,11,4,-0.6486295610349818,0.7611042586607742,20.8,18.2,21.6,68.0,0.0,20.033333333333335,19.25714285714286,66.57142857142857,0.0,0.9015859043138275,-0.9000000000000021
2019-11-20,Hyderabad,26.8,55,0.0,2.8,2,11,4,-0.6486295610349818,0.7611042586607742,25.7,21.6,23.9,47.0,0.0,25.700000000000006,23.771428571428572,54.142857142857146,0.0,2.2750196231493014,1.1000000000000014
2019-11-20,Mumbai,24.0,77,0.0,1.9,2,11,4,-0.6486295610349818,0.7611042586607742,18.8,25.3,20.8,82.0,0.0,22.100000000000005,23.414285714285715,80.85714285714286,0.0,2.1919767117289393,5.199999999999999
2019-11-20,Chennai,26.2,80,0.0,1.4,2,11,4,-0.6486295610349818,0.7611042586607742,29.3,28.0,26.2,77.0,0.0,27.3,28.114285714285717,75.85714285714286,0.0,1.6456291313948377,-3.1000000000000014
2019-11-20,Delhi,19.0,57,0.0,3.8,2,11,4,-0.6486295610349818,0.7611042586607742,22.4,16.6,18.2,49.0,0.0,20.766666666666655,19.400000000000002,53.142857142857146,0.0,2.0840665376457035,-3.3999999999999986
2019-11-21,Chennai,27.3,87,0.0,3.7,3,11,4,-0.6354323008901775,0.7721565844991641,26.2,26.4,29.6,80.0,0.0,27.600000000000005,27.785714285714285,77.0,0.0,1.5247169916945191,1.1000000000000014
2019-11-21,Hyderabad,25.7,55,0.0,2.3,3,11,4,-0.6354323008901775,0.7721565844991641,26.8,24.6,24.6,55.0,0.0,26.066666666666677,23.928571428571427,53.857142857142854,0.0,2.3774736491454638,-1.1000000000000014
2019-11-21,Delhi,19.6,58,0.0,3.7,3,11,4,-0.6354323008901775,0.7721565844991641,19.0,20.9,21.0,57.0,0.0,20.333333333333325,19.2,54.142857142857146,0.0,1.9689252567499607,0.6000000000000014
2019-11-21,Bangalore,22.2,66,0.0,4.0,3,11,4,-0.6354323008901775,0.7721565844991641,19.9,19.4,19.3,72.0,0.0,20.96666666666667,19.67142857142857,67.57142857142857,0.0,1.4337762327903596,2.3000000000000007
2019-11-21,Mumbai,23.4,86,0.0,3.9,3,11,4,-0.6354323008901775,0.7721565844991641,24.0,23.5,23.1,77.0,0.0,22.066666666666666,23.457142857142856,82.0,0.0,2.187736381786111,-0.6000000000000014
2019-11-22,Mumbai,28.6,81,0.0,3.1,4,11,4,-0.622046748440868,0.7829801036770624,23.4,18.8,24.0,86.0,0.0,25.333333333333332,24.114285714285717,83.0,0.0,2.9396306862306134,5.200000000000003
2019-11-22,Bangalore,18.5,75,0.0,2.3,4,11,4,-0.622046748440868,0.7829801036770624,22.2,20.8,18.4,66.0,0.0,20.2,19.685714285714287,68.71428571428571,0.0,1.419423088709682,-3.6999999999999993
2019-11-22,Delhi,16.3,53,0.0,3.7,4,11,4,-0.622046748440868,0.7829801036770624,19.6,22.4,18.1,58.0,0.0,18.299999999999994,18.942857142857143,53.714285714285715,0.0,2.2359614955372247,-3.3000000000000007
2019-11-22,Chennai,27.4,80,0.0,4.4,4,11,4,-0.622046748440868,0.7829801036770624,27.3,29.3,27.0,87.0,0.0,26.96666666666667,27.842857142857145,78.0,0.0,1.4976171549689274,0.09999999999999787
2019-11-22,Hyderabad,21.4,54,0.0,3.5,4,11,4,-0.622046748440868,0.7829801036770624,25.7,25.7,22.6,55.0,0.0,24.63333333333334,23.757142857142856,54.0,0.0,2.5277507411776017,-4.300000000000001
2019-11-23,Hyderabad,23.6,59,0.0,3.3,5,11,4,-0.6084768701151264,0.7935716089521472,21.4,26.8,20.5,54.0,0.0,23.566666666666677,24.2,54.42857142857143,0.0,2.0968229936422267,2.200000000000003
2019-11-23,Mumbai,26.8,82,0.0,2.1,5,11,4,-0.6084768701151264,0.7935716089521472,28.6,24.0,25.2,81.0,0.0,26.266666666666666,24.342857142857145,82.57142857142857,0.0,3.0961573726460623,-1.8000000000000007
2019-11-23,Delhi,19.5,47,0.0,1.9,5,11,4,-0.6084768701151264,0.7935716089521472,16.3,19.0,17.8,53.0,0.0,18.466666666666658,19.185714285714283,52.714285714285715,0.0,2.182833457862312,3.1999999999999993
2019-11-23,Bangalore,19.5,70,0.0,5.3,5,11,4,-0.6084768701151264,0.7935716089521472,18.5,19.9,18.8,75.0,0.0,20.066666666666666,19.785714285714285,69.14285714285714,0.0,1.3704361488575323,1.0
2019-11-24,Hyderabad,21.8,58,0.0,3.3,6,11,4,-0.594726686960764,0.8039279618328208,23.6,25.7,21.6,59.0,0.0,22.266666666666676,24.228571428571428,54.0,0.0,2.056464835354036,-1.8000000000000007
2019-11-24,Bangalore,15.3,74,0.0,3.3,6,11,4,-0.594726686960764,0.8039279618328208,19.5,22.2,18.2,70.0,0.0,17.766666666666666,19.37142857142857,70.0,0.0,2.147645443824745,-4.199999999999999
2019-11-24,Chennai,22.4,75,2.9,3.7,6,11,4,-0.594726686960764,0.8039279618328208,27.4,26.2,30.3,80.0,0.0,25.700000000000003,26.714285714285715,79.0,0.41428571428571426,2.1652009694472447,-5.0
2019-11-24,Mumbai,25.9,76,0.0,3.5,6,11,4,-0.594726686960764,0.8039279618328208,26.8,23.4,25.3,82.0,0.0,27.099999999999998,24.428571428571427,81.71428571428571,0.0,3.1351311964649433,-0.9000000000000021
2019-11-24,Delhi,17.3,61,0.0,3.4,6,11,4,-0.594726686960764,0.8039279618328208,19.5,19.6,16.6,47.0,0.0,17.699999999999992,19.285714285714285,54.0,0.0,2.057043648401705,-2.1999999999999993
2019-11-25,Hyderabad,21.7,57,0.0,4.3,0,11,4,-0.5808002734538013,0.8140460935082175,21.8,21.4,24.6,58.0,0.0,22.366666666666678,23.814285714285713,55.0,0.0,2.251983252919229,-0.10000000000000142
2019-11-25,Bangalore,18.8,55,0.0,3.4,0,11,4,-0.5808002734538013,0.8140460935082175,15.3,18.5,19.4,74.0,0.0,17.866666666666664,19.285714285714285,68.57142857142857,0.0,2.158262087443384,3.5
2019-11-25,Mumbai,28.2,78,0.0,4.5,0,11,4,-0.5808002734538013,0.8140460935082175,25.9,28.6,23.5,76.0,0.0,26.96666666666667,25.099999999999998,80.28571428571429,0.0,3.39558536926994,2.3000000000000007
2019-11-25,Chennai,27.7,72,0.0,1.9,0,11,4,-0.5808002734538013,0.8140460935082175,22.4,27.3,28.0,75.0,2.9,25.833333333333332,26.67142857142857,78.71428571428571,0.41428571428571426,2.138312641402328,5.300000000000001
2019-11-25,Delhi,17.0,54,0.0,2.2,0,11,4,-0.5808002734538013,0.8140460935082175,17.3,16.3,20.9,61.0,0.0,17.933333333333323,18.728571428571428,54.142857142857146,0.0,2.07502151451872,-0.3000000000000007
2019-11-26,Bangalore,19.7,71,0.0,2.8,1,11,4,-0.5667017562911184,0.8239230057575536,18.8,19.5,20.8,55.0,0.0,17.933333333333334,19.12857142857143,69.0,0.0,2.067780038039473,0.8999999999999986
2019-11-26,Hyderabad,22.5,59,0.0,1.2,1,11,4,-0.5667017562911184,0.8239230057575536,21.7,23.6,25.7,57.0,0.0,22.00000000000001,23.357142857142858,56.714285714285715,0.0,2.126700999872165,0.8000000000000007
2019-11-26,Delhi,18.1,55,0.0,4.0,1,11,4,-0.5667017562911184,0.8239230057575536,17.0,19.5,22.4,54.0,0.0,17.466666666666658,18.114285714285717,55.0,0.0,1.2979837844762305,1.1000000000000014
2019-11-26,Mumbai,24.5,75,0.0,4.6,1,11,4,-0.5667017562911184,0.8239230057575536,28.2,26.8,18.8,78.0,0.0,26.2,25.91428571428571,79.28571428571429,0.0,2.0497386592999196,-3.6999999999999993
2019-11-26,Chennai,25.7,75,0.0,2.7,1,11,4,-0.5667017562911184,0.8239230057575536,27.7,27.4,26.4,72.0,0.0,25.266666666666666,26.571428571428573,78.0,0.41428571428571426,2.1692658402589418,-2.0
2019-11-27,Chennai,27.2,85,0.0,2.4,2,11,4,-0.5524353131676203,0.8335557718385695,25.7,22.4,29.3,75.0,0.0,26.86666666666667,26.271428571428572,79.14285714285714,0.41428571428571426,1.8508685219956402,1.5
2019-11-27,Bangalore,18.1,61,0.0,3.4,2,11,4,-0.5524353131676203,0.8335557718385695,19.7,15.3,19.9,71.0,0.0,18.866666666666667,18.87142857142857,67.42857142857143,0.0,2.0677800380394746,-1.5999999999999979
2019-11-27,Hyderabad,23.3,56,0.0,2.2,2,11,4,-0.5524353131676203,0.8335557718385695,22.5,21.8,26.8,59.0,0.0,22.50000000000001,22.857142857142858,56.857142857142854,0.0,1.502062074679547,0.8000000000000007
2019-11-27,Delhi,17.7,49,0.0,2.4,2,11,4,-0.5524353131676203,0.8335557718385695,18.1,17.3,19.0,55.0,0.0,17.59999999999999,17.928571428571427,53.857142857142854,0.0,1.2419263071464028,-0.40000000000000213
2019-11-28,Delhi,15.2,51,0.0,2.5,3,11,4,-0.5380051715382992,0.8429415373547832,17.7,17.0,19.6,49.0,0.0,16.99999999999999,17.3,52.857142857142854,0.0,1.3625955623984956,-2.5
2019-11-28,Bangalore,22.0,68,0.0,2.3,3,11,4,-0.5380051715382992,0.8429415373547832,18.1,18.8,22.2,61.0,0.0,19.933333333333334,18.842857142857145,67.71428571428571,0.0,2.0148259998133975,3.8999999999999986
2019-11-28,Chennai,25.5,78,0.0,2.8,3,11,4,-0.5380051715382992,0.8429415373547832,27.2,27.7,26.2,85.0,0.0,26.133333333333336,26.17142857142857,78.85714285714286,0.41428571428571426,1.8741347209795218,-1.6999999999999993
2019-11-28,Hyderabad,23.2,50,0.0,2.2,3,11,4,-0.5380051715382992,0.8429415373547832,23.3,21.7,25.7,56.0,0.0,23.00000000000001,22.5,56.142857142857146,0.0,0.8831760866328796,-0.10000000000000142
2019-11-28,Mumbai,26.4,77,0.0,2.1,3,11,4,-0.5380051715382992,0.8429415373547832,24.5,25.9,24.0,75.0,0.0,26.366666666666664,26.257142857142856,79.28571428571429,0.0,1.8689187095369335,1.8999999999999986
2019-11-29,Delhi,17.7,47,0.0,2.1,4,11,4,-0.5234156073655503,0.8520775211013093,15.2,18.1,16.3,51.0,0.0,16.866666666666656,17.5,52.0,0.0,1.2922847983325454,2.5
2019-11-29,Hyderabad,25.1,55,0.0,2.0,4,11,4,-0.5234156073655503,0.8520775211013093,23.2,22.5,21.4,50.0,0.0,23.866666666666674,23.028571428571432,56.285714285714285,0.0,1.1743285822323157,1.9000000000000021
2019-11-29,Bangalore,18.5,66,0.0,2.5,4,11,4,-0.5234156073655503,0.8520775211013093,22.0,19.7,18.5,68.0,0.0,19.533333333333335,18.842857142857145,66.42857142857143,0.0,2.0148259998133975,-3.5
2019-11-29,Mumbai,27.3,78,0.0,2.9,4,11,4,-0.5234156073655503,0.8520775211013093,26.4,28.2,23.4,77.0,0.0,26.066666666666666,26.814285714285713,78.14285714285714,0.0,1.3969354213522598,0.9000000000000021
2019-11-29,Chennai,28.1,68,0.0,2.9,4,11,4,-0.5234156073655503,0.8520775211013093,25.5,25.7,27.3,78.0,0.0,26.933333333333337,26.285714285714285,76.14285714285714,0.41428571428571426,1.976047040118718,2.6000000000000014
2019-11-30,Delhi,19.1,54,0.0,3.3,5,11,4,-0.5086709438521042,0.8609610158889945,17.7,17.7,19.5,47.0,0.0,17.333333333333325,17.442857142857143,53.0,0.0,1.1942321701377292,1.4000000000000021
2019-11-30,Mumbai,24.5,93,0.0,2.8,5,11,4,-0.5086709438521042,0.8609610158889945,27.3,24.5,28.6,78.0,0.0,26.066666666666666,26.228571428571428,79.85714285714286,0.0,1.3828886261666207,-2.8000000000000007
2019-11-30,Chennai,26.2,73,0.0,3.5,5,11,4,-0.5086709438521042,0.8609610158889945,28.1,27.2,27.4,68.0,0.0,26.600000000000005,26.114285714285717,75.14285714285714,0.41428571428571426,1.9143567861717787,-1.9000000000000021
2019-11-30,Hyderabad,21.2,66,0.0,1.5,5,11,4,-0.5086709438521042,0.8609610158889945,25.1,23.3,23.6,55.0,0.0,23.166666666666675,22.685714285714287,57.285714285714285,0.0,1.3208943579113601,-3.900000000000002
2019-11-30,Bangalore,18.8,74,0.0,3.8,5,11,4,-0.5086709438521042,0.8609610158889945,18.5,18.1,19.5,66.0,0.0,19.766666666666666,18.742857142857144,67.0,0.0,1.9940387348772155,0.3000000000000007
2019-12-01,Chennai,26.1,80,0.0,4.0,6,12,4,-0.49377555015997737,0.8695893893466109,26.2,25.5,22.4,73.0,0.0,26.8,26.642857142857142,75.85714285714286,0.0,1.0195704043977827,-0.09999999999999787
2019-12-01,Hyderabad,21.5,56,0.0,3.5,6,12,4,-0.49377555015997737,0.8695893893466109,21.2,23.2,21.8,66.0,0.0,22.60000000000001,22.642857142857142,57.0,0.0,1.3587459203952146,0.3000000000000007
2019-12-01,Delhi,14.5,55,0.0,4.8,6,12,4,-0.49377555015997737,0.8695893893466109,19.1,15.2,17.3,54.0,0.0,17.09999999999999,17.04285714285714,52.142857142857146,0.0,1.6369251080990963,-4.600000000000001
2019-12-01,Mumbai,25.7,90,0.0,3.2,6,12,4,-0.49377555015997737,0.8695893893466109,24.5,26.4,26.8,93.0,0.0,25.833333333333332,26.071428571428573,81.0,0.0,1.3695671891931185,1.1999999999999993
2019-12-02,Hyderabad,19.4,48,0.0,2.0,0,12,4,-0.4787338401157883,0.8779600847008883,21.5,25.1,21.7,56.0,0.0,20.70000000000001,22.314285714285717,55.714285714285715,0.0,1.8233929649864526,-2.1000000000000014
2019-12-02,Delhi,18.1,57,0.0,3.6,0,12,4,-0.4787338401157883,0.8779600847008883,14.5,17.7,17.0,55.0,0.0,17.233333333333324,17.2,52.57142857142857,0.0,1.6842406795550575,3.6000000000000014
2019-12-02,Chennai,25.9,81,0.0,4.3,0,12,4,-0.4787338401157883,0.8779600847008883,26.1,28.1,27.7,80.0,0.0,26.066666666666666,26.38571428571429,77.14285714285714,0.0,0.9317162862670593,-0.20000000000000284
2019-12-02,Mumbai,24.3,81,0.0,2.9,0,12,4,-0.4787338401157883,0.8779600847008883,25.7,27.3,25.9,90.0,0.0,24.833333333333332,25.842857142857145,81.71428571428571,0.0,1.527369353777009,-1.3999999999999986
2019-12-02,Bangalore,15.7,67,0.0,2.9,0,12,4,-0.4787338401157883,0.8779600847008883,18.8,22.0,15.3,74.0,0.0,17.666666666666668,18.8,66.0,0.0,1.8814887722227445,-3.1000000000000014
2019-12-03,Hyderabad,17.0,51,0.0,0.5,1,12,4,-0.4635502709028512,0.8860706215341378,19.4,21.2,22.5,48.0,0.0,19.300000000000008,21.528571428571432,54.57142857142857,0.0,2.7029084863743553,-2.3999999999999986
2019-12-03,Delhi,16.8,42,0.0,3.3,1,12,4,-0.4635502709028512,0.8860706215341378,18.1,19.1,18.1,57.0,0.0,16.466666666666658,17.014285714285716,50.714285714285715,0.0,1.6395411669417361,-1.3000000000000007
2019-12-03,Bangalore,18.7,68,0.0,3.4,1,12,4,-0.4635502709028512,0.8860706215341378,15.7,18.5,18.8,67.0,0.0,17.733333333333334,18.785714285714285,67.85714285714286,0.0,1.8818683725034602,3.0
2019-12-03,Chennai,24.8,76,0.4,4.5,1,12,4,-0.4635502709028512,0.8860706215341378,25.9,26.2,25.7,81.0,0.0,25.600000000000005,26.257142857142856,77.28571428571429,0.05714285714285715,1.0906529280774198,-1.0999999999999979
2019-12-03,Mumbai,22.6,84,0.0,4.4,1,12,4,-0.4635502709028512,0.8860706215341378,24.3,24.5,28.2,81.0,0.0,24.200000000000003,25.04285714285714,82.57142857142857,0.0,1.5533374207998751,-1.6999999999999993
2019-12-04,Chennai,29.7,84,0.0,0.8,2,12,4,-0.4482293417404106,0.893918596519257,24.8,26.1,27.2,76.0,0.4,26.8,26.614285714285717,77.14285714285714,0.05714285714285715,1.6935451686020317,4.899999999999999
2019-12-04,Mumbai,25.4,85,0.0,3.1,2,12,4,-0.4482293417404106,0.893918596519257,22.6,25.7,24.5,84.0,0.0,24.099999999999998,25.171428571428574,84.0,0.0,1.5380878667079945,2.799999999999997
2019-12-04,Delhi,16.7,51,0.0,3.5,2,12,4,-0.4482293417404106,0.893918596519257,16.8,14.5,17.7,42.0,0.0,17.199999999999992,16.871428571428574,51.0,0.0,1.613189682703927,-0.10000000000000142
2019-12-04,Hyderabad,23.2,62,0.0,1.0,2,12,4,-0.4482293417404106,0.893918596519257,17.0,21.5,23.3,51.0,0.0,19.866666666666674,21.514285714285712,55.42857142857143,0.0,2.692228674926307,6.199999999999999
2019-12-04,Bangalore,13.8,58,0.0,1.4,2,12,4,-0.4482293417404106,0.893918596519257,18.7,18.8,19.7,68.0,0.0,16.066666666666666,17.942857142857143,66.0,0.0,2.591561397341522,-4.899999999999999
2019-12-05,Chennai,24.4,82,0.0,3.4,3,12,4,-0.4327755925504317,0.9015016841318838,29.7,25.9,25.5,84.0,0.0,26.3,26.457142857142856,77.71428571428571,0.05714285714285715,1.8572893715099574,-5.300000000000001
2019-12-05,Bangalore,19.1,59,0.0,3.4,3,12,4,-0.4327755925504317,0.9015016841318838,13.8,15.7,18.1,58.0,0.0,17.2,18.085714285714285,65.71428571428571,0.0,2.6289595986680427,5.300000000000001
2019-12-05,Hyderabad,20.0,52,0.0,4.1,3,12,4,-0.4327755925504317,0.9015016841318838,23.2,19.4,23.2,62.0,0.0,20.066666666666677,21.057142857142857,55.714285714285715,0.0,2.6292312836373655,-3.1999999999999993
2019-12-05,Delhi,14.0,58,0.0,1.8,3,12,4,-0.4327755925504317,0.9015016841318838,16.7,18.1,15.2,51.0,0.0,15.833333333333323,16.7,52.0,0.0,1.8645821694599907,-2.6999999999999993
2019-12-05,Mumbai,26.2,79,0.0,2.3,3,12,4,-0.4327755925504317,0.9015016841318838,25.4,24.3,26.4,85.0,0.0,24.733333333333334,25.142857142857142,84.28571428571429,0.0,1.5131172490999745,0.8000000000000007
2019-12-06,Mumbai,25.8,81,0.0,2.3,4,12,4,-0.41719360261231697,0.9088176373395028,26.2,22.6,27.3,79.0,0.0,25.799999999999997,24.928571428571427,84.71428571428571,0.0,1.2378937564997328,-0.3999999999999986
2019-12-06,Hyderabad,21.4,46,1.9,3.1,4,12,4,-0.41719360261231697,0.9088176373395028,20.0,17.0,25.1,52.0,0.0,21.533333333333342,20.52857142857143,54.42857142857143,0.2714285714285714,1.9703758403871128,1.3999999999999986
2019-12-06,Bangalore,16.8,70,0.0,3.3,4,12,4,-0.41719360261231697,0.9088176373395028,19.1,18.7,22.0,59.0,0.0,16.566666666666666,17.342857142857145,66.0,0.0,1.9973792352790907,-2.3000000000000007
2019-12-06,Chennai,29.8,76,0.0,2.4,4,12,4,-0.41719360261231697,0.9088176373395028,24.4,24.8,28.1,82.0,0.0,27.96666666666667,26.7,78.85714285714286,0.05714285714285715,2.189368249823081,5.400000000000002
2019-12-06,Delhi,20.7,53,0.0,2.7,4,12,4,-0.41719360261231697,0.9088176373395028,14.0,16.8,17.7,58.0,0.0,17.133333333333322,17.12857142857143,52.857142857142854,0.0,2.400495980497025,6.699999999999999
2019-12-07,Mumbai,24.4,86,0.0,3.0,5,12,4,-0.4014879892059737,0.9158642882672868,25.8,25.4,24.5,81.0,0.0,25.46666666666667,24.914285714285715,83.71428571428571,0.0,1.2442247538508893,-1.4000000000000021
2019-12-07,Chennai,26.2,66,0.0,2.5,5,12,4,-0.4014879892059737,0.9158642882672868,29.8,29.7,26.2,76.0,0.0,26.8,26.699999999999996,77.85714285714286,0.05714285714285715,2.189368249823081,-3.6000000000000014
2019-12-07,Hyderabad,18.6,65,0.0,3.1,5,12,4,-0.4014879892059737,0.9158642882672868,21.4,23.2,21.2,46.0,1.9,20.00000000000001,20.157142857142855,54.285714285714285,0.2714285714285714,2.0654758473995196,-2.799999999999997
2019-12-07,Delhi,18.3,48,0.0,2.0,5,12,4,-0.4014879892059737,0.9158642882672868,20.7,16.7,19.1,53.0,0.0,17.666666666666657,17.014285714285716,52.0,0.0,2.308266717278718,-2.3999999999999986
2019-12-07,Bangalore,19.4,71,0.0,2.4,5,12,4,-0.4014879892059737,0.9158642882672868,16.8,13.8,18.5,70.0,0.0,18.433333333333334,17.47142857142857,66.71428571428571,0.0,2.110066575343353,2.599999999999998
2019-12-08,Bangalore,20.2,73,0.0,1.9,6,12,4,-0.38566340624360745,0.9226395488404875,19.4,19.1,18.8,71.0,0.0,18.8,17.67142857142857,66.57142857142857,0.0,2.313521331732479,0.8000000000000007
2019-12-08,Delhi,12.8,52,0.0,5.5,6,12,4,-0.38566340624360745,0.9226395488404875,18.3,14.0,14.5,48.0,0.0,17.26666666666666,16.771428571428572,51.57142857142857,0.0,2.6768851835138046,-5.5
2019-12-08,Hyderabad,20.1,50,0.0,2.7,6,12,4,-0.38566340624360745,0.9226395488404875,18.6,20.0,21.5,65.0,0.0,20.033333333333342,19.957142857142856,53.42857142857143,0.2714285714285714,1.9797787274147853,1.5
2019-12-08,Chennai,24.9,87,0.0,1.3,6,12,4,-0.38566340624360745,0.9226395488404875,26.2,24.4,26.1,66.0,0.0,26.96666666666667,26.52857142857143,78.85714285714286,0.05714285714285715,2.28889659422344,-1.3000000000000007
2019-12-09,Mumbai,25.5,77,0.0,4.4,0,12,4,-0.3697245428906732,0.9291414114031743,24.4,26.2,25.7,86.0,0.0,25.233333333333334,24.88571428571429,81.85714285714286,0.0,1.2253279444412586,1.1000000000000014
2019-12-09,Delhi,16.1,58,0.0,4.5,0,12,4,-0.3697245428906732,0.9291414114031743,12.8,20.7,18.1,52.0,0.0,15.733333333333325,16.485714285714288,51.714285714285715,0.0,2.617523365975946,3.3000000000000007
2019-12-09,Hyderabad,17.8,53,0.0,2.6,0,12,4,-0.3697245428906732,0.9291414114031743,20.1,21.4,19.4,50.0,0.0,18.833333333333346,19.728571428571428,54.142857142857146,0.2714285714285714,2.1406496566185838,-2.3000000000000007
2019-12-09,Chennai,29.8,69,0.0,2.4,0,12,4,-0.3697245428906732,0.9291414114031743,24.9,29.8,25.9,87.0,0.0,26.96666666666667,27.085714285714285,77.14285714285714,0.05714285714285715,2.568026850475275,4.900000000000002
2019-12-10,Chennai,24.4,76,0.0,3.6,1,12,4,-0.3536761221763721,0.935367949313148,29.8,26.2,24.8,69.0,0.0,26.366666666666664,27.02857142857143,77.14285714285714,0.0,2.631041799816378,-5.400000000000002
2019-12-10,Delhi,19.8,53,0.0,1.0,1,12,4,-0.3536761221763721,0.935367949313148,16.1,18.3,16.8,58.0,0.0,16.233333333333324,16.914285714285715,53.285714285714285,0.0,2.907134082121086,3.6999999999999993
2019-12-10,Mumbai,21.5,84,0.0,2.5,1,12,4,-0.3536761221763721,0.935367949313148,25.5,25.8,24.3,77.0,0.0,23.8,24.485714285714288,82.28571428571429,0.0,1.7799143906647061,-4.0
2019-12-10,Bangalore,20.7,68,0.0,2.9,1,12,4,-0.3536761221763721,0.935367949313148,20.2,16.8,15.7,73.0,0.0,20.099999999999998,18.385714285714283,66.71428571428571,0.0,2.3744673588187104,0.5
2019-12-10,Hyderabad,20.4,56,0.0,1.8,1,12,4,-0.3536761221763721,0.935367949313148,17.8,18.6,17.0,53.0,0.0,19.433333333333344,20.214285714285715,54.857142857142854,0.2714285714285714,1.7724075635780996,2.599999999999998
2019-12-11,Hyderabad,21.9,58,0.0,2.9,2,12,4,-0.33752289959411347,0.941317317512847,20.4,20.1,23.2,56.0,0.0,20.033333333333342,20.02857142857143,54.285714285714285,0.2714285714285714,1.4453538041074625,1.5
2019-12-11,Mumbai,23.8,86,0.0,4.2,2,12,4,-0.33752289959411347,0.941317317512847,21.5,24.4,22.6,84.0,0.0,23.599999999999998,24.657142857142855,82.57142857142857,0.0,1.6184943032102035,2.3000000000000007
2019-12-11,Chennai,24.6,78,0.0,2.0,2,12,4,-0.33752289959411347,0.941317317512847,24.4,24.9,29.7,76.0,0.0,26.26666666666667,26.3,76.28571428571429,0.0,2.469142901224372,0.20000000000000284
2019-12-11,Bangalore,18.6,67,0.0,1.2,2,12,4,-0.33752289959411347,0.941317317512847,20.7,19.4,18.7,68.0,0.0,19.833333333333332,18.37142857142857,66.57142857142857,0.0,2.3725614046949097,-2.099999999999998
2019-12-11,Delhi,19.4,58,0.0,3.5,2,12,4,-0.33752289959411347,0.941317317512847,19.8,12.8,16.7,53.0,0.0,18.433333333333326,17.3,54.285714285714285,0.0,3.0495901363956115,-0.40000000000000213
2019-12-12,Hyderabad,21.1,48,0.0,3.8,3,12,4,-0.32126966169236515,0.9469877530760751,21.9,17.8,20.0,58.0,0.0,21.133333333333344,20.185714285714287,53.714285714285715,0.2714285714285714,1.5004761149144819,-0.7999999999999972
2019-12-12,Mumbai,22.7,77,0.0,2.0,3,12,4,-0.32126966169236515,0.9469877530760751,23.8,25.5,25.4,86.0,0.0,22.666666666666668,24.271428571428572,81.42857142857143,0.0,1.7298499797326443,-1.1000000000000014
2019-12-12,Chennai,19.7,78,0.0,2.9,3,12,4,-0.32126966169236515,0.9469877530760751,24.6,29.8,24.4,78.0,0.0,22.900000000000002,25.62857142857143,75.71428571428571,0.0,3.497005521735368,-4.900000000000002
2019-12-12,Bangalore,18.4,68,0.0,3.1,3,12,4,-0.32126966169236515,0.9469877530760751,18.6,20.2,13.8,67.0,0.0,19.233333333333334,19.02857142857143,68.0,0.0,1.2815541160564425,-0.20000000000000284
2019-12-12,Delhi,19.0,51,0.0,3.4,3,12,4,-0.32126966169236515,0.9469877530760751,19.4,16.1,14.0,58.0,0.0,19.39999999999999,18.014285714285712,53.285714285714285,0.0,2.7150374898755842,-0.3999999999999986
2019-12-13,Mumbai,24.9,80,0.0,4.3,4,12,4,-0.3049212246562894,0.9523775757303973,22.7,21.5,26.2,77.0,0.0,23.799999999999997,24.085714285714285,81.57142857142857,0.0,1.5485784571972185,2.1999999999999993
2019-12-13,Delhi,15.3,55,0.0,3.7,4,12,4,-0.3049212246562894,0.9523775757303973,19.0,19.8,20.7,51.0,0.0,17.89999999999999,17.242857142857144,53.57142857142857,0.0,2.588987667575601,-3.6999999999999993
2019-12-13,Bangalore,19.4,71,0.0,5.1,4,12,4,-0.3049212246562894,0.9523775757303973,18.4,20.7,19.1,68.0,0.0,18.799999999999997,19.071428571428573,69.71428571428571,0.0,1.28933353030983,1.0
2019-12-13,Hyderabad,18.3,61,0.0,2.3,4,12,4,-0.3049212246562894,0.9523775757303973,21.1,20.4,21.4,48.0,0.0,20.43333333333334,19.74285714285714,55.857142857142854,0.0,1.5393257645878986,-2.8000000000000007
2019-12-14,Bangalore,17.4,60,0.0,1.7,5,12,4,-0.2884824328806098,0.9574851883550389,19.4,18.6,16.8,71.0,0.0,18.400000000000002,19.157142857142855,68.28571428571429,0.0,1.1222850838909275,-2.0
2019-12-14,Hyderabad,19.7,48,0.0,2.5,5,12,4,-0.2884824328806098,0.9574851883550389,18.3,21.9,18.6,61.0,0.0,19.70000000000001,19.900000000000002,53.42857142857143,0.0,1.4571661996263963,1.3999999999999986
2019-12-14,Chennai,25.8,78,0.0,2.5,5,12,4,-0.2884824328806098,0.9574851883550389,19.7,24.4,29.8,78.0,0.0,23.36666666666667,25.057142857142857,76.0,0.0,2.9921325409909847,6.100000000000001
2019-12-14,Mumbai,27.2,82,0.0,2.7,5,12,4,-0.2884824328806098,0.9574851883550389,24.9,23.8,25.8,80.0,0.0,24.933333333333334,24.285714285714285,81.71428571428571,0.0,1.8649652109611359,2.3000000000000007
2019-12-15,Delhi,14.8,57,0.0,3.1,6,12,4,-0.27195815753410524,0.9623090774541487,15.3,19.4,18.3,55.0,0.0,16.366666666666656,16.742857142857144,54.857142857142854,0.0,2.686917157175721,-0.5
2019-12-15,Bangalore,15.3,73,0.0,3.0,6,12,4,-0.27195815753410524,0.9623090774541487,17.4,18.4,19.4,60.0,0.0,17.366666666666664,18.571428571428573,68.57142857142857,0.0,1.82456778965537,-2.099999999999998
2019-12-15,Hyderabad,23.2,64,0.0,3.3,6,12,4,-0.27195815753410524,0.9623090774541487,19.7,21.1,20.1,48.0,0.0,20.40000000000001,20.342857142857145,55.42857142857143,0.0,1.9242809417695286,3.5
2019-12-15,Mumbai,25.5,81,0.0,2.9,6,12,4,-0.27195815753410524,0.9623090774541487,27.2,22.7,24.4,82.0,0.0,25.866666666666664,24.442857142857143,81.0,0.0,1.9216808119084754,-1.6999999999999993
2019-12-16,Bangalore,21.4,68,0.0,3.4,0,12,4,-0.2553532951161881,0.9668478136052773,15.3,19.4,20.2,73.0,0.0,18.033333333333335,18.74285714285714,67.85714285714286,0.0,2.046018200356668,6.099999999999998
2019-12-16,Chennai,27.9,81,0.0,5.4,0,12,4,-0.2553532951161881,0.9668478136052773,25.8,24.6,26.2,78.0,0.0,24.46666666666667,25.300000000000004,78.14285714285714,0.0,3.1643851430148895,2.099999999999998
2019-12-16,Hyderabad,23.3,52,0.0,3.8,0,12,4,-0.2553532951161881,0.9668478136052773,23.2,18.3,17.8,64.0,0.0,22.066666666666677,21.12857142857143,55.285714285714285,0.0,1.833679620975594,0.10000000000000142
2019-12-16,Delhi,17.2,42,0.0,0.6,0,12,4,-0.2553532951161881,0.9668478136052773,14.8,19.0,12.8,57.0,0.0,15.766666666666657,17.37142857142857,53.42857142857143,0.0,2.049970963790061,2.3999999999999986
2019-12-16,Mumbai,26.2,84,0.0,2.6,0,12,4,-0.2553532951161881,0.9668478136052773,25.5,24.9,25.5,81.0,0.0,26.3,24.54285714285714,82.0,0.0,2.0023795368320867,0.6999999999999993
2019-12-17,Delhi,14.3,49,0.0,2.6,1,12,4,-0.23867276600594997,0.9711000518829505,17.2,15.3,16.1,42.0,0.0,15.433333333333323,17.114285714285717,52.142857142857146,0.0,2.3298272979121553,-2.8999999999999986
2019-12-17,Chennai,25.8,86,0.0,4.9,1,12,4,-0.23867276600594997,0.9711000518829505,27.9,19.7,24.9,81.0,0.0,26.5,25.428571428571427,78.0,0.0,3.163707890916551,-2.099999999999998
2019-12-17,Bangalore,20.2,70,0.0,1.7,1,12,4,-0.23867276600594997,0.9711000518829505,21.4,17.4,20.7,68.0,0.0,18.96666666666667,18.67142857142857,68.14285714285714,0.0,1.9737563896576873,-1.1999999999999993
2019-12-17,Mumbai,22.5,74,0.0,2.3,1,12,4,-0.23867276600594997,0.9711000518829505,26.2,27.2,21.5,84.0,0.0,24.733333333333334,24.685714285714283,80.57142857142857,0.0,1.7714669734700978,-3.6999999999999993
2019-12-17,Hyderabad,19.7,54,0.0,2.0,1,12,4,-0.23867276600594997,0.9711000518829505,23.3,19.7,20.4,52.0,0.0,22.066666666666677,21.02857142857143,55.0,0.0,1.8979939284363376,-3.6000000000000014
2019-12-18,Hyderabad,20.2,60,0.0,3.8,2,12,4,-0.22192151300416674,0.9750645322571945,19.7,23.2,21.9,54.0,0.0,21.066666666666674,20.785714285714285,55.285714285714285,0.0,1.8765469808744013,0.5
2019-12-18,Bangalore,18.9,71,0.0,2.6,2,12,4,-0.22192151300416674,0.9750645322571945,20.2,15.3,18.6,70.0,0.0,20.166666666666668,18.714285714285715,68.71428571428571,0.0,1.9752034253283468,-1.3000000000000007
2019-12-18,Chennai,29.0,80,0.0,2.0,2,12,4,-0.22192151300416674,0.9750645322571945,25.8,25.8,29.8,86.0,0.0,27.566666666666666,25.314285714285713,79.57142857142857,0.0,2.9891072086430643,3.1999999999999993
2019-12-18,Delhi,16.6,47,0.0,0.5,2,12,4,-0.22192151300416674,0.9750645322571945,14.3,14.8,19.8,49.0,0.0,16.033333333333324,16.657142857142855,51.285714285714285,0.0,2.0065369361643772,2.3000000000000007
2019-12-19,Mumbai,25.4,87,0.0,3.3,3,12,4,-0.20510449986861926,0.9787400799669153,22.5,25.5,23.8,74.0,0.0,24.7,24.914285714285715,80.71428571428571,0.0,1.741099816618404,2.8999999999999986
2019-12-19,Hyderabad,20.3,63,0.0,1.9,3,12,4,-0.20510449986861926,0.9787400799669153,20.2,23.3,21.1,60.0,0.0,20.066666666666677,20.671428571428574,57.42857142857143,0.0,1.8785759550914842,0.10000000000000142
2019-12-19,Bangalore,16.5,69,0.0,3.4,3,12,4,-0.20510449986861926,0.9787400799669153,18.9,21.4,18.4,71.0,0.0,18.53333333333333,18.442857142857143,68.85714285714286,0.0,2.14853216782778,-2.3999999999999986
2019-12-19,Delhi,18.1,44,0.0,3.0,3,12,4,-0.20510449986861926,0.9787400799669153,16.6,17.2,19.4,47.0,0.0,16.333333333333325,16.47142857142857,49.285714285714285,0.0,1.7547215217945797,1.5
2019-12-19,Chennai,23.5,80,0.0,2.9,3,12,4,-0.20510449986861926,0.9787400799669153,29.0,27.9,24.4,80.0,0.0,26.100000000000005,25.185714285714287,80.14285714285714,0.0,3.053647311783391,-5.5
2019-12-20,Delhi,16.3,52,0.0,3.2,4,12,4,-0.1882267098432439,0.9821256058680006,18.1,14.3,19.0,44.0,0.0,16.999999999999993,16.085714285714285,49.42857142857143,0.0,1.3582201238250742,-1.8000000000000007
2019-12-20,Mumbai,25.1,88,0.0,2.0,4,12,4,-0.1882267098432439,0.9821256058680006,25.4,26.2,22.7,87.0,0.0,24.333333333333332,25.257142857142856,82.28571428571429,0.0,1.443210706327114,-0.29999999999999716
2019-12-20,Hyderabad,20.9,62,0.0,3.0,4,12,4,-0.1882267098432439,0.9821256058680006,20.3,19.7,18.3,63.0,0.0,20.466666666666672,21.04285714285714,57.57142857142857,0.0,1.5618975028868118,0.5999999999999979
2019-12-20,Bangalore,19.7,73,0.0,2.9,4,12,4,-0.1882267098432439,0.9821256058680006,16.5,20.2,19.4,69.0,0.0,18.366666666666664,18.485714285714288,69.14285714285714,0.0,2.173651744130639,3.1999999999999993
2019-12-20,Chennai,24.4,68,0.0,3.6,4,12,4,-0.1882267098432439,0.9821256058680006,23.5,25.8,24.6,80.0,0.0,25.633333333333336,25.157142857142855,78.71428571428571,0.0,3.060967789690678,0.8999999999999986
2019-12-21,Hyderabad,20.9,64,0.0,3.5,5,12,4,-0.1712931441814778,0.9852201067560606,20.9,20.2,19.7,62.0,0.0,20.700000000000006,21.214285714285715,59.857142857142854,0.0,1.4519281105121833,0.0
2019-12-21,Delhi,16.3,59,0.0,2.5,5,12,4,-0.1712931441814778,0.9852201067560606,16.3,16.6,15.3,52.0,0.0,16.89999999999999,16.22857142857143,50.0,0.0,1.3136644494374392,0.0
2019-12-21,Chennai,24.1,71,0.0,3.5,5,12,4,-0.1712931441814778,0.9852201067560606,24.4,29.0,19.7,68.0,0.0,24.000000000000004,25.785714285714285,77.71428571428571,0.0,2.032591589923713,-0.29999999999999716
2019-12-21,Bangalore,15.5,71,0.0,3.2,5,12,4,-0.1712931441814778,0.9852201067560606,19.7,18.9,17.4,73.0,0.0,17.233333333333334,18.214285714285715,70.71428571428571,0.0,2.4347680049843565,-4.199999999999999
2019-12-21,Mumbai,24.8,84,0.0,0.5,5,12,4,-0.1712931441814778,0.9852201067560606,25.1,22.5,24.9,88.0,0.0,25.099999999999998,25.242857142857144,82.85714285714286,0.0,1.4478226673838686,-0.3000000000000007
2019-12-22,Bangalore,16.0,70,0.0,3.7,6,12,4,-0.154308820664281,0.9880226656636976,15.5,16.5,15.3,71.0,0.0,17.066666666666666,18.314285714285713,70.28571428571429,0.0,2.306099572458983,0.5
2019-12-22,Chennai,27.0,80,0.0,2.1,6,12,4,-0.154308820664281,0.9880226656636976,24.1,23.5,25.8,71.0,0.0,25.16666666666667,25.957142857142856,78.0,0.0,2.08395228900692,2.8999999999999986
2019-12-22,Hyderabad,25.2,63,0.0,2.6,6,12,4,-0.154308820664281,0.9880226656636976,20.9,20.3,23.2,64.0,0.0,22.333333333333343,21.5,59.714285714285715,0.0,2.00083315979458,4.300000000000001
2019-12-22,Mumbai,26.6,96,0.0,2.0,6,12,4,-0.154308820664281,0.9880226656636976,24.8,25.4,27.2,84.0,0.0,25.5,25.157142857142855,84.85714285714286,0.0,1.3252133700617958,1.8000000000000007
2019-12-22,Delhi,18.1,52,0.0,2.3,6,12,4,-0.154308820664281,0.9880226656636976,16.3,18.1,14.8,59.0,0.0,16.89999999999999,16.7,49.285714285714285,0.0,1.3076696830627568,1.8000000000000007
2019-12-23,Chennai,25.0,81,0.0,1.6,0,12,4,-0.13727877211326517,0.9905324521322227,27.0,24.4,27.9,80.0,0.0,25.36666666666667,25.542857142857144,78.0,0.0,1.9147298702925455,-2.0
2019-12-23,Hyderabad,22.7,57,0.0,3.0,0,12,4,-0.13727877211326517,0.9905324521322227,25.2,20.9,23.3,63.0,0.0,22.93333333333334,21.41428571428571,60.42857142857143,0.0,1.9221763459064147,-2.5
2019-12-23,Mumbai,25.6,81,0.0,4.4,0,12,4,-0.13727877211326517,0.9905324521322227,26.6,25.1,25.5,96.0,0.0,25.666666666666668,25.17142857142857,84.85714285714286,0.0,1.33005549472482,-1.0
2019-12-23,Delhi,14.5,51,0.0,3.5,0,12,4,-0.13727877211326517,0.9905324521322227,18.1,16.3,17.2,52.0,0.0,16.299999999999994,16.314285714285717,50.57142857142857,0.0,1.5170460017514467,-3.6000000000000014
2019-12-23,Bangalore,16.0,70,0.0,1.3,0,12,4,-0.13727877211326517,0.9905324521322227,16.0,19.7,21.4,70.0,0.0,15.833333333333334,17.54285714285714,70.57142857142857,0.0,1.9823026533615113,0.0
2019-12-24,Bangalore,19.0,74,0.0,2.6,1,12,4,-0.12020804489935275,0.9927487224577402,16.0,15.5,20.2,70.0,0.0,17.0,17.37142857142857,71.14285714285714,0.0,1.7528208557582927,3.0
2019-12-24,Delhi,12.6,51,0.0,2.0,1,12,4,-0.12020804489935275,0.9927487224577402,14.5,16.3,14.3,51.0,0.0,15.066666666666658,16.071428571428573,50.857142857142854,0.0,1.9635972819587477,-1.9000000000000004
2019-12-24,Mumbai,24.3,85,0.0,2.8,1,12,4,-0.12020804489935275,0.9927487224577402,25.6,24.8,26.2,81.0,0.0,25.5,24.900000000000002,85.0,0.0,1.2780193008454144,-1.3000000000000007
2019-12-24,Chennai,25.5,72,0.0,0.8,1,12,4,-0.12020804489935275,0.9927487224577402,25.0,24.1,25.8,81.0,0.0,25.83333333333334,25.5,76.0,0.0,1.9113694915775348,0.5
2019-12-25,Bangalore,15.4,62,0.0,4.4,2,12,4,-0.10310169744743544,0.9946708199115211,19.0,16.0,18.9,74.0,0.0,16.8,16.87142857142857,69.85714285714286,0.0,1.7432864420536025,-3.5999999999999996
2019-12-25,Chennai,23.1,76,0.0,2.5,2,12,4,-0.10310169744743544,0.9946708199115211,25.5,27.0,29.0,72.0,0.0,24.533333333333335,24.657142857142855,75.42857142857143,0.0,1.3201731488169086,-2.3999999999999986
2019-12-25,Delhi,18.4,60,0.0,4.4,2,12,4,-0.10310169744743544,0.9946708199115211,12.6,18.1,16.6,51.0,0.0,15.166666666666657,16.32857142857143,52.714285714285715,0.0,2.153070896583706,5.799999999999999
2019-12-25,Mumbai,18.9,88,0.0,2.2,2,12,4,-0.10310169744743544,0.9946708199115211,24.3,26.6,22.5,85.0,0.0,22.933333333333334,24.38571428571429,87.0,0.0,2.522847974960438,-5.400000000000002
2019-12-25,Hyderabad,20.3,63,0.0,3.3,2,12,4,-0.10310169744743544,0.9946708199115211,22.7,20.9,19.7,57.0,0.0,22.733333333333345,21.5,61.714285714285715,0.0,1.84481254693629,-2.3999999999999986
2019-12-26,Mumbai,23.8,80,0.0,2.0,3,12,4,-0.0859647987374467,0.9962981749346077,18.9,25.6,25.4,88.0,0.0,22.333333333333332,24.157142857142855,86.0,0.0,2.487875360528314,4.900000000000002
2019-12-26,Bangalore,17.2,69,0.0,5.8,3,12,4,-0.0859647987374467,0.9962981749346077,15.4,16.0,16.5,62.0,0.0,17.2,16.97142857142857,69.85714285714286,0.0,1.738499626799281,1.799999999999999
2019-12-26,Delhi,17.9,49,0.0,2.0,3,12,4,-0.0859647987374467,0.9962981749346077,18.4,14.5,18.1,60.0,0.0,16.299999999999986,16.3,53.42857142857143,0.0,2.1268129521269166,-0.5
2019-12-26,Hyderabad,20.9,65,0.0,4.7,3,12,4,-0.0859647987374467,0.9962981749346077,20.3,25.2,20.2,63.0,0.0,21.300000000000008,21.6,62.42857142857143,0.0,1.7804493814765483,0.5999999999999979
2019-12-27,Chennai,27.6,82,0.0,4.2,4,12,4,-0.06880242680232064,0.9976303053065857,23.1,25.0,23.5,76.0,0.0,25.400000000000006,25.242857142857144,75.71428571428571,0.0,1.6008926081587005,4.5
2019-12-27,Delhi,14.7,58,0.0,1.6,4,12,4,-0.06880242680232064,0.9976303053065857,17.9,12.6,16.3,49.0,0.0,16.99999999999999,16.071428571428573,54.285714285714285,0.0,2.2111190874869475,-3.1999999999999993
2019-12-27,Mumbai,25.1,82,0.0,2.4,4,12,4,-0.06880242680232064,0.9976303053065857,23.8,24.3,25.1,80.0,0.0,22.600000000000005,24.157142857142862,85.14285714285714,0.0,2.487875360528314,1.3000000000000007
2019-12-27,Bangalore,15.9,67,0.0,3.0,4,12,4,-0.06880242680232064,0.9976303053065857,17.2,19.0,19.7,69.0,0.0,16.166666666666668,16.428571428571427,69.0,0.0,1.2763414978162846,-1.299999999999999
2019-12-27,Hyderabad,18.6,53,0.0,1.3,4,12,4,-0.06880242680232064,0.9976303053065857,20.9,22.7,20.3,65.0,0.0,19.933333333333344,21.357142857142858,61.0,0.0,2.0783464123009043,-2.299999999999997
2019-12-28,Hyderabad,15.3,62,0.0,2.1,5,12,4,-0.05161966722325418,0.9986668162884759,18.6,20.3,20.9,53.0,0.0,18.266666666666676,20.557142857142857,61.0,0.0,3.106904752781681,-3.3000000000000007
2019-12-28,Bangalore,16.8,70,0.0,2.0,5,12,4,-0.05161966722325418,0.9986668162884759,15.9,15.4,15.5,67.0,0.0,16.633333333333336,16.614285714285714,68.85714285714286,0.0,1.2116498001054314,0.9000000000000004
2019-12-28,Mumbai,26.0,87,0.0,2.0,5,12,4,-0.05161966722325418,0.9986668162884759,25.1,18.9,24.8,82.0,0.0,24.96666666666667,24.32857142857143,85.57142857142857,0.0,2.579220997196834,0.8999999999999986
2019-12-28,Delhi,16.8,60,0.0,3.5,5,12,4,-0.05161966722325418,0.9986668162884759,14.7,18.4,16.3,58.0,0.0,16.466666666666654,16.142857142857142,54.42857142857143,0.0,2.227747100291824,2.1000000000000014
2019-12-28,Chennai,25.0,80,0.0,3.8,5,12,4,-0.05161966722325418,0.9986668162884759,27.6,25.5,24.4,82.0,0.0,25.233333333333338,25.32857142857143,77.42857142857143,0.0,1.563877963817609,-2.6000000000000014
2019-12-29,Bangalore,18.7,80,0.0,2.2,6,12,4,-0.034421611622745804,0.9994074007397048,16.8,17.2,16.0,70.0,0.0,17.133333333333336,17.000000000000004,70.28571428571429,0.0,1.3988090172239216,1.8999999999999986
2019-12-29,Mumbai,24.9,91,0.0,3.1,6,12,4,-0.034421611622745804,0.9994074007397048,26.0,23.8,26.6,87.0,0.0,25.333333333333332,24.085714285714285,84.85714285714286,0.0,2.403766885139929,-1.1000000000000014
2019-12-29,Hyderabad,22.9,61,0.0,3.1,6,12,4,-0.034421611622745804,0.9994074007397048,15.3,20.9,20.9,62.0,0.0,18.93333333333334,20.842857142857145,60.57142857142857,0.0,3.2330878650072887,7.599999999999998
2019-12-29,Delhi,16.3,51,0.0,5.4,6,12,4,-0.034421611622745804,0.9994074007397048,16.8,17.9,18.1,60.0,0.0,15.933333333333323,15.885714285714284,54.285714285714285,0.0,2.0618992631625033,-0.5
2019-12-30,Delhi,14.5,51,0.0,3.9,0,12,4,-0.01721335615583528,0.9998518392091162,16.3,14.7,14.5,51.0,0.0,15.866666666666655,15.885714285714284,54.285714285714285,0.0,2.0618992631625033,-1.8000000000000007
2019-12-30,Hyderabad,17.5,59,0.0,1.5,0,12,4,-0.01721335615583528,0.9998518392091162,22.9,18.6,25.2,61.0,0.0,18.566666666666677,19.74285714285714,60.0,0.0,2.7819999657663725,-5.399999999999999
2019-12-30,Bangalore,16.1,64,0.0,2.9,0,12,4,-0.01721335615583528,0.9998518392091162,18.7,15.9,16.0,80.0,0.0,17.200000000000003,17.014285714285712,69.42857142857143,0.0,1.3873578863300524,-2.599999999999998
2019-12-30,Mumbai,25.5,92,0.0,2.6,0,12,4,-0.01721335615583528,0.9998518392091162,24.9,25.1,25.6,91.0,0.0,25.46666666666667,24.071428571428573,86.42857142857143,0.0,2.3935429010251097,0.6000000000000014
2019-12-30,Chennai,26.0,77,0.0,2.9,0,12,4,-0.01721335615583528,0.9998518392091162,25.0,23.1,24.1,80.0,0.0,26.200000000000003,25.6,78.28571428571429,0.0,1.4776106839534444,1.0
2019-12-31,Chennai,21.0,78,0.0,2.0,1,12,4,6.432490598706546e-16,1.0,26.0,27.6,27.0,77.0,0.0,24.000000000000004,24.742857142857144,78.0,0.0,2.127484541939257,-5.0
2019-12-31,Delhi,17.4,54,0.0,3.0,1,12,4,6.432490598706546e-16,1.0,14.5,16.8,12.6,51.0,0.0,16.066666666666656,16.571428571428573,54.714285714285715,0.0,1.5118578920373926,2.8999999999999986
2019-12-31,Hyderabad,17.5,59,0.0,0.9,1,12,4,6.432490598706546e-16,1.0,17.5,15.3,22.7,59.0,0.0,19.30000000000001,19.0,60.285714285714285,0.0,2.544929599550247,0.0
2020-01-01,Mumbai,26.7,79,0.0,3.2,2,1,1,0.017213356155834685,0.9998518392091162,25.5,26.0,24.3,92.0,0.0,25.7,24.414285714285715,85.57142857142857,0.0,2.595141981619114,1.1999999999999993
2020-01-01,Bangalore,15.9,69,0.0,2.3,2,1,1,0.017213356155834685,0.9998518392091162,16.1,16.8,19.0,64.0,0.0,16.900000000000002,16.571428571428573,68.71428571428571,0.0,1.1161157134072528,-0.20000000000000107
2020-01-01,Chennai,23.5,83,0.0,3.7,2,1,1,0.017213356155834685,0.9998518392091162,21.0,25.0,25.0,78.0,0.0,23.500000000000004,24.528571428571432,78.28571428571429,0.0,2.172336902749578,2.5
2020-01-01,Delhi,11.7,56,0.0,2.6,2,1,1,0.017213356155834685,0.9998518392091162,17.4,16.3,18.4,54.0,0.0,14.533333333333323,15.614285714285712,54.142857142857146,0.0,2.1481996892196547,-5.699999999999999
2020-01-01,Hyderabad,17.5,58,0.0,4.0,2,1,1,0.017213356155834685,0.9998518392091162,17.5,22.9,20.3,59.0,0.0,17.5,18.599999999999998,59.57142857142857,0.0,2.526525941551691,0.0
2020-01-02,Chennai,24.9,84,0.0,2.3,3,1,1,0.03442161162274574,0.9994074007397048,23.5,26.0,25.5,83.0,0.0,23.133333333333336,24.442857142857143,80.0,0.0,2.1392032339613,1.3999999999999986
2020-01-02,Bangalore,17.3,61,0.0,3.0,3,1,1,0.03442161162274574,0.9994074007397048,15.9,18.7,15.4,69.0,0.0,16.433333333333334,16.842857142857145,68.57142857142857,0.0,1.009714716899828,1.4000000000000004
2020-01-02,Delhi,18.2,48,0.0,3.8,3,1,1,0.03442161162274574,0.9994074007397048,11.7,14.5,17.9,56.0,0.0,15.766666666666657,15.657142857142857,54.0,0.0,2.203676581577249,6.5
2020-01-02,Mumbai,22.9,68,0.0,3.5,3,1,1,0.03442161162274574,0.9994074007397048,26.7,24.9,18.9,79.0,0.0,25.03333333333333,24.985714285714284,82.71428571428571,0.0,1.2915476135610773,-3.8000000000000007
2020-01-02,Hyderabad,20.6,53,0.0,3.8,3,1,1,0.03442161162274574,0.9994074007397048,17.5,17.5,20.9,58.0,0.0,18.533333333333342,18.557142857142857,57.857142857142854,0.0,2.483181523004471,3.1000000000000014
2020-01-03,Mumbai,23.5,77,0.0,4.0,4,1,1,0.051619667223253764,0.998666816288476,22.9,25.5,23.8,68.0,0.0,24.366666666666664,24.942857142857143,82.28571428571429,0.0,1.3414633090486994,0.6000000000000014
2020-01-03,Bangalore,21.8,67,0.0,2.3,4,1,1,0.051619667223253764,0.998666816288476,17.3,16.1,17.2,61.0,0.0,18.333333333333332,17.5,68.28571428571429,0.0,2.142428528562919,4.5
2020-01-03,Delhi,17.6,58,0.0,0.6,4,1,1,0.051619667223253764,0.998666816288476,18.2,17.4,14.7,48.0,0.0,15.833333333333323,16.071428571428573,54.0,0.0,2.265475877687168,-0.5999999999999979
2020-01-04,Delhi,16.8,46,0.0,2.5,5,1,1,0.06880242680231986,0.9976303053065857,17.6,11.7,16.8,58.0,0.0,17.53333333333332,16.071428571428573,52.0,0.0,2.265475877687168,-0.8000000000000007
2020-01-04,Bangalore,17.1,66,0.0,2.9,5,1,1,0.06880242680231986,0.9976303053065857,21.8,15.9,15.9,67.0,0.0,18.733333333333334,17.67142857142857,68.14285714285714,0.0,2.0385569125522487,-4.699999999999999
2020-01-04,Chennai,25.1,77,0.0,4.2,5,1,1,0.06880242680231986,0.9976303053065857,24.9,21.0,23.1,84.0,0.0,24.500000000000004,24.72857142857143,80.14285714285714,0.0,2.0621301977278175,0.20000000000000284
2020-01-04,Mumbai,26.5,88,0.0,4.5,5,1,1,0.06880242680231986,0.9976303053065857,23.5,26.7,25.1,77.0,0.0,24.299999999999997,25.142857142857142,83.14285714285714,0.0,1.467261784023975,3.0
2020-01-04,Hyderabad,20.6,60,0.0,3.3,5,1,1,0.06880242680231986,0.9976303053065857,20.6,17.5,18.6,53.0,0.0,19.566666666666677,18.842857142857145,58.857142857142854,0.0,2.6011902037703427,0.0
2020-01-05,Delhi,17.1,63,0.0,1.6,6,1,1,0.08596479873744647,0.9962981749346078,16.8,18.2,16.3,46.0,0.0,17.166666666666657,16.185714285714287,53.714285714285715,0.0,2.2988610016187128,0.3000000000000007
2020-01-05,Hyderabad,23.4,51,0.0,2.8,6,1,1,0.08596479873744647,0.9962981749346078,20.6,17.5,15.3,60.0,0.0,21.533333333333342,20.0,57.285714285714285,0.0,2.5638512697373104,2.799999999999997
2020-01-05,Chennai,27.4,79,0.0,3.2,6,1,1,0.08596479873744647,0.9962981749346078,25.1,23.5,27.6,77.0,0.0,25.8,24.699999999999996,79.71428571428571,0.0,2.016597794967226,2.299999999999997
2020-01-05,Bangalore,18.2,77,0.0,1.3,6,1,1,0.08596479873744647,0.9962981749346078,17.1,17.3,16.8,66.0,0.0,19.033333333333335,17.87142857142857,69.14285714285714,0.0,2.0072487686004155,1.0999999999999979
2020-01-06,Chennai,21.1,87,0.0,2.2,0,1,1,0.10310169744743485,0.9946708199115211,27.4,24.9,25.0,79.0,0.0,24.533333333333335,24.142857142857142,80.71428571428571,0.0,2.4185788822206744,-6.299999999999997
2020-01-06,Bangalore,17.1,65,3.1,3.7,0,1,1,0.10310169744743485,0.9946708199115211,18.2,21.8,18.7,77.0,0.0,17.466666666666665,17.642857142857142,67.0,0.4428571428571429,1.9881793537951786,-1.0999999999999979
2020-01-06,Delhi,14.5,60,0.0,4.3,0,1,1,0.10310169744743485,0.9946708199115211,17.1,17.6,14.5,63.0,0.0,16.133333333333322,16.185714285714287,55.0,0.0,2.298861001618713,-2.6000000000000014
2020-01-06,Hyderabad,19.0,60,0.0,3.1,0,1,1,0.10310169744743485,0.9946708199115211,23.4,20.6,22.9,51.0,0.0,21.00000000000001,19.442857142857143,57.142857142857146,0.0,2.2307376529280125,-4.399999999999999
2020-01-06,Mumbai,25.1,78,0.0,2.8,0,1,1,0.10310169744743485,0.9946708199115211,26.5,22.9,26.0,88.0,0.0,25.033333333333335,25.014285714285716,81.85714285714286,0.0,1.4182484166846963,-1.3999999999999986
2020-01-07,Chennai,26.8,78,0.0,2.1,1,1,1,0.1202080448993527,0.9927487224577402,21.1,25.1,26.0,87.0,0.0,25.100000000000005,24.257142857142856,80.85714285714286,0.0,2.5369648157178837,5.699999999999999
2020-01-07,Delhi,12.5,60,0.0,1.8,1,1,1,0.1202080448993527,0.9927487224577402,14.5,16.8,17.4,60.0,0.0,14.699999999999989,15.485714285714286,55.857142857142854,0.0,2.5944996765137773,-2.0
2020-01-07,Bangalore,18.9,70,0.0,3.5,1,1,1,0.1202080448993527,0.9927487224577402,17.1,17.1,16.1,65.0,3.1,18.066666666666666,18.042857142857144,67.85714285714286,0.4428571428571429,1.906005546386842,1.7999999999999972
2020-01-07,Hyderabad,20.9,62,0.0,3.5,1,1,1,0.1202080448993527,0.9927487224577402,19.0,20.6,17.5,60.0,0.0,21.10000000000001,19.928571428571427,57.57142857142857,0.0,2.1037381694770323,1.8999999999999986
2020-01-08,Bangalore,16.3,64,0.0,2.0,2,1,1,0.13727877211326478,0.9905324521322229,18.9,18.2,15.9,70.0,0.0,17.433333333333334,18.1,67.14285714285714,0.4428571428571429,1.8357559750686525,-2.599999999999998
2020-01-08,Mumbai,23.6,77,0.0,3.9,2,1,1,0.13727877211326478,0.9905324521322229,25.1,23.5,24.9,78.0,0.0,25.066666666666666,24.82857142857143,79.85714285714286,0.0,1.5173598625181266,-1.5
2020-01-08,Delhi,16.1,53,0.0,2.8,2,1,1,0.13727877211326478,0.9905324521322229,12.5,17.1,11.7,60.0,0.0,14.366666666666655,16.114285714285717,55.42857142857143,0.0,1.9861424683953055,3.6000000000000014
2020-01-08,Hyderabad,19.2,55,0.0,2.4,2,1,1,0.13727877211326478,0.9905324521322229,20.9,23.4,17.5,62.0,0.0,19.70000000000001,20.17142857142857,57.0,0.0,1.860747417674208,-1.6999999999999993
2020-01-08,Chennai,23.0,70,0.0,2.2,2,1,1,0.13727877211326478,0.9905324521322229,26.8,27.4,21.0,78.0,0.0,23.633333333333336,24.54285714285714,79.71428571428571,0.0,2.199134028700953,-3.8000000000000007
2020-01-09,Mumbai,26.7,89,0.0,3.3,3,1,1,0.15430882066428117,0.9880226656636976,23.6,26.5,25.5,77.0,0.0,25.133333333333336,25.0,79.42857142857143,0.0,1.6663332999933542,3.099999999999998
2020-01-09,Delhi,14.0,53,0.0,3.5,3,1,1,0.15430882066428117,0.9880226656636976,16.1,14.5,18.2,53.0,0.0,14.199999999999989,15.514285714285716,56.142857142857146,0.0,1.8827538088564384,-2.1000000000000014
2020-01-09,Hyderabad,20.1,61,0.0,2.0,3,1,1,0.15430882066428117,0.9880226656636976,19.2,19.0,17.5,55.0,0.0,20.066666666666674,20.542857142857144,57.42857142857143,0.0,1.453567041060512,0.9000000000000021
2020-01-09,Chennai,25.0,84,0.0,0.6,3,1,1,0.15430882066428117,0.9880226656636976,23.0,21.1,23.5,70.0,0.0,24.933333333333337,24.757142857142856,79.85714285714286,0.0,2.1531814777650515,2.0
2020-01-10,Chennai,26.9,83,0.0,4.6,4,1,1,0.1712931441814776,0.9852201067560606,25.0,26.8,24.9,84.0,0.0,24.96666666666667,25.042857142857144,79.71428571428571,0.0,2.3027933348125633,1.8999999999999986
2020-01-10,Mumbai,24.8,86,0.0,2.4,4,1,1,0.1712931441814776,0.9852201067560606,26.7,25.1,26.7,89.0,0.0,25.03333333333333,24.728571428571428,80.42857142857143,0.0,1.4885275562495852,-1.8999999999999986
2020-01-10,Delhi,11.7,53,0.0,2.6,4,1,1,0.1712931441814776,0.9852201067560606,14.0,12.5,17.6,53.0,0.0,13.933333333333323,14.671428571428573,55.42857142857143,0.0,2.101360103769901,-2.3000000000000007
2020-01-10,Bangalore,17.1,78,0.0,1.3,4,1,1,0.1712931441814776,0.9852201067560606,16.3,17.1,17.3,64.0,0.0,17.433333333333334,18.071428571428573,69.57142857142857,0.4428571428571429,1.8517687812056556,0.8000000000000007
2020-01-11,Mumbai,25.6,80,0.0,2.4,5,1,1,0.1882267098432442,0.9821256058680006,24.8,23.6,22.9,86.0,0.0,25.700000000000003,25.114285714285717,82.14285714285714,0.0,1.2694205652299178,0.8000000000000007
2020-01-11,Delhi,12.2,51,0.0,0.9,5,1,1,0.1882267098432442,0.9821256058680006,11.7,16.1,16.8,53.0,0.0,12.63333333333332,14.014285714285714,56.142857142857146,0.0,2.043223410389451,0.5
2020-01-11,Hyderabad,18.4,55,0.0,4.4,5,1,1,0.1882267098432442,0.9821256058680006,20.1,20.9,20.6,61.0,0.0,19.23333333333334,20.228571428571428,57.714285714285715,0.0,1.6620412005667098,-1.7000000000000028
2020-01-11,Bangalore,20.0,67,0.0,2.2,5,1,1,0.1882267098432442,0.9821256058680006,17.1,18.9,21.8,78.0,0.0,17.8,17.814285714285713,69.57142857142857,0.4428571428571429,1.2863754913563032,2.8999999999999986
2020-01-11,Chennai,25.6,85,0.0,1.8,5,1,1,0.1882267098432442,0.9821256058680006,26.9,23.0,25.1,83.0,0.0,25.833333333333332,25.11428571428571,80.85714285714286,0.0,2.312594914397086,-1.2999999999999972
2020-01-12,Hyderabad,23.5,61,0.0,2.3,6,1,1,0.2051044998686192,0.9787400799669153,18.4,19.2,20.6,55.0,0.0,20.666666666666675,20.642857142857142,57.857142857142854,0.0,2.0791481772248486,5.100000000000001
2020-01-12,Chennai,21.8,82,0.0,1.3,6,1,1,0.2051044998686192,0.9787400799669153,25.6,25.0,27.4,85.0,0.0,24.76666666666667,24.314285714285717,81.28571428571429,0.0,2.358268129672401,-3.8000000000000007
2020-01-12,Mumbai,24.1,83,0.0,2.3,6,1,1,0.2051044998686192,0.9787400799669153,25.6,26.7,23.5,80.0,0.0,24.833333333333332,25.2,83.0,0.0,1.1575836902790533,-1.5
2020-01-12,Delhi,12.9,48,0.0,3.7,6,1,1,0.2051044998686192,0.9787400799669153,12.2,14.0,17.1,51.0,0.0,12.266666666666657,13.414285714285715,54.0,0.0,1.5410262505108496,0.7000000000000011
2020-01-12,Bangalore,18.4,69,0.0,2.4,6,1,1,0.2051044998686192,0.9787400799669153,20.0,16.3,17.1,67.0,0.0,18.5,18.0,70.0,0.4428571428571429,1.2596295751795157,-1.6000000000000014
2020-01-13,Chennai,23.7,81,0.0,2.5,0,1,1,0.2219215130041655,0.9750645322571948,21.8,26.9,21.1,82.0,0.0,23.700000000000003,24.685714285714283,80.42857142857143,0.0,1.9342772736680187,1.8999999999999986
2020-01-13,Delhi,12.7,55,0.0,4.3,0,1,1,0.2219215130041655,0.9750645322571948,12.9,11.7,14.5,48.0,0.0,12.599999999999989,13.157142857142858,53.285714285714285,0.0,1.4785771796535048,-0.20000000000000107
2020-01-13,Hyderabad,18.2,60,0.0,3.0,0,1,1,0.2219215130041655,0.9750645322571948,23.5,20.1,23.4,61.0,0.0,20.033333333333342,19.900000000000002,59.142857142857146,0.0,1.8457157599876945,-5.300000000000001
2020-01-13,Bangalore,18.7,63,0.0,2.0,0,1,1,0.2219215130041655,0.9750645322571948,18.4,17.1,18.2,69.0,0.0,19.03333333333333,18.071428571428573,68.0,0.4428571428571429,1.2867456181058259,0.3000000000000007
2020-01-13,Mumbai,21.5,85,0.0,3.5,0,1,1,0.2219215130041655,0.9750645322571948,24.1,24.8,26.5,83.0,0.0,23.733333333333334,24.485714285714288,82.57142857142857,0.0,1.6567322972532355,-2.6000000000000014
2020-01-14,Delhi,15.4,52,0.0,3.6,1,1,1,0.2386727660059501,0.9711000518829505,12.7,12.2,12.5,55.0,0.0,13.666666666666657,13.571428571428571,52.142857142857146,0.0,1.6590301240129932,2.700000000000001
2020-01-14,Bangalore,20.8,68,0.0,1.8,1,1,1,0.2386727660059501,0.9711000518829505,18.7,20.0,17.1,63.0,0.0,19.299999999999997,18.599999999999998,68.42857142857143,0.0,1.5534906930308843,2.1000000000000014
2020-01-14,Hyderabad,20.5,67,0.0,2.6,1,1,1,0.2386727660059501,0.9711000518829505,18.2,18.4,19.0,60.0,0.0,20.733333333333345,20.114285714285717,60.142857142857146,0.0,1.810551086850498,2.3000000000000007
2020-01-14,Mumbai,24.8,84,2.1,3.6,1,1,1,0.2386727660059501,0.9711000518829505,21.5,25.6,25.1,85.0,0.0,23.46666666666667,24.442857142857143,83.42857142857143,0.3,1.6420080621575994,3.3000000000000007
2020-01-14,Chennai,25.9,85,0.0,4.0,1,1,1,0.2386727660059501,0.9711000518829505,23.7,25.6,26.8,81.0,0.0,23.8,24.557142857142857,81.42857142857143,0.0,1.7952317797034307,2.1999999999999993
2020-01-15,Mumbai,26.4,86,0.0,3.4,2,1,1,0.255353295116187,0.9668478136052775,24.8,24.1,23.6,84.0,2.1,24.233333333333334,24.842857142857145,84.71428571428571,0.3,1.7405527310380113,1.5999999999999979
2020-01-15,Delhi,14.3,55,0.0,4.0,2,1,1,0.255353295116187,0.9668478136052775,15.4,12.9,16.1,52.0,0.0,14.133333333333324,13.314285714285715,52.42857142857143,0.0,1.303109833474088,-1.0999999999999996
2020-01-15,Hyderabad,21.8,60,0.0,3.8,2,1,1,0.255353295116187,0.9668478136052775,20.5,23.5,20.9,67.0,0.0,20.166666666666675,20.24285714285714,59.857142857142854,0.0,1.9051309166364625,1.3000000000000007
2020-01-15,Bangalore,18.8,66,0.0,4.0,2,1,1,0.255353295116187,0.9668478136052775,20.8,18.4,18.9,68.0,0.0,19.433333333333334,18.585714285714285,67.85714285714286,0.0,1.5507294750413914,-2.0
2020-01-16,Mumbai,22.7,85,0.0,2.5,3,1,1,0.2719581575341055,0.9623090774541486,26.4,21.5,26.7,86.0,0.0,24.633333333333336,24.271428571428572,84.14285714285714,0.3,1.684947363880458,-3.6999999999999993
2020-01-16,Delhi,19.5,53,0.0,4.0,3,1,1,0.2719581575341055,0.9623090774541486,14.3,12.7,14.0,55.0,0.0,16.399999999999988,14.1,52.42857142857143,0.0,2.697529734158319,5.199999999999999
2020-01-16,Hyderabad,21.3,63,0.0,3.8,3,1,1,0.2719581575341055,0.9623090774541486,21.8,18.2,19.2,60.0,0.0,21.200000000000006,20.542857142857144,61.0,0.0,1.8787026932231936,-0.5
2020-01-16,Bangalore,19.5,65,0.0,4.3,3,1,1,0.2719581575341055,0.9623090774541486,18.8,18.7,16.3,66.0,0.0,19.7,19.042857142857144,68.0,0.0,1.1956269524914702,0.6999999999999993
2020-01-16,Chennai,24.1,78,0.0,2.6,3,1,1,0.2719581575341055,0.9623090774541486,25.9,21.8,23.0,85.0,0.0,24.566666666666674,24.714285714285715,82.57142857142857,0.0,1.6807028008431222,-1.7999999999999972
2020-01-17,Hyderabad,20.4,52,0.0,1.7,4,1,1,0.288482432880609,0.9574851883550393,21.3,20.5,20.1,63.0,0.0,21.166666666666675,20.585714285714285,59.714285714285715,0.0,1.8703195550748832,-0.9000000000000021
2020-01-17,Chennai,29.1,78,0.0,2.2,4,1,1,0.288482432880609,0.9574851883550393,24.1,23.7,25.0,78.0,0.0,26.36666666666667,25.300000000000004,81.71428571428571,0.0,2.3699507730471328,5.0
2020-01-17,Bangalore,17.2,73,0.0,3.7,4,1,1,0.288482432880609,0.9574851883550393,19.5,20.8,17.1,65.0,0.0,18.5,19.057142857142857,67.28571428571429,0.0,1.1688415102958607,-2.3000000000000007
2020-01-17,Delhi,16.2,55,0.0,2.2,4,1,1,0.288482432880609,0.9574851883550393,19.5,15.4,11.7,53.0,0.0,16.666666666666657,14.742857142857142,52.714285714285715,0.0,2.563108232112986,-3.3000000000000007
2020-01-18,Bangalore,16.9,67,0.0,3.1,5,1,1,0.30492122465628907,0.9523775757303974,17.2,18.8,20.0,73.0,0.0,17.866666666666664,18.614285714285717,67.28571428571429,0.0,1.3284434142115924,-0.3000000000000007
2020-01-18,Chennai,23.8,79,0.0,3.8,5,1,1,0.30492122465628907,0.9523775757303974,29.1,25.9,26.9,78.0,0.0,25.66666666666667,24.857142857142858,81.14285714285714,0.0,2.3100195835080046,-5.300000000000001
2020-01-18,Mumbai,22.1,95,0.0,1.9,5,1,1,0.30492122465628907,0.9523775757303974,22.7,24.8,24.8,85.0,0.0,23.733333333333334,23.885714285714283,85.42857142857143,0.3,1.8451996923807459,-0.5999999999999979
2020-01-18,Delhi,15.1,50,0.0,4.2,5,1,1,0.30492122465628907,0.9523775757303974,16.2,14.3,12.2,55.0,0.0,16.933333333333323,15.157142857142858,52.57142857142857,0.0,2.304963588184999,-1.0999999999999996
2020-01-18,Hyderabad,19.7,56,0.0,1.9,5,1,1,0.30492122465628907,0.9523775757303974,20.4,21.8,18.4,52.0,0.0,20.466666666666676,20.77142857142857,59.857142857142854,0.0,1.671041876309872,-0.6999999999999993
2020-01-19,Bangalore,19.3,65,0.0,3.2,6,1,1,0.3212696616923644,0.9469877530760753,16.9,19.5,18.4,67.0,0.0,17.8,18.74285714285714,66.71428571428571,0.0,1.347661113259086,2.400000000000002
2020-01-19,Mumbai,21.0,83,0.0,0.5,6,1,1,0.3212696616923644,0.9469877530760753,22.1,26.4,25.6,95.0,0.0,21.933333333333334,23.228571428571428,85.85714285714286,0.3,1.9491145730940826,-1.1000000000000014
2020-01-19,Hyderabad,19.6,58,0.0,4.5,6,1,1,0.3212696616923644,0.9469877530760753,19.7,21.3,23.5,56.0,0.0,19.90000000000001,20.214285714285715,59.42857142857143,0.0,1.1908380402454055,-0.09999999999999787
2020-01-19,Delhi,18.1,57,0.0,4.1,6,1,1,0.3212696616923644,0.9469877530760753,15.1,19.5,12.9,50.0,0.0,16.466666666666654,15.900000000000002,53.857142857142854,0.0,2.294195574342958,3.0000000000000018
2020-01-20,Bangalore,17.5,70,0.0,3.8,0,1,1,0.3375228995941133,0.9413173175128471,19.3,17.2,18.7,65.0,0.0,17.900000000000002,18.571428571428573,67.71428571428571,0.0,1.427952246767331,-1.8000000000000007
2020-01-20,Hyderabad,21.0,59,0.0,3.7,0,1,1,0.3375228995941133,0.9413173175128471,19.6,20.4,18.2,58.0,0.0,20.10000000000001,20.614285714285717,59.285714285714285,0.0,0.81123069351172,1.3999999999999986
2020-01-20,Delhi,15.9,46,0.0,2.7,0,1,1,0.3375228995941133,0.9413173175128471,18.1,16.2,12.7,57.0,0.0,16.366666666666656,16.357142857142858,52.57142857142857,0.0,1.8201255843646056,-2.200000000000001
2020-01-20,Chennai,21.0,75,0.0,1.4,0,1,1,0.3375228995941133,0.9413173175128471,23.8,24.1,25.6,79.0,0.0,24.633333333333336,24.2,79.71428571428571,0.0,2.687005768508879,-2.8000000000000007
2020-01-20,Mumbai,22.4,89,0.0,3.9,0,1,1,0.3375228995941133,0.9413173175128471,21.0,22.7,24.1,83.0,0.0,21.833333333333332,22.985714285714288,86.71428571428571,0.3,1.9282363024524127,1.3999999999999986
2020-01-21,Hyderabad,20.8,63,0.0,2.8,1,1,1,0.3536761221763716,0.9353679493131483,21.0,19.7,20.5,59.0,0.0,20.46666666666668,20.657142857142855,58.714285714285715,0.0,0.8121107126027067,-0.1999999999999993
2020-01-21,Mumbai,21.2,93,0.0,3.5,1,1,1,0.3536761221763716,0.9353679493131483,22.4,22.1,21.5,89.0,0.0,21.53333333333333,22.942857142857147,87.85714285714286,0.3,1.9696506821068365,-1.1999999999999993
2020-01-21,Chennai,26.5,80,0.0,2.4,1,1,1,0.3536761221763716,0.9353679493131483,21.0,29.1,21.8,75.0,0.0,23.76666666666667,24.87142857142857,79.42857142857143,0.0,2.5721030861367717,5.5
2020-01-21,Delhi,18.5,50,0.0,2.8,1,1,1,0.3536761221763716,0.9353679493131483,15.9,15.1,15.4,46.0,0.0,17.49999999999999,16.8,52.285714285714285,0.0,1.9226717521896695,2.5999999999999996
2020-01-21,Bangalore,18.3,64,0.0,3.5,1,1,1,0.3536761221763716,0.9353679493131483,17.5,16.9,20.8,70.0,0.0,18.366666666666664,18.214285714285715,67.14285714285714,0.0,1.0367072415885625,0.8000000000000007
2020-01-22,Chennai,26.8,73,0.0,3.3,2,1,1,0.3697245428906731,0.9291414114031743,26.5,23.8,23.7,80.0,0.0,24.76666666666667,25.314285714285717,78.28571428571429,0.0,2.603477527864466,0.3000000000000007
2020-01-22,Delhi,17.7,54,0.0,3.9,2,1,1,0.3697245428906731,0.9291414114031743,18.5,18.1,14.3,50.0,0.0,17.366666666666656,17.285714285714285,52.142857142857146,0.0,1.5858000834794097,-0.8000000000000007
2020-01-22,Hyderabad,18.2,59,0.0,2.2,2,1,1,0.3697245428906731,0.9291414114031743,20.8,19.6,21.8,63.0,0.0,20.00000000000001,20.142857142857142,58.57142857142857,0.0,1.0674848052895616,-2.6000000000000014
2020-01-22,Mumbai,22.6,85,0.0,1.4,2,1,1,0.3697245428906731,0.9291414114031743,21.2,21.0,24.8,93.0,0.0,22.066666666666666,22.62857142857143,88.0,0.0,1.7913814833942385,1.4000000000000021
2020-01-22,Bangalore,20.7,76,0.0,2.5,2,1,1,0.3697245428906731,0.9291414114031743,18.3,19.3,18.8,64.0,0.0,18.833333333333332,18.485714285714288,68.57142857142857,0.0,1.4005101111483709,2.3999999999999986
2020-01-23,Bangalore,18.6,63,0.0,1.5,3,1,1,0.38566340624360707,0.9226395488404876,20.7,17.5,19.5,76.0,0.0,19.2,18.357142857142858,68.28571428571429,0.0,1.331486816629214,-2.099999999999998
2020-01-23,Chennai,22.6,84,0.0,3.3,3,1,1,0.38566340624360707,0.9226395488404876,26.8,21.0,25.9,73.0,0.0,25.3,24.842857142857145,78.14285714285714,0.0,2.7729990641043902,-4.199999999999999
2020-01-23,Delhi,15.4,56,0.0,3.3,3,1,1,0.38566340624360707,0.9226395488404876,17.7,15.9,19.5,54.0,0.0,17.199999999999992,16.7,52.57142857142857,0.0,1.3747727084872743,-2.299999999999999
2020-01-23,Hyderabad,22.0,51,0.0,3.0,3,1,1,0.38566340624360707,0.9226395488404876,18.2,21.0,21.3,59.0,0.0,20.333333333333343,20.24285714285714,56.857142857142854,0.0,1.2163567772344137,3.8000000000000007
2020-01-24,Chennai,21.7,79,0.0,1.4,4,1,1,0.401487989205973,0.9158642882672872,22.6,26.5,24.1,84.0,0.0,23.700000000000003,24.5,78.28571428571429,0.0,3.017725412735007,-0.9000000000000021
2020-01-24,Delhi,14.9,55,0.0,3.7,4,1,1,0.401487989205973,0.9158642882672872,15.4,18.5,16.2,56.0,0.0,15.999999999999991,16.514285714285712,52.57142857142857,0.0,1.5323495809040073,-0.5
2020-01-24,Hyderabad,21.7,55,0.0,4.1,4,1,1,0.401487989205973,0.9158642882672872,22.0,20.8,20.4,51.0,0.0,20.633333333333344,20.428571428571427,57.285714285714285,0.0,1.3375528471981557,-0.3000000000000007
2020-01-24,Bangalore,23.4,71,0.0,1.6,4,1,1,0.401487989205973,0.9158642882672872,18.6,18.3,17.2,63.0,0.0,20.9,19.24285714285714,68.0,0.0,2.2074549016587777,4.799999999999997
2020-01-24,Mumbai,26.8,83,0.0,4.2,4,1,1,0.401487989205973,0.9158642882672872,22.6,22.4,26.4,85.0,0.0,23.53333333333333,22.685714285714283,87.57142857142857,0.0,1.9325532087790054,4.199999999999999
2020-01-25,Mumbai,20.0,80,0.0,3.5,5,1,1,0.4171936026123168,0.9088176373395029,26.8,21.2,22.7,83.0,0.0,23.133333333333336,22.3,86.85714285714286,0.0,2.1825062046494783,-6.800000000000001
2020-01-25,Chennai,23.7,72,0.0,2.4,5,1,1,0.4171936026123168,0.9088176373395029,21.7,26.8,29.1,79.0,0.0,22.666666666666668,23.728571428571428,77.42857142857143,0.0,2.234363657147359,2.0
2020-01-25,Bangalore,19.3,63,0.0,2.2,5,1,1,0.4171936026123168,0.9088176373395029,23.4,20.7,16.9,71.0,0.0,20.433333333333334,19.585714285714285,67.42857142857143,0.0,1.9548474547720545,-4.099999999999998
2020-01-25,Hyderabad,17.1,61,0.0,4.0,5,1,1,0.4171936026123168,0.9088176373395029,21.7,18.2,19.7,55.0,0.0,20.266666666666676,20.057142857142857,58.0,0.0,1.840160448491044,-4.599999999999998
2020-01-26,Chennai,27.3,82,0.0,4.5,6,1,1,0.4327755925504312,0.901501684131884,23.7,22.6,23.8,72.0,0.0,24.233333333333334,24.228571428571428,77.85714285714286,0.0,2.6126067989106736,3.6000000000000014
2020-01-26,Bangalore,16.7,73,0.0,5.1,6,1,1,0.4327755925504312,0.901501684131884,19.3,18.6,19.3,63.0,0.0,19.8,19.214285714285715,68.57142857142857,0.0,2.2438275122571536,-2.6000000000000014
2020-01-26,Hyderabad,19.5,62,0.0,2.1,6,1,1,0.4327755925504312,0.901501684131884,17.1,22.0,19.6,61.0,0.0,19.43333333333334,20.042857142857144,58.57142857142857,0.0,1.8446834803991246,2.3999999999999986
2020-01-26,Delhi,14.4,58,0.0,1.5,6,1,1,0.4327755925504312,0.901501684131884,14.9,17.7,15.1,55.0,0.0,14.899999999999991,16.414285714285715,53.714285714285715,0.0,1.6577379883735228,-0.5
2020-01-26,Mumbai,25.8,83,0.0,4.0,6,1,1,0.4327755925504312,0.901501684131884,20.0,22.6,22.1,80.0,0.0,24.2,22.82857142857143,85.14285714285714,0.0,2.5440874498297177,5.800000000000001
2020-01-27,Delhi,13.4,43,0.0,4.0,0,1,1,0.4482293417404106,0.893918596519257,14.4,15.4,18.1,58.0,0.0,14.233333333333325,15.742857142857144,51.714285714285715,0.0,1.8063380477802733,-1.0
2020-01-27,Bangalore,19.0,72,0.0,2.8,0,1,1,0.4482293417404106,0.893918596519257,16.7,23.4,17.5,73.0,0.0,18.333333333333332,19.428571428571427,68.85714285714286,0.0,2.121095853338041,2.3000000000000007
2020-01-27,Chennai,25.3,79,0.0,2.4,0,1,1,0.4482293417404106,0.893918596519257,27.3,21.7,21.0,82.0,0.0,25.433333333333337,24.842857142857145,78.42857142857143,0.0,2.199891772229677,-2.0
2020-01-27,Mumbai,24.8,79,0.0,1.8,0,1,1,0.4482293417404106,0.893918596519257,25.8,26.8,21.0,83.0,0.0,23.533333333333335,23.371428571428574,84.57142857142857,0.0,2.4938018403729934,-1.0
2020-01-27,Hyderabad,20.6,56,0.0,3.3,0,1,1,0.4482293417404106,0.893918596519257,19.5,21.7,21.0,62.0,0.0,19.066666666666677,19.985714285714288,58.142857142857146,0.0,1.8160658683251347,1.1000000000000014
2020-01-28,Bangalore,21.5,65,0.0,1.8,1,1,1,0.4635502709028509,0.886070621534138,19.0,19.3,18.3,72.0,0.0,19.066666666666666,19.885714285714283,69.0,0.0,2.1813058561548484,2.5
2020-01-28,Mumbai,25.4,83,0.0,2.3,1,1,1,0.4635502709028509,0.886070621534138,24.8,20.0,22.4,79.0,0.0,25.333333333333332,23.8,83.71428571428571,0.0,2.556038601690793,0.5999999999999979
2020-01-28,Delhi,19.1,60,0.0,2.8,1,1,1,0.4635502709028509,0.886070621534138,13.4,14.9,15.9,43.0,0.0,15.633333333333326,16.2,53.714285714285715,0.0,2.212088003071941,5.700000000000001
2020-01-28,Hyderabad,21.6,58,0.0,2.1,1,1,1,0.4635502709028509,0.886070621534138,20.6,17.1,20.8,56.0,0.0,20.566666666666677,20.099999999999998,57.42857142857143,0.0,1.8991226044326235,1.0
2020-01-28,Chennai,25.9,83,0.0,2.5,1,1,1,0.4635502709028509,0.886070621534138,25.3,23.7,26.5,79.0,0.0,26.166666666666668,24.75714285714286,78.85714285714286,0.0,2.135304149184332,0.5999999999999979
2020-01-29,Hyderabad,18.5,61,0.0,5.4,2,1,1,0.47873384011578846,0.8779600847008882,21.6,19.5,18.2,58.0,0.0,20.233333333333345,20.142857142857142,57.714285714285715,0.0,1.851897353938412,-3.1000000000000014
2020-01-29,Bangalore,17.5,69,0.0,1.8,2,1,1,0.47873384011578846,0.8779600847008882,21.5,16.7,20.7,65.0,0.0,19.333333333333332,19.428571428571427,68.0,0.0,2.313521331732467,-4.0
2020-01-29,Mumbai,24.5,91,0.0,5.1,2,1,1,0.47873384011578846,0.8779600847008882,25.4,25.8,21.2,83.0,0.0,24.900000000000002,24.27142857142857,83.42857142857143,0.0,2.286711092168771,-0.8999999999999986
2020-01-29,Delhi,14.2,48,0.0,3.6,2,1,1,0.47873384011578846,0.8779600847008882,19.1,14.4,18.5,60.0,0.0,15.566666666666658,15.585714285714285,53.42857142857143,0.0,2.0586634591639204,-4.900000000000002
2020-01-30,Chennai,29.4,83,0.0,3.7,3,1,1,0.49377555015997715,0.869589389346611,25.9,27.3,26.8,83.0,0.0,26.86666666666667,25.128571428571426,80.28571428571429,0.0,2.701057993771018,3.5
2020-01-30,Hyderabad,17.4,55,0.0,4.9,3,1,1,0.49377555015997715,0.869589389346611,18.5,20.6,22.0,61.0,0.0,19.166666666666675,19.485714285714288,58.285714285714285,0.0,1.8986210534917742,-1.1000000000000014
2020-01-30,Mumbai,20.3,94,0.0,2.9,3,1,1,0.49377555015997715,0.869589389346611,24.5,24.8,22.6,91.0,0.0,23.400000000000002,23.942857142857143,84.71428571428571,0.0,2.6955872228867985,-4.199999999999999
2020-01-30,Delhi,15.7,54,0.0,4.2,3,1,1,0.49377555015997715,0.869589389346611,14.2,13.4,17.7,48.0,0.0,16.333333333333325,15.299999999999999,53.42857142857143,0.0,1.8439088914589956,1.5
2020-01-30,Bangalore,21.7,66,0.0,5.1,3,1,1,0.49377555015997715,0.869589389346611,17.5,19.0,18.6,69.0,0.0,20.233333333333334,19.87142857142857,68.42857142857143,0.0,2.4226117351007397,4.199999999999999
2020-01-31,Delhi,16.6,57,0.0,2.9,4,1,1,0.5086709438521044,0.8609610158889943,15.7,19.1,15.4,54.0,0.0,15.499999999999991,15.471428571428573,53.57142857142857,0.0,1.9093753653265289,0.9000000000000021
2020-01-31,Chennai,24.9,85,0.0,3.9,4,1,1,0.5086709438521044,0.8609610158889943,29.4,25.3,22.6,83.0,0.0,26.733333333333334,25.457142857142856,80.42857142857143,0.0,2.4724192894525783,-4.5
2020-01-31,Hyderabad,18.3,59,0.0,2.9,4,1,1,0.5086709438521044,0.8609610158889943,17.4,21.6,21.7,55.0,0.0,18.066666666666677,19.0,58.857142857142854,0.0,1.6573070526209062,0.9000000000000021
2020-01-31,Bangalore,15.3,75,0.0,1.5,4,1,1,0.5086709438521044,0.8609610158889943,21.7,21.5,23.4,66.0,0.0,18.166666666666668,18.714285714285715,69.0,0.0,2.390556818977986,-6.399999999999999
2020-01-31,Mumbai,25.7,87,0.0,4.2,4,1,1,0.5086709438521044,0.8609610158889943,20.3,25.4,26.8,94.0,0.0,23.5,23.785714285714285,85.28571428571429,0.0,2.528127483223238,5.399999999999999
2020-02-01,Delhi,16.2,52,0.0,2.0,5,2,1,0.5234156073655503,0.8520775211013093,16.6,14.2,14.9,57.0,0.0,16.166666666666657,15.657142857142857,53.142857142857146,0.0,1.9077536029386308,-0.40000000000000213
2020-02-01,Chennai,27.1,84,0.0,2.3,5,2,1,0.5234156073655503,0.8520775211013093,24.9,25.9,21.7,85.0,0.0,27.133333333333336,26.22857142857143,81.14285714285714,0.0,1.8750238093726619,2.200000000000003
2020-02-01,Hyderabad,22.2,62,0.0,5.8,5,2,1,0.5234156073655503,0.8520775211013093,18.3,18.5,17.1,59.0,0.0,19.30000000000001,19.728571428571428,59.0,0.0,1.7978823522080793,3.8999999999999986
2020-02-01,Mumbai,22.0,81,0.0,3.0,5,2,1,0.5234156073655503,0.8520775211013093,25.7,24.5,20.0,87.0,0.0,22.666666666666668,24.071428571428573,85.42857142857143,0.0,2.106904748451553,-3.6999999999999993
2020-02-02,Delhi,15.7,52,0.0,4.0,6,2,1,0.5380051715382996,0.8429415373547828,16.2,15.7,14.4,52.0,0.0,16.166666666666657,15.842857142857142,52.285714285714285,0.0,1.826524151549051,-0.5
2020-02-02,Chennai,27.5,71,0.0,2.9,6,2,1,0.5380051715382996,0.8429415373547828,27.1,29.4,23.7,84.0,0.0,26.5,26.77142857142857,81.0,0.0,1.5413352282078001,0.3999999999999986
2020-02-02,Hyderabad,20.6,59,0.0,1.7,6,2,1,0.5380051715382996,0.8429415373547828,22.2,17.4,19.5,62.0,0.0,20.366666666666674,19.885714285714283,58.57142857142857,0.0,1.8224786888819495,-1.5999999999999979
2020-02-02,Bangalore,18.9,70,0.0,2.5,6,2,1,0.5380051715382996,0.8429415373547828,15.3,17.5,19.3,75.0,0.0,18.633333333333333,18.657142857142855,70.0,0.0,2.3789753696757883,3.599999999999998
2020-02-03,Hyderabad,23.1,57,0.0,2.9,0,2,1,0.5524353131676196,0.8335557718385699,20.6,18.3,20.6,59.0,0.0,21.96666666666668,20.242857142857144,58.714285714285715,0.0,2.1930626551751997,2.5
2020-02-03,Delhi,15.5,50,0.0,1.8,0,2,1,0.5524353131676196,0.8335557718385699,15.7,16.6,13.4,52.0,0.0,15.79999999999999,16.142857142857142,53.285714285714285,0.0,1.5020620746799915,-0.1999999999999993
2020-02-03,Mumbai,25.0,86,0.0,1.9,0,2,1,0.5524353131676196,0.8335557718385699,22.0,20.3,25.8,81.0,0.0,24.233333333333334,23.957142857142856,85.85714285714286,0.0,2.0173060773030684,3.0
2020-02-03,Chennai,25.3,87,0.0,3.0,0,2,1,0.5524353131676196,0.8335557718385699,27.5,24.9,27.3,71.0,0.0,26.633333333333336,26.485714285714288,81.71428571428571,0.0,1.6108264663712217,-2.1999999999999993
2020-02-04,Bangalore,16.1,63,0.0,3.3,1,2,1,0.5667017562911176,0.8239230057575542,18.9,21.7,16.7,70.0,0.0,16.76666666666667,18.571428571428573,68.57142857142857,0.0,2.470299769740749,-2.799999999999997
2020-02-04,Hyderabad,18.3,68,0.0,2.6,1,2,1,0.5667017562911176,0.8239230057575542,23.1,22.2,21.6,57.0,0.0,20.666666666666675,19.771428571428572,60.142857142857146,0.0,2.207347039407545,-4.800000000000001
2020-02-04,Delhi,16.6,59,0.0,3.9,1,2,1,0.5667017562911176,0.8239230057575542,15.5,16.2,19.1,50.0,0.0,15.933333333333323,15.785714285714286,53.142857142857146,0.0,0.8275034167684224,1.1000000000000014
2020-02-04,Chennai,27.6,74,0.0,2.5,1,2,1,0.5667017562911176,0.8239230057575542,25.3,27.1,25.3,87.0,0.0,26.8,26.814285714285713,81.0,0.0,1.5625071428408512,2.3000000000000007
2020-02-05,Delhi,15.5,63,0.0,1.1,2,2,1,0.5808002734538009,0.8140460935082178,16.6,15.7,14.2,59.0,0.0,15.866666666666655,15.971428571428573,55.285714285714285,0.0,0.4889249625956051,-1.1000000000000014
2020-02-05,Hyderabad,26.0,48,0.0,1.9,2,2,1,0.5808002734538009,0.8140460935082178,18.3,20.6,18.5,68.0,0.0,22.46666666666668,20.842857142857145,58.285714285714285,0.0,3.119218461333555,7.699999999999999
2020-02-05,Mumbai,29.0,77,2.0,5.8,2,2,1,0.5808002734538009,0.8140460935082178,25.0,25.7,24.8,86.0,0.0,25.333333333333332,24.557142857142853,85.57142857142857,0.2857142857142857,2.787386555453671,4.0
2020-02-05,Bangalore,17.8,56,0.0,4.3,2,2,1,0.5808002734538009,0.8140460935082178,16.1,15.3,19.0,63.0,0.0,17.599999999999998,18.400000000000002,66.28571428571429,0.0,2.47722963543288,1.6999999999999993
2020-02-05,Chennai,25.3,73,0.0,3.3,2,2,1,0.5808002734538009,0.8140460935082178,27.6,27.5,25.9,74.0,0.0,26.066666666666674,26.728571428571428,79.57142857142857,0.0,1.6357610723190563,-2.3000000000000007
2020-02-06,Bangalore,17.5,72,0.0,2.3,3,2,1,0.5947266869607634,0.8039279618328213,17.8,18.9,21.5,56.0,0.0,17.133333333333336,17.82857142857143,67.28571428571429,0.0,2.0710015980312266,-0.3000000000000007
2020-02-06,Mumbai,25.0,76,0.0,3.1,3,2,1,0.5947266869607634,0.8039279618328213,29.0,22.0,25.4,77.0,2.0,26.333333333333332,24.5,84.57142857142857,0.2857142857142857,2.771281292110217,-4.0
2020-02-06,Delhi,19.1,43,0.0,3.0,3,2,1,0.5947266869607634,0.8039279618328213,15.5,15.5,15.7,63.0,0.0,17.06666666666666,16.45714285714286,53.714285714285715,0.0,1.2581165060750952,3.6000000000000014
2020-02-06,Chennai,25.3,76,0.0,2.7,3,2,1,0.5947266869607634,0.8039279618328213,25.3,25.3,29.4,73.0,0.0,26.066666666666674,26.142857142857142,78.57142857142857,0.0,1.1942321701371765,0.0
2020-02-06,Hyderabad,18.2,52,0.0,3.0,3,2,1,0.5947266869607634,0.8039279618328213,26.0,23.1,17.4,48.0,0.0,20.833333333333343,20.957142857142856,57.857142857142854,0.0,2.9837655978406543,-7.800000000000001
2020-02-07,Bangalore,18.5,68,0.0,3.6,4,2,1,0.6084768701151261,0.7935716089521474,17.5,16.1,17.5,72.0,0.0,17.933333333333334,17.97142857142857,67.14285714285714,0.0,2.0790336583088838,1.0
2020-02-07,Chennai,23.3,76,0.0,1.2,4,2,1,0.6084768701151261,0.7935716089521474,25.3,27.6,24.9,76.0,0.0,24.633333333333336,25.914285714285715,77.28571428571429,0.0,1.5667679805133765,-2.0
2020-02-07,Mumbai,26.2,84,0.0,4.0,4,2,1,0.6084768701151261,0.7935716089521474,25.0,25.0,24.5,76.0,0.0,26.73333333333333,24.742857142857144,83.57142857142857,0.2857142857142857,2.844794745294853,1.1999999999999993
2020-02-07,Delhi,15.3,55,0.0,2.1,4,2,1,0.6084768701151261,0.7935716089521474,19.1,16.6,16.6,43.0,0.0,16.633333333333326,16.271428571428572,53.42857142857143,0.0,1.3275469680513858,-3.8000000000000007
2020-02-07,Hyderabad,21.3,61,0.0,3.5,4,2,1,0.6084768701151261,0.7935716089521474,18.2,18.3,18.3,52.0,0.0,21.833333333333343,21.38571428571429,58.142857142857146,0.0,2.744344834642471,3.1000000000000014
2020-02-08,Bangalore,16.7,67,0.0,2.6,5,2,1,0.6220467484408675,0.7829801036770629,18.5,17.8,21.7,68.0,0.0,17.566666666666666,17.25714285714286,67.28571428571429,0.0,1.2959644321987045,-1.8000000000000007
2020-02-08,Chennai,24.2,82,0.0,3.7,5,2,1,0.6220467484408675,0.7829801036770629,23.3,25.3,27.1,76.0,0.0,24.26666666666667,25.500000000000004,77.0,0.0,1.5842979517754967,0.8999999999999986
2020-02-08,Hyderabad,21.3,64,0.0,1.0,5,2,1,0.6220467484408675,0.7829801036770629,21.3,26.0,22.2,61.0,0.0,20.266666666666676,21.25714285714286,58.42857142857143,0.0,2.7208192043679396,0.0
2020-02-08,Delhi,13.1,49,0.0,3.1,5,2,1,0.6220467484408675,0.7829801036770629,15.3,15.5,16.2,55.0,0.0,15.833333333333327,15.828571428571431,53.0,0.0,1.7913814833946242,-2.200000000000001
2020-02-08,Mumbai,24.8,79,0.0,4.6,5,2,1,0.6220467484408675,0.7829801036770629,26.2,29.0,20.3,84.0,0.0,25.333333333333332,25.385714285714283,81.42857142857143,0.2857142857142857,2.0788046015507615,-1.3999999999999986
2020-02-09,Delhi,18.9,57,0.0,1.6,6,2,1,0.6354323008901774,0.7721565844991642,13.1,19.1,15.7,49.0,0.0,15.766666666666657,16.285714285714285,53.714285714285715,0.0,2.1294980405634045,5.799999999999999
2020-02-09,Chennai,24.2,81,0.0,3.2,6,2,1,0.6354323008901774,0.7721565844991642,24.2,25.3,27.5,82.0,0.0,23.900000000000006,25.02857142857143,78.42857142857143,0.0,1.3659115219201763,0.0
2020-02-09,Bangalore,22.2,59,0.0,2.7,6,2,1,0.6354323008901774,0.7721565844991642,16.7,17.5,15.3,67.0,0.0,19.133333333333336,18.24285714285714,65.0,0.0,1.9948743843971892,5.5
2020-02-09,Hyderabad,17.6,61,0.0,4.0,6,2,1,0.6354323008901774,0.7721565844991642,21.3,18.2,20.6,64.0,0.0,20.066666666666677,20.82857142857143,58.714285714285715,0.0,3.0570761007398137,-3.6999999999999993
2020-02-10,Delhi,15.0,48,0.0,2.3,0,2,1,0.6486295610349814,0.7611042586607747,18.9,15.3,15.5,57.0,0.0,15.666666666666657,16.214285714285715,53.42857142857143,0.0,2.168277789267337,-3.8999999999999986
2020-02-10,Hyderabad,19.0,59,0.0,1.1,0,2,1,0.6486295610349814,0.7611042586607747,17.6,21.3,23.1,61.0,0.0,19.30000000000001,20.242857142857144,59.0,0.0,2.9398736610367155,1.3999999999999986
2020-02-10,Mumbai,22.5,82,0.0,3.2,0,2,1,0.6486295610349814,0.7611042586607747,24.8,25.0,25.7,79.0,0.0,24.5,24.928571428571427,80.71428571428571,0.2857142857142857,2.334319519484786,-2.3000000000000007
2020-02-10,Chennai,28.2,82,0.0,2.5,0,2,1,0.6486295610349814,0.7611042586607747,24.2,23.3,25.3,81.0,0.0,25.533333333333335,25.442857142857143,77.71428571428571,0.0,1.8246982790378903,4.0
2020-02-10,Bangalore,16.9,64,0.0,2.8,0,2,1,0.6486295610349814,0.7611042586607747,22.2,18.5,18.9,59.0,0.0,18.599999999999998,17.95714285714286,64.14285714285714,0.0,2.028018033168692,-5.300000000000001
2020-02-11,Delhi,15.6,45,0.0,3.8,1,2,1,0.6616346182422783,0.7498264012045686,15.0,13.1,16.6,48.0,0.0,16.49999999999999,16.071428571428573,51.42857142857143,0.0,2.171569544296423,0.5999999999999996
2020-02-11,Mumbai,26.6,75,0.0,2.7,1,2,1,0.6616346182422783,0.7498264012045686,22.5,26.2,22.0,82.0,0.0,24.633333333333336,25.58571428571429,79.85714285714286,0.2857142857142857,1.9953517412798716,4.100000000000001
2020-02-11,Chennai,25.2,85,0.0,3.2,1,2,1,0.6616346182422783,0.7498264012045686,28.2,24.2,27.6,82.0,0.0,25.866666666666664,25.1,79.28571428571429,0.0,1.5577761927397256,-3.0
2020-02-11,Bangalore,20.5,58,0.0,3.6,1,2,1,0.6616346182422783,0.7498264012045686,16.9,16.7,16.1,64.0,0.0,19.866666666666664,18.585714285714285,63.42857142857143,0.0,2.0383233072214395,3.6000000000000014
2020-02-11,Hyderabad,18.1,56,0.0,1.1,1,2,1,0.6616346182422783,0.7498264012045686,19.0,21.3,18.3,59.0,0.0,18.233333333333345,20.214285714285715,57.285714285714285,0.0,2.9627850475685062,-0.8999999999999986
2020-02-12,Mumbai,23.9,90,0.0,4.6,2,2,1,0.6744436188329455,0.7383263540031065,26.6,24.8,25.0,75.0,0.0,24.333333333333332,25.428571428571427,80.42857142857143,0.2857142857142857,2.090226690827497,-2.700000000000003
2020-02-12,Bangalore,20.6,65,0.0,1.8,2,2,1,0.6744436188329455,0.7383263540031065,20.5,22.2,17.8,58.0,0.0,19.333333333333332,18.985714285714288,64.71428571428571,0.0,2.1310627797952835,0.10000000000000142
2020-02-12,Hyderabad,21.3,55,0.0,2.8,2,2,1,0.6744436188329455,0.7383263540031065,18.1,17.6,26.0,56.0,0.0,19.466666666666676,19.542857142857144,58.285714285714285,0.0,1.6939668856043528,3.1999999999999993
2020-02-12,Delhi,20.3,45,0.0,1.9,2,2,1,0.6744436188329455,0.7383263540031065,15.6,18.9,15.5,45.0,0.0,16.966666666666658,16.757142857142856,48.857142857142854,0.0,2.663241848360488,4.700000000000001
2020-02-12,Chennai,24.9,85,0.0,4.2,2,2,1,0.6744436188329455,0.7383263540031065,25.2,24.2,25.3,85.0,0.0,26.100000000000005,25.042857142857144,81.0,0.0,1.5565529682144281,-0.3000000000000007
2020-02-13,Mumbai,29.6,84,0.0,1.9,3,2,1,0.6870527672236669,0.7266075247685656,23.9,22.5,29.0,90.0,0.0,26.700000000000003,25.514285714285716,81.42857142857143,0.0,2.266001302903852,5.700000000000003
2020-02-13,Bangalore,17.9,66,0.0,2.8,3,2,1,0.6870527672236669,0.7266075247685656,20.6,16.9,17.5,65.0,0.0,19.666666666666668,19.04285714285714,63.857142857142854,0.0,2.08954312618589,-2.700000000000003
2020-02-13,Chennai,24.0,72,0.0,5.2,3,2,1,0.6870527672236669,0.7266075247685656,24.9,28.2,25.3,85.0,0.0,24.7,24.857142857142858,80.42857142857143,0.0,1.5977662979475862,-0.8999999999999986
2020-02-13,Hyderabad,23.1,57,0.0,2.2,3,2,1,0.6870527672236669,0.7266075247685656,21.3,19.0,18.2,55.0,0.0,20.833333333333346,20.242857142857144,59.0,0.0,2.0263737256959167,1.8000000000000007
2020-02-13,Delhi,15.9,56,0.0,3.1,3,2,1,0.6870527672236669,0.7266075247685656,20.3,15.0,19.1,45.0,0.0,17.266666666666655,16.3,50.714285714285715,0.0,2.461029594837929,-4.4
2020-02-14,Mumbai,23.9,77,0.0,3.7,4,2,1,0.699458327051647,0.7146733860429609,29.6,26.6,25.0,84.0,0.0,25.799999999999997,25.357142857142858,81.57142857142857,0.0,2.344395546018319,-5.700000000000003
2020-02-14,Chennai,24.2,72,0.0,2.5,4,2,1,0.699458327051647,0.7146733860429609,24.0,25.2,23.3,72.0,0.0,24.36666666666667,24.985714285714288,79.85714285714286,0.0,1.4837211905976717,0.1999999999999993
2020-02-14,Hyderabad,19.8,54,0.0,3.0,4,2,1,0.699458327051647,0.7146733860429609,23.1,18.1,21.3,57.0,0.0,21.40000000000001,20.02857142857143,58.0,0.0,1.9746006226697848,-3.3000000000000007
2020-02-14,Bangalore,20.6,73,0.0,3.0,4,2,1,0.699458327051647,0.7146733860429609,17.9,20.5,18.5,66.0,0.0,19.700000000000003,19.342857142857145,64.57142857142857,0.0,2.148532167827769,2.700000000000003
2020-02-15,Delhi,21.6,55,0.0,3.6,5,2,1,0.7116566222817746,0.7025274741691571,15.9,15.6,15.3,56.0,0.0,19.266666666666655,17.2,50.714285714285715,0.0,3.1026870075255872,5.700000000000001
2020-02-15,Mumbai,28.0,88,0.0,4.8,5,2,1,0.7116566222817746,0.7025274741691571,23.9,23.9,26.2,77.0,0.0,27.166666666666668,25.61428571428571,82.14285714285714,0.0,2.5425896060437974,4.100000000000001
2020-02-15,Hyderabad,22.0,57,0.0,2.7,5,2,1,0.7116566222817746,0.7025274741691571,19.8,21.3,21.3,54.0,0.0,21.633333333333344,20.12857142857143,57.0,0.0,2.065360570388271,2.1999999999999993
2020-02-15,Bangalore,19.8,70,0.0,3.0,5,2,1,0.7116566222817746,0.7025274741691571,20.6,20.6,16.7,73.0,0.0,19.433333333333334,19.785714285714285,65.0,0.0,1.8050194564312698,-0.8000000000000007
2020-02-15,Chennai,26.6,69,0.0,4.1,5,2,1,0.7116566222817746,0.7025274741691571,24.2,24.9,24.2,72.0,0.0,24.933333333333337,25.328571428571426,78.0,0.0,1.5478095120893618,2.400000000000002
2020-02-16,Hyderabad,21.2,55,0.0,4.2,6,2,1,0.7236440382959124,0.6901733882429719,22.0,23.1,17.6,57.0,0.0,21.00000000000001,20.642857142857142,56.142857142857146,0.0,1.755806692907109,-0.8000000000000007
2020-02-16,Mumbai,26.7,92,0.0,1.9,6,2,1,0.7236440382959124,0.6901733882429719,28.0,29.6,24.8,88.0,0.0,26.2,25.88571428571429,84.0,0.0,2.542589606043796,-1.3000000000000007
2020-02-16,Delhi,17.6,59,0.0,2.6,6,2,1,0.7236440382959124,0.6901733882429719,21.6,20.3,13.1,55.0,0.0,18.366666666666656,17.842857142857145,52.142857142857146,0.0,2.523791554293893,-4.0
2020-02-16,Bangalore,15.4,72,0.0,2.2,6,2,1,0.7236440382959124,0.6901733882429719,19.8,17.9,22.2,70.0,0.0,18.6,18.814285714285717,66.85714285714286,0.0,2.095573566217328,-4.4
2020-02-17,Chennai,27.2,83,0.0,2.0,0,2,1,0.7354170229639855,0.6776147890466889,26.6,24.0,24.2,69.0,0.0,26.0,25.75714285714286,78.28571428571429,0.0,1.5977662979476046,0.5999999999999979
2020-02-17,Hyderabad,23.1,48,0.0,4.0,0,2,1,0.7354170229639855,0.6776147890466889,21.2,19.8,19.0,55.0,0.0,22.100000000000012,21.22857142857143,54.57142857142857,0.0,1.7997354302918676,1.9000000000000021
2020-02-17,Delhi,19.9,44,0.0,2.9,0,2,1,0.7354170229639855,0.6776147890466889,17.6,15.9,18.9,59.0,0.0,19.699999999999992,17.985714285714284,50.285714285714285,0.0,2.6200690648842198,2.299999999999997
2020-02-17,Bangalore,18.5,57,0.0,2.1,0,2,1,0.7354170229639855,0.6776147890466889,15.4,20.6,16.9,72.0,0.0,17.900000000000002,19.042857142857144,65.85714285714286,0.0,1.9329227807107827,3.0999999999999996
2020-02-17,Mumbai,21.8,81,0.0,2.1,0,2,1,0.7354170229639855,0.6776147890466889,26.7,23.9,22.5,92.0,0.0,25.5,25.785714285714285,83.85714285714286,0.0,2.706429733941369,-4.899999999999999
2020-02-18,Bangalore,17.7,70,0.0,4.1,1,2,1,0.7469720876965552,0.6648553979642865,18.5,19.8,20.5,57.0,0.0,17.2,18.642857142857142,67.57142857142857,0.0,1.869810278127362,-0.8000000000000007
2020-02-18,Chennai,27.8,72,0.0,2.9,1,2,1,0.7469720876965552,0.6648553979642865,27.2,24.2,28.2,83.0,0.0,27.200000000000003,25.7,76.85714285714286,0.0,1.500000000000016,0.6000000000000014
2020-02-18,Mumbai,24.5,82,0.0,3.6,1,2,1,0.7469720876965552,0.6648553979642865,21.8,28.0,26.6,81.0,0.0,24.333333333333332,25.485714285714284,84.85714285714286,0.0,2.7174918407903195,2.6999999999999993
2020-02-18,Hyderabad,21.3,60,0.0,3.4,1,2,1,0.7469720876965552,0.6648553979642865,23.1,22.0,18.1,48.0,0.0,21.866666666666678,21.685714285714287,55.142857142857146,0.0,1.1682302447557682,-1.8000000000000007
2020-02-18,Delhi,17.3,45,0.0,4.5,1,2,1,0.7469720876965552,0.6648553979642865,19.9,21.6,15.0,44.0,0.0,18.266666666666655,18.314285714285717,49.857142857142854,0.0,2.3089886468819887,-2.599999999999998
2020-02-19,Delhi,16.5,52,0.0,3.3,2,2,1,0.7583058084785624,0.6518989958787126,17.3,17.6,15.6,45.0,0.0,17.89999999999999,18.442857142857143,50.857142857142854,0.0,2.1524072901889366,-0.8000000000000007
2020-02-19,Mumbai,24.2,78,0.0,5.1,2,2,1,0.7583058084785624,0.6518989958787126,24.5,26.7,23.9,82.0,0.0,23.5,25.528571428571432,83.14285714285714,0.0,2.6905478287976354,-0.3000000000000007
2020-02-19,Chennai,26.5,88,0.0,2.2,2,2,1,0.7583058084785624,0.6518989958787126,27.8,26.6,25.2,72.0,0.0,27.16666666666667,25.885714285714283,77.28571428571429,0.0,1.508231383031783,-1.3000000000000007
2020-02-19,Bangalore,17.9,61,0.0,3.5,2,2,1,0.7583058084785624,0.6518989958787126,17.7,15.4,20.6,70.0,0.0,18.03333333333333,18.257142857142856,67.0,0.0,1.6661904081439005,0.1999999999999993
2020-02-19,Hyderabad,22.1,57,0.0,2.4,2,2,1,0.7583058084785624,0.6518989958787126,21.3,21.2,21.3,60.0,0.0,22.166666666666675,21.8,55.42857142857143,0.0,1.1633285577744346,0.8000000000000007
2020-02-20,Hyderabad,18.8,56,0.0,2.7,3,2,1,0.7694148268839378,0.6387494220515272,22.1,23.1,23.1,57.0,0.0,20.733333333333345,21.185714285714287,55.285714285714285,0.0,1.459941290404792,-3.3000000000000007
2020-02-20,Chennai,27.8,82,0.0,4.3,3,2,1,0.7694148268839378,0.6387494220515272,26.5,27.2,24.9,88.0,0.0,27.36666666666667,26.300000000000004,76.85714285714286,0.0,1.5885003409925413,1.3000000000000007
2020-02-20,Mumbai,24.6,76,0.0,3.4,3,2,1,0.7694148268839378,0.6387494220515272,24.2,21.8,29.6,78.0,0.0,24.433333333333337,24.814285714285713,82.0,0.0,2.006180925231314,0.40000000000000213
2020-02-20,Bangalore,18.7,68,0.0,1.5,3,2,1,0.7694148268839378,0.6387494220515272,17.9,18.5,17.9,61.0,0.0,18.099999999999998,18.37142857142857,67.28571428571429,0.0,1.6650468318882832,0.8000000000000007
2020-02-20,Delhi,14.0,57,0.0,2.8,3,2,1,0.7694148268839378,0.6387494220515272,16.5,19.9,20.3,52.0,0.0,15.933333333333323,17.54285714285714,52.57142857142857,0.0,2.5303867575646475,-2.5
2020-02-21,Mumbai,23.0,86,0.0,2.5,4,2,1,0.7802958510707755,0.6254105729852463,24.6,24.5,23.9,76.0,0.0,23.933333333333337,24.685714285714287,83.28571428571429,0.0,2.101133480948313,-1.6000000000000014
2020-02-21,Delhi,16.4,46,0.0,3.2,4,2,1,0.7802958510707755,0.6254105729852463,14.0,17.3,15.9,57.0,0.0,15.633333333333324,17.614285714285714,51.142857142857146,0.0,2.4828938569264873,2.3999999999999986
2020-02-21,Hyderabad,25.5,60,0.0,1.2,4,2,1,0.7802958510707755,0.6254105729852463,18.8,21.3,19.8,56.0,0.0,22.133333333333344,22.0,56.142857142857146,0.0,2.03469899493763,6.699999999999999
2020-02-21,Bangalore,18.9,62,0.0,3.6,4,2,1,0.7802958510707755,0.6254105729852463,18.7,17.7,20.6,68.0,0.0,18.499999999999996,18.12857142857143,65.71428571428571,0.0,1.386499532052289,0.1999999999999993
2020-02-21,Chennai,26.8,67,0.0,2.2,4,2,1,0.7802958510707755,0.6254105729852463,27.8,27.8,24.0,82.0,0.0,27.033333333333335,26.7,76.14285714285714,0.0,1.223383286900217,-1.0
2020-02-22,Mumbai,27.0,83,0.0,3.0,5,2,1,0.7909456567567772,0.6118864012687243,23.0,24.2,28.0,86.0,0.0,24.866666666666664,24.542857142857144,82.57142857142857,0.0,1.8581865199320589,4.0
2020-02-22,Bangalore,19.9,67,0.0,2.8,5,2,1,0.7909456567567772,0.6118864012687243,18.9,17.9,19.8,62.0,0.0,19.166666666666664,18.142857142857142,65.28571428571429,0.0,1.4069555108545797,1.0
2020-02-22,Delhi,18.2,54,0.0,1.9,5,2,1,0.7909456567567772,0.6118864012687243,16.4,16.5,21.6,46.0,0.0,16.19999999999999,17.12857142857143,51.0,0.0,1.8163280593133577,1.8000000000000007
2020-02-22,Hyderabad,23.3,50,0.0,4.9,5,2,1,0.7909456567567772,0.6118864012687243,25.5,22.1,22.0,60.0,0.0,22.533333333333342,22.185714285714287,55.142857142857146,0.0,2.0931862247370074,-2.1999999999999993
2020-02-22,Chennai,26.5,72,0.0,4.8,5,2,1,0.7909456567567772,0.6118864012687243,26.8,26.5,24.2,67.0,0.0,27.033333333333335,27.02857142857143,76.14285714285714,0.0,0.5794085654479199,-0.3000000000000007
2020-02-23,Mumbai,27.9,87,0.0,1.9,6,2,1,0.8013610881746766,0.5981809144059165,27.0,24.6,26.7,83.0,0.0,25.96666666666667,24.714285714285715,81.85714285714286,0.0,2.1263651077434087,0.8999999999999986
2020-02-23,Hyderabad,23.7,66,0.0,1.8,6,2,1,0.8013610881746766,0.5981809144059165,23.3,18.8,21.2,50.0,0.0,24.166666666666675,22.542857142857144,56.714285714285715,0.0,2.110179410111216,0.3999999999999986
2020-02-23,Delhi,18.1,45,0.0,4.4,6,2,1,0.8013610881746766,0.5981809144059165,18.2,14.0,17.6,54.0,0.0,17.56666666666666,17.2,49.0,0.0,1.847520861407183,-0.09999999999999787
2020-02-23,Chennai,26.0,77,0.0,1.9,6,2,1,0.8013610881746766,0.5981809144059165,26.5,27.8,26.6,72.0,0.0,26.433333333333337,26.942857142857143,77.28571428571429,0.0,0.6876460883748767,-0.5
2020-02-24,Chennai,27.3,74,0.0,2.5,0,2,1,0.8115390590073611,0.5842981736283684,26.0,26.8,27.2,77.0,0.0,26.600000000000005,26.957142857142856,76.0,0.0,0.6948792289723947,1.3000000000000007
2020-02-24,Mumbai,22.8,88,0.0,2.7,0,2,1,0.8115390590073611,0.5842981736283684,27.9,23.0,21.8,87.0,0.0,25.900000000000002,24.857142857142858,82.85714285714286,0.0,1.9216808119084727,-5.099999999999998
2020-02-24,Hyderabad,23.0,51,0.0,2.0,0,2,1,0.8115390590073611,0.5842981736283684,23.7,25.5,23.1,66.0,0.0,23.333333333333343,22.52857142857143,57.142857142857146,0.0,2.1061135500524335,-0.6999999999999993
2020-02-24,Delhi,15.7,47,0.0,2.1,0,2,1,0.8115390590073611,0.5842981736283684,18.1,16.4,19.9,45.0,0.0,17.333333333333325,16.6,49.42857142857143,0.0,1.4674240468708322,-2.400000000000002
2020-02-24,Bangalore,19.0,68,0.0,1.7,0,2,1,0.8115390590073611,0.5842981736283684,19.9,18.7,15.4,67.0,0.0,19.266666666666666,18.657142857142855,64.71428571428571,0.0,0.734522844793851,-0.8999999999999986
2020-02-25,Chennai,26.0,78,0.0,2.2,1,2,1,0.8214765533024142,0.5702422926917871,27.3,26.5,27.8,74.0,0.0,26.433333333333337,26.7,76.85714285714286,0.0,0.663324958071163,-1.3000000000000007
2020-02-25,Mumbai,26.5,83,0.0,4.6,1,2,1,0.8214765533024142,0.5702422926917871,22.8,27.0,24.5,88.0,0.0,25.733333333333334,25.142857142857142,83.0,0.0,2.00653693616403,3.6999999999999993
2020-02-25,Hyderabad,24.7,61,0.0,2.7,1,2,1,0.8214765533024142,0.5702422926917871,23.0,23.3,21.3,51.0,0.0,23.80000000000001,23.014285714285712,57.285714285714285,0.0,2.1667399255014566,1.6999999999999993
2020-02-25,Delhi,15.5,54,0.0,2.5,1,2,1,0.8214765533024142,0.5702422926917871,15.7,18.2,17.3,47.0,0.0,16.433333333333323,16.342857142857145,50.714285714285715,0.0,1.4819549507970635,-0.1999999999999993
2020-02-25,Bangalore,19.4,72,0.0,3.5,1,2,1,0.8214765533024142,0.5702422926917871,19.0,18.9,18.5,68.0,0.0,19.433333333333334,18.785714285714285,66.85714285714286,0.0,0.7798046153335302,0.3999999999999986
2020-02-26,Mumbai,26.0,83,0.0,2.3,2,2,1,0.8311706263658079,0.5560174366570446,26.5,27.9,24.2,83.0,0.0,25.099999999999998,25.4,83.71428571428571,0.0,1.9807406022327567,-0.5
2020-02-26,Hyderabad,21.2,57,0.0,2.0,2,2,1,0.8311706263658079,0.5560174366570446,24.7,23.7,22.1,61.0,0.0,22.96666666666668,22.88571428571429,57.285714285714285,0.0,2.2549416632724815,-3.5
2020-02-26,Bangalore,17.7,70,0.0,1.0,2,2,1,0.8311706263658079,0.5560174366570446,19.4,19.9,17.7,72.0,0.0,18.7,18.785714285714285,66.85714285714286,0.0,0.7798046153335302,-1.6999999999999993
2020-02-26,Chennai,25.6,75,0.0,3.3,2,2,1,0.8311706263658079,0.5560174366570446,26.0,26.0,26.5,78.0,0.0,26.3,26.571428571428573,75.0,0.0,0.7846746368491759,-0.3999999999999986
2020-02-27,Hyderabad,20.5,53,0.0,0.5,3,2,1,0.8406184056344782,0.5416278206559814,21.2,23.0,18.8,57.0,0.0,22.133333333333344,23.12857142857143,56.857142857142854,0.0,1.7839229109973058,-0.6999999999999993
2020-02-27,Mumbai,24.2,85,0.0,1.6,3,2,1,0.8406184056344782,0.5416278206559814,26.0,22.8,24.6,83.0,0.0,25.566666666666666,25.342857142857145,85.0,0.0,2.0131709174476953,-1.8000000000000007
2020-02-27,Chennai,26.4,80,0.0,2.8,3,2,1,0.8406184056344782,0.5416278206559814,25.6,27.3,27.8,75.0,0.0,26.0,26.37142857142857,74.71428571428571,0.0,0.5677860093213273,0.7999999999999972
2020-02-27,Delhi,17.3,42,0.0,3.5,3,2,1,0.8406184056344782,0.5416278206559814,15.5,18.1,16.5,54.0,0.0,16.166666666666657,16.45714285714286,49.285714285714285,0.0,1.526277762900729,1.8000000000000007
2020-02-27,Bangalore,22.0,68,0.0,4.4,3,2,1,0.8406184056344782,0.5416278206559814,17.7,19.0,17.9,70.0,0.0,19.7,19.37142857142857,67.85714285714286,0.0,1.3412858081139285,4.300000000000001
2020-02-28,Delhi,19.5,62,0.0,2.9,4,2,1,0.8498170915275278,0.5270777086423722,17.3,15.7,14.0,42.0,0.0,17.433333333333323,17.242857142857144,50.0,0.0,1.4649882170829482,2.1999999999999993
2020-02-28,Chennai,24.1,78,0.0,2.5,4,2,1,0.8498170915275278,0.5270777086423722,26.4,26.0,26.8,80.0,0.0,25.36666666666667,25.985714285714288,76.28571428571429,0.0,0.9889869756954821,-2.299999999999997
2020-02-28,Hyderabad,18.5,58,0.0,0.9,4,2,1,0.8498170915275278,0.5270777086423722,20.5,24.7,25.5,53.0,0.0,20.066666666666674,22.12857142857143,56.57142857142857,0.0,2.1561650259309513,-2.0
2020-02-28,Bangalore,18.3,68,0.0,5.0,4,2,1,0.8498170915275278,0.5270777086423722,22.0,19.4,18.7,68.0,0.0,19.333333333333332,19.314285714285713,67.85714285714286,0.0,1.3825442385069593,-3.6999999999999993
2020-02-29,Hyderabad,23.3,58,0.0,2.9,5,2,1,0.8587639582758029,0.5123714121284237,18.5,21.2,23.3,58.0,0.0,20.766666666666676,22.128571428571426,57.714285714285715,0.0,2.1561650259309513,4.800000000000001
2020-02-29,Chennai,27.1,73,0.0,2.6,5,2,1,0.8587639582758029,0.5123714121284237,24.1,25.6,26.5,78.0,0.0,25.86666666666667,26.071428571428573,76.42857142857143,0.0,1.0641338977689871,3.0
2020-02-29,Bangalore,16.5,73,0.0,4.0,5,2,1,0.8587639582758029,0.5123714121284237,18.3,17.7,18.9,68.0,0.0,18.933333333333334,18.971428571428568,69.42857142857143,0.0,1.750918126502355,-1.8000000000000007
2020-02-29,Delhi,14.5,55,0.0,1.6,5,2,1,0.8587639582758029,0.5123714121284237,19.5,15.5,16.4,62.0,0.0,17.09999999999999,16.97142857142857,51.285714285714285,0.0,1.7876560870916145,-5.0
2020-03-01,Chennai,28.0,71,0.0,3.9,6,3,1,0.8674563547295969,0.49751328890718066,27.1,26.4,26.0,73.0,0.0,26.400000000000006,26.357142857142858,75.57142857142857,0.0,1.2869306415617594,0.8999999999999986
2020-03-01,Delhi,17.2,43,0.0,3.0,6,3,1,0.8674563547295969,0.49751328890718066,14.5,17.3,18.2,55.0,0.0,17.06666666666666,16.82857142857143,49.714285714285715,0.0,1.711446060806196,2.6999999999999993
2020-03-01,Bangalore,20.5,68,0.0,3.6,6,3,1,0.8674563547295969,0.49751328890718066,16.5,22.0,19.9,73.0,0.0,18.433333333333334,19.057142857142857,69.57142857142857,0.0,1.8173764450045484,4.0
2020-03-01,Hyderabad,23.4,49,0.0,4.3,6,3,1,0.8674563547295969,0.49751328890718066,23.3,20.5,23.7,58.0,0.0,21.733333333333345,22.085714285714285,55.285714285714285,0.0,2.122442438503836,0.09999999999999787
2020-03-01,Mumbai,25.3,77,0.0,3.7,6,3,1,0.8674563547295969,0.49751328890718066,24.2,26.5,23.0,85.0,0.0,25.166666666666668,25.67142857142857,83.71428571428571,0.0,1.7356212007177712,1.1000000000000014
2020-03-02,Chennai,27.2,82,0.0,3.3,0,3,1,0.8758917051442429,0.48250774176121847,28.0,24.1,27.3,71.0,0.0,27.433333333333337,26.342857142857145,76.71428571428571,0.0,1.2752217360877127,-0.8000000000000007
2020-03-02,Delhi,19.7,54,0.0,2.7,0,3,1,0.8758917051442429,0.48250774176121847,17.2,19.5,18.1,43.0,0.0,17.133333333333322,17.057142857142857,51.0,0.0,1.9932027350118084,2.5
2020-03-02,Hyderabad,21.6,59,0.0,3.3,0,3,1,0.8758917051442429,0.48250774176121847,23.4,18.5,23.0,49.0,0.0,22.766666666666676,21.885714285714283,56.42857142857143,0.0,2.087605144201233,-1.7999999999999972
2020-03-02,Bangalore,17.6,70,0.0,3.8,0,3,1,0.8758917051442429,0.48250774176121847,20.5,18.3,19.0,68.0,0.0,18.2,18.857142857142858,69.85714285714286,0.0,1.8998746825841026,-2.8999999999999986
2020-03-02,Mumbai,26.8,84,0.0,4.0,0,3,1,0.8758917051442429,0.48250774176121847,25.3,26.0,27.0,77.0,0.0,25.433333333333337,25.642857142857142,83.85714285714286,0.0,1.7115851744870472,1.5
2020-03-03,Bangalore,17.3,64,0.0,3.2,1,3,1,0.8840675099433636,0.4673592171580022,17.6,16.5,19.4,70.0,0.0,18.46666666666667,18.557142857142857,68.71428571428571,0.0,1.9645670794157313,-0.3000000000000007
2020-03-03,Mumbai,24.0,70,0.0,2.9,1,3,1,0.8840675099433636,0.4673592171580022,26.8,24.2,27.9,84.0,0.0,25.366666666666664,25.085714285714285,81.42857142857143,0.0,1.4724453260122428,-2.8000000000000007
2020-03-03,Hyderabad,21.8,58,0.0,2.4,1,3,1,0.8840675099433636,0.4673592171580022,21.6,23.3,24.7,59.0,0.0,22.26666666666668,21.47142857142857,56.0,0.0,1.6849473638805024,0.1999999999999993
2020-03-03,Chennai,26.0,77,0.0,3.1,1,3,1,0.8840675099433636,0.4673592171580022,27.2,27.1,26.0,82.0,0.0,27.066666666666666,26.342857142857145,76.57142857142857,0.0,1.2752217360877127,-1.1999999999999993
2020-03-03,Delhi,19.4,50,0.0,1.7,1,3,1,0.8840675099433636,0.4673592171580022,19.7,14.5,15.7,54.0,0.0,18.766666666666655,17.585714285714285,51.42857142857143,0.0,2.062707421027829,-0.3000000000000007
2020-03-04,Hyderabad,20.7,48,0.0,3.3,2,3,1,0.8919813464595485,0.45207220393230435,21.8,23.4,21.2,58.0,0.0,21.366666666666674,21.4,54.714285714285715,0.0,1.708800749063576,-1.1000000000000014
2020-03-04,Chennai,27.0,81,0.0,4.9,2,3,1,0.8919813464595485,0.45207220393230435,26.0,28.0,25.6,77.0,0.0,26.733333333333334,26.542857142857144,77.42857142857143,0.0,1.2488089563755969,1.0
2020-03-04,Bangalore,22.2,72,0.0,2.5,2,3,1,0.8919813464595485,0.45207220393230435,17.3,20.5,17.7,64.0,0.0,19.033333333333335,19.2,69.0,0.0,2.338090388900071,4.899999999999999
2020-03-04,Delhi,20.3,59,0.0,2.6,2,3,1,0.8919813464595485,0.45207220393230435,19.4,17.2,15.5,50.0,0.0,19.799999999999986,18.27142857142857,52.142857142857146,0.0,2.05159635870435,0.9000000000000021
2020-03-04,Mumbai,26.6,87,0.0,1.7,2,3,1,0.8919813464595485,0.45207220393230435,24.0,25.3,22.8,70.0,0.0,25.8,25.62857142857143,81.28571428571429,0.0,1.1557310611532141,2.6000000000000014
2020-03-05,Bangalore,15.6,51,0.0,3.0,3,3,1,0.8996308696522433,0.43665123195606403,22.2,17.6,22.0,72.0,0.0,18.366666666666667,18.285714285714285,66.57142857142857,0.0,2.3118741109243297,-6.6
2020-03-05,Delhi,19.2,55,0.0,3.4,3,3,1,0.8996308696522433,0.43665123195606403,20.3,19.7,17.3,59.0,0.0,19.633333333333322,18.542857142857144,54.0,0.0,2.0271960461497356,-1.1000000000000014
2020-03-05,Mumbai,23.9,76,0.0,3.2,3,3,1,0.8996308696522433,0.43665123195606403,26.6,26.8,26.5,87.0,0.0,24.833333333333332,25.25714285714286,80.28571428571429,0.0,1.2434590770067735,-2.700000000000003
2020-03-05,Chennai,27.0,71,0.0,3.6,3,3,1,0.8996308696522433,0.43665123195606403,27.0,27.2,26.4,81.0,0.0,26.666666666666668,26.62857142857143,76.14285714285714,0.0,1.2579272444704646,0.0
2020-03-05,Hyderabad,19.1,61,0.0,3.4,3,3,1,0.8996308696522433,0.43665123195606403,20.7,21.6,20.5,48.0,0.0,20.533333333333346,21.2,55.857142857142854,0.0,1.90262975904411,-1.5999999999999979
2020-03-06,Hyderabad,25.5,53,0.0,3.2,4,3,1,0.9070138128026359,0.4211008707960896,19.1,21.8,18.5,61.0,0.0,21.766666666666676,22.2,55.142857142857146,0.0,2.078460969082701,6.399999999999999
2020-03-06,Chennai,27.0,80,0.0,3.1,4,3,1,0.9070138128026359,0.4211008707960896,27.0,26.0,24.1,71.0,0.0,27.0,27.042857142857144,76.42857142857143,0.0,0.5826867164471349,0.0
2020-03-06,Delhi,20.0,51,0.0,2.6,4,3,1,0.9070138128026359,0.4211008707960896,19.2,19.4,19.5,55.0,0.0,19.833333333333325,18.614285714285717,52.42857142857143,0.0,2.0747920148205727,0.8000000000000007
2020-03-06,Mumbai,26.3,87,0.0,3.9,4,3,1,0.9070138128026359,0.4211008707960896,23.9,24.0,26.0,76.0,0.0,25.599999999999998,25.300000000000004,80.85714285714286,0.0,1.278019300845411,2.400000000000002
2020-03-06,Bangalore,21.9,76,0.0,2.9,4,3,1,0.9070138128026359,0.4211008707960896,15.6,17.3,18.3,51.0,0.0,19.9,18.8,67.71428571428571,0.0,2.6857649437978686,6.299999999999999
2020-03-07,Hyderabad,21.8,55,0.0,4.7,5,3,1,0.9141279881853337,0.40542572835999735,25.5,20.7,23.3,53.0,0.0,22.133333333333344,21.985714285714288,54.714285714285715,0.0,2.0227280023346643,-3.6999999999999993
2020-03-07,Bangalore,19.0,79,0.0,1.8,5,3,1,0.9141279881853337,0.40542572835999735,21.9,22.2,16.5,76.0,0.0,18.833333333333332,19.157142857142855,68.57142857142857,0.0,2.487875360528343,-2.8999999999999986
2020-03-07,Delhi,21.7,52,0.0,1.9,5,3,1,0.9141279881853337,0.40542572835999735,20.0,20.3,14.5,51.0,0.0,20.299999999999994,19.642857142857142,52.0,0.0,1.3550610599495934,1.6999999999999993
2020-03-07,Chennai,25.2,77,0.0,3.4,5,3,1,0.9141279881853337,0.40542572835999735,27.0,27.0,27.1,80.0,0.0,26.400000000000002,26.77142857142857,77.0,0.0,0.9050124966251757,-1.8000000000000007
2020-03-07,Mumbai,23.6,80,0.0,3.8,5,3,1,0.9141279881853337,0.40542572835999735,26.3,26.6,24.2,87.0,0.0,24.599999999999998,25.214285714285715,80.14285714285714,0.0,1.380131118684731,-2.6999999999999993
2020-03-08,Bangalore,18.3,59,0.0,2.2,6,3,1,0.9209712877166346,0.38963044953078796,19.0,15.6,20.5,79.0,0.0,19.733333333333334,18.842857142857145,67.28571428571429,0.0,2.428207255608695,-0.6999999999999993
2020-03-08,Hyderabad,21.0,62,0.0,2.1,6,3,1,0.9209712877166346,0.38963044953078796,21.8,19.1,23.4,55.0,0.0,22.76666666666668,21.642857142857142,56.57142857142857,0.0,1.944956848584916,-0.8000000000000007
2020-03-08,Chennai,29.6,78,0.0,2.2,6,3,1,0.9209712877166346,0.38963044953078796,25.2,27.0,28.0,77.0,0.0,27.26666666666667,27.0,78.0,0.0,1.3564659966251027,4.400000000000002
2020-03-08,Delhi,18.2,51,0.0,1.3,6,3,1,0.9209712877166346,0.38963044953078796,21.7,19.2,17.2,52.0,0.0,19.966666666666658,19.785714285714285,53.142857142857146,0.0,1.0792413561215741,-3.5
2020-03-09,Bangalore,20.7,64,0.0,3.2,0,3,1,0.9275416835791966,0.37371971479046906,18.3,21.9,17.6,59.0,0.0,19.333333333333332,19.285714285714285,66.42857142857143,0.0,2.446377302208742,2.3999999999999986
2020-03-09,Mumbai,24.6,74,0.0,1.9,0,3,1,0.9275416835791966,0.37371971479046906,23.6,23.9,25.3,80.0,0.0,24.833333333333332,25.114285714285717,79.71428571428571,0.0,1.3981280001351697,1.0
2020-03-09,Chennai,25.9,65,0.0,1.0,0,3,1,0.9275416835791966,0.37371971479046906,29.6,27.0,27.2,78.0,0.0,26.900000000000002,26.814285714285713,75.57142857142857,0.0,1.412360401867039,-3.700000000000003
2020-03-09,Delhi,17.4,50,0.0,2.2,0,3,1,0.9275416835791966,0.37371971479046906,18.2,20.0,19.7,51.0,0.0,19.09999999999999,19.457142857142856,52.57142857142857,0.0,1.4093227012262761,-0.8000000000000007
2020-03-10,Delhi,22.3,52,0.0,1.4,1,3,1,0.9338372288229252,0.35769823883312546,17.4,21.7,19.4,50.0,0.0,19.299999999999986,19.87142857142857,52.857142857142854,0.0,1.769853370305625,4.900000000000002
2020-03-10,Chennai,28.9,76,0.0,2.5,1,3,1,0.9338372288229252,0.35769823883312546,25.9,25.2,26.0,65.0,0.0,28.133333333333336,27.228571428571428,75.42857142857143,0.0,1.5521106980649833,3.0
2020-03-10,Hyderabad,22.3,60,0.0,4.1,1,3,1,0.9338372288229252,0.35769823883312546,21.0,25.5,21.6,62.0,0.0,21.700000000000014,21.742857142857144,56.714285714285715,0.0,1.9603206734759913,1.3000000000000007
2020-03-10,Bangalore,19.9,63,0.0,2.9,1,3,1,0.9338372288229252,0.35769823883312546,20.7,19.0,17.3,64.0,0.0,19.633333333333333,19.657142857142855,66.28571428571429,0.0,2.286815211057512,-0.8000000000000007
2020-03-10,Mumbai,24.3,76,0.0,1.5,1,3,1,0.9338372288229252,0.35769823883312546,24.6,26.3,26.8,74.0,0.0,24.166666666666668,24.75714285714286,78.57142857142857,0.0,1.2011898862616248,-0.3000000000000007
2020-03-11,Delhi,22.5,54,0.0,2.8,2,3,1,0.9398560579418954,0.3415707691678556,22.3,18.2,20.3,52.0,0.0,20.733333333333324,20.185714285714287,52.142857142857146,0.0,2.034230871385164,0.1999999999999993
2020-03-11,Chennai,26.6,77,0.0,2.1,2,3,1,0.9398560579418954,0.3415707691678556,28.9,29.6,27.0,76.0,0.0,27.133333333333336,27.17142857142857,74.85714285714286,0.0,1.5691975504636433,-2.299999999999997
2020-03-11,Mumbai,26.5,76,2.4,2.4,2,3,1,0.9398560579418954,0.3415707691678556,24.3,23.6,24.0,76.0,0.0,25.133333333333336,25.114285714285717,79.42857142857143,0.34285714285714286,1.30566531115825,2.1999999999999993
2020-03-11,Hyderabad,24.0,54,0.0,3.8,2,3,1,0.9398560579418954,0.3415707691678556,22.3,21.8,21.8,60.0,0.0,22.43333333333334,22.057142857142857,56.142857142857146,0.0,2.139203233961347,1.6999999999999993
2020-03-12,Hyderabad,21.5,53,0.0,2.7,3,3,1,0.9455963874271426,0.3253420847119801,24.0,21.0,20.7,54.0,0.0,22.60000000000001,22.171428571428574,56.857142857142854,0.0,2.0750215145184616,-2.5
2020-03-12,Delhi,21.8,46,0.0,2.8,3,3,1,0.9455963874271426,0.3253420847119801,22.5,17.4,19.2,54.0,0.0,22.19999999999999,20.557142857142857,50.857142857142854,0.0,2.061437316419054,-0.6999999999999993
2020-03-12,Mumbai,25.6,74,0.0,3.5,3,3,1,0.9455963874271426,0.3253420847119801,26.5,24.6,26.6,76.0,2.4,25.46666666666667,24.97142857142857,77.57142857142857,0.34285714285714286,1.162919151265908,-0.8999999999999986
2020-03-12,Bangalore,19.0,69,0.0,2.8,3,3,1,0.9455963874271426,0.3253420847119801,19.9,18.3,22.2,63.0,0.0,19.866666666666664,19.2,65.85714285714286,0.0,1.9949937343260558,-0.8999999999999986
2020-03-13,Mumbai,26.0,78,0.0,3.7,4,3,1,0.9510565162951535,0.30901699437494745,25.6,24.3,23.9,74.0,0.0,26.03333333333333,25.271428571428572,77.85714285714286,0.34285714285714286,1.1101265479128997,0.3999999999999986
2020-03-13,Chennai,30.6,75,0.0,4.3,4,3,1,0.9510565162951535,0.30901699437494745,26.6,25.9,27.0,77.0,0.0,28.700000000000003,27.685714285714287,75.42857142857143,0.0,2.0268436639502876,4.0
2020-03-13,Bangalore,20.0,64,0.0,2.9,4,3,1,0.9510565162951535,0.30901699437494745,19.0,20.7,15.6,69.0,0.0,19.633333333333333,19.82857142857143,67.71428571428571,0.0,1.21066687644227,1.0
2020-03-13,Hyderabad,23.4,56,0.0,1.9,4,3,1,0.9510565162951535,0.30901699437494745,21.5,22.3,19.1,53.0,0.0,22.96666666666668,22.785714285714285,56.142857142857146,0.0,1.5952309879017792,1.8999999999999986
2020-03-13,Delhi,21.0,52,0.0,3.5,4,3,1,0.9510565162951535,0.30901699437494745,21.8,22.3,20.0,46.0,0.0,21.766666666666662,20.7,51.0,0.0,2.0510160083889732,-0.8000000000000007
2020-03-14,Mumbai,24.8,83,0.0,4.8,5,3,1,0.9562348265919056,0.29260033563334836,26.0,26.5,26.3,78.0,0.0,25.46666666666667,25.057142857142857,77.28571428571429,0.34285714285714286,1.0195704043977902,-1.1999999999999993
2020-03-14,Hyderabad,26.0,59,0.0,3.1,5,3,1,0.9562348265919056,0.29260033563334836,23.4,24.0,25.5,56.0,0.0,23.633333333333344,22.857142857142858,57.0,0.0,1.7415100180180763,2.6000000000000014
2020-03-14,Delhi,16.9,49,0.0,4.2,5,3,1,0.9562348265919056,0.29260033563334836,21.0,22.5,21.7,52.0,0.0,19.89999999999999,20.014285714285712,50.57142857142857,0.0,2.428599439614622,-4.100000000000001
2020-03-14,Bangalore,19.7,70,0.0,2.3,5,3,1,0.9562348265919056,0.29260033563334836,20.0,19.9,21.9,64.0,0.0,19.566666666666666,19.514285714285712,66.85714285714286,0.0,0.7988086367181111,-0.3000000000000007
2020-03-14,Chennai,29.2,71,0.0,2.9,5,3,1,0.9562348265919056,0.29260033563334836,30.6,28.9,27.0,75.0,0.0,28.8,28.0,74.14285714285714,0.0,2.0728402414722846,-1.4000000000000021
2020-03-15,Mumbai,24.1,79,0.0,2.9,6,3,1,0.9611297838723007,0.27609697309746883,24.8,25.6,23.6,83.0,0.0,24.96666666666667,25.12857142857143,77.14285714285714,0.34285714285714286,0.9123491395189752,-0.6999999999999993
2020-03-15,Hyderabad,24.8,44,0.0,1.1,6,3,1,0.9611297838723007,0.27609697309746883,26.0,21.5,21.8,59.0,0.0,24.733333333333345,23.285714285714285,55.42857142857143,0.0,1.8059425714647552,-1.1999999999999993
2020-03-15,Bangalore,18.8,76,0.0,1.3,6,3,1,0.9611297838723007,0.27609697309746883,19.7,19.0,19.0,70.0,0.0,19.5,19.485714285714288,66.42857142857143,0.0,0.823465383665548,-0.8999999999999986
2020-03-15,Delhi,19.0,45,0.0,3.3,6,3,1,0.9611297838723007,0.27609697309746883,16.9,21.8,18.2,49.0,0.0,18.966666666666658,20.12857142857143,49.714285714285715,0.0,2.3464258534450853,2.1000000000000014
2020-03-16,Bangalore,19.5,76,0.0,3.0,0,3,1,0.9657399376548549,0.2595117970697999,18.8,20.0,18.3,76.0,0.0,19.333333333333332,19.657142857142855,68.85714285714286,0.0,0.6399404734223438,0.6999999999999993
2020-03-16,Delhi,18.4,51,0.0,4.1,0,3,1,0.9657399376548549,0.2595117970697999,19.0,21.0,17.4,45.0,0.0,18.09999999999999,20.271428571428572,49.857142857142854,0.0,2.1769353731906738,-0.6000000000000014
2020-03-16,Chennai,28.4,64,0.0,1.7,0,3,1,0.9657399376548549,0.2595117970697999,29.2,26.6,25.2,71.0,0.0,29.400000000000002,28.45714285714286,72.28571428571429,0.0,1.6651898218693832,-0.8000000000000007
2020-03-16,Hyderabad,23.4,53,0.0,2.7,0,3,1,0.9657399376548549,0.2595117970697999,24.8,23.4,21.0,44.0,0.0,24.733333333333338,23.62857142857143,54.142857142857146,0.0,1.5019035540654513,-1.4000000000000021
2020-03-17,Chennai,25.8,81,0.0,3.6,1,3,1,0.9700639218515071,0.2428497220959356,28.4,30.6,29.6,64.0,0.0,27.8,27.914285714285715,72.71428571428571,0.0,1.8406779289423336,-2.599999999999998
2020-03-17,Hyderabad,20.5,52,0.0,4.3,1,3,1,0.9700639218515071,0.2428497220959356,23.4,26.0,22.3,53.0,0.0,22.900000000000006,23.37142857142857,53.0,0.0,1.8750238093726823,-2.8999999999999986
2020-03-17,Bangalore,23.0,67,0.0,2.7,1,3,1,0.9700639218515071,0.2428497220959356,19.5,19.7,20.7,76.0,0.0,20.433333333333334,19.985714285714288,69.28571428571429,0.0,1.4016996485560296,3.5
2020-03-18,Hyderabad,22.5,52,0.0,1.0,2,3,1,0.9741004551724205,0.22611568550828828,20.5,24.8,24.0,52.0,0.0,22.133333333333344,23.157142857142855,52.714285714285715,0.0,1.8769275806107464,2.0
2020-03-18,Mumbai,27.0,75,0.0,4.5,2,3,1,0.9741004551724205,0.22611568550828828,24.1,26.0,24.6,79.0,0.0,25.3,25.47142857142857,77.28571428571429,0.34285714285714286,1.1101265479128983,2.8999999999999986
2020-03-18,Bangalore,18.6,61,0.0,3.4,2,3,1,0.9741004551724205,0.22611568550828828,23.0,18.8,19.9,67.0,0.0,20.366666666666667,19.8,69.0,0.0,1.4977761292441307,-4.399999999999999
2020-03-18,Chennai,28.9,72,0.0,1.4,2,3,1,0.9741004551724205,0.22611568550828828,25.8,29.2,25.9,81.0,0.0,27.7,28.342857142857145,73.71428571428571,0.0,1.6308046509389298,3.099999999999998
2020-03-18,Delhi,21.1,56,0.0,3.9,2,3,1,0.9741004551724205,0.22611568550828828,18.4,16.9,22.3,51.0,0.0,19.49999999999999,20.099999999999998,50.42857142857143,0.0,2.0330600909305523,2.700000000000003
2020-03-19,Delhi,22.7,49,0.0,5.1,3,3,1,0.9778483415056568,0.20931464596304847,21.1,19.0,22.5,56.0,0.0,20.733333333333324,20.12857142857143,49.714285714285715,0.0,2.0734144831771646,1.5999999999999979
2020-03-19,Mumbai,25.9,68,0.0,3.6,3,3,1,0.9778483415056568,0.20931464596304847,27.0,24.8,24.3,75.0,0.0,25.666666666666668,25.7,76.14285714285714,0.34285714285714286,0.9865765724632762,-1.1000000000000014
2020-03-19,Hyderabad,23.5,45,0.0,3.6,3,3,1,0.9778483415056568,0.20931464596304847,22.5,23.4,21.5,52.0,0.0,22.166666666666675,23.442857142857143,51.57142857142857,0.0,1.7290239470649227,1.0
2020-03-19,Bangalore,16.3,59,0.0,5.1,3,3,1,0.9778483415056568,0.20931464596304847,18.6,19.5,19.0,61.0,0.0,19.3,19.414285714285715,67.57142857142857,0.0,2.0011901220928796,-2.3000000000000007
2020-03-20,Chennai,25.8,67,0.0,4.8,4,3,1,0.9813064702716093,0.19245158197082998,28.9,28.4,28.9,72.0,0.0,26.83333333333334,27.900000000000002,72.42857142857143,0.0,1.859211302317965,-3.099999999999998
2020-03-20,Mumbai,25.4,76,0.0,2.3,4,3,1,0.9813064702716093,0.19245158197082998,25.9,24.1,26.5,68.0,0.0,26.099999999999998,25.54285714285714,76.14285714285714,0.0,0.9235026490796862,-0.5
2020-03-20,Bangalore,20.4,57,0.0,2.1,4,3,1,0.9813064702716093,0.19245158197082998,16.3,23.0,20.0,59.0,0.0,18.433333333333334,19.471428571428568,66.57142857142857,0.0,2.026256224102592,4.099999999999998
2020-03-20,Hyderabad,25.4,52,0.0,2.1,4,3,1,0.9813064702716093,0.19245158197082998,23.5,20.5,23.4,45.0,0.0,23.80000000000001,23.728571428571428,51.0,0.0,1.8794629425399945,1.8999999999999986
2020-03-20,Delhi,18.9,42,0.0,1.6,4,3,1,0.9813064702716093,0.19245158197082998,22.7,18.4,21.8,49.0,0.0,20.89999999999999,19.714285714285715,49.142857142857146,0.0,1.9709799351498072,-3.8000000000000007
2020-03-21,Mumbai,25.3,74,0.0,3.5,5,3,1,0.9844738167520922,0.1755314904214282,25.4,27.0,25.6,76.0,0.0,25.53333333333333,25.5,76.14285714285714,0.0,0.9273618495496003,-0.09999999999999787
2020-03-21,Hyderabad,24.6,55,0.0,4.4,5,3,1,0.9844738167520922,0.1755314904214282,25.4,22.5,26.0,52.0,0.0,24.50000000000001,23.52857142857143,50.42857142857143,0.0,1.6590301240125518,-0.7999999999999972
2020-03-21,Chennai,26.9,65,0.0,2.4,5,3,1,0.9844738167520922,0.1755314904214282,25.8,25.8,26.6,67.0,0.0,27.200000000000003,27.942857142857143,70.71428571428571,0.0,1.8274364036879676,1.0999999999999979
2020-03-21,Delhi,19.8,42,0.0,3.4,5,3,1,0.9844738167520922,0.1755314904214282,18.9,21.1,21.0,42.0,0.0,20.466666666666658,19.54285714285714,47.714285714285715,0.0,1.8910818269423775,0.9000000000000021
2020-03-22,Mumbai,23.0,79,0.0,3.7,6,3,1,0.9873494423939864,0.15855938510313475,25.3,25.9,26.0,74.0,0.0,24.566666666666666,25.071428571428573,76.28571428571429,0.0,1.2828539611796603,-2.3000000000000007
2020-03-22,Bangalore,19.9,55,0.0,2.9,6,3,1,0.9873494423939864,0.15855938510313475,20.4,18.6,19.7,57.0,0.0,18.866666666666664,19.5,64.42857142857143,0.0,2.0314198646923964,-0.5
2020-03-22,Hyderabad,23.1,57,0.0,1.9,6,3,1,0.9873494423939864,0.15855938510313475,24.6,23.5,24.8,55.0,0.0,24.366666666666674,23.285714285714285,52.285714285714285,0.0,1.5635734407958153,-1.5
2020-03-22,Delhi,23.6,42,0.0,2.6,6,3,1,0.9873494423939864,0.15855938510313475,19.8,22.7,16.9,42.0,0.0,20.76666666666666,20.5,46.714285714285715,0.0,2.0215505600078028,3.8000000000000007
2020-03-22,Chennai,26.2,69,0.0,1.6,6,3,1,0.9873494423939864,0.15855938510313475,26.9,28.9,30.6,65.0,0.0,26.3,27.314285714285717,69.85714285714286,0.0,1.485966095876816,-0.6999999999999993
2020-03-23,Mumbai,23.7,71,0.0,3.1,0,3,1,0.989932495087353,0.141540295217043,23.0,25.4,24.8,79.0,0.0,24.0,24.91428571428571,74.57142857142857,0.0,1.3849531537547763,0.6999999999999993
2020-03-23,Bangalore,21.6,62,0.0,2.3,0,3,1,0.989932495087353,0.141540295217043,19.9,16.3,18.8,55.0,0.0,20.633333333333336,19.9,62.42857142857143,0.0,2.1432063207571805,1.7000000000000028
2020-03-23,Hyderabad,23.4,58,0.0,2.6,0,3,1,0.989932495087353,0.141540295217043,23.1,25.4,23.4,57.0,0.0,23.700000000000006,23.285714285714285,53.0,0.0,1.5635734407958153,0.29999999999999716
2020-03-23,Delhi,18.6,55,0.0,4.2,0,3,1,0.989932495087353,0.141540295217043,23.6,18.9,19.0,42.0,0.0,20.66666666666666,20.442857142857143,48.142857142857146,0.0,2.075939259594318,-5.0
2020-03-23,Chennai,29.7,79,0.0,0.8,0,3,1,0.989932495087353,0.141540295217043,26.2,25.8,29.2,69.0,0.0,27.600000000000005,27.385714285714283,71.0,0.0,1.599404651142228,3.5
2020-03-24,Chennai,26.3,71,0.0,3.5,1,3,1,0.9922222094179323,0.12447926388678915,29.7,26.9,28.4,79.0,0.0,27.400000000000002,27.085714285714285,72.0,0.0,1.57419669612643,-3.3999999999999986
2020-03-24,Delhi,24.9,45,0.0,2.4,1,3,1,0.9922222094179323,0.12447926388678915,18.6,19.8,18.4,55.0,0.0,22.366666666666656,21.37142857142857,47.285714285714285,0.0,2.4329092911674213,6.299999999999997
2020-03-24,Mumbai,26.1,69,0.0,4.6,1,3,1,0.9922222094179323,0.12447926388678915,23.7,25.3,24.1,71.0,0.0,24.266666666666666,25.2,73.14285714285714,0.0,1.3952299690971113,2.400000000000002
2020-03-24,Bangalore,19.0,61,0.0,1.1,1,3,1,0.9922222094179323,0.12447926388678915,21.6,20.4,19.5,62.0,0.0,20.166666666666668,19.828571428571426,60.285714285714285,0.0,2.1669596871456758,-2.6000000000000014
2020-03-24,Hyderabad,23.9,46,0.0,5.4,1,3,1,0.9922222094179323,0.12447926388678915,23.4,24.6,20.5,58.0,0.0,23.46666666666668,23.771428571428572,52.142857142857146,0.0,0.969044694040352,0.5
2020-03-25,Delhi,25.7,49,0.0,2.0,2,3,1,0.994217906893952,0.10738134666416309,24.9,23.6,21.1,45.0,0.0,23.06666666666666,22.02857142857143,46.285714285714285,0.0,2.9198825808096114,0.8000000000000007
2020-03-25,Hyderabad,25.5,56,0.0,1.5,2,3,1,0.994217906893952,0.10738134666416309,23.9,23.1,22.5,46.0,0.0,24.266666666666676,24.2,52.714285714285715,0.0,0.976387901058516,1.6000000000000014
2020-03-25,Chennai,31.1,79,0.0,3.2,2,3,1,0.994217906893952,0.10738134666416309,26.3,26.2,25.8,71.0,0.0,29.033333333333335,27.842857142857145,71.71428571428571,0.0,2.0541479521991604,4.800000000000001
2020-03-26,Delhi,27.3,55,0.0,5.0,3,3,1,0.995918996147179,0.09025161003104117,25.7,18.6,22.7,49.0,0.0,25.966666666666658,22.685714285714287,47.142857142857146,0.0,3.5465610438982034,1.6000000000000014
2020-03-26,Mumbai,30.7,76,1.0,3.7,3,3,1,0.995918996147179,0.09025161003104117,26.1,23.0,27.0,69.0,0.0,26.833333333333332,25.728571428571428,73.28571428571429,0.14285714285714285,2.474344550053812,4.599999999999998
2020-03-26,Bangalore,22.7,52,1.3,4.6,3,3,1,0.995918996147179,0.09025161003104117,19.0,19.9,23.0,61.0,0.0,21.1,19.785714285714285,58.142857142857146,0.18571428571428572,2.0955735662173187,3.6999999999999993
2020-03-26,Hyderabad,24.8,53,0.0,3.2,3,3,1,0.995918996147179,0.09025161003104117,25.5,23.4,23.5,56.0,0.0,24.733333333333345,24.385714285714283,53.857142857142854,0.0,0.9441549509633911,-0.6999999999999993
2020-03-26,Chennai,30.8,81,0.0,4.0,3,3,1,0.995918996147179,0.09025161003104117,31.1,29.7,28.9,79.0,0.0,29.400000000000002,28.114285714285717,73.0,0.0,2.3248143807113126,-0.3000000000000007
2020-03-27,Chennai,24.5,72,0.0,1.5,4,3,1,0.9973249731081555,0.07309512989807777,30.8,26.3,25.8,81.0,0.0,28.8,27.928571428571427,73.71428571428571,0.0,2.5785747262873384,-6.300000000000001
2020-03-27,Hyderabad,26.7,50,0.0,2.5,4,3,1,0.9973249731081555,0.07309512989807777,24.8,23.9,25.4,53.0,0.0,25.666666666666675,24.571428571428573,53.57142857142857,0.0,1.2539461521058446,1.8999999999999986
2020-03-27,Delhi,23.4,42,0.0,5.5,4,3,1,0.9973249731081555,0.07309512989807777,27.3,24.9,18.9,55.0,0.0,25.466666666666658,23.32857142857143,47.142857142857146,0.0,3.129278024142629,-3.900000000000002
2020-03-28,Delhi,20.3,47,0.0,2.9,5,3,1,0.9984354211555643,0.055916990100603484,23.4,25.7,19.8,42.0,0.0,23.666666666666657,23.4,47.857142857142854,0.0,3.0397368307143036,-3.099999999999998
2020-03-28,Hyderabad,23.7,54,0.0,2.3,5,3,1,0.9984354211555643,0.055916990100603484,26.7,25.5,24.6,50.0,0.0,25.066666666666677,24.442857142857143,53.42857142857143,0.0,1.2959644321986301,-3.0
2020-03-28,Mumbai,23.6,69,0.0,4.2,5,3,1,0.9984354211555643,0.055916990100603484,30.7,23.7,25.9,76.0,1.0,26.8,25.4,73.42857142857143,0.14285714285714285,2.597434631837098,-7.099999999999998
2020-03-28,Bangalore,20.7,53,0.0,3.9,5,3,1,0.9984354211555643,0.055916990100603484,22.7,21.6,18.6,52.0,1.3,20.8,20.085714285714285,57.0,0.18571428571428572,2.047297870713678,-2.0
2020-03-28,Chennai,26.5,76,0.0,2.6,5,3,1,0.9984354211555643,0.055916990100603484,24.5,31.1,26.9,72.0,0.0,27.26666666666667,27.871428571428574,75.28571428571429,0.0,2.6094151871727536,2.0
2020-03-29,Chennai,28.0,79,0.0,1.4,6,3,1,0.9992500112396835,0.03872228089217446,26.5,30.8,26.2,76.0,0.0,26.33333333333334,28.12857142857143,76.71428571428571,0.0,2.5038066257296787,1.5
2020-03-29,Mumbai,25.3,78,0.0,3.5,6,3,1,0.9992500112396835,0.03872228089217446,23.6,26.1,25.4,69.0,0.0,26.533333333333335,25.38571428571429,73.71428571428571,0.14285714285714285,2.5977096138897613,1.6999999999999993
2020-03-29,Bangalore,21.2,66,0.0,3.7,6,3,1,0.9992500112396835,0.03872228089217446,20.7,19.0,16.3,53.0,0.0,21.53333333333333,20.785714285714285,58.0,0.18571428571428572,1.199206086582035,0.5
2020-03-29,Delhi,23.9,57,0.0,5.5,6,3,1,0.9992500112396835,0.03872228089217446,20.3,27.3,23.6,47.0,0.0,22.53333333333332,23.442857142857143,50.0,0.0,3.045136637797749,3.599999999999998
2020-03-30,Delhi,25.2,48,0.0,2.6,0,3,1,0.9997685019798909,0.021516097436222254,23.9,23.4,18.6,57.0,0.0,23.133333333333326,24.385714285714283,49.0,0.0,2.2003246513706918,1.3000000000000007
2020-03-30,Bangalore,22.7,64,0.0,3.7,0,3,1,0.9997685019798909,0.021516097436222254,21.2,22.7,20.4,66.0,0.0,21.53333333333333,21.11428571428571,59.0,0.18571428571428572,1.3777137721948582,1.5
2020-03-30,Chennai,28.9,67,0.0,3.3,0,3,1,0.9997685019798909,0.021516097436222254,28.0,24.5,29.7,79.0,0.0,27.8,28.014285714285712,75.0,0.0,2.437504578750321,0.8999999999999986
2020-03-30,Hyderabad,23.8,56,0.0,3.0,0,3,1,0.9997685019798909,0.021516097436222254,23.7,24.8,23.1,54.0,0.0,24.733333333333345,24.542857142857144,53.285714285714285,0.0,1.1984116472191766,0.10000000000000142
2020-03-30,Mumbai,25.9,88,0.0,4.1,0,3,1,0.9997685019798909,0.021516097436222254,25.3,30.7,25.3,78.0,0.0,24.933333333333334,25.47142857142857,75.71428571428571,0.14285714285714285,2.604300472752905,0.5999999999999979
2020-03-31,Delhi,24.5,48,0.0,1.7,1,3,1,0.9999907397361901,0.004303538296244289,25.2,20.3,24.9,48.0,0.0,24.53333333333332,24.32857142857143,49.42857142857143,0.0,2.1899119356072916,-0.6999999999999993
2020-03-31,Hyderabad,26.4,47,0.0,2.4,1,3,1,0.9999907397361901,0.004303538296244289,23.8,26.7,23.4,56.0,0.0,24.633333333333344,24.97142857142857,51.714285714285715,0.0,1.2566016150903596,2.599999999999998
2020-03-31,Mumbai,26.8,76,0.0,4.2,1,3,1,0.9999907397361901,0.004303538296244289,25.9,23.6,23.0,88.0,0.0,26.0,26.014285714285712,75.28571428571429,0.14285714285714285,2.3905568189779456,0.9000000000000021
2020-03-31,Bangalore,19.6,63,0.0,1.0,1,3,1,0.9999907397361901,0.004303538296244289,22.7,20.7,19.9,64.0,0.0,21.166666666666668,21.071428571428573,60.142857142857146,0.18571428571428572,1.4256159905041403,-3.099999999999998
2020-03-31,Chennai,31.2,74,0.0,3.2,1,3,1,0.9999907397361901,0.004303538296244289,28.9,26.5,26.3,67.0,0.0,29.36666666666667,28.714285714285715,75.42857142857143,0.0,2.563479777846676,2.3000000000000007
2020-04-01,Hyderabad,24.3,50,0.0,1.3,2,4,2,0.9999166586547379,-0.01291029607500882,26.4,23.7,23.9,47.0,0.0,24.833333333333343,25.02857142857143,52.285714285714285,0.0,1.2079104350272403,-2.099999999999998
2020-04-01,Bangalore,17.2,58,0.0,1.2,2,4,2,0.9999166586547379,-0.01291029607500882,19.6,21.2,21.6,63.0,0.0,19.833333333333332,20.442857142857143,59.57142857142857,0.18571428571428572,2.005706145689672,-2.400000000000002
2020-04-01,Delhi,24.4,36,0.0,4.4,2,4,2,0.9999166586547379,-0.01291029607500882,24.5,23.9,25.7,48.0,0.0,24.69999999999999,24.142857142857142,47.57142857142857,0.0,2.1078086115342973,-0.10000000000000142
2020-04-01,Mumbai,25.9,80,0.0,2.2,2,4,2,0.9999166586547379,-0.01291029607500882,26.8,25.3,23.7,76.0,0.0,26.2,26.32857142857143,76.57142857142857,0.14285714285714285,2.170034013338885,-0.9000000000000021
2020-04-02,Hyderabad,23.8,55,0.0,2.7,3,4,2,0.9995462806873573,-0.030120304846908114,24.3,23.8,25.5,50.0,0.0,24.833333333333343,24.785714285714285,52.142857142857146,0.0,1.2667919737518059,-0.5
2020-04-02,Delhi,24.0,45,0.0,0.5,3,4,2,0.9995462806873573,-0.030120304846908114,24.4,25.2,27.3,36.0,0.0,24.299999999999994,23.67142857142857,46.142857142857146,0.0,1.5892495983058519,-0.3999999999999986
2020-04-02,Chennai,25.4,68,0.0,3.1,3,4,2,0.9995462806873573,-0.030120304846908114,31.2,28.0,31.1,74.0,0.0,28.5,27.900000000000002,73.85714285714286,0.0,2.5845695966640556,-5.800000000000001
2020-04-02,Mumbai,28.7,77,0.0,2.6,3,4,2,0.9995462806873573,-0.030120304846908114,25.9,25.9,26.1,80.0,0.0,27.13333333333333,26.699999999999996,77.71428571428571,0.14285714285714285,2.3402279091290903,2.8000000000000007
2020-04-03,Hyderabad,22.4,54,0.0,3.7,4,4,2,0.9988797155850336,-0.04732138832243185,23.8,26.4,24.8,55.0,0.0,23.50000000000001,24.442857142857147,52.285714285714285,0.0,1.554410009035771,-1.4000000000000021
2020-04-03,Delhi,26.2,50,0.0,1.9,4,4,2,0.9988797155850336,-0.04732138832243185,24.0,24.5,23.4,45.0,0.0,24.866666666666656,24.071428571428573,47.285714285714285,0.0,1.8418417283746054,2.1999999999999993
2020-04-03,Bangalore,23.9,52,0.0,2.6,4,4,2,0.9988797155850336,-0.04732138832243185,17.2,22.7,19.0,58.0,0.0,20.23333333333333,21.142857142857142,58.285714285714285,0.18571428571428572,2.2574743578146403,6.699999999999999
2020-04-03,Mumbai,27.0,78,0.0,4.3,4,4,2,0.9988797155850336,-0.04732138832243185,28.7,26.8,30.7,77.0,0.0,27.2,26.17142857142857,78.0,0.0,1.5808376320949808,-1.6999999999999993
2020-04-03,Chennai,27.2,63,0.0,3.2,4,4,2,0.9988797155850336,-0.04732138832243185,25.4,28.9,30.8,68.0,0.0,27.933333333333334,27.385714285714283,71.28571428571429,0.0,2.247538335919706,1.8000000000000007
2020-04-04,Hyderabad,25.2,55,0.0,3.7,5,4,2,0.9979171608653922,-0.06450844944931623,22.4,24.3,26.7,54.0,0.0,23.80000000000001,24.228571428571428,53.0,0.0,1.2684824078589896,2.8000000000000007
2020-04-04,Delhi,22.1,49,0.0,1.8,5,4,2,0.9979171608653922,-0.06450844944931623,26.2,24.4,20.3,50.0,0.0,24.09999999999999,24.32857142857143,47.57142857142857,0.0,1.2618957771472004,-4.099999999999998
2020-04-04,Bangalore,18.3,71,0.0,3.4,5,4,2,0.9979171608653922,-0.06450844944931623,23.9,19.6,22.7,52.0,0.0,19.799999999999997,20.514285714285712,61.0,0.0,2.361799152784887,-5.599999999999998
2020-04-04,Mumbai,24.6,79,0.0,0.5,5,4,2,0.9979171608653922,-0.06450844944931623,27.0,25.9,23.6,78.0,0.0,26.766666666666666,26.314285714285717,79.42857142857143,0.0,1.3359498137138057,-2.3999999999999986
2020-04-04,Chennai,26.7,61,0.0,2.4,5,4,2,0.9979171608653922,-0.06450844944931623,27.2,31.2,24.5,63.0,0.0,26.433333333333337,27.699999999999996,69.71428571428571,0.0,1.9043809142781405,-0.5
2020-04-05,Hyderabad,26.9,48,0.0,3.1,6,4,2,0.9966589017541702,-0.08167639533042241,25.2,23.8,23.7,55.0,0.0,24.833333333333343,24.685714285714287,52.142857142857146,0.0,1.583696700159262,1.6999999999999993
2020-04-05,Delhi,20.7,56,0.0,3.4,6,4,2,0.9966589017541702,-0.08167639533042241,22.1,24.0,23.9,49.0,0.0,22.99999999999999,23.87142857142857,47.42857142857143,0.0,1.8741347209797823,-1.4000000000000021
2020-04-05,Mumbai,29.2,73,0.0,3.6,6,4,2,0.9966589017541702,-0.08167639533042241,24.6,28.7,25.3,79.0,0.0,26.933333333333334,26.87142857142857,78.71428571428571,0.0,1.6245145795121902,4.599999999999998
2020-04-05,Bangalore,22.7,59,0.0,1.8,6,4,2,0.9966589017541702,-0.08167639533042241,18.3,17.2,20.7,71.0,0.0,21.633333333333336,20.8,61.857142857142854,0.0,2.5046623192225916,4.399999999999999
2020-04-06,Chennai,31.1,70,0.0,5.4,0,4,2,0.9951053111006976,-0.09882013873287143,26.7,25.4,26.5,61.0,0.0,28.333333333333332,28.357142857142858,68.85714285714286,0.0,2.1930626551751904,4.400000000000002
2020-04-06,Delhi,24.4,37,0.0,4.6,0,4,2,0.9951053111006976,-0.09882013873287143,20.7,26.2,25.2,56.0,0.0,22.399999999999988,23.757142857142856,45.857142857142854,0.0,1.8026435614188487,3.6999999999999993
2020-04-06,Bangalore,23.1,58,0.0,3.5,0,4,2,0.9951053111006976,-0.09882013873287143,22.7,23.9,21.2,59.0,0.0,21.366666666666664,21.071428571428573,60.714285714285715,0.0,2.65374847195078,0.40000000000000213
2020-04-06,Hyderabad,26.0,43,0.0,1.8,0,4,2,0.9951053111006976,-0.09882013873287143,26.9,22.4,23.8,48.0,0.0,26.033333333333342,25.0,50.285714285714285,0.0,1.5968719422671562,-0.8999999999999986
2020-04-06,Mumbai,26.4,80,0.0,3.1,0,4,2,0.9951053111006976,-0.09882013873287143,29.2,27.0,25.9,73.0,0.0,26.73333333333333,26.942857142857143,77.57142857142857,0.0,1.5851994016076312,-2.8000000000000007
2020-04-07,Delhi,23.1,45,0.0,2.9,1,4,2,0.9932568492674143,-0.11593459959550041,24.4,22.1,24.5,37.0,0.0,22.733333333333324,23.557142857142857,45.42857142857143,0.0,1.7840563732287655,-1.2999999999999972
2020-04-07,Bangalore,20.8,64,0.0,4.1,1,4,2,0.9932568492674143,-0.11593459959550041,23.1,18.3,22.7,58.0,0.0,22.200000000000003,20.8,60.714285714285715,0.0,2.5547341675146606,-2.3000000000000007
2020-04-07,Chennai,28.5,67,0.0,1.4,1,4,2,0.9932568492674143,-0.11593459959550041,31.1,27.2,28.0,70.0,0.0,28.76666666666667,28.428571428571427,67.14285714285714,0.0,2.1876275473019944,-2.6000000000000014
2020-04-07,Hyderabad,26.7,57,0.0,3.0,1,4,2,0.9932568492674143,-0.11593459959550041,26.0,25.2,26.4,43.0,0.0,26.533333333333342,25.042857142857144,51.714285714285715,0.0,1.6440368435218295,0.6999999999999993
2020-04-07,Mumbai,27.1,74,0.0,3.5,1,4,2,0.9932568492674143,-0.11593459959550041,26.4,24.6,26.8,80.0,0.0,27.566666666666666,26.985714285714288,77.28571428571429,0.0,1.5847487407878325,0.7000000000000028
2020-04-08,Mumbai,28.1,74,0.0,1.9,2,4,2,0.9911140639934547,-0.1330147065341959,27.1,29.2,25.9,74.0,0.0,27.2,27.3,76.42857142857143,0.0,1.5513435037626966,1.0
2020-04-08,Hyderabad,25.4,48,0.0,4.7,2,4,2,0.9911140639934547,-0.1330147065341959,26.7,26.9,24.3,57.0,0.0,26.033333333333342,25.2,51.42857142857143,0.0,1.6134848413708147,-1.3000000000000007
2020-04-08,Bangalore,24.9,67,0.0,2.9,2,4,2,0.9911140639934547,-0.1330147065341959,20.8,22.7,19.6,64.0,0.0,22.933333333333334,21.557142857142857,61.285714285714285,0.0,2.901641571511536,4.099999999999998
2020-04-08,Delhi,27.2,45,0.0,3.6,2,4,2,0.9911140639934547,-0.1330147065341959,23.1,20.7,24.4,45.0,0.0,24.89999999999999,23.95714285714286,46.714285714285715,0.0,2.2559972982086696,4.099999999999998
2020-04-09,Delhi,28.0,43,0.0,5.0,3,4,2,0.9886775902323405,-0.1500553983446526,27.2,24.4,24.0,45.0,0.0,26.09999999999999,24.528571428571432,46.42857142857143,0.0,2.726239342460952,0.8000000000000007
2020-04-09,Bangalore,21.5,70,0.0,2.4,3,4,2,0.9886775902323405,-0.1500553983446526,24.9,23.1,17.2,67.0,0.0,22.400000000000002,22.17142857142857,63.0,0.0,2.1944735782675506,-3.3999999999999986
2020-04-09,Hyderabad,27.7,51,0.0,3.1,3,4,2,0.9886775902323405,-0.1500553983446526,25.4,26.0,23.8,48.0,0.0,26.60000000000001,25.757142857142856,50.857142857142854,0.0,1.719357576593804,2.3000000000000007
2020-04-09,Chennai,30.1,80,0.0,2.6,3,4,2,0.9886775902323405,-0.1500553983446526,28.5,26.7,28.9,67.0,0.0,29.900000000000006,28.6,69.0,0.0,2.275961335348268,1.6000000000000014
2020-04-09,Mumbai,24.6,80,0.0,1.8,3,4,2,0.9886775902323405,-0.1500553983446526,28.1,26.4,28.7,74.0,0.0,26.600000000000005,26.714285714285715,76.85714285714286,0.0,1.701399983766883,-3.5
2020-04-10,Bangalore,21.7,58,0.0,2.3,4,4,2,0.9859481499638304,-0.16705162550211924,21.5,20.8,23.9,70.0,0.0,22.7,21.857142857142858,63.857142857142854,0.0,2.0590103956813635,0.1999999999999993
2020-04-10,Delhi,25.7,58,0.0,1.5,4,4,2,0.9859481499638304,-0.16705162550211924,28.0,23.1,26.2,43.0,0.0,26.966666666666658,24.457142857142856,47.57142857142857,0.0,2.6813287395477614,-2.3000000000000007
2020-04-10,Mumbai,26.9,76,0.0,3.8,4,4,2,0.9859481499638304,-0.16705162550211924,24.6,27.1,27.0,80.0,0.0,26.53333333333333,26.7,76.57142857142857,0.0,1.6990193249833008,2.299999999999997
2020-04-10,Chennai,26.2,67,0.0,3.3,4,4,2,0.9859481499638304,-0.16705162550211924,30.1,31.1,31.2,80.0,0.0,28.26666666666667,27.885714285714283,68.0,0.0,2.101926553925099,-3.900000000000002
2020-04-11,Hyderabad,24.6,58,0.0,3.6,5,4,2,0.9829265519799822,-0.18399835165768005,27.7,26.7,22.4,51.0,0.0,25.90000000000001,26.071428571428566,51.42857142857143,0.0,1.0889050857234122,-3.099999999999998
2020-04-11,Chennai,27.8,67,0.0,3.9,5,4,2,0.9829265519799822,-0.18399835165768005,26.2,28.5,25.4,67.0,0.0,28.033333333333335,28.22857142857143,67.85714285714286,0.0,1.803435874208226,1.6000000000000014
2020-04-11,Mumbai,29.7,78,0.0,2.8,5,4,2,0.9829265519799822,-0.18399835165768005,26.9,28.1,24.6,76.0,0.0,27.066666666666666,27.428571428571427,76.42857142857143,0.0,1.74137329495459,2.8000000000000007
2020-04-11,Delhi,25.0,46,0.0,3.1,5,4,2,0.9829265519799822,-0.18399835165768005,25.7,27.2,22.1,58.0,0.0,26.23333333333332,24.87142857142857,47.142857142857146,0.0,2.4723229870674066,-0.6999999999999993
2020-04-12,Hyderabad,22.7,57,0.0,2.8,6,4,2,0.9796136916454901,-0.20089055513063506,24.6,25.4,25.2,58.0,0.0,25.00000000000001,25.714285714285715,51.714285714285715,0.0,1.674742339812889,-1.9000000000000021
2020-04-12,Chennai,31.0,83,0.0,1.7,6,4,2,0.9796136916454901,-0.20089055513063506,27.8,30.1,27.2,67.0,0.0,28.333333333333332,28.771428571428572,70.71428571428571,0.0,2.0030928466701794,3.1999999999999993
2020-04-12,Delhi,25.0,48,0.0,1.3,6,4,2,0.9796136916454901,-0.20089055513063506,25.0,28.0,20.7,46.0,0.0,25.23333333333332,25.485714285714288,46.0,0.0,1.665761659050543,0.0
2020-04-12,Mumbai,26.1,75,0.0,4.1,6,4,2,0.9796136916454901,-0.20089055513063506,29.7,24.6,29.2,78.0,0.0,27.566666666666666,26.985714285714288,76.71428571428571,0.0,1.6046064641406477,-3.599999999999998
2020-04-12,Bangalore,21.9,64,0.0,3.9,6,4,2,0.9796136916454901,-0.20089055513063506,21.7,24.9,18.3,58.0,0.0,21.7,22.37142857142857,62.857142857142854,0.0,1.349955907569224,0.1999999999999993
2020-04-13,Chennai,34.5,69,0.0,3.5,0,4,2,0.9760105506323683,-0.21772323039653177,31.0,26.2,26.7,83.0,0.0,31.100000000000005,29.88571428571429,71.85714285714286,0.0,2.7051978186623704,3.5
2020-04-13,Mumbai,25.9,68,0.0,1.7,0,4,2,0.9760105506323683,-0.21772323039653177,26.1,26.9,26.4,75.0,0.0,27.233333333333334,26.914285714285715,75.0,0.0,1.6456291313948246,-0.20000000000000284
2020-04-13,Delhi,26.6,44,0.0,1.8,0,4,2,0.9760105506323683,-0.21772323039653177,25.0,25.7,24.4,48.0,0.0,25.53333333333332,25.8,47.0,0.0,1.634013463837092,1.6000000000000014
2020-04-13,Hyderabad,25.0,48,0.0,2.0,0,4,2,0.9760105506323683,-0.21772323039653177,22.7,27.7,26.9,57.0,0.0,24.10000000000001,25.442857142857143,51.714285714285715,0.0,1.6029734275788448,2.3000000000000007
2020-04-14,Chennai,28.2,61,0.0,3.4,1,4,2,0.9721181966290613,-0.23449138957040985,34.5,27.8,31.1,69.0,0.0,31.233333333333334,29.47142857142857,70.57142857142857,0.0,2.7102978223277696,-6.300000000000001
2020-04-14,Delhi,23.6,36,0.0,3.8,1,4,2,0.9721181966290613,-0.23449138957040985,26.6,25.0,23.1,44.0,0.0,25.06666666666666,25.871428571428574,45.714285714285715,0.0,1.5019035540656973,-3.0
2020-04-14,Hyderabad,30.1,54,1.0,4.1,1,4,2,0.9721181966290613,-0.23449138957040985,25.0,24.6,26.0,48.0,0.0,25.933333333333348,26.02857142857143,53.285714285714285,0.14285714285714285,2.394239117628183,5.100000000000001
2020-04-14,Bangalore,24.5,48,0.0,3.3,1,4,2,0.9721181966290613,-0.23449138957040985,21.9,21.5,22.7,64.0,0.0,22.7,22.62857142857143,61.285714285714285,0.0,1.575557346585975,2.6000000000000014
2020-04-15,Bangalore,18.0,62,0.0,2.7,2,4,2,0.9679377830240642,-0.25119006388481935,24.5,21.7,23.1,48.0,0.0,21.46666666666667,21.900000000000002,61.857142857142854,0.0,2.323072677870148,-6.5
2020-04-15,Hyderabad,28.3,58,0.0,2.8,2,4,2,0.9679377830240642,-0.25119006388481935,30.1,22.7,26.7,54.0,1.0,27.80000000000001,26.25714285714286,53.42857142857143,0.14285714285714285,2.5409034763623928,-1.8000000000000007
2020-04-16,Mumbai,27.5,68,0.0,5.2,3,4,2,0.9634705485641488,-0.2678143051621742,25.9,29.7,27.1,68.0,0.0,26.5,26.97142857142857,74.14285714285714,0.0,1.6600344230510198,1.6000000000000014
2020-04-16,Hyderabad,28.8,52,0.0,2.2,3,4,2,0.9634705485641488,-0.2678143051621742,28.3,25.0,25.4,58.0,0.0,29.066666666666677,26.74285714285714,54.0,0.14285714285714285,2.671364908841633,0.5
2020-04-16,Bangalore,24.1,59,0.0,1.8,3,4,2,0.9634705485641488,-0.2678143051621742,18.0,21.9,20.8,62.0,0.0,22.2,22.37142857142857,61.142857142857146,0.0,2.396326553786242,6.100000000000001
2020-04-16,Chennai,27.4,72,0.0,3.9,3,4,2,0.9634705485641488,-0.2678143051621742,28.2,31.0,28.5,61.0,0.0,30.033333333333335,29.314285714285717,71.28571428571429,0.0,2.8062006173405085,-0.8000000000000007
2020-04-16,Delhi,28.3,50,0.0,3.1,3,4,2,0.9634705485641488,-0.2678143051621742,23.6,25.0,27.2,36.0,0.0,26.166666666666657,26.02857142857143,46.42857142857143,0.0,1.7075462763026847,4.699999999999999
2020-04-17,Chennai,28.3,75,0.0,4.2,4,4,2,0.9587178169872964,-0.2843591872810034,27.4,34.5,30.1,72.0,0.0,27.96666666666667,29.057142857142853,70.57142857142857,0.0,2.804672971344573,0.9000000000000021
2020-04-17,Hyderabad,28.1,40,0.0,1.9,4,4,2,0.9587178169872964,-0.2843591872810034,28.8,30.1,27.7,52.0,0.0,28.40000000000001,26.800000000000004,52.42857142857143,0.14285714285714285,2.699382645470378,-0.6999999999999993
2020-04-17,Bangalore,22.4,54,0.0,2.9,4,4,2,0.9587178169872964,-0.2843591872810034,24.1,24.5,24.9,59.0,0.0,21.5,22.014285714285712,59.285714285714285,0.0,2.127932150726463,-1.7000000000000028
2020-04-17,Delhi,26.9,43,0.0,2.2,4,4,2,0.9587178169872964,-0.2843591872810034,28.3,26.6,28.0,50.0,0.0,26.266666666666655,25.87142857142857,46.42857142857143,0.0,1.5380878667082627,-1.4000000000000021
2020-04-17,Mumbai,31.1,68,0.0,1.1,4,4,2,0.9587178169872964,-0.2843591872810034,27.5,26.1,28.1,68.0,0.0,28.166666666666668,27.400000000000002,73.28571428571429,0.0,2.273763400180426,3.6000000000000014
2020-04-18,Mumbai,27.5,77,0.0,2.6,5,4,2,0.9536809966304457,-0.30081980763566735,31.1,25.9,24.6,68.0,0.0,28.7,27.814285714285713,72.85714285714286,0.0,1.9143567861717845,-3.6000000000000014
2020-04-18,Delhi,27.8,52,0.0,4.3,5,4,2,0.9536809966304457,-0.30081980763566735,26.9,23.6,25.7,43.0,0.0,27.666666666666657,26.17142857142857,45.57142857142857,0.0,1.6957931140664404,0.9000000000000021
2020-04-18,Bangalore,22.2,53,0.0,2.9,5,4,2,0.9536809966304457,-0.30081980763566735,22.4,18.0,21.5,54.0,0.0,22.900000000000002,22.11428571428571,56.857142857142854,0.0,2.1161510433084274,-0.1999999999999993
2020-04-18,Hyderabad,25.8,50,0.0,3.6,5,4,2,0.9536809966304457,-0.30081980763566735,28.1,28.3,24.6,40.0,0.0,27.566666666666677,26.97142857142857,51.285714285714285,0.14285714285714285,2.571455026318939,-2.3000000000000007
2020-04-18,Chennai,30.3,67,0.0,3.3,5,4,2,0.9536809966304457,-0.30081980763566735,28.3,28.2,26.2,75.0,0.0,28.666666666666668,29.642857142857142,70.57142857142857,0.0,2.522470444397224,2.0
2020-04-19,Mumbai,27.7,74,0.0,2.4,6,4,2,0.9483615800121715,-0.3171912885891061,27.5,27.5,26.9,77.0,0.0,28.766666666666666,27.928571428571427,72.57142857142857,0.0,1.8741347209795276,0.1999999999999993
2020-04-19,Chennai,28.7,66,0.0,3.9,6,4,2,0.9483615800121715,-0.3171912885891061,30.3,27.4,27.8,67.0,0.0,29.100000000000005,29.77142857142857,70.42857142857143,0.0,2.434279007368442,-1.6000000000000014
2020-04-19,Delhi,28.0,50,0.0,4.2,6,4,2,0.9483615800121715,-0.3171912885891061,27.8,28.3,25.0,52.0,0.0,27.56666666666666,26.599999999999998,46.142857142857146,0.0,1.7291616465793018,0.1999999999999993
2020-04-19,Hyderabad,29.9,40,0.0,2.3,6,4,2,0.9483615800121715,-0.3171912885891061,25.8,28.8,22.7,50.0,0.0,27.93333333333334,28.0,48.857142857142854,0.14285714285714285,1.940790217067933,4.099999999999998
2020-04-19,Bangalore,24.6,63,0.0,3.7,6,4,2,0.9483615800121715,-0.3171912885891061,22.2,24.1,21.7,53.0,0.0,23.066666666666666,22.528571428571432,57.57142857142857,0.0,2.297617813964653,2.400000000000002
2020-04-20,Bangalore,22.3,51,0.0,2.2,0,4,2,0.9427611433904207,-0.3334687789181868,24.6,22.4,21.9,63.0,0.0,23.03333333333333,22.585714285714285,55.714285714285715,0.0,2.2843150479072114,-2.3000000000000007
2020-04-20,Delhi,28.9,51,0.0,4.7,0,4,2,0.9427611433904207,-0.3334687789181868,28.0,26.9,25.0,50.0,0.0,28.23333333333332,27.157142857142855,46.57142857142857,0.0,1.7558066929072664,0.8999999999999986
2020-04-20,Hyderabad,30.7,48,0.0,3.0,0,4,2,0.9427611433904207,-0.3334687789181868,29.9,28.1,25.0,40.0,0.0,28.80000000000001,28.814285714285713,48.857142857142854,0.14285714285714285,1.6456291313947762,0.8000000000000007
2020-04-20,Chennai,30.6,74,0.0,2.8,0,4,2,0.9427611433904207,-0.3334687789181868,28.7,28.3,31.0,66.0,0.0,29.86666666666667,29.714285714285715,69.14285714285714,0.0,2.405153197773959,1.9000000000000021
2020-04-20,Mumbai,26.2,67,0.0,1.8,0,4,2,0.9427611433904207,-0.3334687789181868,27.7,31.1,29.7,74.0,0.0,27.133333333333336,27.428571428571427,71.0,0.0,1.7876560870912335,-1.5
2020-04-21,Mumbai,25.7,77,0.0,3.0,1,4,2,0.9368813462954315,-0.3496474552512284,26.2,27.5,26.1,67.0,0.0,26.53333333333333,27.37142857142857,71.28571428571429,0.0,1.842746397558367,-0.5
2020-04-21,Chennai,28.8,75,0.0,4.5,1,4,2,0.9368813462954315,-0.3496474552512284,30.6,30.3,34.5,74.0,0.0,29.36666666666667,28.9,70.0,0.0,1.1547005383793834,-1.8000000000000007
2020-04-21,Delhi,29.6,51,0.0,4.1,1,4,2,0.9368813462954315,-0.3496474552512284,28.9,27.8,26.6,51.0,0.0,28.833333333333325,27.58571428571429,47.57142857142857,0.0,1.9522880349552307,0.7000000000000028
2020-04-21,Hyderabad,24.9,53,0.0,4.6,1,4,2,0.9368813462954315,-0.3496474552512284,30.7,25.8,30.1,48.0,0.0,28.50000000000001,28.071428571428573,48.714285714285715,0.0,2.083838034104588,-5.800000000000001
2020-04-22,Delhi,29.2,36,0.0,4.0,2,4,2,0.9307239310379795,-0.36572252349726897,29.6,28.0,23.6,51.0,0.0,29.233333333333324,28.385714285714283,47.57142857142857,0.0,0.922728872112124,-0.40000000000000213
2020-04-22,Bangalore,25.7,57,0.0,4.1,2,4,2,0.9307239310379795,-0.36572252349726897,22.3,22.2,24.5,51.0,0.0,24.2,22.75714285714286,57.0,0.0,2.487875360528314,3.3999999999999986
2020-04-22,Mumbai,28.9,71,0.0,2.5,2,4,2,0.9307239310379795,-0.36572252349726897,25.7,27.7,25.9,77.0,0.0,26.933333333333334,27.8,71.71428571428571,0.0,1.791647286716908,3.1999999999999993
2020-04-22,Hyderabad,28.8,38,0.0,3.3,2,4,2,0.9307239310379795,-0.36572252349726897,24.9,29.9,28.3,53.0,0.0,28.13333333333334,28.142857142857142,45.857142857142854,0.0,2.101473406015502,3.900000000000002
2020-04-22,Chennai,33.2,75,0.0,4.8,2,4,2,0.9307239310379795,-0.36572252349726897,28.8,28.7,28.2,75.0,0.0,30.86666666666667,29.614285714285717,72.0,0.0,1.9334154333964606,4.400000000000002
2020-04-23,Bangalore,24.1,61,0.0,3.8,3,4,2,0.9242907221930933,-0.3816892202666588,25.7,24.6,18.0,57.0,0.0,24.033333333333335,23.62857142857143,56.857142857142854,0.0,1.3536546651125612,-1.5999999999999979
2020-04-23,Mumbai,27.8,72,0.0,4.0,3,4,2,0.9242907221930933,-0.3816892202666588,28.9,26.2,27.5,71.0,0.0,27.466666666666665,27.842857142857138,72.28571428571429,0.0,1.7868567773767436,-1.0999999999999979
2020-04-23,Hyderabad,27.8,45,0.0,3.1,3,4,2,0.9242907221930933,-0.3816892202666588,28.8,30.7,28.8,38.0,0.0,27.166666666666675,28.0,44.857142857142854,0.0,2.083266665599948,-1.0
2020-04-23,Chennai,31.3,74,0.0,3.1,3,4,2,0.9242907221930933,-0.3816892202666588,33.2,30.6,27.4,75.0,0.0,31.100000000000005,30.171428571428574,72.28571428571429,0.0,1.741373294954703,-1.9000000000000021
2020-04-23,Delhi,28.3,47,0.0,1.4,3,4,2,0.9242907221930933,-0.3816892202666588,29.2,28.9,28.3,36.0,0.0,29.03333333333332,28.385714285714283,47.142857142857146,0.0,0.922728872112124,-0.8999999999999986
2020-04-24,Hyderabad,26.8,41,0.0,1.5,4,4,2,0.9175836260593937,-0.39754281428255595,27.8,24.9,28.1,45.0,0.0,27.80000000000001,27.814285714285713,45.0,0.0,2.1302805538461764,-1.0
2020-04-24,Chennai,29.1,69,0.0,4.3,4,4,2,0.9175836260593937,-0.39754281428255595,31.3,28.8,28.3,74.0,0.0,31.200000000000003,30.28571428571429,71.42857142857143,0.0,1.6201116951501717,-2.1999999999999993
2020-04-24,Mumbai,26.0,74,0.0,1.6,4,4,2,0.9175836260593937,-0.39754281428255595,27.8,25.7,31.1,72.0,0.0,27.566666666666666,27.11428571428571,73.14285714285714,0.0,1.1710800875382605,-1.8000000000000007
2020-04-24,Delhi,27.0,45,0.7,2.9,4,4,2,0.9175836260593937,-0.39754281428255595,28.3,29.6,26.9,47.0,0.0,28.166666666666657,28.400000000000002,47.42857142857143,0.09999999999999999,0.8962886439836624,-1.3000000000000007
2020-04-24,Bangalore,22.8,64,0.0,1.5,4,4,2,0.9175836260593937,-0.39754281428255595,24.1,22.3,24.1,61.0,0.0,24.2,23.442857142857147,57.57142857142857,0.0,1.3673053095500884,-1.3000000000000007
2020-04-25,Delhi,29.5,43,0.0,2.3,5,4,2,0.9106046300942162,-0.4132786077829042,27.0,29.2,27.8,45.0,0.7,28.266666666666655,28.642857142857142,46.142857142857146,0.09999999999999999,0.9360504666903392,2.5
2020-04-25,Bangalore,20.4,57,0.0,4.5,5,4,2,0.9106046300942162,-0.4132786077829042,22.8,25.7,22.4,64.0,0.0,22.433333333333334,23.157142857142855,58.0,0.0,1.7709292691100178,-2.400000000000002
2020-04-25,Hyderabad,25.3,39,0.0,3.4,5,4,2,0.9106046300942162,-0.4132786077829042,26.8,28.8,25.8,41.0,0.0,26.633333333333344,27.74285714285714,43.42857142857143,0.0,2.2157445271338814,-1.5
2020-04-25,Mumbai,31.9,72,0.0,3.7,5,4,2,0.9106046300942162,-0.4132786077829042,26.0,28.9,27.5,74.0,0.0,28.566666666666666,27.74285714285714,72.42857142857143,0.0,2.1686071896166887,5.899999999999999
2020-04-26,Bangalore,26.1,54,0.0,2.9,6,4,2,0.9033558023246845,-0.4288919379124835,20.4,24.1,22.2,57.0,0.0,23.100000000000005,23.714285714285715,58.142857142857146,0.0,2.0161254685068464,5.700000000000003
2020-04-26,Mumbai,27.2,72,0.0,3.5,6,4,2,0.9033558023246845,-0.4288919379124835,31.9,27.8,27.7,72.0,0.0,28.366666666666664,27.67142857142857,72.14285714285714,0.0,2.1784660396054685,-4.699999999999999
2020-04-26,Chennai,25.7,68,0.0,3.0,6,4,2,0.9033558023246845,-0.4288919379124835,29.1,33.2,30.3,69.0,0.0,28.700000000000003,29.62857142857143,71.57142857142857,0.0,2.3718588249966883,-3.400000000000002
2020-04-26,Delhi,26.6,45,0.0,4.3,6,4,2,0.9033558023246845,-0.4288919379124835,29.5,28.3,28.0,43.0,0.0,27.69999999999999,28.442857142857143,45.42857142857143,0.09999999999999999,1.2067271755418505,-2.8999999999999986
2020-04-26,Hyderabad,28.6,47,0.0,3.4,6,4,2,0.9033558023246845,-0.4288919379124835,25.3,27.8,29.9,39.0,0.0,26.90000000000001,27.557142857142857,44.42857142857143,0.0,2.0533364254769415,3.3000000000000007
2020-04-27,Hyderabad,26.9,57,0.0,3.5,0,4,2,0.895839290734909,-0.4443781781046132,28.6,26.8,30.7,47.0,0.0,26.933333333333348,27.014285714285716,45.714285714285715,0.0,1.515946977336351,-1.7000000000000028
2020-04-27,Mumbai,28.3,75,0.0,2.9,0,4,2,0.895839290734909,-0.4443781781046132,27.2,26.0,26.2,72.0,0.0,29.133333333333336,27.971428571428568,73.28571428571429,0.0,2.0846376869169227,1.1000000000000014
2020-04-27,Bangalore,22.3,61,0.0,2.8,0,4,2,0.895839290734909,-0.4443781781046132,26.1,22.8,24.6,54.0,0.0,22.933333333333334,23.385714285714283,57.857142857142854,0.0,2.035050016935365,-3.8000000000000007
2020-04-27,Chennai,32.5,63,0.0,1.9,0,4,2,0.895839290734909,-0.4443781781046132,25.7,31.3,28.7,68.0,0.0,29.100000000000005,30.17142857142857,71.14285714285714,0.0,2.5519367061863814,6.800000000000001
2020-04-27,Delhi,31.2,40,0.0,3.7,0,4,2,0.895839290734909,-0.4443781781046132,26.6,27.0,28.9,45.0,0.0,29.09999999999999,28.771428571428572,43.857142857142854,0.09999999999999999,1.600743874697532,4.599999999999998
2020-04-28,Hyderabad,26.1,49,0.0,2.9,1,4,2,0.8880573226294932,-0.45973273945210397,26.9,25.3,24.9,57.0,0.0,27.200000000000006,27.185714285714287,45.142857142857146,0.0,1.2876704695282901,-0.7999999999999972
2020-04-28,Mumbai,26.8,77,0.0,2.4,1,4,2,0.8880573226294932,-0.45973273945210397,28.3,31.9,25.7,75.0,0.0,27.433333333333334,28.12857142857143,73.28571428571429,0.0,1.9198214202665667,-1.5
2020-04-28,Delhi,30.3,38,0.0,3.4,1,4,2,0.8880573226294932,-0.45973273945210397,31.2,29.5,29.6,40.0,0.0,29.366666666666656,28.871428571428574,42.0,0.09999999999999999,1.6809861051522694,-0.8999999999999986
2020-04-28,Chennai,31.7,69,0.0,2.5,1,4,2,0.8880573226294932,-0.45973273945210397,32.5,29.1,30.6,63.0,0.0,29.96666666666667,30.32857142857143,70.42857142857143,0.0,2.6157945164674947,-0.8000000000000007
2020-04-28,Bangalore,23.0,69,0.0,2.4,1,4,2,0.8880573226294932,-0.45973273945210397,22.3,20.4,22.3,61.0,0.0,23.8,23.485714285714288,60.42857142857143,0.0,1.9894962272131336,0.6999999999999993
2020-04-29,Hyderabad,28.1,43,0.0,1.7,2,4,2,0.8800122039735357,-0.47495107206704995,26.1,28.6,28.8,49.0,0.0,27.033333333333342,27.085714285714285,45.857142857142854,0.0,1.1625096005747857,2.0
2020-04-29,Delhi,30.5,48,0.0,3.6,2,4,2,0.8800122039735357,-0.47495107206704995,30.3,26.6,29.2,38.0,0.0,30.666666666666657,29.057142857142857,43.714285714285715,0.09999999999999999,1.7915143899853303,0.1999999999999993
2020-04-29,Chennai,29.1,58,0.0,2.7,2,4,2,0.8800122039735357,-0.47495107206704995,31.7,25.7,28.8,69.0,0.0,31.100000000000005,30.371428571428574,68.0,0.0,2.5888957013331804,-2.599999999999998
2020-04-29,Mumbai,27.9,73,0.0,2.4,2,4,2,0.8800122039735357,-0.47495107206704995,26.8,27.2,28.9,77.0,0.0,27.666666666666668,27.985714285714284,73.57142857142857,0.0,1.8898223650461494,1.0999999999999979
2020-04-30,Bangalore,23.7,50,0.0,4.1,3,4,2,0.8717063187093218,-0.4900286664290592,23.0,26.1,25.7,69.0,0.0,23.0,23.199999999999996,59.42857142857143,0.0,1.7473789896108396,0.6999999999999993
2020-04-30,Delhi,28.0,44,0.0,3.8,3,4,2,0.8717063187093218,-0.4900286664290592,30.5,31.2,28.3,48.0,0.0,29.59999999999999,29.014285714285716,43.285714285714285,0.09999999999999999,1.816065868325249,-2.5
2020-04-30,Chennai,31.7,60,3.2,3.4,3,4,2,0.8717063187093218,-0.4900286664290592,29.1,32.5,33.2,58.0,0.0,30.833333333333332,30.157142857142855,65.85714285714286,0.4571428571428572,2.3684433304439114,2.599999999999998
2020-04-30,Mumbai,29.1,69,0.0,1.3,3,4,2,0.8717063187093218,-0.4900286664290592,27.9,28.3,27.8,73.0,0.0,27.933333333333337,28.171428571428574,73.14285714285714,0.0,1.9319370984535202,1.2000000000000028
2020-05-01,Delhi,29.2,47,0.0,3.8,4,5,2,0.8631421280499114,-0.5049610547215204,28.0,30.3,27.0,44.0,0.0,29.233333333333324,29.32857142857143,43.57142857142857,0.0,1.58504919557143,1.1999999999999993
2020-05-01,Chennai,30.0,54,0.0,1.7,4,5,2,0.8631421280499114,-0.5049610547215204,31.7,31.7,31.3,60.0,3.2,30.26666666666667,29.971428571428568,63.0,0.4571428571428572,2.314241622155021,-1.6999999999999993
2020-05-01,Mumbai,31.2,64,0.0,1.8,4,5,2,0.8631421280499114,-0.5049610547215204,29.1,26.8,26.0,69.0,0.0,29.400000000000002,28.914285714285715,71.71428571428571,0.0,1.9574035280004576,2.099999999999998
2020-05-01,Hyderabad,26.4,46,0.0,1.9,4,5,2,0.8631421280499114,-0.5049610547215204,28.1,26.9,27.8,43.0,0.0,26.866666666666674,26.88571428571429,46.0,0.0,1.1393398255547937,-1.7000000000000028
2020-05-02,Delhi,28.7,38,0.0,2.1,5,5,2,0.854322169749827,-0.5197438121555155,29.2,30.5,29.5,47.0,0.0,28.633333333333326,29.214285714285715,42.857142857142854,0.0,1.599404651142396,-0.5
2020-05-02,Chennai,28.7,59,0.0,1.4,5,5,2,0.854322169749827,-0.5197438121555155,30.0,29.1,29.1,54.0,0.0,30.133333333333336,29.914285714285715,61.57142857142857,0.4571428571428572,2.3440908482314238,-1.3000000000000007
2020-05-02,Mumbai,28.3,75,0.0,2.6,5,5,2,0.854322169749827,-0.5197438121555155,31.2,27.9,31.9,64.0,0.0,29.53333333333333,28.400000000000002,72.14285714285714,0.0,1.4491376746189644,-2.8999999999999986
2020-05-02,Hyderabad,26.7,48,0.0,3.7,5,5,2,0.854322169749827,-0.5197438121555155,26.4,26.1,26.8,46.0,0.0,27.066666666666677,26.87142857142857,47.0,0.0,1.1412190641506752,0.3000000000000007
2020-05-02,Bangalore,22.1,61,0.0,4.3,5,5,2,0.854322169749827,-0.5197438121555155,23.7,22.3,24.1,50.0,0.0,22.933333333333337,22.914285714285715,59.42857142857143,0.0,1.7391842641773123,-1.5999999999999979
2020-05-03,Delhi,31.1,38,0.0,2.8,6,5,2,0.8452490573530633,-0.5343725582809786,28.7,28.0,26.6,38.0,0.0,29.666666666666657,29.857142857142858,41.857142857142854,0.0,1.2367391841146091,2.400000000000002
2020-05-03,Mumbai,29.1,68,0.0,1.0,6,5,2,0.8452490573530633,-0.5343725582809786,28.3,29.1,27.2,75.0,0.0,29.53333333333333,28.671428571428574,71.57142857142857,0.0,1.3622460444847508,0.8000000000000007
2020-05-03,Hyderabad,28.4,45,0.0,4.7,6,5,2,0.8452490573530633,-0.5343725582809786,26.7,28.1,25.3,48.0,0.0,27.166666666666675,27.314285714285717,47.857142857142854,0.0,1.0253919111386294,1.6999999999999993
2020-05-03,Chennai,32.6,61,0.0,4.0,6,5,2,0.8452490573530633,-0.5343725582809786,28.7,31.7,25.7,59.0,0.0,30.433333333333337,30.900000000000002,60.57142857142857,0.4571428571428572,1.6134848413709526,3.900000000000002
2020-05-04,Mumbai,26.8,77,0.0,1.6,0,5,2,0.8359254794186372,-0.548842958284719,29.1,31.2,28.3,68.0,0.0,28.066666666666666,28.45714285714286,71.85714285714286,0.0,1.537158789083679,-2.3000000000000007
2020-05-04,Chennai,33.1,68,0.0,3.8,0,5,2,0.8359254794186372,-0.548842958284719,32.6,30.0,32.5,61.0,0.0,31.46666666666667,30.985714285714288,61.285714285714285,0.4571428571428572,1.724749809323784,0.5
2020-05-04,Delhi,29.7,33,0.0,3.1,0,5,2,0.8359254794186372,-0.548842958284719,31.1,29.2,31.2,38.0,0.0,29.833333333333325,29.642857142857142,40.857142857142854,0.0,1.0860588425699964,-1.4000000000000021
2020-05-04,Hyderabad,28.9,42,0.0,3.3,0,5,2,0.8359254794186372,-0.548842958284719,28.4,26.4,28.6,45.0,0.0,28.00000000000001,27.357142857142858,47.142857142857146,0.0,1.092179995631259,0.5
2020-05-04,Bangalore,23.0,57,0.0,1.6,0,5,2,0.8359254794186372,-0.548842958284719,22.1,23.0,22.8,61.0,0.0,22.933333333333337,22.942857142857147,58.42857142857143,0.0,1.7386365758424664,0.8999999999999986
2020-05-05,Delhi,29.7,38,0.0,4.2,1,5,2,0.8263541987239096,-0.5631507242749186,29.7,28.7,30.3,33.0,0.0,30.166666666666657,29.557142857142853,40.857142857142854,0.0,1.0485818086942402,0.0
2020-05-05,Bangalore,23.3,45,0.0,3.6,1,5,2,0.8263541987239096,-0.5631507242749186,23.0,23.7,20.4,57.0,0.0,22.8,23.357142857142858,56.714285714285715,0.0,1.3289809916588475,0.3000000000000007
2020-05-05,Hyderabad,27.1,47,0.0,1.8,1,5,2,0.8263541987239096,-0.5631507242749186,28.9,26.7,26.9,42.0,0.0,28.13333333333334,27.38571428571429,45.714285714285715,0.0,1.080784547490937,-1.7999999999999972
2020-05-05,Mumbai,26.2,73,0.0,2.6,1,5,2,0.8263541987239096,-0.5631507242749186,26.8,28.3,26.8,77.0,0.0,27.366666666666664,28.37142857142857,71.28571428571429,0.0,1.657019699857049,-0.6000000000000014
2020-05-06,Bangalore,24.4,47,0.0,3.2,2,5,2,0.8165380514459161,-0.5772916165517272,23.3,22.1,26.1,45.0,0.0,23.566666666666666,23.11428571428571,55.714285714285715,0.0,0.7904188160475235,1.0999999999999979
2020-05-06,Mumbai,32.4,65,0.0,3.7,2,5,2,0.8165380514459161,-0.5772916165517272,26.2,29.1,27.9,73.0,0.0,28.46666666666667,29.014285714285712,70.14285714285714,0.0,2.2206820059226495,6.199999999999999
2020-05-06,Delhi,26.7,47,0.0,2.3,2,5,2,0.8165380514459161,-0.5772916165517272,29.7,31.1,30.5,38.0,0.0,28.69999999999999,29.014285714285712,40.714285714285715,0.0,1.4028881773313007,-3.0
2020-05-06,Chennai,34.0,60,0.0,2.9,2,5,2,0.8165380514459161,-0.5772916165517272,33.1,28.7,31.7,68.0,0.0,33.23333333333334,31.314285714285713,60.0,0.4571428571428572,2.0683556846190156,0.8999999999999986
2020-05-06,Hyderabad,29.3,52,0.0,3.7,2,5,2,0.8165380514459161,-0.5772916165517272,27.1,28.4,26.1,47.0,0.0,28.433333333333348,27.842857142857138,46.142857142857146,0.0,1.1222850838907772,2.1999999999999993
2020-05-07,Mumbai,28.9,72,0.0,3.4,3,5,2,0.8064799463209448,-0.5912614448635781,32.4,26.8,29.1,65.0,0.0,29.166666666666668,28.985714285714284,70.57142857142857,0.0,2.2206820059226495,-3.5
2020-05-07,Hyderabad,27.8,55,0.0,2.8,3,5,2,0.8064799463209448,-0.5912614448635781,29.3,28.9,28.1,52.0,0.0,28.066666666666677,27.8,47.857142857142854,0.0,1.1165422816295802,-1.5
2020-05-07,Delhi,31.6,38,0.0,2.5,3,5,2,0.8064799463209448,-0.5912614448635781,26.7,29.7,28.0,47.0,0.0,29.333333333333325,29.52857142857143,39.857142857142854,0.0,1.61318968270369,4.900000000000002
2020-05-07,Bangalore,18.2,57,0.0,3.8,3,5,2,0.8064799463209448,-0.5912614448635781,24.4,23.0,22.3,47.0,0.0,21.96666666666667,22.52857142857143,55.142857142857146,0.0,2.0344649466254507,-6.199999999999999
2020-05-07,Chennai,32.6,59,0.0,3.6,3,5,2,0.8064799463209448,-0.5912614448635781,34.0,32.6,29.1,60.0,0.0,33.23333333333334,31.814285714285713,60.142857142857146,0.4571428571428572,1.8560069786405753,-1.3999999999999986
2020-05-08,Mumbai,27.2,69,0.0,1.7,4,5,2,0.7961828637826158,-0.6050560696488488,28.9,26.2,31.2,72.0,0.0,29.5,28.414285714285715,71.28571428571429,0.0,2.0651299970611934,-1.6999999999999993
2020-05-08,Hyderabad,29.9,57,0.0,4.3,4,5,2,0.7961828637826158,-0.6050560696488488,27.8,27.1,26.4,55.0,0.0,29.00000000000001,28.3,49.42857142857143,0.0,1.1676186592090827,2.099999999999998
2020-05-08,Delhi,35.2,37,0.0,3.0,4,5,2,0.7961828637826158,-0.6050560696488488,31.6,29.7,29.2,38.0,0.0,31.166666666666657,30.385714285714283,38.42857142857143,0.0,2.6623476929386753,3.6000000000000014
2020-05-08,Chennai,29.0,64,0.0,3.3,4,5,2,0.7961828637826158,-0.6050560696488488,32.6,33.1,31.7,59.0,0.0,31.866666666666674,31.428571428571427,60.714285714285715,0.0,2.1422062503522374,-3.6000000000000014
2020-05-08,Bangalore,25.7,50,0.0,3.1,4,5,2,0.7961828637826158,-0.6050560696488488,18.2,23.3,23.0,57.0,0.0,22.766666666666666,22.914285714285715,52.42857142857143,0.0,2.367437835458827,7.5
2020-05-09,Delhi,31.3,41,0.0,2.8,5,5,2,0.7856498550787147,-0.6186714032625031,35.2,26.7,28.7,37.0,0.0,32.699999999999996,30.75714285714286,38.857142857142854,0.0,2.567655962713419,-3.900000000000002
2020-05-09,Mumbai,27.7,65,1.6,3.6,5,5,2,0.7856498550787147,-0.6186714032625031,27.2,32.4,28.3,69.0,0.0,27.933333333333334,28.328571428571426,69.85714285714286,0.2285714285714286,2.0830380743154158,0.5
2020-05-09,Chennai,32.4,68,0.0,3.1,5,5,2,0.7856498550787147,-0.6186714032625031,29.0,34.0,30.0,64.0,0.0,31.33333333333334,31.771428571428572,62.714285714285715,0.0,2.0661673744032036,3.3999999999999986
2020-05-09,Bangalore,23.8,50,0.0,3.0,5,5,2,0.7856498550787147,-0.6186714032625031,25.7,24.4,23.7,50.0,0.0,22.566666666666663,22.928571428571427,52.42857142857143,0.0,2.373263776401819,-1.8999999999999986
2020-05-09,Hyderabad,29.4,43,0.0,3.4,5,5,2,0.7856498550787147,-0.6186714032625031,29.9,29.3,26.7,57.0,0.0,29.033333333333342,28.685714285714287,48.714285714285715,0.0,0.9822229404578967,-0.5
2020-05-10,Mumbai,27.7,65,0.0,4.0,6,5,2,0.7748840413670407,-0.6321034111873487,27.7,28.9,29.1,65.0,1.6,27.53333333333333,28.12857142857143,69.42857142857143,0.2285714285714286,2.0637460161191523,0.0
2020-05-10,Bangalore,19.4,47,0.0,2.0,6,5,2,0.7748840413670407,-0.6321034111873487,23.8,18.2,22.1,50.0,0.0,22.96666666666667,22.54285714285714,50.42857142857143,0.0,2.723880285461145,-4.400000000000002
2020-05-10,Hyderabad,27.2,45,0.0,3.7,6,5,2,0.7748840413670407,-0.6321034111873487,29.4,27.8,28.4,43.0,0.0,28.833333333333343,28.514285714285712,48.714285714285715,0.0,1.1334733807027717,-2.1999999999999993
2020-05-10,Delhi,28.0,28,0.0,6.1,6,5,2,0.7748840413670407,-0.6321034111873487,31.3,31.6,31.1,41.0,0.0,31.499999999999996,30.314285714285713,37.42857142857143,0.0,2.7588817610454464,-3.3000000000000007
2020-05-10,Chennai,29.6,62,0.0,3.2,6,5,2,0.7748840413670407,-0.6321034111873487,32.4,32.6,28.7,68.0,0.0,30.33333333333334,31.900000000000002,63.142857142857146,0.0,1.861003313627881,-2.799999999999997
2020-05-11,Mumbai,29.3,72,0.0,3.4,0,5,2,0.7638886127905428,-0.6453481132295501,27.7,27.2,26.8,65.0,0.0,28.23333333333333,28.485714285714284,68.71428571428571,0.2285714285714286,2.011159343453911,1.6000000000000014
2020-05-11,Delhi,27.0,39,0.0,2.4,0,5,2,0.7638886127905428,-0.6453481132295501,28.0,35.2,29.7,28.0,0.0,28.766666666666662,29.928571428571427,38.285714285714285,0.0,3.034092003502029,-1.0
2020-05-11,Chennai,31.4,63,0.0,1.8,0,5,2,0.7638886127905428,-0.6453481132295501,29.6,29.0,32.6,62.0,0.0,31.133333333333336,31.728571428571428,63.42857142857143,0.0,1.8409366146199118,1.7999999999999972
2020-05-11,Bangalore,23.2,57,0.0,3.1,0,5,2,0.7638886127905428,-0.6453481132295501,19.4,25.7,23.0,47.0,0.0,22.13333333333333,22.571428571428573,50.42857142857143,0.0,2.730515388294738,3.8000000000000007
2020-05-12,Delhi,34.5,46,0.0,3.0,1,5,2,0.7526668275320085,-0.6584015846980488,27.0,31.3,29.7,39.0,0.0,29.83333333333333,30.614285714285717,39.42857142857143,0.0,3.4830200360361423,7.5
2020-05-12,Bangalore,24.9,60,0.0,3.6,1,5,2,0.7526668275320085,-0.6584015846980488,23.2,23.8,23.3,57.0,0.0,22.5,22.8,52.57142857142857,0.0,2.8653097563788936,1.6999999999999993
2020-05-12,Mumbai,27.3,77,0.0,0.6,1,5,2,0.7526668275320085,-0.6584015846980488,29.3,27.7,26.2,72.0,0.0,28.099999999999998,28.642857142857142,69.28571428571429,0.2285714285714286,1.8383481197868576,-2.0
2020-05-12,Hyderabad,25.8,42,0.0,3.1,1,5,2,0.7526668275320085,-0.6584015846980488,27.2,29.9,28.9,45.0,0.0,27.466666666666672,28.071428571428573,48.714285714285715,0.0,1.5030128472662896,-1.3999999999999986
2020-05-13,Delhi,32.9,34,0.0,2.7,2,5,2,0.7412220108485958,-0.6712599575675313,34.5,28.0,26.7,46.0,0.0,31.466666666666658,31.5,37.57142857142857,0.0,3.087609647175939,-1.6000000000000014
2020-05-13,Chennai,31.0,60,0.0,2.0,2,5,2,0.7412220108485958,-0.6712599575675313,31.4,32.4,33.1,63.0,0.0,30.66666666666667,31.428571428571427,62.285714285714285,0.0,1.749013327292903,-0.3999999999999986
2020-05-13,Bangalore,23.4,58,0.0,3.6,2,5,2,0.7412220108485958,-0.6712599575675313,24.9,19.4,24.4,60.0,0.0,23.833333333333332,22.657142857142855,54.142857142857146,0.0,2.796341146842403,-1.5
2020-05-13,Mumbai,27.0,69,0.0,4.1,2,5,2,0.7412220108485958,-0.6712599575675313,27.3,27.7,32.4,77.0,0.0,27.866666666666664,27.87142857142857,69.85714285714286,0.2285714285714286,0.8845230083954859,-0.3000000000000007
2020-05-14,Delhi,34.8,42,0.0,4.0,3,5,2,0.7295575540864875,-0.6839194216246106,32.9,27.0,31.6,34.0,0.0,34.06666666666666,31.957142857142856,38.142857142857146,0.0,3.332095008077907,1.8999999999999986
2020-05-14,Mumbai,29.1,64,0.0,4.0,3,5,2,0.7295575540864875,-0.6839194216246106,27.0,29.3,28.9,69.0,0.0,27.8,27.9,68.71428571428571,0.2285714285714286,0.9255628917943486,2.1000000000000014
2020-05-14,Hyderabad,32.0,42,0.0,2.7,3,5,2,0.7295575540864875,-0.6839194216246106,25.8,29.4,27.1,42.0,0.0,28.333333333333343,28.771428571428572,48.0,0.0,2.0254335220838025,6.199999999999999
2020-05-14,Chennai,30.0,63,1.6,3.6,3,5,2,0.7295575540864875,-0.6839194216246106,31.0,29.6,34.0,60.0,0.0,30.8,30.857142857142858,62.714285714285715,0.2285714285714286,1.3842653200131074,-1.0
2020-05-15,Mumbai,29.3,68,0.0,5.4,4,5,2,0.717676913675962,-0.6963762255968722,29.1,27.3,27.2,64.0,0.0,28.46666666666667,28.2,68.57142857142857,0.2285714285714286,0.9983319421248238,0.1999999999999993
2020-05-15,Delhi,29.9,38,0.9,2.6,4,5,2,0.717676913675962,-0.6963762255968722,34.8,34.5,35.2,42.0,0.0,32.533333333333324,31.2,38.285714285714285,0.1285714285714286,3.0637667448203803,-4.899999999999999
2020-05-15,Bangalore,25.4,54,0.0,3.4,4,5,2,0.717676913675962,-0.6963762255968722,23.4,23.2,18.2,58.0,0.0,24.566666666666663,23.685714285714283,53.714285714285715,0.0,2.1279321507264495,2.0
2020-05-15,Hyderabad,27.5,45,0.0,2.2,4,5,2,0.717676913675962,-0.6963762255968722,32.0,27.2,29.3,42.0,0.0,28.43333333333334,28.514285714285716,47.0,0.0,2.0610907884164402,-4.5
2020-05-15,Chennai,30.4,66,0.0,4.7,4,5,2,0.717676913675962,-0.6963762255968722,30.0,31.4,32.6,63.0,1.6,30.46666666666667,30.54285714285714,63.714285714285715,0.2285714285714286,1.153049786229672,0.3999999999999986
2020-05-16,Mumbai,24.8,67,0.0,2.6,5,5,2,0.705583610107178,-0.7086266782644596,29.3,27.0,27.7,68.0,0.0,27.733333333333334,27.785714285714285,68.85714285714286,0.0,1.6375068156892107,-4.5
2020-05-16,Bangalore,23.4,52,0.0,3.0,5,5,2,0.705583610107178,-0.7086266782644596,25.4,24.9,25.7,54.0,0.0,24.066666666666666,23.357142857142858,54.0,0.0,1.933784840545574,-2.0
2020-05-16,Hyderabad,31.4,43,0.0,3.6,5,5,2,0.705583610107178,-0.7086266782644596,27.5,25.8,27.8,45.0,0.0,30.30000000000001,29.02857142857143,45.285714285714285,0.0,2.2896246313273227,3.8999999999999986
2020-05-16,Chennai,31.9,72,0.0,4.2,5,5,2,0.705583610107178,-0.7086266782644596,30.4,31.0,29.0,66.0,0.0,30.76666666666667,30.95714285714286,64.85714285714286,0.2285714285714286,1.0195704043980165,1.5
2020-05-17,Mumbai,29.7,68,0.0,3.3,6,5,2,0.6932812268869777,-0.7206671495538609,24.8,29.1,27.7,67.0,0.0,27.933333333333334,28.071428571428573,69.28571428571429,0.0,1.7876560870912332,4.899999999999999
2020-05-17,Delhi,31.8,38,0.0,4.7,6,5,2,0.6932812268869777,-0.7206671495538609,29.9,32.9,31.3,38.0,0.9,32.166666666666664,31.271428571428572,37.857142857142854,0.1285714285714286,3.0723033084394866,1.9000000000000021
2020-05-17,Chennai,29.1,71,0.0,2.5,6,5,2,0.6932812268869777,-0.7206671495538609,31.9,30.0,32.4,72.0,0.0,30.46666666666667,30.485714285714288,65.28571428571429,0.2285714285714286,1.0040394604275844,-2.799999999999997
2020-05-17,Hyderabad,30.7,45,0.0,5.3,6,5,2,0.6932812268869777,-0.7206671495538609,31.4,32.0,29.9,43.0,0.0,29.866666666666674,29.142857142857142,43.57142857142857,0.0,2.3592775326761144,-0.6999999999999993
2020-05-17,Bangalore,24.2,67,0.0,2.1,6,5,2,0.6932812268869777,-0.7206671495538609,23.4,23.4,23.8,52.0,0.0,24.333333333333332,23.41428571428571,56.42857142857143,0.0,1.9548474547720167,0.8000000000000007
2020-05-18,Mumbai,29.6,68,0.0,2.7,0,5,2,0.6807734094770161,-0.7324940716135789,29.7,29.3,29.3,68.0,0.0,28.03333333333333,28.114285714285717,68.71428571428571,0.0,1.8252201432782362,-0.09999999999999787
2020-05-18,Chennai,30.3,63,0.0,2.1,0,5,2,0.6807734094770161,-0.7324940716135789,29.1,30.4,29.6,71.0,0.0,30.433333333333337,30.58571428571429,65.42857142857143,0.2285714285714286,0.9335033858690921,1.1999999999999993
2020-05-18,Delhi,32.9,41,0.0,3.8,0,5,2,0.6807734094770161,-0.7324940716135789,31.8,34.8,28.0,38.0,0.0,31.53333333333333,31.97142857142857,39.714285714285715,0.1285714285714286,2.7433035351041357,1.0999999999999979
2020-05-18,Bangalore,25.4,59,0.0,2.1,0,5,2,0.6807734094770161,-0.7324940716135789,24.2,25.4,19.4,67.0,0.0,24.333333333333332,24.271428571428572,58.142857142857146,0.0,0.9673232581274613,1.1999999999999993
2020-05-18,Hyderabad,27.8,44,0.0,3.8,0,5,2,0.6807734094770161,-0.7324940716135789,30.7,27.5,29.4,45.0,0.0,29.96666666666668,28.91428571428571,43.714285714285715,0.0,2.407231169780281,-2.8999999999999986
2020-05-19,Chennai,31.1,61,0.0,3.0,1,5,2,0.6680638642135335,-0.7441039398713607,30.3,31.9,31.4,63.0,0.0,30.16666666666667,30.542857142857144,65.14285714285714,0.2285714285714286,0.8960229588897971,0.8000000000000007
2020-05-19,Delhi,33.3,31,0.0,3.3,1,5,2,0.6680638642135335,-0.7441039398713607,32.9,29.9,27.0,41.0,0.0,32.66666666666666,32.871428571428574,38.57142857142857,0.1285714285714286,1.660034423051161,0.3999999999999986
2020-05-19,Bangalore,26.9,52,0.0,3.4,1,5,2,0.6680638642135335,-0.7441039398713607,25.4,23.4,23.2,59.0,0.0,25.5,24.799999999999994,57.42857142857143,0.0,1.2529964086141787,1.5
2020-05-19,Hyderabad,29.3,39,0.0,2.7,1,5,2,0.6680638642135335,-0.7441039398713607,27.8,31.4,27.2,44.0,0.0,29.266666666666676,29.214285714285715,42.857142857142854,0.0,2.2857738087487385,1.5
2020-05-19,Mumbai,30.3,66,0.0,3.1,1,5,2,0.6680638642135335,-0.7441039398713607,29.6,24.8,27.3,68.0,0.0,29.86666666666667,28.542857142857144,67.14285714285714,0.0,1.9500915729414359,0.6999999999999993
2020-05-20,Bangalore,25.5,48,0.0,3.2,2,5,2,0.6551563572090853,-0.7554933140726803,26.9,24.2,24.9,52.0,0.0,25.933333333333334,24.885714285714283,55.714285714285715,0.0,1.2811824895106083,-1.3999999999999986
2020-05-20,Delhi,31.9,31,0.0,4.2,2,5,2,0.6551563572090853,-0.7554933140726803,33.3,31.8,34.5,31.0,0.0,32.699999999999996,32.5,36.42857142857143,0.1285714285714286,1.5198684153572433,-1.3999999999999986
2020-05-20,Hyderabad,28.5,38,0.0,3.7,2,5,2,0.6551563572090853,-0.7554933140726803,29.3,30.7,25.8,39.0,0.0,28.533333333333342,29.599999999999998,42.285714285714285,0.0,1.7869900204906337,-0.8000000000000007
2020-05-20,Mumbai,29.9,63,0.0,1.8,2,5,2,0.6551563572090853,-0.7554933140726803,30.3,29.7,27.0,66.0,0.0,29.933333333333334,28.957142857142856,66.28571428571429,0.0,1.8742617594288178,-0.40000000000000213
2020-05-21,Delhi,33.2,49,0.0,3.5,3,5,2,0.6420547132365637,-0.766658819300159,31.9,32.9,32.9,31.0,0.0,32.8,32.54285714285714,38.57142857142857,0.1285714285714286,1.5371587890838339,1.3000000000000043
2020-05-21,Chennai,34.0,64,0.0,3.2,3,5,2,0.6420547132365637,-0.766658819300159,31.1,29.1,31.0,61.0,0.0,31.8,30.97142857142857,65.71428571428571,0.2285714285714286,1.5955294687704185,2.8999999999999986
2020-05-21,Bangalore,26.4,57,0.0,2.4,3,5,2,0.6420547132365637,-0.766658819300159,25.5,25.4,23.4,48.0,0.0,26.266666666666666,25.314285714285713,55.57142857142857,0.0,1.2005950905399332,0.8999999999999986
2020-05-21,Hyderabad,32.6,43,0.0,2.0,3,5,2,0.6420547132365637,-0.766658819300159,28.5,27.8,32.0,38.0,0.0,30.133333333333344,29.685714285714283,42.42857142857143,0.0,1.9299642236999321,4.100000000000001
2020-05-21,Mumbai,26.0,68,0.0,1.0,3,5,2,0.6420547132365637,-0.766658819300159,29.9,29.6,29.1,63.0,0.0,28.733333333333334,28.514285714285712,66.85714285714286,0.0,2.176716618693232,-3.8999999999999986
2020-05-22,Hyderabad,30.3,44,0.0,2.4,4,5,2,0.6287628145958344,-0.7775971469736269,32.6,29.3,27.5,43.0,0.0,30.46666666666668,30.085714285714285,42.285714285714285,0.0,1.6747423398127994,-2.3000000000000007
2020-05-22,Chennai,34.1,58,0.0,3.4,4,5,2,0.6287628145958344,-0.7775971469736269,34.0,30.3,30.0,64.0,0.0,33.06666666666667,31.557142857142857,65.0,0.0,1.9025046148496978,0.10000000000000142
2020-05-22,Delhi,32.4,37,0.0,2.0,4,5,2,0.6287628145958344,-0.7775971469736269,33.2,33.3,34.8,49.0,0.0,32.5,32.2,37.857142857142854,0.1285714285714286,1.1747340124473118,-0.8000000000000043
2020-05-22,Bangalore,23.4,56,0.0,1.5,4,5,2,0.6287628145958344,-0.7775971469736269,26.4,26.9,25.4,57.0,0.0,25.099999999999998,25.02857142857143,55.857142857142854,0.0,1.39846855013415,-3.0
2020-05-22,Mumbai,27.5,66,0.0,3.6,4,5,2,0.6287628145958344,-0.7775971469736269,26.0,30.3,29.3,68.0,0.0,27.8,28.257142857142856,66.57142857142857,0.0,2.1747468380305475,1.5
2020-05-23,Delhi,31.7,32,0.0,1.9,5,5,2,0.6152845999633276,-0.7883050558305255,32.4,31.9,29.9,37.0,0.0,32.43333333333333,32.457142857142856,37.0,0.0,0.6803360514170068,-0.6999999999999993
2020-05-23,Hyderabad,31.0,34,0.0,2.8,5,5,2,0.6152845999633276,-0.7883050558305255,30.3,28.5,31.4,44.0,0.0,31.30000000000001,30.028571428571432,41.0,0.0,1.6286131991300767,0.6999999999999993
2020-05-23,Bangalore,24.7,46,0.0,4.7,5,5,2,0.6152845999633276,-0.7883050558305255,23.4,25.5,23.4,56.0,0.0,24.833333333333332,25.21428571428571,55.0,0.0,1.2212405870378664,1.3000000000000007
2020-05-24,Chennai,31.8,60,0.0,2.9,6,5,2,0.6016240632249226,-0.7987793728863649,34.1,31.1,30.4,58.0,0.0,33.300000000000004,31.75714285714286,64.14285714285714,0.0,1.832900381778676,-2.3000000000000007
2020-05-24,Delhi,34.4,31,0.0,3.6,6,5,2,0.6016240632249226,-0.7987793728863649,31.7,33.2,31.8,32.0,0.0,32.833333333333336,32.82857142857143,36.0,0.0,0.9268482179127983,2.6999999999999993
2020-05-24,Bangalore,24.0,57,0.0,3.5,6,5,2,0.6016240632249226,-0.7987793728863649,24.7,26.4,24.2,46.0,0.0,24.03333333333333,25.185714285714283,53.57142857142857,0.0,1.2509044347039169,-0.6999999999999993
2020-05-24,Mumbai,25.7,64,0.0,3.3,6,5,2,0.6016240632249226,-0.7987793728863649,27.5,29.9,24.8,66.0,0.0,26.399999999999995,28.38571428571429,66.14285714285714,0.0,1.9514341490543046,-1.8000000000000007
2020-05-24,Hyderabad,27.4,41,0.0,5.1,6,5,2,0.6016240632249226,-0.7987793728863649,31.0,32.6,30.7,34.0,0.0,29.566666666666677,29.557142857142857,40.42857142857143,0.0,1.8626657804135447,-3.6000000000000014
2020-05-25,Hyderabad,29.3,46,0.0,2.9,0,5,2,0.5877852522924732,-0.8090169943749473,27.4,30.3,27.8,41.0,0.0,29.233333333333345,29.771428571428572,40.714285714285715,0.0,1.706569937734966,1.9000000000000021
2020-05-25,Delhi,33.7,37,0.0,4.6,0,5,2,0.5877852522924732,-0.8090169943749473,34.4,32.4,32.9,31.0,0.0,33.266666666666666,32.942857142857136,35.42857142857143,0.0,0.9846440014158985,-0.6999999999999957
2020-05-25,Mumbai,32.6,75,0.0,1.7,0,5,2,0.5877852522924732,-0.8090169943749473,25.7,26.0,29.7,64.0,0.0,28.599999999999998,28.8,67.14285714285714,0.0,2.505992817228347,6.900000000000002
2020-05-25,Chennai,27.9,56,0.0,2.9,0,5,2,0.5877852522924732,-0.8090169943749473,31.8,34.0,31.9,60.0,0.0,31.26666666666667,31.185714285714287,61.857142857142854,0.0,2.3355431712478487,-3.900000000000002
2020-05-25,Bangalore,27.1,57,0.0,3.1,0,5,2,0.5877852522924732,-0.8090169943749473,24.0,23.4,25.4,57.0,0.0,25.266666666666666,25.428571428571427,53.285714285714285,0.0,1.4488090347066573,3.1000000000000014
2020-05-26,Hyderabad,29.8,43,0.0,4.3,1,5,2,0.5737722679043246,-0.8190148866680801,29.3,31.0,29.3,46.0,0.0,28.833333333333343,29.842857142857145,41.285714285714285,0.0,1.6939668856041952,0.5
2020-05-26,Delhi,33.0,37,0.0,2.1,1,5,2,0.5737722679043246,-0.8190148866680801,33.7,31.7,33.3,37.0,0.0,33.699999999999996,32.9,36.285714285714285,0.0,0.9729679679553551,-0.7000000000000028
2020-05-26,Chennai,36.6,67,0.0,4.2,1,5,2,0.5737722679043246,-0.8190148866680801,27.9,34.1,29.1,56.0,0.0,32.1,32.25714285714286,61.285714285714285,0.0,2.8768368873106334,8.700000000000003
2020-05-27,Mumbai,29.1,73,0.7,3.3,2,5,2,0.5595892624101765,-0.8287700871745038,32.6,27.5,29.6,75.0,0.0,29.133333333333336,28.728571428571428,67.85714285714286,0.09999999999999999,2.486439412569914,-3.5
2020-05-27,Hyderabad,26.9,45,0.0,4.2,2,5,2,0.5595892624101765,-0.8287700871745038,29.8,27.4,28.5,43.0,0.0,28.666666666666675,29.614285714285717,42.285714285714285,0.0,1.9878200550926033,-2.900000000000002
2020-05-27,Chennai,32.2,62,0.0,4.0,2,5,2,0.5595892624101765,-0.8287700871745038,36.6,31.8,30.3,67.0,0.0,32.23333333333334,32.528571428571425,61.142857142857146,0.0,2.7481595573004194,-4.399999999999999
2020-05-27,Delhi,30.5,36,0.0,5.1,2,5,2,0.5595892624101765,-0.8287700871745038,33.0,34.4,31.9,37.0,0.0,32.4,32.699999999999996,37.0,0.0,1.3012814197297424,-2.5
2020-05-27,Bangalore,23.9,51,0.0,4.0,2,5,2,0.5595892624101765,-0.8287700871745038,27.1,24.7,26.9,57.0,0.0,25.0,25.0,53.142857142857146,0.0,1.3832329280831055,-3.200000000000003
2020-05-28,Hyderabad,34.2,48,0.0,3.5,3,5,2,0.545240438540651,-0.8382797052177744,26.9,29.3,32.6,45.0,0.0,30.30000000000001,29.842857142857145,43.0,0.0,2.430951214961662,7.300000000000004
2020-05-28,Delhi,30.7,33,0.0,3.7,3,5,2,0.545240438540651,-0.8382797052177744,30.5,33.7,33.2,36.0,0.0,31.400000000000002,32.34285714285714,34.714285714285715,0.0,1.4729303478183735,0.1999999999999993
2020-05-28,Bangalore,25.0,59,0.0,2.9,3,5,2,0.545240438540651,-0.8382797052177744,23.9,24.0,25.5,51.0,0.0,25.333333333333332,24.928571428571427,54.714285714285715,0.0,1.365911521920185,1.1000000000000014
2020-05-28,Mumbai,29.1,68,0.0,1.5,3,5,2,0.545240438540651,-0.8382797052177744,29.1,25.7,30.3,73.0,0.7,30.26666666666667,28.557142857142853,68.14285714285714,0.09999999999999999,2.3999007916003263,0.0
2020-05-28,Chennai,31.4,64,0.0,3.1,3,5,2,0.545240438540651,-0.8382797052177744,32.2,27.9,31.1,62.0,0.0,33.4,32.57142857142857,61.57142857142857,0.0,2.72440469687997,-0.8000000000000043
2020-05-29,Delhi,34.1,35,0.0,3.4,4,5,2,0.5307300481619334,-0.8475409228928311,30.7,33.0,32.4,33.0,0.0,31.766666666666666,32.58571428571428,34.42857142857143,0.0,1.6170225430594454,3.400000000000002
2020-05-29,Hyderabad,30.4,51,0.0,2.4,4,5,2,0.5307300481619334,-0.8475409228928311,34.2,29.8,30.3,48.0,0.0,30.50000000000001,29.857142857142858,44.0,0.0,2.434376814749567,-3.8000000000000043
2020-05-29,Bangalore,24.5,51,0.0,4.3,4,5,2,0.5307300481619334,-0.8475409228928311,25.0,27.1,26.4,59.0,0.0,24.46666666666667,24.657142857142855,53.857142857142854,0.0,1.2039617143098222,-0.5
2020-05-29,Chennai,30.8,66,0.0,2.8,4,5,2,0.5307300481619334,-0.8475409228928311,31.4,36.6,34.0,64.0,0.0,31.46666666666667,32.114285714285714,61.857142857142854,0.0,2.7131952696828177,-0.5999999999999979
2020-05-29,Mumbai,29.0,61,0.0,3.3,4,5,2,0.5307300481619334,-0.8475409228928311,29.1,32.6,29.9,68.0,0.0,29.066666666666666,28.428571428571427,67.85714285714286,0.09999999999999999,2.3393120681903503,-0.10000000000000142
2020-05-30,Mumbai,26.7,71,2.9,3.6,5,5,2,0.5160623910158528,-0.8565509959010036,29.0,29.1,26.0,61.0,0.0,28.266666666666666,28.528571428571432,68.28571428571429,0.5142857142857142,2.2306309165154037,-2.3000000000000007
2020-05-30,Delhi,31.2,34,0.0,6.3,5,5,2,0.5160623910158528,-0.8565509959010036,34.1,30.5,31.7,35.0,0.0,32.0,32.51428571428571,34.714285714285715,0.0,1.6727507997594184,-2.900000000000002
2020-05-31,Bangalore,24.2,49,0.5,6.0,6,5,2,0.5012418134457758,-0.865307254363206,24.5,23.9,23.4,51.0,0.0,24.566666666666663,24.771428571428572,52.857142857142854,0.07142857142857142,1.0980502200329088,-0.3000000000000007
2020-05-31,Hyderabad,28.5,34,0.0,5.1,6,5,2,0.5012418134457758,-0.865307254363206,30.4,26.9,31.0,51.0,0.0,31.033333333333342,29.5,44.0,0.0,2.4221202832779527,-1.8999999999999986
2020-06-01,Bangalore,29.2,49,0.0,4.9,0,6,2,0.48627270710868997,-0.8738071036110808,24.2,25.0,24.7,49.0,0.5,25.966666666666665,25.414285714285715,53.285714285714285,0.07142857142857142,1.9978559936663585,5.0
2020-06-01,Hyderabad,30.9,44,0.0,6.0,0,6,2,0.48627270710868997,-0.8738071036110808,28.5,34.2,27.4,34.0,0.0,29.93333333333334,30.0,44.42857142857143,0.0,2.2730302828309226,2.3999999999999986
2020-06-01,Delhi,32.5,34,0.0,5.3,0,6,2,0.48627270710868997,-0.8738071036110808,31.2,30.7,34.4,34.0,0.0,32.6,32.24285714285714,35.142857142857146,0.0,1.4558584441917293,1.3000000000000007
2020-06-02,Mumbai,31.7,74,1.5,5.0,1,6,2,0.4711595076738638,-0.8820480249558537,26.7,29.1,27.5,71.0,2.9,29.133333333333336,29.12857142857143,69.42857142857143,0.7285714285714285,2.4608360948495456,5.0
2020-06-02,Hyderabad,30.1,30,0.0,4.2,1,6,2,0.4711595076738638,-0.8820480249558537,30.9,30.4,29.3,44.0,0.0,29.833333333333343,30.114285714285717,42.142857142857146,0.0,2.2519832529191506,-0.7999999999999972
2020-06-02,Delhi,31.8,31,0.0,4.1,1,6,2,0.4711595076738638,-0.8820480249558537,32.5,34.1,33.7,34.0,0.0,31.833333333333332,31.97142857142857,34.285714285714285,0.0,1.3085797462827857,-0.6999999999999993
2020-06-03,Chennai,31.9,61,1.7,5.4,2,6,2,0.4559066935084588,-0.8900275764346767,30.8,32.2,34.1,66.0,0.0,31.36666666666667,31.800000000000004,62.285714285714285,0.24285714285714285,2.5683976846795513,1.0999999999999979
2020-06-03,Bangalore,22.6,51,0.0,3.9,2,6,2,0.4559066935084588,-0.8900275764346767,29.2,24.5,24.0,49.0,0.0,25.333333333333332,25.214285714285715,52.42857142857143,0.07142857142857142,2.2206820059226393,-6.599999999999998
2020-06-03,Delhi,33.1,32,0.0,5.7,2,6,2,0.4559066935084588,-0.8900275764346767,31.8,31.2,33.0,31.0,0.0,32.46666666666667,31.98571428571429,33.57142857142857,0.0,1.32215552719633,1.3000000000000007
2020-06-03,Hyderabad,30.3,39,0.0,5.6,2,6,2,0.4559066935084588,-0.8900275764346767,30.1,28.5,29.8,30.0,0.0,30.43333333333334,30.185714285714283,41.57142857142857,0.0,2.2482797656790057,0.1999999999999993
2020-06-04,Delhi,36.6,36,0.0,3.5,3,6,2,0.440518784350495,-0.8977433935342337,33.1,32.5,30.5,32.0,0.0,33.833333333333336,32.85714285714286,33.57142857142857,0.0,2.0106857394574766,3.5
2020-06-05,Hyderabad,29.2,46,0.0,4.5,4,6,2,0.42500033996955416,-0.9051931898913974,30.3,30.9,26.9,39.0,0.0,29.866666666666674,30.514285714285712,41.714285714285715,0.0,1.814229470444211,-1.1000000000000014
2020-06-06,Hyderabad,32.6,38,0.0,3.8,5,6,2,0.4093559588156213,-0.9123747579707273,29.2,30.1,34.2,46.0,0.0,30.700000000000006,30.285714285714285,40.285714285714285,0.0,1.3005493344845864,3.400000000000002
2020-06-06,Bangalore,25.2,54,2.3,3.9,5,6,2,0.4093559588156213,-0.9123747579707273,22.6,24.2,27.1,51.0,0.0,25.666666666666668,24.942857142857143,52.0,0.39999999999999997,2.062245655312958,2.599999999999998
2020-06-06,Mumbai,29.1,61,0.0,5.2,5,6,2,0.4093559588156213,-0.9123747579707273,31.7,29.0,25.7,74.0,1.5,29.166666666666668,29.614285714285717,69.0,0.7285714285714285,1.9548474547720234,-2.599999999999998
2020-06-07,Delhi,34.5,32,0.0,6.5,6,6,2,0.39359027665646673,-0.9192859697186104,36.6,31.8,30.7,36.0,0.0,34.73333333333334,33.4,33.42857142857143,0.0,1.8366636418609197,-2.1000000000000014
2020-06-07,Hyderabad,31.2,45,0.0,5.0,6,6,2,0.39359027665646673,-0.9192859697186104,32.6,30.3,30.4,38.0,0.0,31.00000000000001,30.4,39.42857142857143,0.0,1.346600658448173,-1.4000000000000021
2020-06-08,Delhi,33.0,44,0.0,5.6,0,6,2,0.3777079652039649,-0.9259247771938498,34.5,33.1,34.1,32.0,0.0,34.699999999999996,33.24285714285715,34.714285714285715,0.0,1.8137044438177634,-1.5
2020-06-08,Mumbai,30.0,67,3.3,4.4,0,6,2,0.3777079652039649,-0.9259247771938498,29.1,26.7,32.6,61.0,0.0,30.266666666666666,29.24285714285714,67.85714285714286,1.2,1.4830791649550892,0.8999999999999986
2020-06-09,Delhi,33.8,31,0.0,4.9,1,6,2,0.36171373072976765,-0.9322892131745133,33.0,36.6,31.2,44.0,0.0,33.76666666666667,33.614285714285714,34.285714285714285,0.0,1.5763127560108035,0.7999999999999972
2020-06-09,Chennai,32.0,57,2.7,5.2,1,6,2,0.36171373072976765,-0.9322892131745133,31.9,31.4,31.8,61.0,1.7,31.566666666666666,31.82857142857143,61.857142857142854,0.6285714285714287,2.5695098661771216,0.10000000000000142
2020-06-09,Bangalore,27.3,56,0.0,5.3,1,6,2,0.36171373072976765,-0.9322892131745133,25.2,29.2,23.9,54.0,2.3,25.03333333333333,25.428571428571427,52.714285714285715,0.39999999999999997,2.17310399023631,2.1000000000000014
2020-06-10,Hyderabad,32.4,52,0.0,5.1,2,6,2,0.3456123126707335,-0.9383773917408641,31.2,29.2,28.5,45.0,0.0,32.06666666666668,30.957142857142856,42.0,0.0,1.2313368654394092,1.1999999999999993
2020-06-10,Delhi,32.4,35,0.0,5.6,2,6,2,0.3456123126707335,-0.9383773917408641,33.8,34.5,32.5,31.0,0.0,33.06666666666667,33.6,34.42857142857143,0.0,1.5885003409926626,-1.3999999999999986
2020-06-11,Bangalore,27.2,54,0.0,5.3,3,6,2,0.3294084822245304,-0.9441875088341993,27.3,22.6,25.0,56.0,0.0,26.566666666666666,25.742857142857144,52.0,0.39999999999999997,2.2582125253225893,-0.10000000000000142
2020-06-11,Delhi,34.0,37,0.0,4.9,3,6,2,0.3294084822245304,-0.9441875088341993,32.4,33.0,31.8,35.0,0.0,33.4,33.91428571428572,35.285714285714285,0.0,1.3765035069923923,1.6000000000000014
2020-06-12,Delhi,32.9,31,0.0,3.4,4,6,2,0.3131070409358269,-0.9497178427914316,34.0,33.8,33.1,37.0,0.0,33.1,33.885714285714286,35.142857142857146,0.0,1.3981280001353091,-1.1000000000000014
2020-06-13,Bangalore,26.1,46,0.0,5.8,5,6,2,0.29671281927349075,-0.9549667548552551,27.2,25.2,24.5,54.0,0.0,26.866666666666664,25.97142857142857,51.285714285714285,0.39999999999999997,2.191433538207574,-1.0999999999999979
2020-06-13,Delhi,28.3,40,0.0,6.0,5,6,2,0.29671281927349075,-0.9549667548552551,32.9,32.4,36.6,31.0,0.0,31.733333333333334,32.699999999999996,35.714285714285715,0.0,2.070426687102736,-4.599999999999998
2020-06-13,Chennai,27.6,68,0.0,3.8,5,6,2,0.29671281927349075,-0.9549667548552551,32.0,30.8,27.9,57.0,2.7,30.500000000000004,31.785714285714285,63.57142857142857,0.6285714285714287,2.6472807252151864,-4.399999999999999
2020-06-13,Mumbai,30.7,55,3.4,5.4,5,6,2,0.29671281927349075,-0.9549667548552551,30.0,31.7,29.1,67.0,3.3,29.933333333333334,29.47142857142857,65.28571428571429,1.5857142857142856,1.5776715814920739,0.6999999999999993
2020-06-13,Hyderabad,28.3,49,1.3,3.7,5,6,2,0.29671281927349075,-0.9549667548552551,32.4,32.6,30.9,52.0,0.0,30.633333333333344,30.58571428571429,42.714285714285715,0.18571428571428572,1.5910463762657188,-4.099999999999998
2020-06-14,Hyderabad,33.9,40,0.0,6.3,6,6,2,0.28023067519921585,-0.9599326896597447,28.3,31.2,30.1,49.0,1.3,31.533333333333342,31.128571428571426,44.142857142857146,0.18571428571428572,1.994755027327235,5.599999999999998
2020-06-15,Hyderabad,34.6,45,0.0,4.0,0,6,2,0.26366549272800704,-0.9646141756912435,33.9,32.4,30.3,40.0,0.0,32.26666666666668,31.742857142857144,45.0,0.18571428571428572,2.3308490176021177,0.7000000000000028
2020-06-15,Delhi,35.4,40,0.0,6.0,0,6,2,0.26366549272800704,-0.9646141756912435,28.3,34.0,34.5,40.0,0.0,32.199999999999996,32.82857142857143,36.857142857142854,0.0,2.2231466331264538,7.099999999999998
2020-06-15,Chennai,34.3,54,0.0,5.5,0,6,2,0.26366549272800704,-0.9646141756912435,27.6,31.9,36.6,68.0,0.0,31.3,31.457142857142856,61.714285714285715,0.6285714285714287,2.0181320925196413,6.699999999999996
2020-06-16,Mumbai,29.0,61,2.8,5.2,1,6,2,0.24702218048093552,-0.9690098257244062,30.7,29.1,29.1,55.0,3.4,29.900000000000002,29.457142857142856,64.28571428571429,1.9857142857142855,1.582042079989412,-1.6999999999999993
2020-06-16,Hyderabad,31.6,39,2.3,6.0,1,6,2,0.24702218048093552,-0.9690098257244062,34.6,28.3,29.2,45.0,0.0,33.36666666666668,32.08571428571428,44.0,0.5142857142857142,2.0546115378407075,-3.0
2020-06-17,Bangalore,27.2,44,0.0,3.5,2,6,2,0.23030567023061221,-0.9731183372332619,26.1,27.3,24.2,46.0,0.0,26.833333333333332,26.4,50.57142857142857,0.32857142857142857,2.0776589389663243,1.0999999999999979
2020-06-17,Hyderabad,31.0,41,0.0,4.5,2,6,2,0.23030567023061221,-0.9731183372332619,31.6,33.9,32.6,39.0,2.3,32.40000000000001,31.857142857142858,44.42857142857143,0.5142857142857142,2.0767419538442287,-0.6000000000000014
2020-06-18,Delhi,34.2,39,0.0,4.7,3,6,2,0.21352091543979612,-0.9769384927771817,35.4,32.9,33.0,40.0,0.0,32.63333333333333,33.0,36.142857142857146,0.0,2.284002335083568,-1.1999999999999957
2020-06-18,Bangalore,24.8,53,0.0,6.3,3,6,2,0.21352091543979612,-0.9769384927771817,27.2,27.2,29.2,44.0,0.0,26.03333333333333,25.771428571428572,51.142857142857146,0.32857142857142857,1.7250258797230564,-2.3999999999999986
2020-06-19,Hyderabad,31.7,39,1.9,2.2,4,6,2,0.19667288979357647,-0.980469160361632,31.0,34.6,31.2,41.0,0.0,31.43333333333334,31.928571428571427,43.57142857142857,0.7857142857142857,2.0588947566709708,0.6999999999999993
2020-06-19,Chennai,35.2,56,0.0,2.3,4,6,2,0.19667288979357647,-0.980469160361632,34.3,32.0,32.2,54.0,0.0,32.36666666666667,31.88571428571429,60.857142857142854,0.6285714285714287,2.4701069959475808,0.9000000000000057
2020-06-20,Hyderabad,29.9,35,3.2,5.1,5,6,2,0.1797665857255624,-0.9837092937736097,31.7,31.6,32.4,39.0,1.9,30.866666666666674,31.571428571428573,41.142857142857146,1.2428571428571427,2.176935373190312,-1.8000000000000007
2020-06-21,Mumbai,30.3,60,0.0,6.3,6,6,2,0.16280701293851715,-0.986657932891657,29.0,30.0,29.0,61.0,2.8,30.0,29.642857142857142,64.14285714285714,1.9857142857142855,1.5956786882673355,1.3000000000000007
2020-06-21,Hyderabad,28.7,40,0.0,5.8,6,6,2,0.16280701293851715,-0.986657932891657,29.9,31.0,28.3,35.0,3.2,30.10000000000001,31.628571428571426,39.857142857142854,1.0571428571428572,2.0798351583031542,-1.1999999999999993
2020-06-21,Bangalore,24.7,53,2.9,5.9,6,6,2,0.16280701293851715,-0.986657932891657,24.8,26.1,22.6,53.0,0.0,25.566666666666666,26.071428571428573,51.42857142857143,0.7428571428571428,1.1771636613973016,-0.10000000000000142
2020-06-22,Bangalore,30.3,49,0.0,6.0,0,6,2,0.1457991969198751,-0.9893142039703663,24.7,27.2,25.2,53.0,2.9,26.599999999999998,26.8,50.714285714285715,0.41428571428571426,1.9026297590440469,5.600000000000001
2020-06-23,Chennai,31.7,58,2.0,5.4,1,6,2,0.12874817745258132,-0.99167731989929,35.2,27.6,31.4,56.0,0.0,33.73333333333334,31.928571428571427,60.0,0.9142857142857144,2.4628670864898297,-3.5000000000000036
2020-06-23,Delhi,36.3,47,0.0,4.8,1,6,2,0.12874817745258132,-0.99167731989929,34.2,28.3,33.8,39.0,0.0,35.300000000000004,33.357142857142854,38.42857142857143,0.0,2.6031116910710863,2.0999999999999943
2020-06-24,Hyderabad,28.1,30,0.0,4.9,2,6,2,0.11165900712169512,-0.993746580436178,28.7,31.7,33.9,40.0,0.0,28.900000000000006,30.800000000000004,38.42857142857143,1.0571428571428572,2.1771541057076504,-0.5999999999999979
2020-06-24,Delhi,33.8,37,0.0,6.7,2,6,2,0.11165900712169512,-0.993746580436178,36.3,35.4,32.4,47.0,0.0,34.76666666666666,33.55714285714286,38.714285714285715,0.0,2.5708994164541497,-2.5
2020-06-24,Chennai,33.5,52,0.0,5.2,2,6,2,0.11165900712169512,-0.993746580436178,31.7,34.3,30.8,58.0,2.0,33.466666666666676,32.31428571428571,58.0,0.9142857142857144,2.468081962056615,1.8000000000000007
2020-06-25,Bangalore,24.3,50,1.1,5.7,3,6,2,0.09453674981719912,-0.9955213724144752,30.3,24.8,27.3,49.0,0.0,26.433333333333334,26.371428571428574,49.857142857142854,0.5714285714285714,2.0989793438036255,-6.0
2020-06-25,Hyderabad,34.6,38,0.0,5.1,3,6,2,0.09453674981719912,-0.9955213724144752,28.1,29.9,34.6,30.0,0.0,30.46666666666668,30.8,37.42857142857143,1.0571428571428572,2.1771541057076504,6.5
2020-06-26,Hyderabad,32.9,42,0.0,5.0,4,6,2,0.07738647923346301,-0.9970011699250151,34.6,28.7,31.6,38.0,0.0,31.866666666666674,30.985714285714288,37.857142857142854,0.7285714285714285,2.3082667172783355,-1.7000000000000028
2020-06-26,Chennai,35.7,55,0.0,5.2,4,6,2,0.07738647923346301,-0.9970011699250151,33.5,35.2,31.9,52.0,0.0,33.63333333333334,32.857142857142854,57.142857142857146,0.6714285714285715,2.76215926577823,2.200000000000003
2020-06-26,Mumbai,30.0,62,0.0,6.3,4,6,2,0.07738647923346301,-0.9970011699250151,30.3,30.7,26.7,60.0,0.0,29.766666666666666,30.114285714285717,62.857142857142854,1.5714285714285714,0.9299257522845622,-0.3000000000000007
2020-06-26,Delhi,34.2,35,0.0,5.3,4,6,2,0.07738647923346301,-0.9970011699250151,33.8,34.2,34.0,37.0,0.0,34.76666666666666,33.58571428571428,38.42857142857143,0.0,2.5777435684649435,0.4000000000000057
2020-06-27,Hyderabad,32.4,36,0.0,6.5,5,6,2,0.06021327736579302,-0.9981855344718586,32.9,28.1,31.0,42.0,0.0,33.30000000000001,31.185714285714287,37.142857142857146,0.7285714285714285,2.369548882121143,-0.5
2020-06-27,Delhi,32.2,31,0.0,4.3,5,6,2,0.06021327736579302,-0.9981855344718586,34.2,36.3,32.9,35.0,0.0,33.4,33.48571428571428,38.42857142857143,0.0,2.6219767170519246,-2.0
2020-06-27,Bangalore,26.2,51,0.0,5.1,5,6,2,0.06021327736579302,-0.9981855344718586,24.3,24.7,27.2,50.0,1.1,26.933333333333334,26.228571428571428,49.42857142857143,0.5714285714285714,2.066973863497303,1.8999999999999986
2020-06-28,Chennai,32.5,66,0.6,5.6,6,6,2,0.04302223300453059,-0.99907411510223,35.7,31.7,32.0,55.0,0.0,33.900000000000006,32.92857142857143,58.42857142857143,0.37142857142857144,2.7426959278020013,-3.200000000000003
2020-06-28,Hyderabad,33.6,42,0.0,3.8,6,6,2,0.04302223300453059,-0.99907411510223,32.4,34.6,31.7,36.0,0.0,32.966666666666676,31.45714285714286,37.57142857142857,0.4571428571428572,2.540903476362318,1.2000000000000028
2020-06-28,Delhi,34.4,36,0.7,5.1,6,6,2,0.04302223300453059,-0.99907411510223,32.2,33.8,28.3,31.0,0.0,33.6,34.357142857142854,37.857142857142854,0.09999999999999999,1.2830395458406119,2.1999999999999957
2020-06-29,Hyderabad,31.0,40,0.0,6.4,0,6,2,0.02581844022713308,-0.9996666485105112,33.6,32.9,29.9,42.0,0.0,32.33333333333334,31.614285714285717,38.285714285714285,0.0,2.461319816296709,-2.6000000000000014
2020-06-29,Chennai,32.2,59,2.6,3.7,0,6,2,0.02581844022713308,-0.9996666485105112,32.5,33.5,27.6,66.0,0.6,33.466666666666676,33.58571428571429,57.142857142857146,0.7428571428571429,1.5410262505105834,-0.29999999999999716
2020-06-29,Mumbai,30.2,63,0.0,6.5,0,6,2,0.02581844022713308,-0.9996666485105112,30.0,29.0,31.7,62.0,0.0,30.166666666666668,29.900000000000002,61.285714285714285,1.3571428571428572,0.6271629240743036,0.1999999999999993
2020-06-29,Delhi,35.0,34,0.0,5.2,0,6,2,0.02581844022713308,-0.9996666485105112,34.4,34.2,35.4,36.0,0.7,33.86666666666667,34.3,37.0,0.09999999999999999,1.2369316876854652,0.6000000000000014
2020-07-02,Chennai,33.4,57,0.0,3.4,3,7,3,-0.02581844022713239,-0.9996666485105112,32.2,35.7,34.3,59.0,2.6,32.70000000000001,33.457142857142856,57.57142857142857,0.7428571428571429,1.5087049003006736,1.1999999999999957
2020-07-02,Bangalore,26.3,51,0.0,4.4,3,7,3,-0.02581844022713239,-0.9996666485105112,26.2,30.3,26.1,51.0,0.0,25.599999999999998,26.25714285714286,50.142857142857146,0.5714285714285714,2.0662826064030604,0.10000000000000142
2020-07-02,Mumbai,33.6,78,0.0,4.7,3,7,3,-0.02581844022713239,-0.9996666485105112,30.2,30.3,29.1,63.0,0.0,31.266666666666666,30.54285714285714,63.714285714285715,1.3571428571428572,1.4443650771846432,3.400000000000002
2020-07-02,Delhi,36.5,43,0.0,5.8,3,7,3,-0.02581844022713239,-0.9996666485105112,35.0,32.2,34.2,34.0,0.0,35.3,34.628571428571426,37.57142857142857,0.09999999999999999,1.4862865198366033,1.5
2020-07-02,Hyderabad,32.3,47,0.0,5.0,3,7,3,-0.02581844022713239,-0.9996666485105112,31.0,32.4,28.7,40.0,0.0,32.30000000000001,32.128571428571426,39.285714285714285,0.0,2.100566816928361,1.2999999999999972
2020-07-03,Hyderabad,30.3,38,0.0,5.1,4,7,3,-0.04302223300453034,-0.99907411510223,32.3,33.6,28.1,47.0,0.0,31.200000000000006,32.44285714285714,40.42857142857143,0.0,1.4661254412646236,-1.9999999999999964
2020-07-03,Delhi,38.4,38,1.3,5.7,4,7,3,-0.04302223300453034,-0.99907411510223,36.5,34.4,36.3,43.0,0.0,36.63333333333333,34.92857142857143,36.285714285714285,0.2857142857142857,2.002260627153211,1.8999999999999986
2020-07-03,Bangalore,24.2,40,3.2,4.1,4,7,3,-0.04302223300453034,-0.99907411510223,26.3,24.3,27.2,51.0,0.0,25.566666666666666,25.82857142857143,49.57142857142857,1.0285714285714287,2.147645443824696,-2.1000000000000014
2020-07-04,Hyderabad,33.0,38,0.0,5.3,5,7,3,-0.060213277365792774,-0.9981855344718586,30.3,31.0,34.6,38.0,0.0,31.866666666666674,32.214285714285715,40.42857142857143,0.0,1.1682302447555002,2.6999999999999993
2020-07-04,Chennai,32.3,60,0.0,6.5,5,7,3,-0.060213277365792774,-0.9981855344718586,33.4,32.5,35.2,57.0,0.0,32.63333333333333,33.042857142857144,58.142857142857146,0.7428571428571429,1.3389761547010042,-1.1000000000000014
2020-07-05,Bangalore,24.6,49,0.0,4.4,6,7,3,-0.07738647923346322,-0.9970011699250151,24.2,26.2,24.8,40.0,3.2,25.03333333333333,25.8,49.0,1.0285714285714287,2.164871050817274,0.40000000000000213
2020-07-05,Delhi,36.6,33,0.0,6.1,6,7,3,-0.07738647923346322,-0.9970011699250151,38.4,35.0,33.8,38.0,1.3,37.166666666666664,35.32857142857143,35.714285714285715,0.2857142857142857,2.0188398365681697,-1.7999999999999972
2020-07-05,Hyderabad,35.8,37,0.0,4.0,6,7,3,-0.07738647923346322,-0.9970011699250151,33.0,32.3,32.9,38.0,0.0,33.03333333333334,32.628571428571426,39.714285714285715,0.0,1.7969550965583907,2.799999999999997
2020-07-06,Chennai,37.1,67,0.0,3.5,0,7,3,-0.09453674981719933,-0.9955213724144752,32.3,32.2,31.7,60.0,0.0,34.26666666666667,33.81428571428572,59.42857142857143,0.4571428571428572,1.8818683725036152,4.800000000000004
2020-07-06,Hyderabad,28.5,39,0.0,4.7,0,7,3,-0.09453674981719933,-0.9955213724144752,35.8,30.3,32.4,37.0,0.0,32.433333333333344,32.07142857142857,40.142857142857146,0.0,2.3872678146884185,-7.299999999999997
2020-07-07,Bangalore,25.9,53,1.2,6.4,1,7,3,-0.11165900712169444,-0.9937465804361781,24.6,26.3,24.7,49.0,0.0,24.900000000000002,25.97142857142857,49.0,0.7857142857142858,2.1100665753432932,1.2999999999999972
2020-07-07,Mumbai,28.0,63,0.0,4.8,1,7,3,-0.11165900712169444,-0.9937465804361781,33.6,30.0,30.0,78.0,0.0,30.599999999999998,30.25714285714286,63.142857142857146,0.8857142857142858,1.7376777058833215,-5.600000000000001
2020-07-07,Hyderabad,30.6,38,0.0,3.8,1,7,3,-0.11165900712169444,-0.9937465804361781,28.5,33.0,33.6,39.0,0.0,31.633333333333344,31.642857142857142,39.57142857142857,0.0,2.3358489840291705,2.1000000000000014
2020-07-07,Chennai,34.7,58,2.1,3.9,1,7,3,-0.11165900712169444,-0.9937465804361781,37.1,33.4,33.5,67.0,0.0,34.7,33.98571428571428,60.285714285714285,0.7571428571428572,1.903005142249864,-2.3999999999999986
2020-07-08,Bangalore,24.1,58,2.6,4.6,2,7,3,-0.12874817745258066,-0.99167731989929,25.9,24.2,30.3,53.0,1.2,24.866666666666664,25.085714285714285,50.285714285714285,1.157142857142857,0.9990471651004623,-1.7999999999999972
2020-07-08,Chennai,34.3,57,0.0,5.6,2,7,3,-0.12874817745258066,-0.99167731989929,34.7,32.3,35.7,58.0,2.1,35.36666666666667,33.785714285714285,60.57142857142857,0.7571428571428572,1.761087326463228,-0.4000000000000057
2020-07-09,Hyderabad,32.4,40,0.0,3.9,3,7,3,-0.14579919691987442,-0.9893142039703664,30.6,35.8,31.0,38.0,0.0,30.50000000000001,31.842857142857138,39.57142857142857,0.0,2.3315639549860285,1.7999999999999972
2020-07-11,Hyderabad,32.5,43,0.0,5.3,5,7,3,-0.17976658572556214,-0.9837092937736098,32.4,28.5,32.3,40.0,0.0,31.833333333333343,31.871428571428574,39.0,0.0,2.3393120681902544,0.10000000000000142
2020-07-11,Delhi,34.5,43,0.0,2.3,5,7,3,-0.17976658572556214,-0.9837092937736098,36.6,36.5,34.2,33.0,0.0,36.5,35.371428571428574,36.857142857142854,0.2857142857142857,1.9939193277850014,-2.1000000000000014
2020-07-12,Bangalore,23.9,46,0.0,3.7,6,7,3,-0.19667288979357622,-0.9804691603616321,24.1,24.6,24.3,58.0,2.6,24.633333333333336,25.02857142857143,49.714285714285715,1.0,1.0609968358644242,-0.20000000000000284
2020-07-12,Delhi,34.8,39,0.0,5.3,6,7,3,-0.19667288979357622,-0.9804691603616321,34.5,38.4,32.2,43.0,0.0,35.3,35.74285714285714,38.0,0.2857142857142857,1.4808298831592421,0.29999999999999716
2020-07-12,Mumbai,27.5,67,1.3,5.7,6,7,3,-0.19667288979357622,-0.9804691603616321,28.0,30.2,30.7,63.0,0.0,29.7,29.8,64.85714285714286,0.5857142857142857,2.002498439450103,-0.5
2020-07-12,Hyderabad,32.6,35,0.0,3.2,6,7,3,-0.19667288979357622,-0.9804691603616321,32.5,30.6,30.3,43.0,0.0,32.50000000000001,32.2,38.57142857142857,0.0,2.2412793965351394,0.10000000000000142
2020-07-13,Hyderabad,35.2,39,0.0,3.2,0,7,3,-0.2135209154397959,-0.9769384927771817,32.6,32.4,33.0,35.0,0.0,33.433333333333344,32.51428571428571,38.714285714285715,0.0,2.5102646417117316,2.6000000000000014
2020-07-13,Bangalore,24.8,46,0.0,5.3,0,7,3,-0.2135209154397959,-0.9769384927771817,23.9,25.9,26.2,46.0,0.0,24.266666666666666,24.82857142857143,49.0,1.0,0.926848217912543,0.9000000000000021
2020-07-13,Mumbai,28.2,66,1.9,4.5,0,7,3,-0.2135209154397959,-0.9769384927771817,27.5,33.6,29.0,67.0,1.3,27.900000000000002,29.685714285714283,65.57142857142857,0.4571428571428572,2.077200497006006,0.6999999999999993
2020-07-14,Hyderabad,30.5,37,0.0,3.5,1,7,3,-0.23030567023061196,-0.973118337233262,35.2,32.5,35.8,39.0,0.0,32.76666666666668,31.75714285714286,38.714285714285715,0.0,2.123563940530975,-4.700000000000003
2020-07-14,Delhi,35.7,41,3.2,6.4,1,7,3,-0.23030567023061196,-0.973118337233262,34.8,36.6,34.4,39.0,0.0,34.99999999999999,35.92857142857143,38.714285714285715,0.6428571428571429,1.3610220249434637,0.9000000000000057
2020-07-15,Hyderabad,29.8,33,0.0,5.2,2,7,3,-0.24702218048093527,-0.9690098257244063,30.5,32.6,28.5,37.0,0.0,31.833333333333346,31.942857142857147,37.857142857142854,0.0,1.8274364036878064,-0.6999999999999993
2020-07-15,Delhi,35.4,41,0.0,5.0,2,7,3,-0.24702218048093527,-0.9690098257244063,35.7,34.5,35.0,41.0,3.2,35.300000000000004,35.98571428571429,39.714285714285715,0.6428571428571429,1.3234154946307757,-0.30000000000000426
2020-07-15,Chennai,31.9,71,0.0,3.5,2,7,3,-0.24702218048093527,-0.9690098257244063,34.3,37.1,32.5,57.0,0.0,33.63333333333333,33.7,61.285714285714285,0.6714285714285716,1.8466185312621617,-2.3999999999999986
2020-07-15,Bangalore,24.2,50,0.0,4.1,2,7,3,-0.24702218048093527,-0.9690098257244063,24.8,24.1,26.3,46.0,0.0,24.3,24.52857142857143,48.857142857142854,1.0,0.6775305299745998,-0.6000000000000014
2020-07-16,Chennai,37.2,62,0.0,5.2,3,7,3,-0.2636654927280072,-0.9646141756912435,31.9,34.7,32.2,71.0,0.0,34.46666666666667,34.41428571428571,61.714285714285715,0.3,2.11693849023288,5.300000000000004
2020-07-17,Hyderabad,34.1,36,1.7,6.3,4,7,3,-0.2802306751992161,-0.9599326896597445,29.8,35.2,30.6,33.0,0.0,31.46666666666668,32.44285714285714,37.57142857142857,0.24285714285714285,1.8769275806105867,4.300000000000001
2020-07-18,Bangalore,22.9,51,3.0,5.0,5,7,3,-0.2967128192734901,-0.9549667548552553,24.2,23.9,24.2,50.0,0.0,23.96666666666667,24.342857142857145,50.42857142857143,0.9714285714285714,0.9180725150320047,-1.3000000000000007
2020-07-18,Hyderabad,33.3,44,0.0,4.0,5,7,3,-0.2967128192734901,-0.9549667548552553,34.1,30.5,32.4,36.0,1.7,32.400000000000006,32.57142857142857,38.142857142857146,0.24285714285714285,1.9041308478447165,-0.8000000000000043
2020-07-18,Delhi,39.8,33,1.9,5.9,5,7,3,-0.2967128192734901,-0.9549667548552553,35.4,34.8,36.5,41.0,0.0,36.96666666666666,36.457142857142856,38.285714285714285,0.9142857142857144,1.9679576069766724,4.399999999999999
2020-07-19,Bangalore,23.2,50,0.0,5.1,6,7,3,-0.3131070409358267,-0.9497178427914317,22.9,24.8,24.6,51.0,3.0,23.433333333333334,24.142857142857142,50.57142857142857,0.9714285714285714,1.0014275524755625,0.3000000000000007
2020-07-20,Bangalore,22.3,45,0.0,5.7,0,7,3,-0.3294084822245302,-0.9441875088341994,23.2,24.2,25.9,50.0,0.0,22.8,23.62857142857143,49.42857142857143,0.7999999999999999,0.8635475005547474,-0.8999999999999986
2020-07-20,Delhi,39.3,28,0.0,6.0,0,7,3,-0.3294084822245302,-0.9441875088341994,39.8,35.7,38.4,33.0,1.9,38.166666666666664,36.58571428571429,36.857142857142854,0.7285714285714285,2.1380899352994405,-0.5
2020-07-20,Hyderabad,33.4,37,0.0,4.9,0,7,3,-0.3294084822245302,-0.9441875088341994,33.3,29.8,32.5,44.0,0.0,33.60000000000001,32.699999999999996,37.285714285714285,0.24285714285714285,1.9287301521984714,0.10000000000000142
2020-07-21,Hyderabad,34.9,46,0.0,5.8,1,7,3,-0.3456123126707333,-0.9383773917408642,33.4,34.1,32.6,37.0,0.0,33.866666666666674,33.028571428571425,38.857142857142854,0.24285714285714285,2.0973906691522974,1.5
2020-07-21,Delhi,34.5,34,0.0,5.0,1,7,3,-0.3456123126707333,-0.9383773917408642,39.3,35.4,36.6,28.0,0.0,37.86666666666667,36.285714285714285,37.0,0.7285714285714285,2.2784706650358246,-4.799999999999997
2020-07-21,Chennai,31.8,60,0.0,3.9,1,7,3,-0.3456123126707333,-0.9383773917408642,37.2,34.3,33.4,62.0,0.0,33.63333333333334,34.18571428571429,62.142857142857146,0.3,2.3212270974844555,-5.400000000000002
2020-07-22,Delhi,33.1,32,0.0,5.7,2,7,3,-0.3617137307297674,-0.9322892131745134,34.5,39.8,34.5,34.0,0.0,35.63333333333333,36.08571428571428,35.42857142857143,0.7285714285714285,2.510928494553787,-1.3999999999999986
2020-07-23,Delhi,35.3,37,0.0,6.0,3,7,3,-0.37770796520396466,-0.9259247771938499,33.1,39.3,34.8,32.0,0.0,34.3,36.15714285714286,35.142857142857146,0.7285714285714285,2.475114234977996,2.1999999999999957
2020-07-23,Chennai,34.4,63,0.0,4.4,3,7,3,-0.37770796520396466,-0.9259247771938499,31.8,31.9,32.3,60.0,0.0,34.466666666666676,34.48571428571428,62.57142857142857,0.3,2.1675089937751433,2.599999999999998
2020-07-23,Bangalore,26.7,42,0.0,5.4,3,7,3,-0.37770796520396466,-0.9259247771938499,22.3,22.9,24.1,45.0,0.0,24.066666666666666,24.0,47.142857142857146,0.42857142857142855,1.4560219778561219,4.399999999999999
2020-07-23,Mumbai,28.7,59,2.2,5.9,3,7,3,-0.37770796520396466,-0.9259247771938499,28.2,28.0,30.3,66.0,1.9,28.133333333333336,29.45714285714286,65.42857142857143,0.7714285714285715,2.0863501966010474,0.5
2020-07-24,Delhi,35.6,46,0.0,4.4,4,7,3,-0.39359027665646645,-0.9192859697186105,35.3,34.5,35.7,37.0,0.0,34.666666666666664,36.142857142857146,35.857142857142854,0.2714285714285714,2.478478796128258,0.30000000000000426
2020-07-24,Bangalore,24.2,60,0.0,4.3,4,7,3,-0.39359027665646645,-0.9192859697186105,26.7,23.2,23.9,42.0,0.0,24.399999999999995,24.042857142857144,49.142857142857146,0.42857142857142855,1.4570027943889448,-2.5
2020-07-24,Hyderabad,29.8,29,0.0,4.3,4,7,3,-0.39359027665646645,-0.9192859697186105,34.9,33.3,35.2,46.0,0.0,32.70000000000001,32.25714285714286,37.42857142857143,0.24285714285714285,2.157820770173014,-5.099999999999998
2020-07-24,Chennai,32.8,53,3.2,4.2,4,7,3,-0.39359027665646645,-0.9192859697186105,34.4,37.2,37.1,63.0,0.0,33.00000000000001,33.871428571428574,60.57142857142857,0.7571428571428572,1.895357737310242,-1.6000000000000014
2020-07-25,Delhi,34.6,29,0.0,5.2,5,7,3,-0.4093559588156211,-0.9123747579707274,35.6,33.1,35.4,46.0,0.0,35.166666666666664,36.028571428571425,34.142857142857146,0.2714285714285714,2.536213901148955,-1.0
2020-07-25,Bangalore,27.6,46,0.0,3.7,5,7,3,-0.4093559588156211,-0.9123747579707274,24.2,22.3,24.8,60.0,0.0,26.166666666666668,24.442857142857143,49.142857142857146,0.42857142857142855,1.9873408891088227,3.400000000000002
2020-07-25,Chennai,34.9,62,0.0,4.6,5,7,3,-0.4093559588156211,-0.9123747579707274,32.8,31.8,34.7,53.0,3.2,34.03333333333333,33.9,61.142857142857146,0.4571428571428572,1.911369491577749,2.1000000000000014
2020-07-25,Mumbai,32.1,55,0.0,5.0,5,7,3,-0.4093559588156211,-0.9123747579707274,28.7,27.5,30.0,59.0,2.2,29.666666666666668,29.757142857142856,64.42857142857143,0.7714285714285715,2.3157843472260624,3.400000000000002
2020-07-26,Hyderabad,30.9,37,1.2,4.3,6,7,3,-0.42500033996955394,-0.9051931898913975,29.8,33.4,30.5,29.0,0.0,31.86666666666667,32.31428571428571,37.42857142857143,0.41428571428571426,2.108260397759604,1.0999999999999979
2020-07-27,Delhi,33.0,42,0.0,4.6,0,7,3,-0.4405187843504952,-0.8977433935342336,34.6,35.3,39.8,29.0,0.0,34.4,35.05714285714286,35.42857142857143,0.0,2.1188496429723767,-1.6000000000000014
2020-07-27,Chennai,36.4,67,0.0,6.3,0,7,3,-0.4405187843504952,-0.8977433935342336,34.9,34.4,34.3,62.0,0.0,34.7,34.199999999999996,62.57142857142857,0.4571428571428572,2.1361959960018195,1.5
2020-07-28,Delhi,37.5,29,0.0,5.6,1,7,3,-0.455906693508459,-0.8900275764346766,33.0,35.6,39.3,42.0,0.0,35.03333333333333,34.8,35.57142857142857,0.0,1.5513435037628067,4.5
2020-07-28,Mumbai,27.9,64,2.8,6.3,1,7,3,-0.455906693508459,-0.8900275764346766,32.1,28.2,30.2,55.0,0.0,29.566666666666663,29.428571428571427,64.57142857142857,1.1714285714285713,2.4039649787481734,-4.200000000000003
2020-07-28,Hyderabad,32.3,37,0.0,4.6,1,7,3,-0.455906693508459,-0.8900275764346766,30.9,34.9,29.8,37.0,1.2,31.000000000000004,32.67142857142857,38.0,0.41428571428571426,1.800661254200938,1.3999999999999986
2020-07-29,Bangalore,26.2,45,2.7,4.5,2,7,3,-0.47115950767386394,-0.8820480249558535,27.6,26.7,24.2,46.0,0.0,26.0,24.728571428571428,48.42857142857143,0.8142857142857143,2.0878332354495273,-1.4000000000000021
2020-07-29,Chennai,33.2,64,2.1,5.0,2,7,3,-0.47115950767386394,-0.8820480249558535,36.4,32.8,31.9,67.0,0.0,34.833333333333336,34.385714285714286,61.57142857142857,0.7571428571428572,1.9514341490545157,-3.1999999999999957
2020-07-30,Delhi,32.2,36,0.0,3.6,3,7,3,-0.4862727071086902,-0.8738071036110807,37.5,34.6,34.5,29.0,0.0,34.233333333333334,34.471428571428575,35.857142857142854,0.0,1.8418417283744493,-5.299999999999997
2020-07-31,Delhi,31.2,29,0.0,3.3,4,7,3,-0.5012418134457756,-0.8653072543632061,32.2,33.0,33.1,36.0,0.0,33.63333333333333,34.2,35.42857142857143,0.0,2.185558662371505,-1.0000000000000036
2020-07-31,Bangalore,25.3,49,0.0,6.3,4,7,3,-0.5012418134457756,-0.8653072543632061,26.2,24.2,22.9,45.0,2.7,26.366666666666664,25.071428571428573,48.142857142857146,0.38571428571428573,1.9284832431337393,-0.8999999999999986
2020-08-01,Delhi,33.9,35,0.0,4.9,5,8,3,-0.5160623910158526,-0.8565509959010037,31.2,37.5,35.3,29.0,0.0,32.43333333333333,34.0,35.142857142857146,0.0,2.131509637166535,2.6999999999999993
2020-08-01,Chennai,30.6,56,0.0,5.1,5,8,3,-0.5160623910158526,-0.8565509959010037,33.2,34.9,37.2,64.0,2.1,33.400000000000006,33.44285714285714,60.714285714285715,0.7571428571428572,1.9594702879922967,-2.6000000000000014
2020-08-01,Hyderabad,31.4,42,0.0,6.0,5,8,3,-0.5160623910158526,-0.8565509959010037,32.3,29.8,34.1,37.0,0.0,31.533333333333342,32.285714285714285,38.857142857142854,0.17142857142857143,1.7315008628628565,-0.8999999999999986
2020-08-02,Delhi,37.4,33,0.0,5.4,6,8,3,-0.5307300481619331,-0.8475409228928312,33.9,32.2,35.6,35.0,0.0,34.166666666666664,34.25714285714286,33.285714285714285,0.0,2.442578653020394,3.5
2020-08-02,Bangalore,28.0,47,0.0,6.0,6,8,3,-0.5307300481619331,-0.8475409228928312,25.3,27.6,23.2,49.0,0.0,26.5,25.75714285714286,47.714285714285715,0.38571428571428573,2.0040435315108436,2.6999999999999993
2020-08-03,Hyderabad,33.2,42,0.0,6.3,0,8,3,-0.5452404385406507,-0.8382797052177745,31.4,30.9,33.3,42.0,0.0,32.300000000000004,32.271428571428565,38.57142857142857,0.17142857142857143,1.722124933247837,1.8000000000000043
2020-08-03,Delhi,30.7,37,0.0,3.3,0,8,3,-0.5452404385406507,-0.8382797052177745,37.4,31.2,34.6,33.0,0.0,33.99999999999999,33.7,34.42857142857143,0.0,2.773685875028722,-6.699999999999999
2020-08-04,Bangalore,23.8,48,0.0,5.1,1,8,3,-0.5595892624101763,-0.828770087174504,28.0,26.2,22.3,47.0,0.0,25.7,25.971428571428568,48.142857142857146,0.38571428571428573,1.6152546607416394,-4.199999999999999
2020-08-04,Delhi,31.6,31,0.0,4.1,1,8,3,-0.5595892624101763,-0.828770087174504,30.7,33.9,33.0,37.0,0.0,33.23333333333333,33.5,32.857142857142854,0.0,2.8809720581776794,0.9000000000000021
2020-08-05,Hyderabad,33.1,46,0.0,4.7,2,8,3,-0.5737722679043243,-0.8190148866680802,33.2,32.3,33.4,42.0,0.0,32.56666666666667,32.228571428571435,39.857142857142854,0.17142857142857143,1.6928420734710823,-0.10000000000000142
2020-08-05,Delhi,33.6,31,0.0,5.0,2,8,3,-0.5737722679043243,-0.8190148866680802,31.6,37.4,37.5,31.0,0.0,31.96666666666667,32.94285714285714,33.142857142857146,0.0,2.296270267816431,2.0
2020-08-05,Mumbai,31.9,71,1.7,5.1,2,8,3,-0.5737722679043243,-0.8190148866680802,27.9,28.7,33.6,64.0,2.8,30.633333333333336,29.185714285714287,63.57142857142857,1.4142857142857144,1.956551874624159,4.0
2020-08-06,Delhi,36.8,35,0.0,5.9,3,8,3,-0.5877852522924734,-0.8090169943749472,33.6,30.7,32.2,31.0,0.0,34.0,33.6,33.0,0.0,2.6751946969645384,3.1999999999999957
2020-08-06,Hyderabad,28.3,38,0.0,5.9,3,8,3,-0.5877852522924734,-0.8090169943749472,33.1,31.4,34.9,46.0,0.0,31.533333333333335,31.285714285714285,38.714285714285715,0.17142857142857143,1.7920459177789643,-4.800000000000001
2020-08-06,Chennai,30.0,57,0.0,4.9,3,8,3,-0.5877852522924734,-0.8090169943749472,30.6,36.4,31.8,56.0,0.0,31.26666666666667,33.18571428571428,60.285714285714285,0.7571428571428572,2.299585884044347,-0.6000000000000014
2020-08-07,Delhi,32.4,32,0.0,4.7,4,8,3,-0.6016240632249227,-0.7987793728863648,36.8,31.6,31.2,35.0,0.0,34.266666666666666,33.77142857142857,33.42857142857143,0.0,2.5302926614092396,-4.399999999999999
2020-08-07,Hyderabad,31.7,42,0.0,3.3,4,8,3,-0.6016240632249227,-0.7987793728863648,28.3,33.2,29.8,38.0,0.0,31.033333333333342,31.557142857142853,40.57142857142857,0.17142857142857143,1.6691885681941776,3.3999999999999986
2020-08-08,Hyderabad,35.2,40,2.2,5.2,5,8,3,-0.6152845999633277,-0.7883050558305253,31.7,33.1,30.9,42.0,0.0,31.733333333333338,32.17142857142857,41.0,0.31428571428571433,2.117950491799532,3.5000000000000036
2020-08-08,Bangalore,26.2,44,0.0,4.6,5,8,3,-0.6152845999633277,-0.7883050558305253,23.8,25.3,26.7,48.0,0.0,26.0,25.900000000000002,48.42857142857143,0.38571428571428573,1.5885003409925056,2.3999999999999986
2020-08-09,Hyderabad,33.0,46,2.7,5.0,6,8,3,-0.6287628145958345,-0.7775971469736268,35.2,28.3,32.3,40.0,2.2,33.300000000000004,32.27142857142857,42.285714285714285,0.7000000000000001,2.1414280949202733,-2.200000000000003
2020-08-10,Chennai,32.7,51,0.0,5.6,0,8,3,-0.6420547132365636,-0.7666588193001592,30.0,33.2,34.4,57.0,0.0,31.100000000000005,32.94285714285714,58.57142857142857,0.7571428571428572,2.2389410762362427,2.700000000000003
2020-08-11,Mumbai,32.3,66,3.3,5.6,1,8,3,-0.655156357209085,-0.7554933140726804,31.9,32.1,28.0,71.0,1.7,30.7,29.8,64.0,1.8857142857142857,2.184032966784177,0.3999999999999986
2020-08-12,Bangalore,20.7,49,0.0,3.4,2,8,3,-0.6680638642135333,-0.7441039398713608,26.2,28.0,24.2,44.0,0.0,23.566666666666666,25.400000000000002,46.857142857142854,0.38571428571428573,2.5013329779672806,-5.5
2020-08-12,Mumbai,27.1,65,0.9,2.3,2,8,3,-0.6680638642135333,-0.7441039398713608,32.3,27.9,27.5,66.0,3.3,30.433333333333326,29.74285714285714,63.714285714285715,1.8285714285714285,2.2582125253226057,-5.199999999999996
2020-08-12,Hyderabad,28.0,35,0.0,6.6,2,8,3,-0.6680638642135333,-0.7441039398713608,33.0,31.7,31.4,46.0,2.7,32.06666666666667,31.785714285714285,41.285714285714285,0.7000000000000001,2.6878917211750806,-5.0
2020-08-13,Hyderabad,30.3,42,0.0,5.8,3,8,3,-0.6807734094770159,-0.7324940716135792,28.0,35.2,33.2,35.0,0.0,30.433333333333337,31.371428571428574,41.285714285714285,0.7000000000000001,2.656886828422936,2.3000000000000007
2020-08-14,Delhi,31.7,37,0.0,4.5,4,8,3,-0.6932812268869771,-0.7206671495538615,32.4,33.6,33.9,32.0,0.0,33.63333333333333,33.457142857142856,33.714285714285715,0.0,2.6456613179929787,-0.6999999999999993
2020-08-14,Bangalore,25.6,57,0.0,5.6,4,8,3,-0.6932812268869771,-0.7206671495538615,20.7,23.8,27.6,49.0,0.0,24.166666666666668,25.11428571428571,48.42857142857143,0.38571428571428573,2.3154758844411623,4.900000000000002
2020-08-15,Bangalore,21.5,52,0.0,3.3,5,8,3,-0.7055836101071774,-0.70862667826446,25.6,26.2,26.2,57.0,0.0,22.599999999999998,24.442857142857143,49.42857142857143,0.0,2.6107834985288463,-4.100000000000001
2020-08-15,Delhi,34.4,38,0.0,4.5,5,8,3,-0.7055836101071774,-0.70862667826446,31.7,36.8,37.4,37.0,0.0,32.83333333333333,33.028571428571425,34.42857142857143,0.0,2.083838034104747,2.6999999999999993
2020-08-16,Chennai,34.5,61,2.9,5.3,6,8,3,-0.7176769136759615,-0.6963762255968726,32.7,30.6,32.8,51.0,0.0,32.400000000000006,33.18571428571429,59.714285714285715,0.7142857142857143,2.311874110924444,1.7999999999999972
2020-08-16,Delhi,32.5,35,0.0,6.4,6,8,3,-0.7176769136759615,-0.6963762255968726,34.4,32.4,30.7,38.0,0.0,32.86666666666667,33.285714285714285,34.142857142857146,0.0,1.8461027160198307,-1.8999999999999986
2020-08-16,Hyderabad,25.0,43,0.0,3.3,6,8,3,-0.7176769136759615,-0.6963762255968726,30.3,33.0,33.1,42.0,0.0,27.76666666666667,30.214285714285715,40.857142857142854,0.7000000000000001,3.429979869439715,-5.300000000000001
2020-08-17,Hyderabad,30.8,40,0.0,3.1,0,8,3,-0.7295575540864876,-0.6839194216246105,25.0,28.0,28.3,43.0,0.0,28.700000000000006,30.571428571428573,41.142857142857146,0.7000000000000001,3.326015777530332,5.800000000000001
2020-08-17,Delhi,31.8,51,0.0,5.7,0,8,3,-0.7295575540864876,-0.6839194216246105,32.5,31.7,31.6,35.0,0.0,32.9,33.31428571428572,37.0,0.0,1.8169833712582857,-0.6999999999999993
2020-08-17,Chennai,34.0,63,0.0,4.6,0,8,3,-0.7295575540864876,-0.6839194216246105,34.5,30.0,34.9,61.0,2.9,33.73333333333334,33.05714285714286,59.857142857142854,0.7142857142857143,2.2240032545370183,-0.5
2020-08-18,Hyderabad,29.9,46,0.0,5.2,1,8,3,-0.7412220108485957,-0.6712599575675315,30.8,30.3,31.7,40.0,0.0,28.566666666666674,30.314285714285717,41.714285714285715,0.7000000000000001,3.2936446739281102,-0.9000000000000021
2020-08-18,Delhi,32.7,37,2.8,3.3,1,8,3,-0.7412220108485957,-0.6712599575675315,31.8,34.4,33.6,51.0,0.0,32.33333333333333,33.18571428571429,37.857142857142854,0.39999999999999997,1.825220143278377,0.9000000000000021
2020-08-19,Bangalore,24.4,52,0.0,5.0,2,8,3,-0.7526668275320083,-0.6584015846980489,21.5,20.7,25.3,52.0,0.0,23.833333333333332,24.314285714285713,49.857142857142854,0.0,2.583556057987122,2.8999999999999986
2020-08-19,Hyderabad,28.7,40,0.0,4.2,2,8,3,-0.7526668275320083,-0.6584015846980489,29.9,25.0,35.2,46.0,0.0,29.800000000000008,29.385714285714283,41.714285714285715,0.38571428571428573,2.50960061326401,-1.1999999999999993
2020-08-20,Hyderabad,30.1,42,0.0,3.5,3,8,3,-0.7638886127905429,-0.64534811322955,28.7,30.8,33.0,40.0,0.0,29.566666666666674,28.97142857142857,41.142857142857146,0.0,2.001428061588571,1.4000000000000021
2020-08-20,Chennai,33.9,67,0.0,5.0,3,8,3,-0.7638886127905429,-0.64534811322955,34.0,32.7,36.4,63.0,0.0,34.13333333333333,32.699999999999996,59.857142857142854,0.7142857142857143,1.7473789896110339,-0.10000000000000142
2020-08-21,Bangalore,23.3,46,0.0,5.0,4,8,3,-0.7748840413670406,-0.6321034111873488,24.4,25.6,28.0,52.0,0.0,23.066666666666666,23.642857142857142,49.714285714285715,0.0,2.013998628646643,-1.0999999999999979
2020-08-21,Hyderabad,27.3,37,0.0,6.1,4,8,3,-0.7748840413670406,-0.6321034111873488,30.1,29.9,28.0,42.0,0.0,28.700000000000006,28.87142857142857,41.42857142857143,0.0,2.0742181544815534,-2.8000000000000007
2020-08-21,Delhi,32.8,45,0.0,6.5,4,8,3,-0.7748840413670406,-0.6321034111873488,32.7,32.5,36.8,37.0,2.8,32.43333333333333,32.614285714285714,39.285714285714285,0.39999999999999997,0.893361762163498,0.09999999999999432
2020-08-22,Hyderabad,32.5,44,0.0,5.9,5,8,3,-0.7856498550787144,-0.6186714032625032,27.3,28.7,30.3,37.0,0.0,29.96666666666667,29.185714285714283,41.714285714285715,0.0,2.457931767040828,5.199999999999999
2020-08-22,Chennai,28.9,62,0.0,5.3,5,8,3,-0.7856498550787144,-0.6186714032625032,33.9,34.5,33.2,67.0,0.0,32.26666666666667,32.08571428571428,59.57142857142857,0.41428571428571426,2.2311645475168174,-5.0
2020-08-23,Hyderabad,33.0,36,0.0,6.0,6,8,3,-0.7961828637826154,-0.6050560696488494,32.5,30.1,25.0,44.0,0.0,30.933333333333337,30.328571428571426,40.714285714285715,0.0,2.0055874332426185,0.5
2020-08-24,Delhi,34.9,38,2.6,4.3,0,8,3,-0.8064799463209447,-0.5912614448635782,32.8,31.8,32.4,45.0,0.0,33.46666666666666,32.97142857142857,40.142857142857146,0.7714285714285715,1.2297889869329413,2.1000000000000014
2020-08-24,Bangalore,26.4,55,2.3,5.5,0,8,3,-0.8064799463209447,-0.5912614448635782,23.3,21.5,23.8,46.0,0.0,24.7,24.014285714285716,50.714285714285715,0.32857142857142857,2.27114403728502,3.099999999999998
2020-08-25,Bangalore,25.2,55,0.0,5.7,1,8,3,-0.8165380514459157,-0.5772916165517278,26.4,24.4,26.2,55.0,2.3,24.966666666666665,23.87142857142857,52.285714285714285,0.32857142857142857,2.138312641402333,-1.1999999999999993
2020-08-25,Hyderabad,32.2,33,0.0,5.9,1,8,3,-0.8165380514459157,-0.5772916165517278,33.0,27.3,30.8,36.0,0.0,32.56666666666667,30.528571428571432,39.714285714285715,0.0,2.126589041724022,-0.7999999999999972
2020-08-26,Chennai,31.6,60,0.0,5.8,2,8,3,-0.8263541987239094,-0.5631507242749187,28.9,34.0,30.6,62.0,0.0,31.46666666666667,32.228571428571435,60.142857142857146,0.41428571428571426,2.150747378404769,2.700000000000003
2020-08-27,Delhi,30.7,32,0.0,6.3,3,8,3,-0.8359254794186365,-0.5488429582847199,34.9,32.7,31.7,38.0,2.6,32.79999999999999,32.82857142857143,39.42857142857143,0.7714285714285715,1.4418902936937432,-4.199999999999999
2020-08-28,Delhi,27.3,41,0.0,6.2,4,8,3,-0.8452490573530634,-0.5343725582809785,30.7,32.8,34.4,32.0,0.0,30.966666666666658,31.814285714285713,39.857142857142854,0.7714285714285715,2.358268129672549,-3.3999999999999986
2020-08-28,Hyderabad,34.4,38,3.2,3.4,4,8,3,-0.8452490573530634,-0.5343725582809785,32.2,32.5,29.9,33.0,0.0,33.2,31.17142857142857,38.57142857142857,0.4571428571428572,2.5440874498296298,2.1999999999999957
2020-08-28,Chennai,33.6,62,0.0,5.4,4,8,3,-0.8452490573530634,-0.5343725582809785,31.6,33.9,30.0,60.0,0.0,31.366666666666674,32.74285714285715,60.857142857142854,0.41428571428571426,1.9500915729416128,2.0
2020-08-29,Hyderabad,32.5,47,0.0,5.1,5,8,3,-0.8543221697498269,-0.5197438121555157,34.4,33.0,28.7,38.0,3.2,33.03333333333334,31.714285714285715,39.57142857142857,0.4571428571428572,2.3248143807111847,-1.8999999999999986
2020-08-29,Delhi,32.7,39,1.9,5.6,5,8,3,-0.8543221697498269,-0.5197438121555157,27.3,34.9,32.5,41.0,0.0,30.23333333333333,31.842857142857145,40.42857142857143,1.042857142857143,2.3691469230205695,5.400000000000002
2020-08-30,Hyderabad,26.6,46,0.0,6.6,6,8,3,-0.8631421280499115,-0.5049610547215202,32.5,32.2,30.1,47.0,0.0,31.166666666666668,31.214285714285715,40.142857142857146,0.4571428571428572,3.006342501794316,-5.899999999999999
2020-08-30,Delhi,28.7,33,0.0,6.1,6,8,3,-0.8631421280499115,-0.5049610547215202,32.7,30.7,31.8,39.0,1.9,29.566666666666663,31.4,37.857142857142854,1.042857142857143,2.6514147167127073,-4.0000000000000036
2020-08-31,Delhi,29.3,34,0.0,4.9,0,8,3,-0.8717063187093217,-0.4900286664290594,28.7,27.3,32.7,33.0,0.0,30.23333333333333,30.914285714285715,37.42857142857143,0.6428571428571429,2.68478960778978,0.6000000000000014
2020-08-31,Hyderabad,28.8,42,0.0,6.3,0,8,3,-0.8717063187093217,-0.4900286664290594,26.6,34.4,27.3,46.0,0.0,29.300000000000008,31.428571428571427,40.857142857142854,0.4571428571428572,2.7207316943022155,2.1999999999999993
2020-09-01,Delhi,34.5,35,0.0,4.2,1,9,3,-0.8800122039735356,-0.4749510720670502,29.3,32.7,32.8,34.0,0.0,30.83333333333333,31.157142857142862,36.0,0.6428571428571429,2.94779982521279,5.199999999999999
2020-09-01,Bangalore,25.7,55,0.0,6.0,1,9,3,-0.8800122039735356,-0.4749510720670502,25.2,23.3,20.7,55.0,0.0,25.766666666666666,24.585714285714285,53.142857142857146,0.32857142857142857,1.6905902040693566,0.5
2020-09-01,Chennai,31.3,67,1.9,6.5,1,9,3,-0.8800122039735356,-0.4749510720670502,33.6,28.9,32.7,62.0,0.0,32.16666666666667,32.54285714285714,63.142857142857146,0.6857142857142857,2.0255510714020213,-2.3000000000000007
2020-09-01,Hyderabad,31.3,45,0.0,3.7,1,9,3,-0.8800122039735356,-0.4749510720670502,28.8,32.5,32.5,42.0,0.0,28.900000000000006,31.25714285714286,41.0,0.4571428571428572,2.6794633435677895,2.5
2020-09-02,Mumbai,29.6,72,3.4,5.6,2,9,3,-0.888057322629493,-0.4597327394521046,27.1,31.9,28.2,65.0,0.9,29.666666666666668,29.942857142857147,64.57142857142857,2.042857142857143,2.1585930161852898,2.5
2020-09-02,Delhi,28.1,38,0.0,3.8,2,9,3,-0.888057322629493,-0.4597327394521046,34.5,28.7,34.9,35.0,0.0,30.633333333333326,30.185714285714287,36.0,0.2714285714285714,2.609871370667412,-6.399999999999999
2020-09-03,Delhi,31.0,37,0.0,5.4,3,9,3,-0.8958392907349089,-0.4443781781046134,28.1,29.3,30.7,38.0,0.0,31.2,30.228571428571428,36.714285714285715,0.2714285714285714,2.6221583258291457,2.8999999999999986
2020-09-03,Mumbai,28.1,65,0.0,3.2,3,9,3,-0.8958392907349089,-0.4443781781046134,29.6,32.3,28.7,72.0,3.4,28.26666666666667,29.857142857142858,65.42857142857143,1.7285714285714284,2.2269988346480796,-1.5
2020-09-04,Hyderabad,28.6,43,0.0,4.5,4,9,3,-0.9033558023246842,-0.4288919379124841,31.3,26.6,33.0,45.0,0.0,29.566666666666674,30.62857142857143,42.0,0.4571428571428572,2.718280268671232,-2.6999999999999993
2020-09-04,Bangalore,25.7,56,0.0,3.4,4,9,3,-0.9033558023246842,-0.4288919379124841,25.7,26.4,25.6,55.0,0.0,25.53333333333333,24.6,53.0,0.32857142857142857,1.7009801096230848,0.0
2020-09-05,Bangalore,22.0,44,0.0,4.6,5,9,3,-0.9106046300942162,-0.41327860778290443,25.7,25.2,21.5,56.0,0.0,24.466666666666665,24.671428571428574,51.857142857142854,0.32857142857142857,1.5531841334436094,-3.6999999999999993
2020-09-07,Bangalore,26.4,56,2.9,4.7,0,9,3,-0.9242907221930934,-0.3816892202666586,22.0,25.7,24.4,44.0,0.0,24.7,24.957142857142856,52.42857142857143,0.7428571428571428,1.6741735701106824,4.399999999999999
2020-09-07,Delhi,29.7,46,0.0,5.3,0,9,3,-0.9242907221930934,-0.3816892202666586,31.0,34.5,27.3,37.0,0.0,29.599999999999994,30.571428571428573,37.42857142857143,0.2714285714285714,2.314241622155102,-1.3000000000000007
2020-09-08,Delhi,29.3,38,0.0,4.3,1,9,3,-0.9307239310379793,-0.3657225234972692,29.7,28.1,32.7,46.0,0.0,29.999999999999996,30.085714285714285,37.285714285714285,0.0,2.1435395738737224,-0.3999999999999986
2020-09-08,Hyderabad,32.7,41,1.1,6.0,1,9,3,-0.9307239310379793,-0.3657225234972692,28.6,28.8,32.2,43.0,0.0,30.866666666666674,30.7,43.142857142857146,0.6142857142857144,2.7724838442570565,4.100000000000001
2020-09-09,Chennai,30.3,71,0.0,5.8,2,9,3,-0.9368813462954315,-0.34964745525122826,31.3,31.6,34.5,67.0,1.9,31.733333333333338,31.942857142857143,64.57142857142857,0.2714285714285714,1.9704966741554848,-1.0
2020-09-10,Bangalore,25.4,46,0.0,4.6,3,9,3,-0.9427611433904206,-0.33346877891818705,26.4,25.7,23.3,56.0,2.9,24.599999999999998,25.257142857142856,52.42857142857143,0.7428571428571428,1.5075997953227276,-1.0
2020-09-10,Mumbai,28.9,74,0.0,4.4,3,9,3,-0.9427611433904206,-0.33346877891818705,28.1,27.1,32.1,65.0,0.0,28.866666666666664,29.400000000000002,68.14285714285714,1.7285714285714284,2.0074859899884916,0.7999999999999972
2020-09-10,Delhi,29.5,49,0.0,5.9,3,9,3,-0.9427611433904206,-0.33346877891818705,29.3,31.0,28.7,38.0,0.0,29.499999999999996,30.2,39.57142857142857,0.0,2.077658938966521,0.1999999999999993
2020-09-10,Hyderabad,32.7,42,0.0,3.9,3,9,3,-0.9427611433904206,-0.33346877891818705,32.7,31.3,34.4,41.0,1.1,31.333333333333343,30.457142857142856,43.714285714285715,0.15714285714285717,2.4500728852131908,0.0
2020-09-11,Mumbai,28.4,70,0.0,4.7,4,9,3,-0.9483615800121716,-0.31719128858910595,28.9,29.6,27.9,74.0,0.0,28.46666666666667,29.471428571428568,69.0,1.3285714285714287,1.9533853397920142,-0.5
2020-09-11,Delhi,28.9,39,0.0,3.3,4,9,3,-0.9483615800121716,-0.31719128858910595,29.5,29.7,29.3,49.0,0.0,29.23333333333333,30.142857142857142,40.285714285714285,0.0,2.111758463822186,-0.6000000000000014
2020-09-11,Hyderabad,26.8,45,0.0,3.2,4,9,3,-0.9483615800121716,-0.31719128858910595,32.7,28.6,32.5,42.0,0.0,30.733333333333345,29.642857142857142,43.42857142857143,0.15714285714285717,2.600549392504777,-5.900000000000002
2020-09-12,Delhi,21.5,45,0.0,5.6,5,9,3,-0.9536809966304455,-0.300819807635668,28.9,29.3,34.5,39.0,0.0,26.633333333333326,28.285714285714285,41.714285714285715,0.0,3.1179205524563267,-7.399999999999999
2020-09-12,Hyderabad,26.9,46,0.0,4.2,5,9,3,-0.9536809966304455,-0.300819807635668,26.8,32.7,26.6,45.0,0.0,28.800000000000008,29.685714285714287,43.42857142857143,0.15714285714285717,2.543900267586839,0.09999999999999787
2020-09-13,Chennai,32.6,65,0.0,3.4,6,9,3,-0.9587178169872964,-0.2843591872810036,30.3,33.6,34.0,71.0,0.0,31.400000000000006,31.74285714285714,64.85714285714286,0.2714285714285714,1.7896527995278333,2.3000000000000007
2020-09-13,Hyderabad,28.8,47,0.0,4.1,6,9,3,-0.9587178169872964,-0.2843591872810036,26.9,32.7,28.8,46.0,0.0,27.500000000000004,29.685714285714287,44.142857142857146,0.15714285714285717,2.543900267586839,1.9000000000000021
2020-09-14,Hyderabad,29.2,39,3.0,5.2,0,9,3,-0.9634705485641486,-0.26781430516217486,28.8,26.8,31.3,47.0,0.0,28.300000000000008,29.38571428571429,43.285714285714285,0.5857142857142856,2.4436506647694993,0.3999999999999986
2020-09-14,Mumbai,27.9,75,2.6,6.2,0,9,3,-0.9634705485641486,-0.26781430516217486,28.4,28.1,31.9,70.0,0.0,28.399999999999995,28.9,69.57142857142857,1.457142857142857,1.6921386861996222,-0.5
2020-09-15,Hyderabad,29.0,51,2.2,3.8,1,9,3,-0.9679377830240642,-0.25119006388481957,29.2,26.9,28.6,39.0,3.0,29.000000000000004,29.442857142857147,44.42857142857143,0.9000000000000001,2.426834112485575,-0.1999999999999993
2020-09-15,Bangalore,19.8,53,1.4,2.2,1,9,3,-0.9679377830240642,-0.25119006388481957,25.4,22.0,26.4,46.0,0.0,23.866666666666664,24.314285714285713,52.142857142857146,0.6142857142857142,2.4456959278349815,-5.599999999999998
2020-09-15,Mumbai,30.0,60,2.0,4.8,1,9,3,-0.9679377830240642,-0.25119006388481957,27.9,28.9,32.3,75.0,2.6,28.766666666666666,28.571428571428573,68.71428571428571,1.2714285714285716,1.0061714328984843,2.1000000000000014
2020-09-15,Delhi,26.4,43,0.0,4.5,1,9,3,-0.9679377830240642,-0.25119006388481957,21.5,29.5,28.1,45.0,0.0,25.599999999999994,28.042857142857144,42.42857142857143,0.0,3.1999255943732234,4.899999999999999
2020-09-16,Bangalore,24.2,49,0.0,5.2,2,9,3,-0.9721181966290612,-0.23449138957041052,19.8,26.4,25.2,53.0,1.4,23.133333333333336,24.17142857142857,51.285714285714285,0.6142857142857142,2.414342067530545,4.399999999999999
2020-09-16,Delhi,27.9,41,0.0,6.0,2,9,3,-0.9721181966290612,-0.23449138957041052,26.4,28.9,31.0,43.0,0.0,25.266666666666662,27.599999999999998,43.0,0.0,2.92517805725869,1.5
2020-09-16,Chennai,32.1,62,0.0,4.8,2,9,3,-0.9721181966290612,-0.23449138957041052,32.6,31.3,33.9,65.0,0.0,31.666666666666675,31.48571428571429,64.14285714285714,0.2714285714285714,1.5399443403672808,-0.5
2020-09-16,Hyderabad,25.0,37,2.2,5.5,2,9,3,-0.9721181966290612,-0.23449138957041052,29.0,28.8,32.7,51.0,2.2,27.733333333333338,28.342857142857145,43.857142857142854,1.0571428571428572,2.449392538880556,-4.0
2020-09-17,Chennai,33.8,66,2.9,4.8,3,9,3,-0.9760105506323682,-0.21772323039653224,32.1,30.3,28.9,62.0,0.0,32.833333333333336,32.18571428571429,64.71428571428571,0.6857142857142857,1.2562226069037037,1.6999999999999957
2020-09-17,Hyderabad,29.6,42,0.0,4.7,3,9,3,-0.9760105506323682,-0.21772323039653224,25.0,29.2,32.7,37.0,2.2,27.86666666666667,27.900000000000002,43.857142857142854,1.0571428571428572,1.6941074346097298,4.600000000000001
2020-09-17,Delhi,23.6,49,0.0,5.5,3,9,3,-0.9760105506323682,-0.21772323039653224,27.9,21.5,29.7,41.0,0.0,25.966666666666658,26.72857142857143,43.42857142857143,0.0,3.098770877683939,-4.299999999999997
2020-09-18,Chennai,31.7,65,3.1,6.0,4,9,3,-0.9796136916454901,-0.20089055513063528,33.8,32.6,31.6,66.0,2.9,32.53333333333334,32.199999999999996,65.42857142857143,1.1285714285714286,1.24899959967996,-2.099999999999998
2020-09-18,Bangalore,19.2,53,0.0,5.6,4,9,3,-0.9796136916454901,-0.20089055513063528,24.2,25.4,25.7,49.0,0.0,21.066666666666666,23.24285714285714,51.0,0.6142857142857142,2.9245268237540993,-5.0
2020-09-18,Mumbai,27.2,78,3.0,4.8,4,9,3,-0.9796136916454901,-0.20089055513063528,30.0,28.4,27.1,60.0,2.0,28.366666666666664,28.585714285714285,70.57142857142857,1.5714285714285714,0.9822229404579913,-2.8000000000000007
2020-09-18,Delhi,30.0,38,0.0,5.4,4,9,3,-0.9796136916454901,-0.20089055513063528,23.6,26.4,29.3,49.0,0.0,27.16666666666666,26.82857142857143,43.42857142857143,0.0,3.205055530311773,6.399999999999999
2020-09-19,Chennai,31.3,66,0.0,4.6,5,9,3,-0.9829265519799822,-0.18399835165767986,31.7,32.1,33.6,65.0,3.1,32.26666666666667,31.87142857142857,66.0,1.1285714285714286,1.114621439046292,-0.3999999999999986
2020-09-19,Delhi,27.4,41,0.0,4.4,5,9,3,-0.9829265519799822,-0.18399835165767986,30.0,27.9,29.5,38.0,0.0,26.999999999999996,26.52857142857143,42.285714285714285,0.0,3.0053919798226163,-2.6000000000000014
2020-09-20,Hyderabad,32.2,45,0.0,5.7,6,9,3,-0.9859481499638303,-0.1670516255021195,29.6,29.0,26.8,42.0,0.0,28.933333333333337,28.67142857142857,43.857142857142854,1.0571428571428572,2.2484915578481033,2.6000000000000014
2020-09-20,Bangalore,21.6,66,0.0,5.2,6,9,3,-0.9859481499638303,-0.1670516255021195,19.2,19.8,25.7,53.0,0.0,21.666666666666668,22.657142857142855,52.42857142857143,0.6142857142857142,2.7561187340516744,2.400000000000002
2020-09-20,Delhi,28.2,44,0.0,4.8,6,9,3,-0.9859481499638303,-0.1670516255021195,27.4,23.6,28.9,41.0,0.0,28.533333333333328,26.428571428571427,43.0,0.0,2.923875445200903,0.8000000000000007
2020-09-21,Bangalore,24.1,58,0.0,3.5,0,9,3,-0.9886775902323404,-0.15005539834465262,21.6,24.2,22.0,66.0,0.0,21.633333333333336,22.957142857142856,54.42857142857143,0.6142857142857142,2.786788559649007,2.5
2020-09-21,Delhi,26.0,51,0.0,2.5,0,9,3,-0.9886775902323404,-0.15005539834465262,28.2,30.0,21.5,44.0,0.0,27.199999999999992,27.071428571428573,43.857142857142854,0.0,2.012224544887753,-2.1999999999999993
2020-09-22,Hyderabad,26.3,44,0.0,5.9,1,9,3,-0.9911140639934546,-0.13301470653419636,32.2,25.0,26.9,45.0,0.0,29.36666666666667,28.585714285714285,43.57142857142857,1.0571428571428572,2.336969955183096,-5.900000000000002
2020-09-23,Chennai,27.6,67,3.3,4.4,2,9,3,-0.9932568492674143,-0.11593459959550066,31.3,33.8,31.3,66.0,0.0,30.200000000000006,31.342857142857145,66.0,1.3285714285714285,1.9755650186358773,-3.6999999999999993
2020-09-23,Delhi,25.4,36,0.0,5.5,2,9,3,-0.9932568492674143,-0.11593459959550066,26.0,27.4,26.4,51.0,0.0,26.533333333333328,26.928571428571427,42.857142857142854,0.0,2.101360103769795,-0.6000000000000014
2020-09-24,Bangalore,23.6,59,0.0,5.3,3,9,3,-0.9951053111006974,-0.09882013873287211,24.1,19.2,26.4,58.0,0.0,23.100000000000005,22.557142857142857,54.857142857142854,0.19999999999999998,2.381776048006462,-0.5
2020-09-24,Hyderabad,30.9,46,0.0,5.0,3,9,3,-0.9951053111006974,-0.09882013873287211,26.3,29.6,28.8,44.0,0.0,29.800000000000008,28.88571428571429,43.42857142857143,1.0571428571428572,2.498285126127212,4.599999999999998
2020-09-24,Delhi,27.9,44,0.0,5.6,3,9,3,-0.9951053111006974,-0.09882013873287211,25.4,28.2,27.9,36.0,0.0,26.433333333333326,26.928571428571427,43.285714285714285,0.0,2.1013601037697955,2.5
2020-09-25,Hyderabad,26.5,47,0.0,3.4,4,9,3,-0.99665890175417,-0.08167639533042288,30.9,32.2,29.2,46.0,0.0,27.900000000000006,28.5,44.57142857142857,0.6285714285714287,2.645751311064575,-4.399999999999999
2020-09-25,Delhi,27.1,47,0.0,4.8,4,9,3,-0.99665890175417,-0.08167639533042288,27.9,26.0,23.6,44.0,0.0,26.799999999999994,27.428571428571423,43.0,0.0,1.5107550934489777,-0.7999999999999972
2020-09-25,Bangalore,24.3,61,0.0,5.1,4,9,3,-0.99665890175417,-0.08167639533042288,23.6,21.6,25.4,59.0,0.0,24.0,22.400000000000002,57.0,0.19999999999999998,2.1916508237704013,0.6999999999999993
2020-09-26,Mumbai,26.2,59,0.0,1.6,5,9,3,-0.9979171608653922,-0.06450844944931625,27.2,27.9,29.6,78.0,3.0,27.8,28.1,68.71428571428571,1.0857142857142856,1.211060141639,-1.0
2020-09-26,Chennai,30.5,64,0.0,2.4,5,9,3,-0.9979171608653922,-0.06450844944931625,27.6,31.7,30.3,67.0,3.3,29.8,31.37142857142857,65.0,1.3285714285714285,1.959348774222765,2.8999999999999986
2020-09-26,Hyderabad,28.5,50,0.0,3.0,5,9,3,-0.9979171608653922,-0.06450844944931625,26.5,26.3,29.0,47.0,0.0,28.63333333333334,28.428571428571427,44.42857142857143,0.31428571428571433,2.636736799982295,2.0
2020-09-26,Bangalore,22.5,52,0.0,2.6,5,9,3,-0.9979171608653922,-0.06450844944931625,24.3,24.1,19.8,61.0,0.0,23.46666666666667,22.785714285714285,56.857142857142854,0.0,1.872100933379936,-1.8000000000000007
2020-09-26,Delhi,27.9,43,0.0,3.5,5,9,3,-0.9979171608653922,-0.06450844944931625,27.1,25.4,30.0,47.0,0.0,27.63333333333333,27.12857142857143,43.714285714285715,0.0,1.0546947199934469,0.7999999999999972
2020-09-27,Mumbai,30.1,72,0.0,3.8,6,9,3,-0.9988797155850335,-0.04732138832243232,26.2,30.0,28.1,59.0,0.0,27.833333333333332,28.385714285714283,69.71428571428571,1.0857142857142856,1.4276187299469225,3.900000000000002
2020-09-27,Delhi,28.5,39,0.0,3.2,6,9,3,-0.9988797155850335,-0.04732138832243232,27.9,27.9,27.4,43.0,0.0,27.83333333333333,27.285714285714285,43.42857142857143,0.0,1.1767590682731082,0.6000000000000014
2020-09-27,Bangalore,23.7,59,0.0,3.5,6,9,3,-0.9988797155850335,-0.04732138832243232,22.5,23.6,24.2,52.0,0.0,23.5,22.714285714285715,58.285714285714285,0.0,1.8179004111232364,1.1999999999999993
2020-09-27,Chennai,33.6,58,0.0,3.2,6,9,3,-0.9988797155850335,-0.04732138832243232,30.5,31.3,32.6,64.0,0.0,30.566666666666674,31.514285714285716,64.0,1.3285714285714285,2.095573566217425,3.1000000000000014
2020-09-27,Hyderabad,26.8,40,0.0,3.1,6,9,3,-0.9988797155850335,-0.04732138832243232,28.5,30.9,25.0,50.0,0.0,27.26666666666667,28.685714285714287,44.857142857142854,0.0,2.314755978088218,-1.6999999999999993
2020-09-28,Bangalore,22.8,52,0.0,2.5,0,9,3,-0.9995462806873573,-0.03012030484690836,23.7,24.3,19.2,59.0,0.0,23.0,23.22857142857143,58.142857142857146,0.0,0.9690446940403269,-0.8999999999999986
2020-09-28,Hyderabad,27.6,47,0.0,3.1,0,9,3,-0.9995462806873573,-0.03012030484690836,26.8,26.5,29.6,40.0,0.0,27.633333333333336,28.400000000000002,45.57142857142857,0.0,2.306512518934142,0.8000000000000007
2020-09-28,Delhi,26.5,39,0.0,2.0,0,9,3,-0.9995462806873573,-0.03012030484690836,28.5,27.1,28.2,39.0,0.0,27.63333333333333,27.04285714285714,42.714285714285715,0.0,1.1311603818755858,-2.0
2020-09-28,Mumbai,27.4,76,0.0,4.3,0,9,3,-0.9995462806873573,-0.03012030484690836,30.1,27.2,28.9,72.0,0.0,27.899999999999995,28.171428571428574,70.0,1.0857142857142856,1.4499589485157731,-2.700000000000003
2020-09-29,Chennai,26.4,64,0.0,5.3,1,9,3,-0.9999166586547379,-0.012910296075008843,33.6,27.6,32.1,58.0,0.0,30.166666666666675,30.699999999999996,64.28571428571429,1.3285714285714285,2.8142494558941618,-7.200000000000003
2020-09-29,Delhi,25.3,52,0.0,4.8,1,9,3,-0.9999166586547379,-0.012910296075008843,26.5,27.9,26.0,39.0,0.0,26.766666666666662,26.942857142857143,42.857142857142854,0.0,1.2620844436321461,-1.1999999999999993
2020-09-29,Hyderabad,28.2,53,0.0,3.2,1,9,3,-0.9999166586547379,-0.012910296075008843,27.6,28.5,32.2,47.0,0.0,27.533333333333335,27.82857142857143,46.714285714285715,0.0,1.5934389285591013,0.5999999999999979
2020-09-29,Bangalore,22.1,63,0.0,2.0,1,9,3,-0.9999166586547379,-0.012910296075008843,22.8,22.5,21.6,52.0,0.0,22.86666666666667,23.3,57.714285714285715,0.0,0.8386497083606606,-0.6999999999999993
2020-09-29,Mumbai,28.7,80,0.0,3.7,1,9,3,-0.9999166586547379,-0.012910296075008843,27.4,26.2,28.4,76.0,0.0,28.733333333333334,28.214285714285715,71.42857142857143,1.0857142857142856,1.462222704684637,1.3000000000000007
2020-09-30,Delhi,29.0,45,0.0,3.4,2,9,3,-0.9999907397361901,0.004303538296243821,25.3,28.5,25.4,52.0,0.0,26.933333333333326,27.45714285714286,44.142857142857146,0.0,1.262084443632126,3.6999999999999993
2020-09-30,Hyderabad,27.0,46,0.0,0.8,2,9,3,-0.9999907397361901,0.004303538296243821,28.2,26.8,26.3,53.0,0.0,27.600000000000005,27.928571428571427,47.0,0.0,1.5007934409441241,-1.1999999999999993
2020-09-30,Chennai,28.7,67,0.0,1.8,2,9,3,-0.9999907397361901,0.004303538296243821,26.4,30.5,33.8,64.0,0.0,29.566666666666674,29.97142857142857,64.42857142857143,0.9142857142857144,2.5230367190579726,2.3000000000000007
2020-09-30,Bangalore,20.0,51,0.0,3.5,2,9,3,-0.9999907397361901,0.004303538296243821,22.1,23.7,24.1,63.0,0.0,21.633333333333336,22.714285714285715,56.714285714285715,0.0,1.418248416684714,-2.1000000000000014
2020-09-30,Mumbai,25.2,76,0.0,4.5,2,9,3,-0.9999907397361901,0.004303538296243821,28.7,30.1,27.9,80.0,0.0,27.099999999999998,27.82857142857143,71.57142857142857,0.7142857142857143,1.860747417674131,-3.5
2020-10-01,Mumbai,26.8,77,0.0,4.2,3,10,4,-0.9997685019798909,0.021516097436222233,25.2,27.4,30.0,76.0,0.0,26.900000000000002,27.37142857142857,74.0,0.42857142857142855,1.6152546607416394,1.6000000000000014
2020-10-01,Hyderabad,23.3,52,0.0,3.5,3,10,4,-0.9997685019798909,0.021516097436222233,27.0,27.6,30.9,46.0,0.0,26.16666666666667,26.842857142857145,47.857142857142854,0.0,1.7251638983558941,-3.6999999999999993
2020-10-01,Bangalore,21.4,57,0.0,2.9,3,10,4,-0.9997685019798909,0.021516097436222233,20.0,22.8,23.6,51.0,0.0,21.166666666666668,22.400000000000002,56.42857142857143,0.0,1.432945684013697,1.3999999999999986
2020-10-01,Delhi,24.1,34,0.0,0.8,3,10,4,-0.9997685019798909,0.021516097436222233,29.0,26.5,27.9,45.0,0.0,26.133333333333326,26.914285714285715,42.714285714285715,0.0,1.7591935381768053,-4.899999999999999
2020-10-01,Chennai,30.0,76,0.0,4.0,3,10,4,-0.9997685019798909,0.021516097436222233,28.7,33.6,31.7,67.0,0.0,28.36666666666667,29.72857142857143,66.0,0.4714285714285714,2.4081211803080285,1.3000000000000007
2020-10-02,Hyderabad,27.7,44,0.0,3.6,4,10,4,-0.9992500112396835,0.03872228089217399,23.3,28.2,26.5,52.0,0.0,26.000000000000004,27.014285714285712,47.42857142857143,0.0,1.7449246129165357,4.399999999999999
2020-10-02,Delhi,22.9,49,0.0,2.8,4,10,4,-0.9992500112396835,0.03872228089217399,24.1,25.3,27.1,34.0,0.0,25.33333333333333,26.314285714285717,43.0,0.0,2.3140358477696683,-1.2000000000000028
2020-10-02,Bangalore,17.4,54,0.0,3.9,4,10,4,-0.9992500112396835,0.03872228089217399,21.4,22.1,24.3,57.0,0.0,19.599999999999998,21.414285714285715,55.42857142857143,0.0,2.1177256443557844,-4.0
2020-10-02,Mumbai,28.8,74,0.0,3.5,4,10,4,-0.9992500112396835,0.03872228089217399,26.8,28.7,27.2,77.0,0.0,26.933333333333334,27.6,73.42857142857143,0.0,1.698038083593332,2.0
2020-10-02,Chennai,30.8,70,0.0,2.1,4,10,4,-0.9992500112396835,0.03872228089217399,30.0,26.4,31.3,76.0,0.0,29.83333333333334,29.657142857142855,66.57142857142857,0.4714285714285714,2.36068997177894,0.8000000000000007
2020-10-03,Hyderabad,27.6,54,0.0,4.8,5,10,4,-0.9984354211555643,0.05591699010060302,27.7,27.0,28.5,44.0,0.0,26.200000000000003,26.885714285714283,48.0,0.0,1.647653454086123,-0.09999999999999787
2020-10-03,Mumbai,25.2,75,0.0,2.1,5,10,4,-0.9984354211555643,0.05591699010060302,28.8,25.2,26.2,74.0,0.0,26.933333333333334,27.457142857142856,75.71428571428571,0.0,1.8689187095369122,-3.6000000000000014
2020-10-03,Delhi,25.2,41,0.0,2.4,5,10,4,-0.9984354211555643,0.05591699010060302,22.9,29.0,27.9,49.0,0.0,24.066666666666663,25.928571428571427,42.714285714285715,0.0,2.2291360701062732,2.3000000000000007
2020-10-03,Bangalore,18.9,61,0.0,1.9,5,10,4,-0.9984354211555643,0.05591699010060302,17.4,20.0,22.5,54.0,0.0,19.23333333333333,20.9,56.714285714285715,0.0,2.2435091560619016,1.5
2020-10-04,Mumbai,25.1,77,0.0,3.8,6,10,4,-0.9973249731081555,0.07309512989807776,25.2,26.8,30.1,75.0,0.0,26.36666666666667,26.74285714285714,76.42857142857143,0.0,1.630804650938838,-0.09999999999999787
2020-10-04,Delhi,24.0,41,0.0,2.7,6,10,4,-0.9973249731081555,0.07309512989807776,25.2,24.1,28.5,41.0,0.0,24.033333333333328,25.285714285714285,43.0,0.0,2.001190122093148,-1.1999999999999993
2020-10-04,Chennai,27.7,76,0.0,2.9,6,10,4,-0.9973249731081555,0.07309512989807776,30.8,28.7,27.6,70.0,0.0,29.500000000000004,29.671428571428574,67.85714285714286,0.0,2.3464258534449365,-3.1000000000000014
2020-10-04,Hyderabad,26.1,43,0.0,4.0,6,10,4,-0.9973249731081555,0.07309512989807776,27.6,23.3,26.8,54.0,0.0,27.13333333333334,26.785714285714285,48.42857142857143,0.0,1.6747423398128853,-1.5
2020-10-05,Delhi,26.1,40,0.0,3.8,0,10,4,-0.9959189961471792,0.0902516100310407,24.0,22.9,26.5,41.0,0.0,25.099999999999994,25.228571428571428,43.142857142857146,0.0,1.9661419800501627,2.1000000000000014
2020-10-05,Bangalore,18.0,56,0.0,4.0,0,10,4,-0.9959189961471792,0.0902516100310407,18.9,21.4,23.7,61.0,0.0,18.099999999999998,20.085714285714285,56.285714285714285,0.0,2.0868066285025573,-0.8999999999999986
2020-10-05,Chennai,26.9,69,0.0,2.6,0,10,4,-0.9959189961471792,0.0902516100310407,27.7,30.0,30.5,76.0,0.0,28.46666666666667,29.157142857142855,68.57142857142857,0.0,2.522470444397242,-0.8000000000000007
2020-10-05,Hyderabad,26.9,44,0.0,1.1,0,10,4,-0.9959189961471792,0.0902516100310407,26.1,27.7,27.6,43.0,0.0,26.86666666666667,26.685714285714283,48.0,0.0,1.638524307040315,0.7999999999999972
2020-10-05,Mumbai,24.6,76,0.0,1.6,0,10,4,-0.9959189961471792,0.0902516100310407,25.1,28.8,27.4,77.0,0.0,24.96666666666667,26.342857142857145,76.42857142857143,0.0,1.7793792390017351,-0.5
2020-10-06,Delhi,26.7,36,0.0,3.7,1,10,4,-0.994217906893952,0.10738134666416306,26.1,25.2,25.3,40.0,0.0,25.599999999999994,25.428571428571427,40.857142857142854,0.0,2.044271904382802,0.5999999999999979
2020-10-06,Hyderabad,25.1,46,0.0,2.0,1,10,4,-0.994217906893952,0.10738134666416306,26.9,27.6,28.2,44.0,0.0,26.033333333333342,26.242857142857144,47.0,0.0,1.5788784446109883,-1.7999999999999972
2020-10-06,Mumbai,25.1,76,0.0,3.0,1,10,4,-0.994217906893952,0.10738134666416306,24.6,25.2,28.7,76.0,0.0,24.933333333333334,25.82857142857143,75.85714285714286,0.0,1.4795430439995703,0.5
2020-10-06,Bangalore,18.3,60,0.0,3.2,1,10,4,-0.994217906893952,0.10738134666416306,18.0,17.4,22.8,56.0,0.0,18.4,19.442857142857143,57.42857142857143,0.0,1.7821869924872704,0.3000000000000007
2020-10-06,Chennai,28.3,71,0.0,2.0,1,10,4,-0.994217906893952,0.10738134666416306,26.9,30.8,33.6,69.0,0.0,27.633333333333336,28.400000000000002,70.42857142857143,0.0,1.5895492023423134,1.4000000000000021
2020-10-07,Mumbai,30.3,71,0.0,3.3,2,10,4,-0.9922222094179324,0.12447926388678869,25.1,25.1,25.2,76.0,0.0,26.666666666666668,26.55714285714286,75.14285714285714,0.0,2.1991340287009344,5.199999999999999
2020-10-07,Bangalore,22.8,58,0.0,3.3,2,10,4,-0.9922222094179324,0.12447926388678869,18.3,18.9,22.1,60.0,0.0,19.7,19.542857142857144,56.714285714285715,0.0,1.9662630740037854,4.5
2020-10-07,Hyderabad,22.1,48,0.0,4.3,2,10,4,-0.9922222094179324,0.12447926388678869,25.1,26.1,27.0,46.0,0.0,24.700000000000003,25.542857142857144,47.285714285714285,0.0,2.1647610667670913,-3.0
2020-10-08,Chennai,28.4,69,0.0,4.5,3,10,4,-0.989932495087353,0.141540295217043,28.3,27.7,26.4,71.0,0.0,27.86666666666667,28.685714285714287,71.14285714285714,0.0,1.3284434142116646,0.09999999999999787
2020-10-08,Bangalore,19.9,60,0.0,0.6,3,10,4,-0.989932495087353,0.141540295217043,22.8,18.0,20.0,58.0,0.0,20.333333333333332,19.52857142857143,58.0,0.0,1.9627483161071093,-2.900000000000002
2020-10-08,Delhi,27.0,50,0.0,2.6,3,10,4,-0.989932495087353,0.141540295217043,26.7,24.0,29.0,36.0,0.0,26.599999999999994,25.142857142857142,41.57142857142857,0.0,1.5393257645882197,0.3000000000000007
2020-10-09,Bangalore,20.2,56,0.0,3.5,4,10,4,-0.9873494423939864,0.15855938510313475,19.9,18.3,21.4,60.0,0.0,20.966666666666665,19.357142857142858,57.857142857142854,0.0,1.8192096661803887,0.3000000000000007
2020-10-09,Delhi,23.1,38,0.0,2.9,4,10,4,-0.9873494423939864,0.15855938510313475,27.0,26.1,24.1,50.0,0.0,25.599999999999994,25.0,42.142857142857146,0.0,1.6911534525291638,-3.8999999999999986
2020-10-09,Hyderabad,23.8,52,1.8,2.7,4,10,4,-0.9873494423939864,0.15855938510313475,22.1,26.9,23.3,48.0,0.0,23.666666666666675,25.614285714285717,47.285714285714285,0.2571428571428572,2.0852086797477494,1.6999999999999993
2020-10-09,Chennai,28.9,70,0.0,1.9,4,10,4,-0.9873494423939864,0.15855938510313475,28.4,26.9,28.7,69.0,0.0,28.533333333333342,28.714285714285715,71.57142857142857,0.0,1.3309502512975506,0.5
2020-10-10,Bangalore,20.8,54,0.0,2.3,5,10,4,-0.9844738167520923,0.17553149042142777,20.2,22.8,17.4,56.0,0.0,20.299999999999997,19.842857142857145,57.857142857142854,0.0,1.6561573424217475,0.6000000000000014
2020-10-10,Mumbai,29.0,72,0.0,1.6,5,10,4,-0.9844738167520923,0.17553149042142777,30.3,24.6,26.8,71.0,0.0,28.133333333333336,26.871428571428574,74.42857142857143,0.0,2.3886637029339703,-1.3000000000000007
2020-10-10,Delhi,21.7,48,0.0,2.4,5,10,4,-0.9844738167520923,0.17553149042142777,23.1,26.7,22.9,38.0,0.0,23.933333333333326,24.828571428571426,42.0,0.0,1.9762880067732067,-1.4000000000000021
2020-10-10,Chennai,30.9,68,0.0,3.3,5,10,4,-0.9844738167520923,0.17553149042142777,28.9,28.3,30.0,70.0,0.0,29.400000000000006,28.842857142857138,70.42857142857143,0.0,1.5075997953228812,2.0
2020-10-10,Hyderabad,25.6,52,0.0,3.4,5,10,4,-0.9844738167520923,0.17553149042142777,23.8,25.1,27.7,52.0,1.8,23.83333333333334,25.314285714285717,48.42857142857143,0.2571428571428572,1.875658614485955,1.8000000000000007
2020-10-11,Delhi,25.8,33,0.0,3.9,6,10,4,-0.9813064702716093,0.19245158197082995,21.7,27.0,25.2,48.0,0.0,23.53333333333333,24.914285714285715,40.857142857142854,0.0,2.007841769520171,4.100000000000001
2020-10-11,Mumbai,27.0,81,0.0,1.8,6,10,4,-0.9813064702716093,0.19245158197082995,29.0,25.1,28.8,72.0,0.0,28.76666666666667,26.614285714285717,75.42857142857143,0.0,2.2386220251370035,-2.0
2020-10-11,Hyderabad,25.0,52,0.0,1.9,6,10,4,-0.9813064702716093,0.19245158197082995,25.6,22.1,27.6,52.0,0.0,24.800000000000008,24.942857142857147,48.142857142857146,0.2571428571428572,1.5820420799894366,-0.6000000000000014
2020-10-11,Bangalore,23.5,63,0.0,4.3,6,10,4,-0.9813064702716093,0.19245158197082995,20.8,19.9,18.9,54.0,0.0,21.5,20.5,58.142857142857146,0.0,2.0784609690827214,2.6999999999999993
2020-10-12,Bangalore,25.0,62,0.0,3.5,0,10,4,-0.9778483415056567,0.20931464596304888,23.5,20.2,18.0,63.0,0.0,23.099999999999998,21.5,59.0,0.0,2.3423634787681635,1.5
2020-10-12,Delhi,23.1,37,0.0,2.5,0,10,4,-0.9778483415056567,0.20931464596304888,25.8,23.1,24.0,33.0,0.0,23.53333333333333,24.785714285714285,40.285714285714285,0.0,2.102719327782456,-2.6999999999999993
2020-10-12,Mumbai,28.3,64,0.0,3.2,0,10,4,-0.9778483415056567,0.20931464596304888,27.0,30.3,25.2,81.0,0.0,28.099999999999998,27.057142857142857,73.85714285714286,0.0,2.218751257544904,1.3000000000000007
2020-10-12,Hyderabad,25.2,36,0.0,3.1,0,10,4,-0.9778483415056567,0.20931464596304888,25.0,23.8,26.1,52.0,0.0,25.26666666666667,24.814285714285713,47.142857142857146,0.2571428571428572,1.5071259308461056,0.1999999999999993
2020-10-12,Chennai,26.0,76,0.0,2.1,0,10,4,-0.9778483415056567,0.20931464596304888,30.9,28.4,30.8,68.0,0.0,28.600000000000005,28.157142857142855,71.28571428571429,0.0,1.5597618865895968,-4.899999999999999
2020-10-13,Mumbai,25.4,81,0.0,3.6,1,10,4,-0.9741004551724206,0.22611568550828803,28.3,29.0,25.1,64.0,0.0,26.900000000000002,27.1,74.42857142857143,0.0,2.177154105707714,-2.900000000000002
2020-10-13,Hyderabad,25.6,50,0.0,2.5,1,10,4,-0.9741004551724206,0.22611568550828803,25.2,25.6,26.9,36.0,0.0,25.26666666666667,24.62857142857143,48.0,0.2571428571428572,1.2684824078590142,0.40000000000000213
2020-10-13,Bangalore,20.1,60,0.0,2.5,1,10,4,-0.9741004551724206,0.22611568550828803,25.0,20.8,18.3,62.0,0.0,22.86666666666667,21.757142857142856,59.0,0.0,2.0073673827986798,-4.899999999999999
2020-10-14,Mumbai,24.3,73,0.0,2.2,2,10,4,-0.970063921851507,0.2428497220959358,25.4,27.0,24.6,81.0,0.0,26.0,27.057142857142853,74.0,0.0,2.2367067628227653,-1.0999999999999979
2020-10-14,Hyderabad,27.2,47,0.0,2.1,2,10,4,-0.970063921851507,0.2428497220959358,25.6,25.0,25.1,50.0,0.0,26.000000000000004,24.928571428571427,48.142857142857146,0.2571428571428572,1.6028248872062656,1.5999999999999979
2020-10-14,Bangalore,21.2,57,0.0,1.5,2,10,4,-0.970063921851507,0.2428497220959358,20.1,23.5,22.8,60.0,0.0,22.100000000000005,21.52857142857143,58.857142857142854,0.0,1.9593487742226612,1.0999999999999979
2020-10-14,Delhi,23.3,46,0.0,2.7,2,10,4,-0.970063921851507,0.2428497220959358,23.1,21.7,26.1,37.0,0.0,24.066666666666663,24.38571428571429,41.142857142857146,0.0,2.0772004970063134,0.1999999999999993
2020-10-14,Chennai,28.5,66,0.0,1.4,2,10,4,-0.970063921851507,0.2428497220959358,26.0,28.9,27.7,76.0,0.0,28.46666666666667,28.27142857142857,69.85714285714286,0.0,1.549961597066636,2.5
2020-10-15,Bangalore,22.4,63,0.0,1.3,3,10,4,-0.965739937654855,0.25951179706979943,21.2,25.0,19.9,57.0,0.0,21.233333333333334,21.885714285714283,59.285714285714285,0.0,1.837052504628572,1.1999999999999993
2020-10-15,Hyderabad,21.3,50,0.0,4.6,3,10,4,-0.965739937654855,0.25951179706979943,27.2,25.2,22.1,47.0,0.0,24.700000000000003,24.814285714285713,48.42857142857143,0.2571428571428572,1.8479074394465957,-5.899999999999999
2020-10-15,Delhi,23.9,43,0.0,3.8,3,10,4,-0.965739937654855,0.25951179706979943,23.3,25.8,26.7,46.0,0.0,23.433333333333326,23.985714285714288,42.142857142857146,0.0,1.8096303226801091,0.5999999999999979
2020-10-15,Chennai,29.4,66,0.0,1.8,3,10,4,-0.965739937654855,0.25951179706979943,28.5,30.9,26.9,66.0,0.0,27.96666666666667,28.62857142857143,69.42857142857143,0.0,1.4670995032312513,0.8999999999999986
2020-10-15,Mumbai,26.8,72,0.0,1.7,3,10,4,-0.965739937654855,0.25951179706979943,24.3,28.3,25.1,73.0,0.0,25.5,27.3,73.42857142857143,0.0,2.075250988836443,2.5
2020-10-16,Chennai,31.0,70,0.0,2.4,4,10,4,-0.9611297838723007,0.27609697309746883,29.4,26.0,28.3,66.0,0.0,29.633333333333336,29.014285714285712,69.28571428571429,0.0,1.702379287378609,1.6000000000000014
2020-10-16,Delhi,23.9,48,0.0,1.9,4,10,4,-0.9611297838723007,0.27609697309746883,23.9,23.1,27.0,43.0,0.0,23.699999999999992,23.54285714285714,41.857142857142854,0.0,1.2380860805528004,0.0
2020-10-16,Bangalore,25.3,65,0.0,2.8,4,10,4,-0.9611297838723007,0.27609697309746883,22.4,20.1,20.2,63.0,0.0,22.966666666666665,22.614285714285717,60.57142857142857,0.0,2.0554225611202352,2.900000000000002
2020-10-16,Hyderabad,24.8,49,0.0,2.9,4,10,4,-0.9611297838723007,0.27609697309746883,21.3,25.6,23.8,50.0,0.0,24.433333333333337,24.957142857142856,48.0,0.0,1.7943031542980599,3.5
2020-10-17,Mumbai,26.9,78,0.0,3.1,5,10,4,-0.9562348265919058,0.2926003356333479,26.8,25.4,30.3,72.0,0.0,26.0,26.814285714285717,74.42857142857143,0.0,1.5994046511421607,0.09999999999999787
2020-10-17,Bangalore,20.0,72,0.0,3.3,5,10,4,-0.9562348265919058,0.2926003356333479,25.3,21.2,20.8,65.0,0.0,22.566666666666666,22.5,63.142857142857146,0.0,2.190890230020703,-5.300000000000001
2020-10-17,Delhi,25.2,48,0.0,0.6,5,10,4,-0.9562348265919058,0.2926003356333479,23.9,23.3,23.1,48.0,0.0,24.33333333333333,23.842857142857145,43.285714285714285,0.0,1.3611969522661176,1.3000000000000007
2020-10-17,Hyderabad,24.5,45,0.0,3.8,5,10,4,-0.9562348265919058,0.2926003356333479,24.8,27.2,25.6,49.0,0.0,23.533333333333342,24.8,47.0,0.0,1.7767010628315718,-0.3000000000000007
2020-10-17,Chennai,30.6,69,0.0,2.1,5,10,4,-0.9562348265919058,0.2926003356333479,31.0,28.5,28.4,70.0,0.0,30.33333333333334,29.328571428571426,69.28571428571429,0.0,1.7717357644547638,-0.3999999999999986
2020-10-18,Chennai,30.0,70,0.0,3.9,6,10,4,-0.9510565162951536,0.30901699437494723,30.6,29.4,28.9,69.0,0.0,30.533333333333342,29.485714285714284,69.28571428571429,0.0,1.7761649430056892,-0.6000000000000014
2020-10-18,Hyderabad,24.1,49,0.0,4.5,6,10,4,-0.9510565162951536,0.30901699437494723,24.5,21.3,25.0,45.0,0.0,24.466666666666672,24.67142857142857,46.57142857142857,0.0,1.7923116225648745,-0.3999999999999986
2020-10-18,Bangalore,21.8,64,0.0,4.8,6,10,4,-0.9510565162951536,0.30901699437494723,20.0,22.4,23.5,72.0,0.0,22.366666666666664,22.25714285714286,63.285714285714285,0.0,2.1555023721143662,1.8000000000000007
2020-10-18,Delhi,22.2,51,0.0,3.6,6,10,4,-0.9510565162951536,0.30901699437494723,25.2,23.9,21.7,48.0,0.0,23.766666666666662,23.914285714285715,43.714285714285715,0.0,1.237509018726728,-3.0
2020-10-18,Mumbai,30.1,75,0.0,3.0,6,10,4,-0.9510565162951536,0.30901699437494723,26.9,24.3,29.0,78.0,0.0,27.933333333333334,26.971428571428568,74.85714285714286,0.0,1.8794629425399427,3.200000000000003
2020-10-19,Chennai,26.7,61,0.0,2.1,0,10,4,-0.9455963874271428,0.3253420847119795,30.0,31.0,30.9,70.0,0.0,29.100000000000005,28.88571428571429,68.28571428571429,0.0,1.9221763459064731,-3.3000000000000007
2020-10-19,Hyderabad,23.1,50,0.0,5.2,0,10,4,-0.9455963874271428,0.3253420847119795,24.1,24.8,25.2,49.0,0.0,23.900000000000006,24.371428571428574,48.57142857142857,0.0,1.8634325725341276,-1.0
2020-10-19,Mumbai,25.9,82,0.0,1.8,0,10,4,-0.9455963874271428,0.3253420847119795,30.1,26.8,27.0,75.0,0.0,27.633333333333336,26.814285714285717,75.0,0.0,1.9221763459063386,-4.200000000000003
2020-10-19,Bangalore,23.6,60,0.0,4.5,0,10,4,-0.9455963874271428,0.3253420847119795,21.8,25.3,25.0,64.0,0.0,21.8,22.057142857142857,63.0,0.0,1.9095000592277218,1.8000000000000007
2020-10-20,Delhi,24.6,44,0.0,3.2,1,10,4,-0.9398560579418953,0.341570769167856,22.2,23.9,25.8,51.0,0.0,23.999999999999996,23.74285714285714,45.285714285714285,0.0,0.9913915184520078,2.400000000000002
2020-10-20,Bangalore,18.4,65,0.0,3.4,1,10,4,-0.9398560579418953,0.341570769167856,23.6,20.0,20.1,60.0,0.0,21.26666666666667,21.814285714285713,63.714285714285715,0.0,2.2733445049300056,-5.200000000000003
2020-10-20,Chennai,26.9,72,0.0,5.3,1,10,4,-0.9398560579418953,0.341570769167856,26.7,30.6,26.0,61.0,0.0,27.86666666666667,29.014285714285712,67.71428571428571,0.0,1.7160308577535464,0.1999999999999993
2020-10-20,Hyderabad,26.4,49,0.0,3.0,1,10,4,-0.9398560579418953,0.341570769167856,23.1,24.5,25.6,50.0,0.0,24.533333333333342,24.485714285714288,48.42857142857143,0.0,1.9726704163211768,3.299999999999997
2020-10-20,Mumbai,29.3,78,0.0,0.5,1,10,4,-0.9398560579418953,0.341570769167856,25.9,26.9,28.3,82.0,0.0,28.433333333333334,26.957142857142856,77.0,0.0,2.0815516190709973,3.400000000000002
2020-10-21,Hyderabad,22.8,53,0.0,2.2,2,10,4,-0.9338372288229252,0.35769823883312546,26.4,24.1,27.2,49.0,0.0,24.100000000000005,23.857142857142858,49.285714285714285,0.0,1.6359066220878016,-3.599999999999998
2020-10-21,Delhi,25.3,35,0.0,2.3,2,10,4,-0.9338372288229252,0.35769823883312546,24.6,25.2,23.1,44.0,0.0,24.03333333333333,24.057142857142857,45.0,0.0,1.0967484410103103,0.6999999999999993
2020-10-21,Bangalore,19.7,53,0.0,1.3,2,10,4,-0.9338372288229252,0.35769823883312546,18.4,21.8,21.2,65.0,0.0,20.566666666666666,21.6,63.142857142857146,0.0,2.407626770632628,1.3000000000000007
2020-10-21,Chennai,26.0,76,0.0,2.2,2,10,4,-0.9338372288229252,0.35769823883312546,26.9,30.0,28.5,72.0,0.0,26.533333333333335,28.657142857142855,69.14285714285714,0.0,2.065475847399557,-0.8999999999999986
2020-10-21,Mumbai,26.8,79,0.0,2.1,2,10,4,-0.9338372288229252,0.35769823883312546,29.3,30.1,25.4,78.0,0.0,27.333333333333332,27.157142857142855,76.71428571428571,0.0,1.9713423031504278,-2.5
2020-10-22,Delhi,24.9,52,0.0,3.4,3,10,4,-0.9275416835791965,0.3737197147904692,25.3,22.2,23.3,35.0,0.0,24.933333333333326,24.285714285714285,45.857142857142854,0.0,1.079241356121644,-0.40000000000000213
2020-10-22,Mumbai,27.2,71,0.0,3.6,3,10,4,-0.9275416835791965,0.3737197147904692,26.8,25.9,24.3,79.0,0.0,27.766666666666666,27.571428571428573,76.42857142857143,0.0,1.52502927372371,0.3999999999999986
2020-10-22,Bangalore,22.3,67,0.0,2.4,3,10,4,-0.9275416835791965,0.3737197147904692,19.7,23.6,22.4,53.0,0.0,20.133333333333333,21.58571428571429,63.714285714285715,0.0,2.4023797725232376,2.6000000000000014
2020-10-22,Hyderabad,23.8,47,0.0,1.8,3,10,4,-0.9275416835791965,0.3737197147904692,22.8,23.1,21.3,53.0,0.0,24.33333333333334,24.214285714285715,48.857142857142854,0.0,1.199206086582058,1.0
2020-10-23,Chennai,28.0,67,0.0,2.3,4,10,4,-0.9209712877166347,0.38963044953078774,26.0,26.7,29.4,76.0,0.0,26.96666666666667,28.457142857142856,69.28571428571429,0.0,2.049273971318681,2.0
2020-10-23,Bangalore,17.0,59,0.0,2.7,4,10,4,-0.9209712877166347,0.38963044953078774,22.3,18.4,25.3,67.0,0.0,19.666666666666668,20.400000000000002,62.857142857142854,0.0,2.3101226518665574,-5.300000000000001
2020-10-23,Hyderabad,26.9,54,0.0,2.8,4,10,4,-0.9209712877166347,0.38963044953078774,23.8,26.4,24.8,47.0,0.0,24.500000000000004,24.514285714285712,49.57142857142857,0.0,1.5741966961264486,3.099999999999998
2020-10-23,Delhi,22.5,47,0.0,2.0,4,10,4,-0.9209712877166347,0.38963044953078774,24.9,24.6,23.9,52.0,0.0,24.23333333333333,24.085714285714285,46.42857142857143,0.0,1.2746614863418855,-2.3999999999999986
2020-10-23,Mumbai,25.9,84,0.0,3.2,4,10,4,-0.9209712877166347,0.38963044953078774,27.2,29.3,26.8,71.0,0.0,26.633333333333336,27.442857142857143,78.14285714285714,0.0,1.634887501590589,-1.3000000000000007
2020-10-24,Delhi,26.9,46,0.0,2.4,5,10,4,-0.9141279881853337,0.4054257283599973,22.5,25.3,23.9,47.0,0.0,24.766666666666662,24.514285714285716,46.142857142857146,0.0,1.650685283378773,4.399999999999999
2020-10-24,Chennai,31.5,68,0.0,2.4,5,10,4,-0.9141279881853337,0.4054257283599973,28.0,26.9,31.0,67.0,0.0,28.500000000000004,28.52857142857143,69.0,0.0,2.1584827122421086,3.5
2020-10-24,Mumbai,29.3,70,0.0,3.8,5,10,4,-0.9141279881853337,0.4054257283599973,25.9,26.8,26.9,84.0,0.0,27.46666666666667,27.785714285714285,77.0,0.0,1.7496938507717752,3.400000000000002
2020-10-24,Bangalore,20.2,69,0.0,2.0,5,10,4,-0.9141279881853337,0.4054257283599973,17.0,19.7,20.0,59.0,0.0,19.833333333333332,20.428571428571427,62.42857142857143,0.0,2.3055832853563527,3.1999999999999993
2020-10-24,Hyderabad,26.6,48,0.0,3.8,5,10,4,-0.9141279881853337,0.4054257283599973,26.9,22.8,24.5,54.0,0.0,25.76666666666667,24.814285714285713,50.0,0.0,1.7601406870177745,-0.29999999999999716
2020-10-25,Chennai,26.0,72,0.0,5.1,6,10,4,-0.9070138128026362,0.42110087079608916,31.5,26.0,30.6,68.0,0.0,28.500000000000004,27.87142857142857,69.42857142857143,0.0,2.122666786312601,-5.5
2020-10-25,Hyderabad,25.0,55,0.0,3.6,6,10,4,-0.9070138128026362,0.42110087079608916,26.6,23.8,24.1,48.0,0.0,26.16666666666667,24.942857142857147,50.857142857142854,0.0,1.7319133377637475,-1.6000000000000014
2020-10-25,Delhi,24.0,47,0.0,4.0,6,10,4,-0.9070138128026362,0.42110087079608916,26.9,24.9,25.2,46.0,0.0,24.466666666666658,24.342857142857138,46.0,0.0,1.6297823401276164,-2.8999999999999986
2020-10-25,Bangalore,24.7,69,0.0,4.1,6,10,4,-0.9070138128026362,0.42110087079608916,20.2,22.3,21.8,69.0,0.0,20.633333333333333,20.842857142857145,63.142857142857146,0.0,2.800510157606542,4.5
2020-10-25,Mumbai,25.8,77,0.0,2.7,6,10,4,-0.9070138128026362,0.42110087079608916,29.3,27.2,30.1,70.0,0.0,27.0,27.17142857142857,77.28571428571429,0.0,1.544575762374332,-3.5
2020-10-26,Chennai,27.9,75,0.0,2.7,0,10,4,-0.8996308696522434,0.4366512319560638,26.0,28.0,30.0,72.0,0.0,28.466666666666672,27.571428571428573,70.14285714285714,0.0,1.9093753653262215,1.8999999999999986
2020-10-26,Bangalore,21.3,66,0.0,2.9,0,10,4,-0.8996308696522434,0.4366512319560638,24.7,17.0,23.6,69.0,0.0,22.066666666666666,20.514285714285712,64.0,0.0,2.546519566930952,-3.3999999999999986
2020-10-26,Delhi,23.3,43,0.0,4.0,0,10,4,-0.8996308696522434,0.4366512319560638,24.0,22.5,22.2,47.0,0.0,24.73333333333333,24.5,44.857142857142854,0.0,1.4294521094932453,-0.6999999999999993
2020-10-26,Hyderabad,21.7,46,0.0,3.5,0,10,4,-0.8996308696522434,0.4366512319560638,25.0,26.9,23.1,55.0,0.0,24.433333333333337,24.74285714285714,50.285714285714285,0.0,2.034581974147019,-3.3000000000000007
2020-10-26,Mumbai,24.7,74,0.0,3.2,0,10,4,-0.8996308696522434,0.4366512319560638,25.8,25.9,25.9,77.0,0.0,26.599999999999998,27.0,76.14285714285714,0.0,1.7606816861658883,-1.1000000000000014
2020-10-27,Hyderabad,22.7,44,0.0,3.1,1,10,4,-0.8919813464595487,0.45207220393230374,21.7,26.6,26.4,46.0,0.0,23.133333333333336,24.214285714285715,49.57142857142857,0.0,2.0128160798813135,1.0
2020-10-27,Chennai,28.9,70,0.0,3.4,1,10,4,-0.8919813464595487,0.45207220393230374,27.9,31.5,26.7,75.0,0.0,27.600000000000005,27.885714285714283,71.42857142857143,0.0,1.9230432231480443,1.0
2020-10-27,Delhi,22.0,48,0.0,1.8,1,10,4,-0.8919813464595487,0.45207220393230374,23.3,26.9,24.6,43.0,0.0,23.099999999999994,24.12857142857143,45.42857142857143,0.0,1.7094972806010393,-1.3000000000000007
2020-10-27,Mumbai,22.3,80,0.0,3.3,1,10,4,-0.8919813464595487,0.45207220393230374,24.7,29.3,29.3,74.0,0.0,24.26666666666667,26.0,76.42857142857143,0.0,2.175622516277409,-2.3999999999999986
2020-10-28,Chennai,30.4,74,0.0,1.7,2,10,4,-0.8840675099433637,0.46735921715800205,28.9,26.0,26.9,70.0,0.0,29.066666666666674,28.38571428571429,71.71428571428571,0.0,2.0731848055818998,1.5
2020-10-28,Hyderabad,27.4,44,0.0,4.5,2,10,4,-0.8840675099433637,0.46735921715800205,22.7,25.0,22.8,44.0,0.0,23.933333333333337,24.87142857142857,48.285714285714285,0.0,2.2148847116079082,4.699999999999999
2020-10-28,Mumbai,26.7,86,0.0,1.0,2,10,4,-0.8840675099433637,0.46735921715800205,22.3,25.8,26.8,80.0,0.0,24.566666666666666,25.985714285714288,77.42857142857143,0.0,2.169814563066427,4.399999999999999
2020-10-28,Bangalore,20.4,55,0.0,2.3,2,10,4,-0.8840675099433637,0.46735921715800205,21.3,20.2,18.4,66.0,0.0,22.13333333333333,20.8,62.57142857142857,0.0,2.3762715894162736,-0.9000000000000021
2020-10-28,Delhi,23.1,50,0.0,3.9,2,10,4,-0.8840675099433637,0.46735921715800205,22.0,24.0,25.3,48.0,0.0,22.799999999999997,23.814285714285713,47.57142857142857,0.0,1.6597475424784742,1.1000000000000014
2020-10-29,Hyderabad,26.2,57,0.0,2.6,3,10,4,-0.8758917051442433,0.48250774176121763,27.4,21.7,23.8,44.0,0.0,25.433333333333337,25.214285714285715,49.714285714285715,0.0,2.2071312990913583,-1.1999999999999993
2020-10-29,Mumbai,22.6,78,0.0,3.3,3,10,4,-0.8758917051442433,0.48250774176121763,26.7,24.7,27.2,86.0,0.0,23.866666666666664,25.328571428571426,78.42857142857143,0.0,2.422611735100674,-4.099999999999998
2020-10-29,Delhi,20.2,52,0.0,1.7,3,10,4,-0.8758917051442433,0.48250774176121763,23.1,23.3,24.9,50.0,0.0,21.766666666666662,23.142857142857142,47.57142857142857,0.0,2.051712409068413,-2.900000000000002
2020-10-29,Chennai,26.5,67,0.0,3.9,3,10,4,-0.8758917051442433,0.48250774176121763,30.4,27.9,26.0,74.0,0.0,28.600000000000005,28.45714285714286,70.42857142857143,0.0,1.9839834868745514,-3.8999999999999986
2020-10-29,Bangalore,21.0,58,0.0,2.9,3,10,4,-0.8758917051442433,0.48250774176121763,20.4,24.7,19.7,55.0,0.0,20.900000000000002,20.985714285714288,63.285714285714285,0.0,2.3262477450668997,0.6000000000000014
2020-10-30,Delhi,22.5,46,0.0,1.9,4,10,4,-0.8674563547295971,0.4975132889071803,20.2,22.0,22.5,52.0,0.0,21.933333333333326,23.142857142857142,47.42857142857143,0.0,2.051712409068413,2.3000000000000007
2020-10-30,Hyderabad,24.9,55,0.0,2.9,4,10,4,-0.8674563547295971,0.4975132889071803,26.2,22.7,26.9,57.0,0.0,26.16666666666667,24.928571428571427,49.857142857142854,0.0,2.0782318492044567,-1.3000000000000007
2020-10-30,Mumbai,26.4,83,0.0,4.6,4,10,4,-0.8674563547295971,0.4975132889071803,22.6,22.3,25.9,78.0,0.0,25.233333333333334,25.400000000000002,78.28571428571429,0.0,2.449489742783154,3.799999999999997
2020-10-30,Bangalore,20.7,70,0.0,2.5,4,10,4,-0.8674563547295971,0.4975132889071803,21.0,21.3,22.3,58.0,0.0,20.7,20.75714285714286,63.714285714285715,0.0,2.253040273983302,-0.3000000000000007
2020-10-30,Chennai,26.9,75,0.0,3.4,4,10,4,-0.8674563547295971,0.4975132889071803,26.5,28.9,28.0,67.0,0.0,27.933333333333337,28.3,71.57142857142857,0.0,2.0680103158995804,0.3999999999999986
2020-10-31,Hyderabad,21.7,57,0.0,3.4,5,10,4,-0.858763958275803,0.5123714121284235,24.9,27.4,26.6,55.0,0.0,24.26666666666667,24.228571428571424,51.142857142857146,0.0,2.240323105948743,-3.1999999999999993
2020-10-31,Mumbai,28.3,79,0.0,2.9,5,10,4,-0.858763958275803,0.5123714121284235,26.4,26.7,29.3,83.0,0.0,25.766666666666666,25.25714285714286,79.57142857142857,0.0,2.2006492548466277,1.9000000000000021
2020-10-31,Chennai,30.2,70,0.0,2.9,5,10,4,-0.858763958275803,0.5123714121284235,26.9,30.4,31.5,75.0,0.0,27.86666666666667,28.114285714285717,71.85714285714286,0.0,1.7695842933946306,3.3000000000000007
2020-10-31,Delhi,23.7,42,0.0,3.1,5,10,4,-0.858763958275803,0.5123714121284235,22.5,23.1,26.9,46.0,0.0,22.133333333333326,22.685714285714287,46.857142857142854,0.0,1.2902565267277113,1.1999999999999993
2020-10-31,Bangalore,20.4,64,0.0,2.5,5,10,4,-0.858763958275803,0.5123714121284235,20.7,20.4,17.0,70.0,0.0,20.7,21.24285714285714,64.42857142857143,0.0,1.571471860875675,-0.3000000000000007
2020-11-01,Bangalore,19.3,61,0.0,2.6,6,11,4,-0.8498170915275277,0.5270777086423724,20.4,21.0,20.2,64.0,0.0,20.13333333333333,21.114285714285717,63.285714285714285,0.0,1.7023792873785477,-1.0999999999999979
2020-11-01,Chennai,25.0,76,0.0,1.4,6,11,4,-0.8498170915275277,0.5270777086423724,30.2,26.5,26.0,70.0,0.0,27.36666666666667,27.97142857142857,72.42857142857143,0.0,1.994755027327419,-5.199999999999999
2020-11-01,Mumbai,25.7,77,0.0,3.8,6,11,4,-0.8498170915275277,0.5270777086423724,28.3,22.6,25.8,79.0,0.0,26.8,25.24285714285714,79.57142857142857,0.0,2.196859229944047,-2.6000000000000014
2020-11-01,Hyderabad,22.6,50,0.0,1.3,6,11,4,-0.8498170915275277,0.5270777086423724,21.7,26.2,25.0,57.0,0.0,23.066666666666674,23.885714285714283,50.42857142857143,0.0,2.28577380874883,0.9000000000000021
2020-11-01,Delhi,22.4,40,0.0,1.5,6,11,4,-0.8498170915275277,0.5270777086423724,23.7,20.2,24.0,42.0,0.0,22.86666666666666,22.45714285714286,45.857142857142854,0.0,1.153049786230146,-1.3000000000000007
2020-11-02,Delhi,20.9,53,0.0,4.1,0,11,4,-0.8406184056344783,0.5416278206559811,22.4,22.5,23.3,40.0,0.0,22.33333333333333,22.114285714285717,47.285714285714285,0.0,1.2157694016946021,-1.5
2020-11-02,Mumbai,23.5,82,0.0,2.3,0,11,4,-0.8406184056344783,0.5416278206559811,25.7,26.4,24.7,77.0,0.0,25.833333333333332,25.071428571428573,80.71428571428571,0.0,2.2910800114896652,-2.1999999999999993
2020-11-02,Hyderabad,23.8,62,0.0,2.9,0,11,4,-0.8406184056344783,0.5416278206559811,22.6,24.9,21.7,50.0,0.0,22.700000000000006,24.185714285714283,52.714285714285715,0.0,2.079606189825879,1.1999999999999993
2020-11-03,Chennai,25.5,75,0.0,3.3,1,11,4,-0.8311706263658079,0.5560174366570446,25.0,26.9,27.9,76.0,0.0,26.900000000000006,27.62857142857143,72.42857142857143,0.0,2.2043247535351917,0.5
2020-11-03,Mumbai,28.0,80,0.0,1.9,1,11,4,-0.8311706263658079,0.5560174366570446,23.5,28.3,22.3,82.0,0.0,25.733333333333334,25.885714285714283,80.71428571428571,0.0,2.150525960029734,4.5
2020-11-03,Hyderabad,24.6,62,0.0,3.9,1,11,4,-0.8311706263658079,0.5560174366570446,23.8,21.7,22.7,62.0,0.0,23.66666666666667,24.45714285714286,55.285714285714285,0.0,1.974721197922379,0.8000000000000007
2020-11-03,Bangalore,20.7,66,0.0,4.9,1,11,4,-0.8311706263658079,0.5560174366570446,19.3,20.7,24.7,61.0,0.0,20.133333333333333,20.54285714285714,62.857142857142854,0.0,0.6347102826151707,1.3999999999999986
2020-11-03,Delhi,18.4,42,0.0,3.5,1,11,4,-0.8311706263658079,0.5560174366570446,20.9,23.7,22.0,53.0,0.0,20.56666666666666,21.599999999999998,46.42857142857143,0.0,1.8618986725029734,-2.5
2020-11-04,Mumbai,26.2,82,0.0,2.4,2,11,4,-0.8214765533024145,0.5702422926917867,28.0,25.7,26.7,80.0,0.0,25.899999999999995,25.814285714285713,80.14285714285714,0.0,2.1271487735374333,-1.8000000000000007
2020-11-04,Hyderabad,23.7,63,0.0,2.0,2,11,4,-0.8214765533024145,0.5702422926917867,24.6,22.6,27.4,62.0,0.0,24.033333333333342,23.928571428571427,58.0,0.0,1.4918827989203818,-0.9000000000000021
2020-11-04,Bangalore,19.5,61,0.0,2.4,2,11,4,-0.8214765533024145,0.5702422926917867,20.7,20.4,21.3,66.0,0.0,19.833333333333332,20.285714285714285,62.142857142857146,0.0,0.6414269805900528,-1.1999999999999993
2020-11-04,Delhi,19.4,55,0.0,3.3,2,11,4,-0.8214765533024145,0.5702422926917867,18.4,22.4,23.1,42.0,0.0,19.566666666666663,21.071428571428573,47.142857142857146,0.0,1.8900743245657496,1.0
2020-11-04,Chennai,28.8,70,0.0,1.9,2,11,4,-0.8214765533024145,0.5702422926917867,25.5,30.2,28.9,75.0,0.0,26.433333333333337,27.61428571428571,72.42857142857143,0.0,2.195015999507886,3.3000000000000007
2020-11-05,Hyderabad,27.4,59,0.0,3.2,3,11,4,-0.8115390590073611,0.5842981736283683,23.7,23.8,26.2,63.0,0.0,25.233333333333338,24.1,58.285714285714285,0.0,1.827566688249765,3.6999999999999993
2020-11-05,Bangalore,17.1,55,0.0,3.3,3,11,4,-0.8115390590073611,0.5842981736283683,19.5,19.3,20.4,61.0,0.0,19.1,19.814285714285713,62.142857142857146,0.0,1.3569924728711271,-2.3999999999999986
2020-11-05,Mumbai,23.9,83,0.0,1.3,3,11,4,-0.8115390590073611,0.5842981736283683,26.2,23.5,22.6,82.0,0.0,26.03333333333333,26.0,80.85714285714286,0.0,1.8366636418607645,-2.3000000000000007
2020-11-05,Delhi,20.3,56,0.0,1.6,3,11,4,-0.8115390590073611,0.5842981736283683,19.4,20.9,20.2,55.0,0.0,19.36666666666666,21.085714285714285,47.714285714285715,0.0,1.8827538088564915,0.9000000000000021
2020-11-05,Chennai,30.6,73,0.0,2.1,3,11,4,-0.8115390590073611,0.5842981736283683,28.8,25.0,30.4,70.0,0.0,28.300000000000008,27.642857142857142,72.28571428571429,0.0,2.2381965529247383,1.8000000000000007
2020-11-06,Delhi,21.8,51,0.0,2.4,4,11,4,-0.801361088174677,0.5981809144059158,20.3,18.4,22.5,56.0,0.0,20.499999999999996,20.985714285714284,48.42857142857143,0.0,1.8123912118424201,1.5
2020-11-06,Bangalore,20.8,62,0.0,3.1,4,11,4,-0.801361088174677,0.5981809144059158,17.1,20.7,21.0,55.0,0.0,19.133333333333336,19.785714285714285,62.714285714285715,0.0,1.329697423512419,3.6999999999999993
2020-11-06,Hyderabad,21.7,54,0.0,2.5,4,11,4,-0.801361088174677,0.5981809144059158,27.4,24.6,24.9,59.0,0.0,24.26666666666667,23.642857142857142,58.142857142857146,0.0,1.9873408891088753,-5.699999999999999
2020-11-06,Chennai,24.0,73,0.0,3.4,4,11,4,-0.801361088174677,0.5981809144059158,30.6,25.5,26.5,73.0,0.0,27.800000000000008,27.285714285714285,73.14285714285714,0.0,2.618160022756869,-6.600000000000001
2020-11-07,Mumbai,26.8,77,0.0,2.5,5,11,4,-0.7909456567567774,0.6118864012687242,23.9,28.0,26.4,83.0,0.0,25.63333333333333,26.057142857142857,80.0,0.0,1.8572893715099235,2.900000000000002
2020-11-07,Bangalore,17.1,62,0.0,1.6,5,11,4,-0.7909456567567774,0.6118864012687242,20.8,19.5,20.7,62.0,0.0,18.333333333333332,19.271428571428572,61.57142857142857,0.0,1.5882005390948928,-3.6999999999999993
2020-11-07,Delhi,22.7,49,0.0,4.8,5,11,4,-0.7909456567567774,0.6118864012687242,21.8,19.4,23.7,51.0,0.0,21.599999999999994,20.842857142857145,49.42857142857143,0.0,1.5883504471176664,0.8999999999999986
2020-11-07,Hyderabad,27.1,50,0.0,3.0,5,11,4,-0.7909456567567774,0.6118864012687242,21.7,23.7,21.7,54.0,0.0,25.400000000000006,24.414285714285715,57.142857142857146,0.0,2.1489753926221287,5.400000000000002
2020-11-08,Hyderabad,20.2,52,0.0,3.0,6,11,4,-0.780295851070776,0.6254105729852457,27.1,27.4,22.6,50.0,0.0,23.000000000000004,24.071428571428573,57.42857142857143,0.0,2.625334445814699,-6.900000000000002
2020-11-08,Mumbai,25.0,80,0.0,3.2,6,11,4,-0.780295851070776,0.6254105729852457,26.8,26.2,28.3,77.0,0.0,25.233333333333334,25.58571428571429,80.14285714285714,0.0,1.5931400560199116,-1.8000000000000007
2020-11-08,Bangalore,21.8,62,0.0,2.0,6,11,4,-0.780295851070776,0.6254105729852457,17.1,17.1,20.4,62.0,0.0,19.900000000000002,19.47142857142857,61.285714285714285,0.0,1.8245677896553925,4.699999999999999
2020-11-08,Delhi,14.8,51,0.0,2.5,6,11,4,-0.780295851070776,0.6254105729852457,22.7,20.3,22.4,49.0,0.0,19.766666666666662,19.757142857142856,51.0,0.0,2.6133357628758076,-7.899999999999999
2020-11-08,Chennai,26.9,73,0.0,5.5,6,11,4,-0.780295851070776,0.6254105729852457,24.0,28.8,26.9,73.0,0.0,27.16666666666667,27.285714285714285,72.85714285714286,0.0,2.618160022756869,2.8999999999999986
2020-11-09,Bangalore,15.6,61,0.0,2.0,0,11,4,-0.7694148268839381,0.6387494220515268,21.8,20.8,19.3,62.0,0.0,18.166666666666668,18.942857142857143,61.285714285714285,0.0,2.344395546018387,-6.200000000000001
2020-11-09,Chennai,23.2,73,0.9,2.9,0,11,4,-0.7694148268839381,0.6387494220515268,26.9,30.6,30.2,73.0,0.0,24.700000000000003,26.285714285714285,73.28571428571429,0.1285714285714286,2.656080176644179,-3.6999999999999993
2020-11-09,Delhi,20.7,49,0.0,1.9,0,11,4,-0.7694148268839381,0.6387494220515268,14.8,21.8,20.9,51.0,0.0,19.399999999999995,19.728571428571428,50.42857142857143,0.0,2.5998168433659887,5.899999999999999
2020-11-09,Hyderabad,21.9,53,0.0,4.0,0,11,4,-0.7694148268839381,0.6387494220515268,20.2,21.7,23.8,52.0,0.0,23.066666666666674,23.800000000000004,56.142857142857146,0.0,2.7531799795872844,1.6999999999999993
2020-11-09,Mumbai,23.0,72,0.0,3.3,0,11,4,-0.7694148268839381,0.6387494220515268,25.0,23.9,25.7,80.0,0.0,24.933333333333334,25.2,79.42857142857143,0.0,1.8645821694595637,-2.0
2020-11-10,Delhi,19.1,46,0.0,2.0,1,11,4,-0.7583058084785625,0.6518989958787125,20.7,22.7,18.4,49.0,0.0,18.199999999999996,19.82857142857143,51.0,0.0,2.5532425695670753,-1.5999999999999979
2020-11-10,Mumbai,24.3,92,0.0,3.1,1,11,4,-0.7583058084785625,0.6518989958787125,23.0,26.8,23.5,72.0,0.0,24.100000000000005,25.314285714285713,80.85714285714286,0.0,1.764868806671413,1.3000000000000007
2020-11-10,Bangalore,18.7,59,0.0,4.0,1,11,4,-0.7583058084785625,0.6518989958787125,15.6,17.1,20.7,61.0,0.0,18.7,18.657142857142862,60.285714285714285,0.0,2.212733711089265,3.0999999999999996
2020-11-10,Chennai,27.5,76,0.0,5.2,1,11,4,-0.7583058084785625,0.6518989958787125,23.2,24.0,25.0,73.0,0.9,25.86666666666667,26.642857142857142,73.28571428571429,0.1285714285714286,2.6222491255010025,4.300000000000001
2020-11-10,Hyderabad,23.1,55,0.0,2.4,1,11,4,-0.7583058084785625,0.6518989958787125,21.9,27.1,24.6,53.0,0.0,21.733333333333338,23.585714285714285,55.142857142857146,0.0,2.738873595372526,1.2000000000000028
2020-11-11,Hyderabad,20.1,57,0.0,3.6,2,11,4,-0.7469720876965551,0.6648553979642866,23.1,20.2,23.7,55.0,0.0,21.700000000000006,23.071428571428573,54.285714285714285,0.0,3.0357394956936887,-3.0
2020-11-11,Bangalore,20.7,61,0.0,2.4,2,11,4,-0.7469720876965551,0.6648553979642866,18.7,21.8,19.5,59.0,0.0,18.333333333333332,18.82857142857143,60.285714285714285,0.0,2.332176584019315,2.0
2020-11-11,Delhi,20.0,45,0.0,1.9,2,11,4,-0.7469720876965551,0.6648553979642866,19.1,14.8,19.4,46.0,0.0,19.933333333333326,19.914285714285715,49.57142857142857,0.0,2.546519566931257,0.8999999999999986
2020-11-11,Mumbai,24.0,92,0.0,2.6,2,11,4,-0.7469720876965551,0.6648553979642866,24.3,25.0,28.0,92.0,0.0,23.76666666666667,24.74285714285714,82.57142857142857,0.0,1.348897256844882,-0.3000000000000007
2020-11-12,Bangalore,19.4,55,0.0,2.5,3,11,4,-0.7354170229639858,0.6776147890466887,20.7,15.6,17.1,61.0,0.0,19.599999999999998,19.157142857142855,60.285714285714285,0.0,2.206699755182878,-1.3000000000000007
2020-11-12,Delhi,20.5,55,0.0,3.3,3,11,4,-0.7354170229639858,0.6776147890466887,20.0,20.7,20.3,45.0,0.0,19.866666666666664,19.942857142857143,49.42857142857143,0.0,2.552682995632698,0.5
2020-11-12,Hyderabad,22.3,50,0.0,4.4,3,11,4,-0.7354170229639858,0.6776147890466887,20.1,21.9,27.4,57.0,0.0,21.83333333333334,22.342857142857145,53.0,0.0,2.3606899717789025,2.1999999999999993
2020-11-12,Mumbai,25.8,80,0.0,1.2,3,11,4,-0.7354170229639858,0.6776147890466887,24.0,23.0,26.2,92.0,0.0,24.700000000000003,24.685714285714287,82.28571428571429,0.0,1.2837816162007745,1.8000000000000007
2020-11-12,Chennai,24.1,73,0.0,3.9,3,11,4,-0.7354170229639858,0.6776147890466887,27.5,26.9,25.5,76.0,0.0,24.933333333333337,26.442857142857143,73.0,0.1285714285714286,2.772999064104438,-3.3999999999999986
2020-11-13,Bangalore,18.5,72,0.0,1.6,4,11,4,-0.7236440382959124,0.690173388242972,19.4,18.7,20.8,55.0,0.0,19.53333333333333,18.82857142857143,61.714285714285715,0.0,2.0894291770037743,-0.8999999999999986
2020-11-13,Delhi,21.2,55,0.0,2.4,4,11,4,-0.7236440382959124,0.690173388242972,20.5,19.1,21.8,55.0,0.0,20.566666666666663,19.857142857142858,50.0,0.0,2.489214831265541,0.6999999999999993
2020-11-13,Chennai,29.6,72,0.0,4.3,4,11,4,-0.7236440382959124,0.690173388242972,24.1,23.2,28.8,73.0,0.0,27.066666666666674,26.557142857142857,73.28571428571429,0.1285714285714286,2.899917897031586,5.5
2020-11-13,Mumbai,25.3,74,0.0,3.7,4,11,4,-0.7236440382959124,0.690173388242972,25.8,24.3,23.9,80.0,0.0,25.03333333333333,24.885714285714283,81.0,0.0,1.2495713550767793,-0.5
2020-11-14,Bangalore,20.0,57,0.0,3.9,5,11,4,-0.711656622281775,0.7025274741691566,18.5,20.7,17.1,72.0,0.0,19.299999999999997,19.24285714285714,61.0,0.0,1.9738770164807222,1.5
2020-11-14,Chennai,27.7,80,0.0,3.4,5,11,4,-0.711656622281775,0.7025274741691566,29.6,27.5,30.6,72.0,0.0,27.13333333333334,26.142857142857142,74.28571428571429,0.1285714285714286,2.388065565024838,-1.9000000000000021
2020-11-14,Delhi,18.4,47,0.0,4.2,5,11,4,-0.711656622281775,0.7025274741691566,21.2,20.0,22.7,55.0,0.0,20.033333333333328,19.242857142857144,49.714285714285715,0.0,2.1823971093407977,-2.8000000000000007
2020-11-14,Hyderabad,23.6,54,0.0,3.7,5,11,4,-0.711656622281775,0.7025274741691566,22.3,23.1,21.7,50.0,0.0,22.000000000000004,22.614285714285717,53.0,0.0,2.3835747463482,1.3000000000000007
2020-11-15,Chennai,26.5,79,0.0,2.8,6,11,4,-0.6994583270516471,0.7146733860429608,27.7,24.1,24.0,80.0,0.0,27.933333333333337,26.5,75.14285714285714,0.1285714285714286,2.1931712199461955,-1.1999999999999993
2020-11-15,Mumbai,25.8,84,0.0,2.8,6,11,4,-0.6994583270516471,0.7146733860429608,25.3,24.0,26.8,74.0,0.0,25.633333333333336,24.74285714285714,82.0,0.0,1.0325649985305108,0.5
2020-11-15,Hyderabad,22.4,46,0.0,4.0,6,11,4,-0.6994583270516471,0.7146733860429608,23.6,20.1,27.1,54.0,0.0,22.76666666666667,21.942857142857147,52.42857142857143,0.0,1.3451854182692309,-1.2000000000000028
2020-11-15,Bangalore,20.5,66,0.0,3.3,6,11,4,-0.6994583270516471,0.7146733860429608,20.0,19.4,21.8,57.0,0.0,19.666666666666668,19.057142857142857,61.57142857142857,0.0,1.7405527310380977,0.5
2020-11-15,Delhi,18.5,51,0.0,3.3,6,11,4,-0.6994583270516471,0.7146733860429608,18.4,20.5,14.8,47.0,0.0,19.36666666666666,19.771428571428572,49.714285714285715,0.0,1.1131251587532687,0.10000000000000142
2020-11-16,Hyderabad,23.5,51,0.0,4.1,0,11,4,-0.6870527672236675,0.7266075247685652,22.4,22.3,20.2,46.0,0.0,23.16666666666667,22.414285714285715,52.285714285714285,0.0,1.2033682886363435,1.1000000000000014
2020-11-16,Bangalore,21.2,61,0.0,2.7,0,11,4,-0.6870527672236675,0.7266075247685652,20.5,18.5,15.6,66.0,0.0,20.566666666666666,19.857142857142858,61.57142857142857,0.0,1.0277112805602535,0.6999999999999993
2020-11-16,Delhi,20.7,49,0.0,3.4,0,11,4,-0.6870527672236675,0.7266075247685652,18.5,21.2,20.7,51.0,0.0,19.199999999999992,19.771428571428572,49.714285714285715,0.0,1.1131251587532685,2.1999999999999993
2020-11-16,Chennai,27.0,70,0.0,5.1,0,11,4,-0.6870527672236675,0.7266075247685652,26.5,29.6,26.9,79.0,0.0,27.066666666666674,26.514285714285716,74.71428571428571,0.1285714285714286,2.19653406637871,0.5
2020-11-17,Hyderabad,23.2,60,0.0,1.6,1,11,4,-0.6744436188329457,0.7383263540031063,23.5,23.6,21.9,51.0,0.0,23.033333333333335,22.599999999999998,53.285714285714285,0.0,1.2110601416391251,-0.3000000000000007
2020-11-17,Delhi,19.3,53,0.0,3.3,1,11,4,-0.6744436188329457,0.7383263540031063,20.7,18.4,19.1,49.0,0.0,19.499999999999996,19.8,50.714285714285715,0.0,1.0954451150111844,-1.3999999999999986
2020-11-17,Bangalore,19.9,64,0.0,1.9,1,11,4,-0.6744436188329457,0.7383263540031063,21.2,20.0,18.7,61.0,0.0,20.533333333333335,20.02857142857143,62.285714285714285,0.0,0.8938946353166735,-1.3000000000000007
2020-11-17,Chennai,29.1,71,0.0,4.0,1,11,4,-0.6744436188329457,0.7383263540031063,27.0,27.7,23.2,70.0,0.0,27.533333333333335,27.357142857142858,74.42857142857143,0.0,1.8109455567532013,2.1000000000000014
2020-11-18,Chennai,25.9,77,0.0,4.2,2,11,4,-0.661634618242279,0.749826401204568,29.1,26.5,27.5,71.0,0.0,27.33333333333334,27.12857142857143,74.57142857142857,0.0,1.8891923192327333,-3.200000000000003
2020-11-18,Delhi,18.1,54,0.0,2.8,2,11,4,-0.661634618242279,0.749826401204568,19.3,18.5,20.0,53.0,0.0,19.366666666666664,19.52857142857143,52.0,0.0,1.260574321113006,-1.1999999999999993
2020-11-18,Bangalore,19.9,74,0.0,3.0,2,11,4,-0.661634618242279,0.749826401204568,19.9,20.5,20.7,64.0,0.0,20.333333333333332,19.91428571428571,64.14285714285714,0.0,0.8434622525216453,0.0
2020-11-18,Hyderabad,23.1,67,0.0,4.4,2,11,4,-0.661634618242279,0.749826401204568,23.2,22.4,23.1,60.0,0.0,23.26666666666667,22.599999999999998,55.0,0.0,1.2110601416391251,-0.09999999999999787
2020-11-19,Delhi,21.7,52,0.0,4.0,3,11,4,-0.6486295610349818,0.7611042586607742,18.1,20.7,20.5,54.0,0.0,19.699999999999996,19.7,51.57142857142857,0.0,1.4776106839540688,3.599999999999998
2020-11-19,Hyderabad,21.7,59,0.0,2.6,3,11,4,-0.6486295610349818,0.7611042586607742,23.1,23.5,20.1,67.0,0.0,22.66666666666667,22.82857142857143,55.285714285714285,0.0,0.7064330251679317,-1.4000000000000021
2020-11-19,Chennai,26.1,72,0.0,3.8,3,11,4,-0.6486295610349818,0.7611042586607742,25.9,27.0,24.1,77.0,0.0,27.033333333333335,27.414285714285715,74.42857142857143,0.0,1.4565124686829596,0.20000000000000284
2020-11-19,Bangalore,18.5,70,0.0,5.2,3,11,4,-0.6486295610349818,0.7611042586607742,19.9,21.2,19.4,74.0,0.0,19.433333333333334,19.785714285714285,66.28571428571429,0.0,0.9906707684336379,-1.3999999999999986
2020-11-19,Mumbai,23.7,75,0.0,4.0,3,11,4,-0.6486295610349818,0.7611042586607742,25.8,25.8,25.0,84.0,0.0,24.933333333333337,24.557142857142853,81.28571428571429,0.0,1.0937049310441558,-2.1000000000000014
2020-11-20,Delhi,15.6,53,0.0,2.6,4,11,4,-0.6354323008901775,0.7721565844991641,21.7,19.3,21.2,52.0,0.0,18.46666666666666,18.9,51.285714285714285,0.0,1.9655363983745764,-6.1
2020-11-20,Mumbai,27.3,80,0.0,2.9,4,11,4,-0.6354323008901775,0.7721565844991641,23.7,25.3,23.0,75.0,0.0,25.599999999999998,25.17142857142857,82.42857142857143,0.0,1.2671678206591865,3.6000000000000014
2020-11-20,Bangalore,18.9,63,0.0,3.3,4,11,4,-0.6354323008901775,0.7721565844991641,18.5,19.9,18.5,70.0,0.0,19.099999999999998,19.842857142857145,65.0,0.0,0.9126100716392863,0.3999999999999986
2020-11-20,Chennai,28.2,67,0.0,3.8,4,11,4,-0.6354323008901775,0.7721565844991641,26.1,29.1,29.6,72.0,0.0,26.733333333333338,27.214285714285715,73.71428571428571,0.0,1.175341895547381,2.099999999999998
2020-11-21,Chennai,24.4,79,0.0,4.0,5,11,4,-0.622046748440868,0.7829801036770624,28.2,25.9,27.7,67.0,0.0,26.233333333333338,26.74285714285714,73.57142857142857,0.0,1.5501152030921592,-3.8000000000000007
2020-11-21,Delhi,16.8,51,0.0,4.3,5,11,4,-0.622046748440868,0.7829801036770624,15.6,18.1,18.4,53.0,0.0,18.033333333333328,18.67142857142857,51.857142857142854,0.0,2.120309950388452,1.200000000000001
2020-11-21,Bangalore,21.7,70,0.0,2.4,5,11,4,-0.622046748440868,0.7829801036770624,18.9,19.9,20.0,63.0,0.0,19.7,20.085714285714285,66.85714285714286,0.0,1.1553189623485849,2.8000000000000007
2020-11-21,Hyderabad,22.8,55,0.0,3.9,5,11,4,-0.622046748440868,0.7829801036770624,21.7,23.2,22.3,59.0,0.0,22.533333333333342,22.9,56.0,0.0,0.6683312551923324,1.1000000000000014
2020-11-21,Mumbai,24.6,76,0.0,3.6,5,11,4,-0.622046748440868,0.7829801036770624,27.3,25.8,24.3,80.0,0.0,25.200000000000003,25.214285714285715,80.14285714285714,0.0,1.2375090187261026,-2.6999999999999993
2020-11-22,Chennai,21.4,76,0.0,2.5,6,11,4,-0.6084768701151264,0.7935716089521472,24.4,26.1,26.5,79.0,0.0,24.66666666666667,26.014285714285712,73.14285714285714,0.0,2.5556659741501466,-3.0
2020-11-22,Mumbai,23.0,78,0.0,2.4,6,11,4,-0.6084768701151264,0.7935716089521472,24.6,23.7,24.0,76.0,0.0,24.96666666666667,25.071428571428573,78.14285714285714,0.0,1.4418902936934836,-1.6000000000000014
2020-11-22,Bangalore,17.9,54,0.0,1.5,6,11,4,-0.6084768701151264,0.7935716089521472,21.7,18.5,20.5,70.0,0.0,19.5,19.714285714285715,65.14285714285714,0.0,1.3933515606008766,-3.8000000000000007
2020-11-22,Delhi,20.7,53,0.0,4.4,6,11,4,-0.6084768701151264,0.7935716089521472,16.8,21.7,18.5,51.0,0.0,17.699999999999992,18.985714285714288,52.142857142857146,0.0,2.249761892163375,3.8999999999999986
2020-11-22,Hyderabad,20.6,58,0.0,3.0,6,11,4,-0.6084768701151264,0.7935716089521472,22.8,23.1,23.6,55.0,0.0,21.700000000000006,22.47142857142857,56.57142857142857,0.0,1.0160614904528509,-2.1999999999999993
2020-11-23,Bangalore,20.7,73,0.0,2.5,0,11,4,-0.594726686960764,0.8039279618328208,17.9,18.9,21.2,54.0,0.0,20.099999999999998,19.642857142857142,66.85714285714286,0.0,1.3151136108808776,2.8000000000000007
2020-11-23,Delhi,19.8,52,0.0,3.9,0,11,4,-0.594726686960764,0.8039279618328208,20.7,15.6,20.7,53.0,0.0,19.099999999999994,18.857142857142858,52.57142857142857,0.0,2.1593649860223065,-0.8999999999999986
2020-11-23,Chennai,26.5,71,0.0,2.9,0,11,4,-0.594726686960764,0.8039279618328208,21.4,28.2,27.0,76.0,0.0,24.100000000000005,25.942857142857143,73.28571428571429,0.0,2.5303867575644214,5.100000000000001
2020-11-23,Hyderabad,21.7,52,0.0,3.1,0,11,4,-0.594726686960764,0.8039279618328208,20.6,21.7,22.4,58.0,0.0,21.700000000000003,22.37142857142857,57.42857142857143,0.0,1.05785047102506,1.0999999999999979
2020-11-23,Mumbai,24.2,80,0.0,4.0,0,11,4,-0.594726686960764,0.8039279618328208,23.0,27.3,25.8,78.0,0.0,23.933333333333337,24.842857142857145,78.14285714285714,0.0,1.433942284818438,1.1999999999999993
2020-11-24,Mumbai,23.2,79,0.0,3.3,1,11,4,-0.5808002734538013,0.8140460935082175,24.2,24.6,25.3,80.0,0.0,23.466666666666665,24.542857142857144,78.85714285714286,0.0,1.5382426584223639,-1.0
2020-11-24,Hyderabad,21.8,60,0.0,2.8,1,11,4,-0.5808002734538013,0.8140460935082175,21.7,22.8,23.5,52.0,0.0,21.366666666666674,22.128571428571426,58.714285714285715,0.0,0.9446591726021022,0.10000000000000142
2020-11-24,Chennai,29.5,73,0.0,2.4,1,11,4,-0.5808002734538013,0.8140460935082175,26.5,24.4,29.1,71.0,0.0,25.8,26.0,73.57142857142857,0.0,2.6166135875720955,3.0
2020-11-24,Delhi,16.3,58,0.0,2.6,1,11,4,-0.5808002734538013,0.8140460935082175,19.8,16.8,19.3,52.0,0.0,18.933333333333326,18.428571428571427,53.285714285714285,0.0,2.3464258534452576,-3.5
2020-11-24,Bangalore,20.5,68,0.0,3.3,1,11,4,-0.5808002734538013,0.8140460935082175,20.7,21.7,19.9,73.0,0.0,19.7,19.728571428571428,67.42857142857143,0.0,1.353654665112664,-0.1999999999999993
2020-11-25,Mumbai,21.4,85,0.0,1.5,2,11,4,-0.5667017562911184,0.8239230057575536,23.2,23.0,25.8,79.0,0.0,22.933333333333334,23.914285714285715,79.0,0.0,1.813310574086805,-1.8000000000000007
2020-11-25,Bangalore,20.3,64,0.0,2.6,2,11,4,-0.5667017562911184,0.8239230057575536,20.5,17.9,19.9,68.0,0.0,20.5,19.785714285714285,66.0,0.0,1.3704361488575676,-0.1999999999999993
2020-11-25,Chennai,30.5,81,0.0,2.8,2,11,4,-0.5667017562911184,0.8239230057575536,29.5,21.4,25.9,73.0,0.0,28.83333333333334,26.657142857142855,74.14285714285714,0.0,3.117080441084377,1.0
2020-11-25,Hyderabad,20.2,64,0.0,4.4,2,11,4,-0.5667017562911184,0.8239230057575536,21.8,20.6,23.2,60.0,0.0,21.233333333333338,21.7,59.285714285714285,0.0,1.051982255870806,-1.6000000000000014
2020-11-25,Delhi,15.6,49,0.0,2.3,2,11,4,-0.5667017562911184,0.8239230057575536,16.3,20.7,18.1,58.0,0.0,17.233333333333327,18.071428571428573,52.57142857142857,0.0,2.5830952271224947,-0.7000000000000011
2020-11-26,Chennai,27.7,80,0.0,1.4,3,11,4,-0.5524353131676203,0.8335557718385695,30.5,26.5,26.1,81.0,0.0,29.233333333333338,26.885714285714283,75.28571428571429,0.0,3.12806040618819,-2.8000000000000007
2020-11-26,Delhi,18.8,49,0.0,3.4,3,11,4,-0.5524353131676203,0.8335557718385695,15.6,19.8,21.7,49.0,0.0,16.899999999999995,17.65714285714286,52.142857142857146,0.0,2.0895431261863404,3.200000000000001
2020-11-26,Mumbai,22.9,82,0.0,3.0,3,11,4,-0.5524353131676203,0.8335557718385695,21.4,24.2,23.7,85.0,0.0,22.5,23.8,80.0,0.0,1.853824874864516,1.5
2020-11-26,Hyderabad,24.0,51,0.0,2.4,3,11,4,-0.5524353131676203,0.8335557718385695,20.2,21.7,23.1,64.0,0.0,22.000000000000004,21.82857142857143,57.0,0.0,1.281554116056481,3.8000000000000007
2020-11-26,Bangalore,18.7,68,0.0,4.2,3,11,4,-0.5524353131676203,0.8335557718385695,20.3,20.7,18.5,64.0,0.0,19.833333333333332,19.814285714285713,65.71428571428571,0.0,1.340930735756161,-1.6000000000000014
2020-11-27,Hyderabad,21.5,55,0.0,3.0,4,11,4,-0.5380051715382992,0.8429415373547832,24.0,21.8,21.7,51.0,0.0,21.900000000000006,21.8,56.42857142857143,0.0,1.2871156384206603,-2.5
2020-11-27,Mumbai,25.7,81,0.0,3.7,4,11,4,-0.5380051715382992,0.8429415373547832,22.9,23.2,27.3,82.0,0.0,23.333333333333332,23.571428571428573,80.14285714285714,0.0,1.3912994953330642,2.8000000000000007
2020-11-27,Delhi,16.2,53,0.0,3.2,4,11,4,-0.5380051715382992,0.8429415373547832,18.8,16.3,15.6,49.0,0.0,16.866666666666664,17.742857142857144,52.142857142857146,0.0,2.001547020729859,-2.6000000000000014
2020-11-27,Bangalore,21.0,67,0.0,3.8,4,11,4,-0.5380051715382992,0.8429415373547832,18.7,20.5,18.9,68.0,0.0,20.0,20.11428571428571,66.28571428571429,0.0,1.3371967836094816,2.3000000000000007
2020-11-27,Chennai,25.9,67,0.0,2.2,4,11,4,-0.5380051715382992,0.8429415373547832,27.7,29.5,28.2,80.0,0.0,28.033333333333335,26.557142857142857,75.28571428571429,0.0,3.0875325330848633,-1.8000000000000007
2020-11-28,Chennai,27.9,69,0.0,4.2,5,11,4,-0.5234156073655503,0.8520775211013093,25.9,30.5,24.4,67.0,0.0,27.16666666666667,27.057142857142857,73.85714285714286,0.0,2.960775316735602,2.0
2020-11-28,Hyderabad,24.4,59,0.0,4.4,5,11,4,-0.5234156073655503,0.8520775211013093,21.5,20.2,22.8,55.0,0.0,23.3,22.028571428571432,57.0,0.0,1.5986601532891938,2.8999999999999986
2020-11-28,Mumbai,24.2,82,0.0,3.7,5,11,4,-0.5234156073655503,0.8520775211013093,25.7,21.4,24.6,81.0,0.0,24.266666666666666,23.514285714285712,81.0,0.0,1.349603116263563,-1.5
2020-11-28,Delhi,17.0,43,0.0,2.6,5,11,4,-0.5234156073655503,0.8520775211013093,16.2,15.6,16.8,53.0,0.0,17.33333333333333,17.771428571428572,51.0,0.0,1.9872210795605292,0.8000000000000007
2020-11-28,Bangalore,21.1,58,0.0,3.7,5,11,4,-0.5234156073655503,0.8520775211013093,21.0,20.3,21.7,67.0,0.0,20.26666666666667,20.02857142857143,64.57142857142857,0.0,1.2338480264527163,0.10000000000000142
2020-11-29,Hyderabad,23.9,60,0.0,4.1,6,11,4,-0.5086709438521042,0.8609610158889945,24.4,24.0,20.6,59.0,0.0,23.26666666666667,22.5,57.285714285714285,0.0,1.5937377450510222,-0.5
2020-11-29,Mumbai,24.5,85,0.0,4.1,6,11,4,-0.5086709438521042,0.8609610158889945,24.2,22.9,23.0,82.0,0.0,24.799999999999997,23.728571428571428,82.0,0.0,1.3732131246511043,0.3000000000000007
2020-11-29,Chennai,27.1,82,0.0,4.2,6,11,4,-0.5086709438521042,0.8609610158889945,27.9,27.7,21.4,69.0,0.0,26.96666666666667,27.87142857142857,74.71428571428571,0.0,1.6306586457772254,-0.7999999999999972
2020-11-29,Delhi,17.9,45,0.0,2.8,6,11,4,-0.5086709438521042,0.8609610158889945,17.0,18.8,20.7,43.0,0.0,17.033333333333328,17.37142857142857,49.857142857142854,0.0,1.528304382548328,0.8999999999999986
2020-11-29,Bangalore,19.4,74,0.0,2.9,6,11,4,-0.5086709438521042,0.8609610158889945,21.1,18.7,17.9,58.0,0.0,20.5,20.24285714285714,67.42857142857143,0.0,0.882906455704174,-1.7000000000000028
2020-11-30,Bangalore,16.6,70,0.0,3.1,0,11,4,-0.49377555015997737,0.8695893893466109,19.4,21.0,20.7,74.0,0.0,19.033333333333335,19.657142857142862,67.0,0.0,1.5988090805943036,-2.799999999999997
2020-11-30,Chennai,23.9,81,0.0,3.5,0,11,4,-0.49377555015997737,0.8695893893466109,27.1,25.9,26.5,82.0,0.0,26.300000000000008,27.5,76.14285714285714,0.0,2.193931022920662,-3.200000000000003
2020-11-30,Hyderabad,19.7,63,0.0,2.6,0,11,4,-0.49377555015997737,0.8695893893466109,23.9,21.5,21.7,60.0,0.0,22.666666666666668,22.214285714285715,58.857142857142854,0.0,1.909125953090114,-4.199999999999999
2020-11-30,Mumbai,26.5,85,0.0,2.4,0,11,4,-0.49377555015997737,0.8695893893466109,24.5,25.7,24.2,85.0,0.0,25.066666666666666,24.057142857142853,82.71428571428571,0.0,1.7328753973834727,2.0
2020-11-30,Delhi,18.0,42,0.0,1.7,0,11,4,-0.49377555015997737,0.8695893893466109,17.9,16.2,19.8,45.0,0.0,17.633333333333326,17.114285714285714,48.42857142857143,0.0,1.1582005747843247,0.10000000000000142
2020-12-01,Chennai,24.8,79,2.0,2.8,1,12,4,-0.4787338401157883,0.8779600847008883,23.9,27.9,29.5,81.0,0.0,25.26666666666667,26.828571428571426,77.0,0.2857142857142857,2.1990257583108472,0.9000000000000021
2020-12-01,Bangalore,19.4,75,0.0,2.1,1,12,4,-0.4787338401157883,0.8779600847008883,16.6,21.1,20.5,70.0,0.0,18.466666666666665,19.5,68.0,0.0,1.555634918610512,2.799999999999997
2020-12-01,Mumbai,23.6,89,0.0,4.8,1,12,4,-0.4787338401157883,0.8779600847008883,26.5,24.2,23.2,85.0,0.0,24.866666666666664,24.114285714285717,84.14285714285714,0.0,1.7062908812474973,-2.8999999999999986
2020-12-01,Delhi,17.5,48,0.0,2.7,1,12,4,-0.4787338401157883,0.8779600847008883,18.0,17.0,16.3,42.0,0.0,17.799999999999994,17.285714285714285,47.0,0.0,1.105182596420484,-0.5
2020-12-01,Hyderabad,21.9,60,0.0,2.9,1,12,4,-0.4787338401157883,0.8779600847008883,19.7,24.4,21.8,63.0,0.0,21.83333333333334,22.228571428571424,58.857142857142854,0.0,1.9058806238537824,2.1999999999999993
2020-12-02,Hyderabad,21.2,59,0.0,3.8,2,12,4,-0.4635502709028512,0.8860706215341378,21.9,23.9,20.2,60.0,0.0,20.933333333333337,22.37142857142857,58.142857142857146,0.0,1.760411207373988,-0.6999999999999993
2020-12-02,Delhi,17.7,49,0.0,2.5,2,12,4,-0.4635502709028512,0.8860706215341378,17.5,17.9,15.6,48.0,0.0,17.73333333333333,17.585714285714285,47.0,0.0,0.8194074514127208,0.1999999999999993
2020-12-02,Chennai,23.8,76,0.0,3.8,2,12,4,-0.4635502709028512,0.8860706215341378,24.8,27.1,30.5,79.0,2.0,24.16666666666667,25.87142857142857,76.28571428571429,0.2857142857142857,1.7461522324951662,-1.0
2020-12-02,Bangalore,20.9,73,0.0,2.4,2,12,4,-0.4635502709028512,0.8860706215341378,19.4,19.4,20.3,75.0,0.0,18.966666666666665,19.585714285714285,69.28571428571429,0.0,1.6221678616681134,1.5
2020-12-02,Mumbai,27.9,85,0.0,2.6,2,12,4,-0.4635502709028512,0.8860706215341378,23.6,24.5,21.4,89.0,0.0,26.0,25.04285714285714,84.14285714285714,0.0,1.75105410430127,4.299999999999997
2020-12-03,Hyderabad,22.8,58,0.0,3.5,3,12,4,-0.4482293417404106,0.893918596519257,21.2,19.7,24.0,59.0,0.0,21.96666666666667,22.199999999999996,59.142857142857146,0.0,1.6289055630495173,1.6000000000000014
2020-12-03,Bangalore,19.3,68,0.0,3.8,3,12,4,-0.4482293417404106,0.893918596519257,20.9,16.6,18.7,73.0,0.0,19.866666666666664,19.671428571428574,69.28571428571429,0.0,1.5829448144880507,-1.5999999999999979
2020-12-03,Mumbai,23.8,87,0.0,4.6,3,12,4,-0.4482293417404106,0.893918596519257,27.9,26.5,22.9,85.0,0.0,25.099999999999998,25.17142857142857,84.85714285714286,0.0,1.5934389285590687,-4.099999999999998
2020-12-03,Delhi,19.1,61,0.0,2.0,3,12,4,-0.4482293417404106,0.893918596519257,17.7,18.0,18.8,49.0,0.0,18.099999999999998,17.62857142857143,48.714285714285715,0.0,0.8976158898528931,1.4000000000000021
2020-12-03,Chennai,29.0,79,0.0,2.9,3,12,4,-0.4482293417404106,0.893918596519257,23.8,23.9,27.7,76.0,0.0,25.86666666666667,26.057142857142857,76.14285714285714,0.2857142857142857,2.020608112142825,5.199999999999999
2020-12-04,Mumbai,25.4,84,0.0,1.0,4,12,4,-0.4327755925504317,0.9015016841318838,23.8,23.6,25.7,87.0,0.0,25.7,25.12857142857143,85.28571428571429,0.0,1.5808376320949187,1.5999999999999979
2020-12-04,Bangalore,19.7,71,0.0,3.2,4,12,4,-0.4327755925504317,0.9015016841318838,19.3,19.4,21.0,68.0,0.0,19.966666666666665,19.485714285714288,69.85714285714286,0.0,1.4735767952261278,0.3999999999999986
2020-12-04,Delhi,17.9,50,0.0,4.7,4,12,4,-0.4327755925504317,0.9015016841318838,19.1,17.5,16.2,61.0,0.0,18.233333333333327,17.87142857142857,48.285714285714285,0.0,0.639568306789595,-1.2000000000000028
2020-12-04,Hyderabad,22.3,58,0.0,3.2,4,12,4,-0.4327755925504317,0.9015016841318838,22.8,21.9,21.5,58.0,0.0,22.100000000000005,22.314285714285713,59.57142857142857,0.0,1.5994046511422817,-0.5
2020-12-04,Chennai,26.3,82,0.0,2.2,4,12,4,-0.4327755925504317,0.9015016841318838,29.0,24.8,25.9,79.0,0.0,26.366666666666674,26.114285714285717,78.28571428571429,0.2857142857142857,2.0210793910092093,-2.6999999999999993
2020-12-05,Hyderabad,18.7,61,0.0,2.6,5,12,4,-0.41719360261231697,0.9088176373395028,22.3,21.2,24.4,58.0,0.0,21.26666666666667,21.5,59.857142857142854,0.0,1.7990738358019207,-3.6000000000000014
2020-12-05,Mumbai,26.1,84,1.6,0.8,5,12,4,-0.41719360261231697,0.9088176373395028,25.4,27.9,24.2,84.0,0.0,25.099999999999998,25.400000000000002,85.57142857142857,0.2285714285714286,1.5577761927396805,0.7000000000000028
2020-12-05,Chennai,24.9,84,0.0,3.3,5,12,4,-0.41719360261231697,0.9088176373395028,26.3,23.8,27.9,82.0,0.0,26.733333333333338,25.685714285714283,80.42857142857143,0.2857142857142857,1.8933467471021057,-1.4000000000000021
2020-12-05,Bangalore,15.9,77,0.0,2.4,5,12,4,-0.41719360261231697,0.9088176373395028,19.7,20.9,21.1,71.0,0.0,18.3,18.74285714285714,72.57142857142857,0.0,1.79894148770627,-3.799999999999999
2020-12-06,Delhi,15.2,52,0.0,2.6,6,12,4,-0.4014879892059737,0.9158642882672868,17.9,17.7,17.0,50.0,0.0,17.399999999999995,17.614285714285714,49.57142857142857,0.0,1.1810003830499045,-2.6999999999999993
2020-12-06,Bangalore,18.9,67,0.0,3.5,6,12,4,-0.4014879892059737,0.9158642882672868,15.9,19.3,19.4,77.0,0.0,18.166666666666664,18.67142857142857,71.57142857142857,0.0,1.7783084525417203,2.9999999999999982
2020-12-06,Mumbai,22.9,83,0.0,3.3,6,12,4,-0.4014879892059737,0.9158642882672868,26.1,23.8,24.5,84.0,1.6,24.8,25.171428571428574,85.28571428571429,0.2285714285714286,1.808972347047021,-3.200000000000003
2020-12-07,Chennai,27.2,80,0.0,2.0,0,12,4,-0.38566340624360745,0.9226395488404875,24.9,29.0,27.1,84.0,0.0,26.13333333333334,25.7,80.14285714285714,0.2857142857142857,1.9061304607328307,2.3000000000000007
2020-12-07,Hyderabad,21.5,65,0.0,3.2,0,12,4,-0.38566340624360745,0.9226395488404875,18.7,22.8,23.9,61.0,0.0,20.83333333333334,21.157142857142855,60.57142857142857,0.0,1.462711116223637,2.8000000000000007
2020-12-07,Mumbai,27.5,85,0.0,1.6,0,12,4,-0.38566340624360745,0.9226395488404875,22.9,25.4,26.5,83.0,0.0,25.5,25.314285714285717,85.28571428571429,0.2285714285714286,1.964203461481295,4.600000000000001
2020-12-07,Bangalore,19.9,57,0.0,2.3,0,12,4,-0.38566340624360745,0.9226395488404875,18.9,19.7,16.6,67.0,0.0,18.23333333333333,19.142857142857142,69.71428571428571,0.0,1.5618975028868443,1.0
2020-12-07,Delhi,15.7,64,0.0,2.6,0,12,4,-0.38566340624360745,0.9226395488404875,15.2,19.1,17.9,52.0,0.0,16.266666666666662,17.3,52.285714285714285,0.0,1.3699148392030853,0.5
2020-12-08,Mumbai,24.9,87,0.0,3.0,1,12,4,-0.3697245428906732,0.9291414114031743,27.5,26.1,23.6,85.0,0.0,25.099999999999998,25.5,85.0,0.2285714285714286,1.8321208111548057,-2.6000000000000014
2020-12-08,Delhi,16.4,55,0.0,3.2,1,12,4,-0.3697245428906732,0.9291414114031743,15.7,17.9,18.0,64.0,0.0,15.76666666666666,17.071428571428573,54.142857142857146,0.0,1.367131163806089,0.6999999999999993
2020-12-08,Hyderabad,17.5,55,0.0,3.7,1,12,4,-0.3697245428906732,0.9291414114031743,21.5,22.3,19.7,65.0,0.0,19.233333333333338,20.842857142857145,59.42857142857143,0.0,1.9747211979224346,-4.0
2020-12-08,Chennai,26.2,77,0.0,2.0,1,12,4,-0.3697245428906732,0.9291414114031743,27.2,26.3,23.9,80.0,0.0,26.100000000000005,26.02857142857143,79.57142857142857,0.2857142857142857,1.7346606639478117,-1.0
2020-12-08,Bangalore,20.5,71,0.0,2.4,1,12,4,-0.3697245428906732,0.9291414114031743,19.9,15.9,19.4,57.0,0.0,19.766666666666666,19.3,69.14285714285714,0.0,1.6451950239005124,0.6000000000000014
2020-12-09,Hyderabad,21.5,62,0.0,0.9,2,12,4,-0.3536761221763721,0.935367949313148,17.5,18.7,21.9,55.0,0.0,20.16666666666667,20.785714285714285,59.714285714285715,0.0,1.9445895637457742,4.0
2020-12-09,Chennai,24.9,77,0.0,3.2,2,12,4,-0.3536761221763721,0.935367949313148,26.2,24.9,24.8,77.0,0.0,26.100000000000005,26.042857142857144,79.28571428571429,0.0,1.7232306315534365,-1.3000000000000007
2020-12-09,Delhi,19.4,59,0.0,3.6,2,12,4,-0.3536761221763721,0.935367949313148,16.4,15.2,17.5,55.0,0.0,17.16666666666666,17.342857142857145,55.714285714285715,0.0,1.6297823401278528,3.0
2020-12-09,Mumbai,27.1,74,0.0,2.6,2,12,4,-0.3536761221763721,0.935367949313148,24.9,22.9,27.9,87.0,0.0,26.5,25.38571428571429,83.42857142857143,0.2285714285714286,1.6757372222681903,2.200000000000003
2020-12-09,Bangalore,19.2,71,0.0,3.8,2,12,4,-0.3536761221763721,0.935367949313148,20.5,18.9,20.9,71.0,0.0,19.866666666666664,19.057142857142857,68.85714285714286,0.0,1.4875675254782552,-1.3000000000000007
2020-12-10,Delhi,13.7,52,0.0,3.3,3,12,4,-0.33752289959411347,0.941317317512847,19.4,15.7,17.7,59.0,0.0,16.499999999999996,16.77142857142857,56.142857142857146,0.0,2.1132236714830936,-5.699999999999999
2020-12-10,Hyderabad,19.3,60,0.0,3.7,3,12,4,-0.33752289959411347,0.941317317512847,21.5,21.5,21.2,62.0,0.0,19.433333333333337,20.514285714285712,59.857142857142854,0.0,2.0086716766964003,-2.1999999999999993
2020-12-10,Bangalore,20.4,66,0.0,4.1,3,12,4,-0.33752289959411347,0.941317317512847,19.2,19.9,19.3,71.0,0.0,20.03333333333333,19.214285714285715,68.57142857142857,0.0,1.5731375988012783,1.1999999999999993
2020-12-10,Mumbai,25.0,84,0.0,2.6,3,12,4,-0.33752289959411347,0.941317317512847,27.1,27.5,23.8,74.0,0.0,25.666666666666668,25.557142857142857,83.0,0.2285714285714286,1.5425705201136484,-2.1000000000000014
2020-12-11,Delhi,17.9,49,0.0,2.8,4,12,4,-0.32126966169236515,0.9469877530760751,13.7,16.4,19.1,52.0,0.0,16.999999999999996,16.599999999999998,54.42857142857143,0.0,1.9339079605819438,4.199999999999999
2020-12-11,Chennai,25.3,78,0.0,4.4,4,12,4,-0.32126966169236515,0.9469877530760751,24.9,27.2,23.8,77.0,0.0,25.46666666666667,26.257142857142856,79.57142857142857,0.0,1.4729303478182778,0.40000000000000213
2020-12-11,Hyderabad,19.5,60,0.0,2.6,4,12,4,-0.32126966169236515,0.9469877530760751,19.3,17.5,22.8,60.0,0.0,20.100000000000005,20.042857142857144,60.142857142857146,0.0,1.7539072028448157,0.1999999999999993
2020-12-11,Bangalore,17.5,66,0.0,1.7,4,12,4,-0.32126966169236515,0.9469877530760751,20.4,20.5,19.7,66.0,0.0,19.03333333333333,18.9,67.85714285714286,0.0,1.6763054614241297,-2.8999999999999986
2020-12-12,Chennai,24.9,76,0.0,3.1,5,12,4,-0.3049212246562894,0.9523775757303973,25.3,26.2,29.0,78.0,0.0,25.033333333333335,25.67142857142857,79.14285714285714,0.0,0.9068522219089343,-0.40000000000000213
2020-12-12,Mumbai,23.4,83,0.0,4.1,5,12,4,-0.3049212246562894,0.9523775757303973,25.0,24.9,25.4,84.0,0.0,25.166666666666668,25.27142857142857,82.85714285714286,0.2285714285714286,1.748060149341021,-1.6000000000000014
2020-12-12,Hyderabad,18.4,61,0.0,2.3,5,12,4,-0.3049212246562894,0.9523775757303973,19.5,21.5,22.3,60.0,0.0,19.066666666666674,19.485714285714288,60.57142857142857,0.0,1.521434160508559,-1.1000000000000014
2020-12-12,Delhi,16.0,54,0.0,4.0,5,12,4,-0.3049212246562894,0.9523775757303973,17.9,19.4,17.9,49.0,0.0,15.86666666666666,16.32857142857143,55.0,0.0,1.8526686029571486,-1.8999999999999986
2020-12-12,Bangalore,17.3,73,0.0,1.9,5,12,4,-0.3049212246562894,0.9523775757303973,17.5,19.2,15.9,66.0,0.0,18.4,19.099999999999998,67.28571428571429,0.0,1.300000000000136,-0.1999999999999993
2020-12-13,Bangalore,19.0,71,0.0,3.5,6,12,4,-0.2884824328806098,0.9574851883550389,17.3,20.4,18.9,73.0,0.0,17.933333333333334,19.114285714285717,67.85714285714286,0.0,1.2979837844758528,1.6999999999999993
2020-12-13,Chennai,28.4,83,0.0,1.0,6,12,4,-0.2884824328806098,0.9574851883550389,24.9,24.9,26.3,76.0,0.0,26.200000000000003,25.971428571428568,79.28571428571429,0.0,1.3756383799462686,3.5
2020-12-13,Hyderabad,19.4,61,0.0,3.8,6,12,4,-0.2884824328806098,0.9574851883550389,18.4,19.3,18.7,61.0,0.0,19.100000000000005,19.585714285714285,60.57142857142857,0.0,1.4837211905978307,1.0
2020-12-13,Mumbai,24.6,81,0.0,4.0,6,12,4,-0.2884824328806098,0.9574851883550389,23.4,27.1,26.1,83.0,0.0,24.333333333333332,25.057142857142857,82.42857142857143,0.0,1.7212951934101823,1.2000000000000028
2020-12-13,Delhi,14.4,49,0.0,1.9,6,12,4,-0.2884824328806098,0.9574851883550389,16.0,13.7,15.2,54.0,0.0,16.099999999999994,16.21428571428571,54.57142857142857,0.0,1.9556998503768814,-1.5999999999999996
2020-12-14,Bangalore,18.8,70,0.0,1.8,0,12,4,-0.27195815753410524,0.9623090774541487,19.0,17.5,19.9,71.0,0.0,18.366666666666664,18.957142857142856,69.71428571428571,0.0,1.2528063735167425,-0.1999999999999993
2020-12-14,Mumbai,25.0,86,0.0,4.0,0,12,4,-0.27195815753410524,0.9623090774541487,24.6,25.0,22.9,81.0,0.0,24.333333333333332,25.357142857142858,82.85714285714286,0.0,1.443210706327047,0.3999999999999986
2020-12-14,Delhi,20.2,55,0.0,1.2,0,12,4,-0.27195815753410524,0.9623090774541487,14.4,17.9,15.7,49.0,0.0,16.86666666666666,16.857142857142854,53.285714285714285,0.0,2.4384811822510875,5.799999999999999
2020-12-14,Chennai,23.1,78,0.0,1.9,0,12,4,-0.27195815753410524,0.9623090774541487,28.4,25.3,24.9,83.0,0.0,25.466666666666672,25.714285714285715,78.42857142857143,0.0,1.7315008628630415,-5.299999999999997
2020-12-14,Hyderabad,17.6,63,0.0,3.8,0,12,4,-0.27195815753410524,0.9623090774541487,19.4,19.5,21.5,61.0,0.0,18.466666666666672,19.02857142857143,60.285714285714285,0.0,1.3732131246513735,-1.7999999999999972
2020-12-15,Delhi,20.0,56,0.0,2.7,1,12,4,-0.2553532951161881,0.9668478136052773,20.2,16.0,16.4,55.0,0.0,18.199999999999992,17.37142857142857,53.42857142857143,0.0,2.6924055450562707,-0.1999999999999993
2020-12-15,Mumbai,22.4,83,0.0,3.0,1,12,4,-0.2553532951161881,0.9668478136052773,25.0,23.4,27.5,86.0,0.0,24.0,24.628571428571426,82.57142857142857,0.0,1.4682350921136953,-2.6000000000000014
2020-12-15,Chennai,23.3,72,0.0,5.0,1,12,4,-0.2553532951161881,0.9668478136052773,23.1,24.9,27.2,78.0,0.0,24.933333333333337,25.157142857142855,77.28571428571429,0.0,1.7998677200072188,0.1999999999999993
2020-12-15,Bangalore,12.9,64,0.0,2.8,1,12,4,-0.2553532951161881,0.9668478136052773,18.8,17.3,20.5,70.0,0.0,16.900000000000002,17.87142857142857,68.71428571428571,0.0,2.431538803387966,-5.9
2020-12-16,Mumbai,24.8,84,0.0,2.8,2,12,4,-0.23867276600594997,0.9711000518829505,22.4,24.6,24.9,83.0,0.0,24.066666666666666,24.614285714285717,82.14285714285714,0.0,1.465638167521255,2.400000000000002
2020-12-16,Bangalore,16.3,67,0.0,2.6,2,12,4,-0.23867276600594997,0.9711000518829505,12.9,19.0,19.2,64.0,0.0,16.0,17.45714285714286,68.14285714285714,0.0,2.414440682544151,3.4000000000000004
2020-12-16,Chennai,26.7,82,0.0,2.9,2,12,4,-0.23867276600594997,0.9711000518829505,23.3,28.4,26.2,72.0,0.0,24.366666666666674,25.228571428571428,78.0,0.0,1.857161172070911,3.3999999999999986
2020-12-16,Delhi,17.9,59,0.0,3.1,2,12,4,-0.23867276600594997,0.9711000518829505,20.0,14.4,19.4,56.0,0.0,19.36666666666666,17.157142857142855,53.42857142857143,0.0,2.5605059023936327,-2.1000000000000014
2020-12-16,Hyderabad,20.1,59,0.0,2.3,2,12,4,-0.23867276600594997,0.9711000518829505,17.6,18.4,17.5,63.0,0.0,19.033333333333335,19.400000000000002,60.857142857142854,0.0,1.235583532856904,2.5
2020-12-17,Mumbai,24.7,81,0.0,2.1,3,12,4,-0.22192151300416674,0.9750645322571945,24.8,25.0,27.1,84.0,0.0,23.96666666666667,24.27142857142857,83.14285714285714,0.0,0.9911513266806198,-0.10000000000000142
2020-12-17,Delhi,17.7,62,0.0,3.3,3,12,4,-0.22192151300416674,0.9750645322571945,17.9,20.2,13.7,59.0,0.0,18.533333333333328,17.728571428571428,54.857142857142854,0.0,2.0572751280232437,-0.1999999999999993
2020-12-17,Chennai,24.3,82,0.0,2.7,3,12,4,-0.22192151300416674,0.9750645322571945,26.7,23.1,24.9,82.0,0.0,24.76666666666667,25.142857142857142,78.71428571428571,0.0,1.888435986786592,-2.3999999999999986
2020-12-17,Hyderabad,20.0,57,0.0,3.8,3,12,4,-0.22192151300416674,0.9750645322571945,20.1,19.4,21.5,59.0,0.0,19.233333333333338,19.185714285714287,60.142857142857146,0.0,0.893361762163421,-0.10000000000000142
2020-12-17,Bangalore,17.8,76,0.0,1.2,3,12,4,-0.22192151300416674,0.9750645322571945,16.3,18.8,20.4,67.0,0.0,15.666666666666666,17.085714285714285,69.57142857142857,0.0,2.0602819964175745,1.5
2020-12-18,Bangalore,23.1,64,0.0,1.8,4,12,4,-0.20510449986861926,0.9787400799669153,17.8,12.9,17.5,76.0,0.0,19.066666666666666,17.885714285714286,69.28571428571429,0.0,3.08189799281152,5.300000000000001
2020-12-18,Delhi,13.3,49,0.0,3.0,4,12,4,-0.20510449986861926,0.9787400799669153,17.7,20.0,17.9,62.0,0.0,16.299999999999994,17.071428571428573,54.857142857142854,0.0,2.64431105439264,-4.399999999999999
2020-12-18,Hyderabad,19.3,61,0.0,1.6,4,12,4,-0.20510449986861926,0.9787400799669153,20.0,17.6,19.3,57.0,0.0,19.800000000000004,19.185714285714287,60.285714285714285,0.0,0.893361762163421,-0.6999999999999993
2020-12-18,Mumbai,23.0,80,0.0,5.4,4,12,4,-0.20510449986861926,0.9787400799669153,24.7,22.4,25.0,81.0,0.0,24.166666666666668,23.985714285714284,82.57142857142857,0.0,1.0334869317485438,-1.6999999999999993
2020-12-19,Bangalore,21.7,68,0.0,3.3,5,12,4,-0.1882267098432439,0.9821256058680006,23.1,16.3,17.3,64.0,0.0,20.866666666666664,18.514285714285712,68.57142857142857,0.0,3.377093706837627,-1.4000000000000021
2020-12-19,Delhi,15.4,43,0.0,2.5,5,12,4,-0.1882267098432439,0.9821256058680006,13.3,17.9,16.0,49.0,0.0,15.466666666666661,16.985714285714284,53.285714285714285,0.0,2.6940852321516124,2.0999999999999996
2020-12-19,Chennai,23.7,87,0.0,4.2,5,12,4,-0.1882267098432439,0.9821256058680006,24.3,23.3,25.3,82.0,0.0,24.900000000000006,24.914285714285715,80.0,0.0,1.9616562487080638,-0.6000000000000014
2020-12-19,Hyderabad,16.1,56,0.0,3.9,5,12,4,-0.1882267098432439,0.9821256058680006,19.3,20.1,19.5,61.0,0.0,18.466666666666672,18.7,59.714285714285715,0.0,1.4468356276142296,-3.1999999999999993
2020-12-19,Mumbai,21.0,87,0.0,2.6,5,12,4,-0.1882267098432439,0.9821256058680006,23.0,24.8,23.4,80.0,0.0,22.900000000000002,23.642857142857142,83.14285714285714,0.0,1.5360741549559278,-2.0
2020-12-20,Bangalore,20.9,81,0.0,2.8,6,12,4,-0.1712931441814778,0.9852201067560606,21.7,17.8,19.0,68.0,0.0,21.900000000000002,18.785714285714285,70.0,0.0,3.4968693481592386,-0.8000000000000007
2020-12-20,Delhi,17.3,60,0.0,3.3,6,12,4,-0.1712931441814778,0.9852201067560606,15.4,17.7,14.4,43.0,0.0,15.333333333333329,17.400000000000002,54.857142857142854,0.0,2.441311123147177,1.9000000000000004
2020-12-20,Chennai,24.0,85,0.0,3.0,6,12,4,-0.1712931441814778,0.9852201067560606,23.7,26.7,24.9,87.0,0.0,24.000000000000004,24.785714285714285,81.28571428571429,0.0,1.9920078408719635,0.3000000000000007
2020-12-20,Hyderabad,18.9,51,0.0,4.1,6,12,4,-0.1712931441814778,0.9852201067560606,16.1,20.0,18.4,56.0,0.0,18.100000000000005,18.771428571428572,58.285714285714285,0.0,1.441890293693713,2.799999999999997
2020-12-20,Mumbai,24.1,88,0.0,3.1,6,12,4,-0.1712931441814778,0.9852201067560606,21.0,24.7,24.6,87.0,0.0,22.7,23.571428571428573,84.14285714285714,0.0,1.495230512567891,3.1000000000000014
2020-12-21,Chennai,24.8,75,0.0,1.7,0,12,4,-0.154308820664281,0.9880226656636976,24.0,24.3,28.4,85.0,0.0,24.16666666666667,24.271428571428572,80.14285714285714,0.0,1.2175306782094055,0.8000000000000007
2020-12-21,Mumbai,26.5,77,0.0,1.9,0,12,4,-0.154308820664281,0.9880226656636976,24.1,23.0,25.0,88.0,0.0,23.866666666666664,23.785714285714285,82.85714285714286,0.0,1.8087090897732396,2.3999999999999986
2020-12-21,Bangalore,16.5,65,0.0,2.0,0,12,4,-0.154308820664281,0.9880226656636976,20.9,23.1,18.8,81.0,0.0,19.7,18.457142857142856,69.28571428571429,0.0,3.601785271619832,-4.399999999999999
2020-12-21,Hyderabad,18.2,61,0.0,3.6,0,12,4,-0.154308820664281,0.9880226656636976,18.9,19.3,19.4,51.0,0.0,17.733333333333338,18.6,58.285714285714285,0.0,1.42594997574735,-0.6999999999999993
2020-12-22,Hyderabad,21.4,59,0.0,2.4,1,12,4,-0.13727877211326517,0.9905324521322227,18.2,16.1,17.6,61.0,0.0,19.500000000000004,19.142857142857142,57.714285714285715,0.0,1.6821188452437916,3.1999999999999993
2020-12-22,Chennai,26.8,76,0.0,2.0,1,12,4,-0.13727877211326517,0.9905324521322227,24.8,23.7,23.1,75.0,0.0,25.200000000000003,24.8,79.85714285714286,0.0,1.4118545723032099,2.0
2020-12-22,Bangalore,18.8,71,0.0,1.7,1,12,4,-0.13727877211326517,0.9905324521322227,16.5,21.7,12.9,65.0,0.0,18.73333333333333,19.3,70.28571428571429,0.0,2.6488991424112416,2.3000000000000007
2020-12-22,Delhi,14.9,47,0.0,3.2,1,12,4,-0.13727877211326517,0.9905324521322227,17.3,13.3,20.2,60.0,0.0,15.866666666666662,16.642857142857142,53.714285714285715,0.0,2.241916696978877,-2.4000000000000004
2020-12-22,Mumbai,23.5,85,0.0,2.1,1,12,4,-0.13727877211326517,0.9905324521322227,26.5,21.0,22.4,77.0,0.0,24.7,23.942857142857147,83.14285714285714,0.0,1.7135315801555153,-3.0
2020-12-23,Delhi,14.2,52,0.0,3.4,2,12,4,-0.12020804489935275,0.9927487224577402,14.9,15.4,20.0,47.0,0.0,15.46666666666666,15.814285714285715,53.142857142857146,0.0,1.8279574862208496,-0.7000000000000011
2020-12-23,Mumbai,26.8,81,0.0,2.6,2,12,4,-0.12020804489935275,0.9927487224577402,23.5,24.1,24.8,85.0,0.0,25.599999999999998,24.228571428571428,82.71428571428571,0.0,2.0196652244982145,3.3000000000000007
2020-12-23,Hyderabad,20.9,64,0.0,2.4,2,12,4,-0.12020804489935275,0.9927487224577402,21.4,18.9,20.1,59.0,0.0,20.16666666666667,19.25714285714286,58.42857142857143,0.0,1.7821869924873104,-0.5
2020-12-23,Chennai,25.1,75,0.0,1.6,2,12,4,-0.12020804489935275,0.9927487224577402,26.8,24.0,23.3,76.0,0.0,25.566666666666674,25.057142857142857,80.28571428571429,0.0,1.247473637473211,-1.6999999999999993
2020-12-23,Bangalore,16.6,75,0.0,2.7,2,12,4,-0.12020804489935275,0.9927487224577402,18.8,20.9,16.3,71.0,0.0,17.3,19.342857142857145,71.42857142857143,0.0,2.594132573621508,-2.1999999999999993
2020-12-24,Chennai,27.7,79,3.4,2.7,3,12,4,-0.10310169744743544,0.9946708199115211,25.1,24.8,26.7,75.0,0.0,26.533333333333342,25.2,79.85714285714286,0.4857142857142857,1.4988884770612012,2.599999999999998
2020-12-24,Mumbai,22.6,80,2.3,3.0,3,12,4,-0.10310169744743544,0.9946708199115211,26.8,26.5,24.7,81.0,0.0,24.3,23.928571428571427,82.57142857142857,0.32857142857142857,2.0926174086649,-4.199999999999999
2020-12-24,Delhi,14.1,59,0.0,2.0,3,12,4,-0.10310169744743544,0.9946708199115211,14.2,17.3,17.9,52.0,0.0,14.399999999999993,15.271428571428572,53.142857142857146,0.0,1.662041200567326,-0.09999999999999964
2020-12-24,Hyderabad,20.7,64,0.0,2.7,3,12,4,-0.10310169744743544,0.9946708199115211,20.9,18.2,20.0,64.0,0.0,21.000000000000004,19.357142857142858,59.42857142857143,0.0,1.8491954492492921,-0.1999999999999993
2020-12-25,Bangalore,18.8,67,0.0,2.8,4,12,4,-0.0859647987374467,0.9962981749346077,16.6,16.5,17.8,75.0,0.0,18.066666666666666,19.485714285714288,70.14285714285714,0.0,2.5215263706920794,2.1999999999999993
2020-12-25,Mumbai,22.8,83,0.0,2.4,4,12,4,-0.0859647987374467,0.9962981749346077,22.6,23.5,23.0,80.0,2.3,24.066666666666666,23.9,83.0,0.32857142857142857,2.1087120871912424,0.1999999999999993
2020-12-25,Chennai,26.2,79,0.0,1.7,4,12,4,-0.0859647987374467,0.9962981749346077,27.7,26.8,24.3,79.0,3.4,26.33333333333334,25.471428571428568,79.42857142857143,0.4857142857142857,1.480669089425843,-1.5
2020-12-25,Delhi,16.2,47,0.0,3.8,4,12,4,-0.0859647987374467,0.9962981749346077,14.1,14.9,17.7,59.0,0.0,14.833333333333329,15.057142857142859,51.0,0.0,1.3673053095509264,2.0999999999999996
2020-12-25,Hyderabad,19.9,63,0.0,2.5,4,12,4,-0.0859647987374467,0.9962981749346077,20.7,21.4,19.3,64.0,0.0,20.500000000000004,19.442857142857143,59.714285714285715,0.0,1.8599795185765586,-0.8000000000000007
2020-12-26,Delhi,15.7,54,0.0,4.6,5,12,4,-0.06880242680232064,0.9976303053065857,16.2,14.2,13.3,47.0,0.0,15.333333333333327,15.4,51.714285714285715,0.0,1.1343133018125904,-0.5
2020-12-26,Hyderabad,22.0,63,0.0,2.7,5,12,4,-0.06880242680232064,0.9976303053065857,19.9,20.9,16.1,63.0,0.0,20.86666666666667,20.285714285714285,60.714285714285715,0.0,1.363119671230545,2.1000000000000014
2020-12-26,Mumbai,21.6,83,0.0,4.1,5,12,4,-0.06880242680232064,0.9976303053065857,22.8,26.8,21.0,83.0,0.0,22.333333333333332,23.98571428571429,82.42857142857143,0.32857142857142857,1.9794179038533075,-1.1999999999999993
2020-12-26,Bangalore,17.9,69,0.0,1.6,5,12,4,-0.06880242680232064,0.9976303053065857,18.8,18.8,23.1,67.0,0.0,17.766666666666666,18.74285714285714,70.85714285714286,0.0,1.9890174650291166,-0.9000000000000021
2020-12-26,Chennai,26.5,79,0.0,2.5,5,12,4,-0.06880242680232064,0.9976303053065857,26.2,25.1,23.7,79.0,0.0,26.8,25.87142857142857,78.28571428571429,0.4857142857142857,1.2880402241575584,0.3000000000000007
2020-12-27,Hyderabad,19.7,58,0.0,1.5,6,12,4,-0.05161966722325418,0.9986668162884759,22.0,20.7,18.9,63.0,0.0,20.533333333333335,20.4,61.714285714285715,0.0,1.256980508997822,-2.3000000000000007
2020-12-27,Mumbai,21.8,89,0.0,2.6,6,12,4,-0.05161966722325418,0.9986668162884759,21.6,22.6,24.1,83.0,0.0,22.066666666666666,23.657142857142855,82.57142857142857,0.32857142857142857,2.141539277293377,0.1999999999999993
2020-12-28,Delhi,16.7,56,0.0,1.7,0,12,4,-0.034421611622745804,0.9994074007397048,15.7,14.1,15.4,54.0,0.0,16.199999999999992,15.585714285714285,53.57142857142857,0.0,1.236161493534536,1.0
2020-12-28,Chennai,28.9,78,0.0,2.5,0,12,4,-0.034421611622745804,0.9994074007397048,26.5,27.7,24.0,79.0,0.0,27.200000000000003,26.571428571428573,77.28571428571429,0.4857142857142857,1.4256159905041892,2.3999999999999986
2020-12-28,Hyderabad,16.3,58,0.0,3.7,0,12,4,-0.034421611622745804,0.9994074007397048,19.7,19.9,18.2,58.0,0.0,19.33333333333334,20.12857142857143,61.285714285714285,0.0,1.867899252917045,-3.3999999999999986
2020-12-28,Bangalore,20.8,67,0.0,1.6,0,12,4,-0.034421611622745804,0.9994074007397048,17.9,16.6,21.7,69.0,0.0,19.166666666666664,18.614285714285717,70.71428571428571,0.0,1.7845901223424643,2.900000000000002
2020-12-29,Chennai,23.8,82,0.0,2.7,1,12,4,-0.01721335615583528,0.9998518392091162,28.9,26.2,24.8,78.0,0.0,26.400000000000006,26.428571428571427,78.28571428571429,0.4857142857142857,1.663043681240683,-5.099999999999998
2020-12-29,Hyderabad,19.9,70,0.0,2.2,1,12,4,-0.01721335615583528,0.9998518392091162,16.3,22.0,21.4,58.0,0.0,18.633333333333336,19.91428571428571,62.857142857142854,0.0,1.78178615573316,3.599999999999998
2020-12-29,Bangalore,19.8,73,0.0,3.8,1,12,4,-0.01721335615583528,0.9998518392091162,20.8,18.8,20.9,67.0,0.0,19.5,18.457142857142856,69.57142857142857,0.0,1.5873007936507202,-1.0
2020-12-29,Delhi,13.8,66,0.0,2.8,1,12,4,-0.01721335615583528,0.9998518392091162,16.7,16.2,17.3,56.0,0.0,15.399999999999991,15.085714285714285,54.42857142857143,0.0,1.1305287427118256,-2.8999999999999986
2020-12-30,Hyderabad,21.1,62,0.0,3.2,2,12,4,6.432490598706546e-16,1.0,19.9,19.7,20.9,70.0,0.0,19.100000000000005,19.942857142857143,62.57142857142857,0.0,1.8017187561300803,1.2000000000000028
2020-12-30,Bangalore,16.7,65,0.0,2.2,2,12,4,6.432490598706546e-16,1.0,19.8,17.9,16.5,73.0,0.0,19.099999999999998,18.485714285714288,69.57142857142857,0.0,1.5475018270626693,-3.1000000000000014
2020-12-30,Delhi,18.0,48,0.0,3.2,2,12,4,6.432490598706546e-16,1.0,13.8,15.7,14.9,66.0,0.0,16.16666666666666,15.528571428571428,54.57142857142857,0.0,1.5681350767870477,4.199999999999999
2020-12-30,Mumbai,24.6,88,0.0,1.3,2,12,4,6.432490598706546e-16,1.0,21.8,22.8,26.5,89.0,0.0,22.666666666666668,23.385714285714283,84.14285714285714,0.32857142857142857,1.8169833712580634,2.8000000000000007
2020-12-30,Chennai,22.4,81,0.0,3.5,2,12,4,6.432490598706546e-16,1.0,23.8,26.5,26.8,82.0,0.0,25.033333333333335,25.800000000000004,79.0,0.4857142857142857,2.2330845632592813,-1.4000000000000021
2020-12-31,Hyderabad,21.0,54,0.0,3.5,3,12,4,0.017213356155833904,0.9998518392091162,21.1,16.3,20.7,62.0,0.0,20.66666666666667,19.985714285714288,61.142857142857146,0.0,1.826133046840331,-0.10000000000000142
2020-12-31,Delhi,15.4,56,0.0,3.0,3,12,4,0.017213356155833904,0.9998518392091162,18.0,16.7,14.2,48.0,0.0,15.733333333333327,15.7,55.142857142857146,0.0,1.460593486681225,-2.5999999999999996
2020-12-31,Chennai,25.7,79,0.0,2.7,3,12,4,0.017213356155833904,0.9998518392091162,22.4,28.9,25.1,81.0,0.0,23.966666666666672,25.885714285714283,79.57142857142857,0.4857142857142857,2.213164078439616,3.3000000000000007
2020-12-31,Bangalore,18.1,69,0.0,3.9,3,12,4,0.017213356155833904,0.9998518392091162,16.7,20.8,18.8,65.0,0.0,18.2,18.38571428571429,69.28571428571429,0.0,1.546424447371734,1.4000000000000021
2020-12-31,Mumbai,22.6,84,0.0,3.2,3,12,4,0.017213356155833904,0.9998518392091162,24.6,21.6,23.5,88.0,0.0,23.0,23.25714285714286,84.0,0.32857142857142857,1.8392545073634805,-2.0
2021-01-01,Mumbai,26.9,78,0.0,3.3,4,1,1,0.017213356155834685,0.9998518392091162,22.6,21.8,26.8,84.0,0.0,24.700000000000003,23.271428571428572,83.57142857142857,0.32857142857142857,1.8714649214935044,4.299999999999997
2021-01-01,Delhi,15.0,58,0.0,4.8,4,1,1,0.017213356155834685,0.9998518392091162,15.4,13.8,14.1,56.0,0.0,16.133333333333326,15.828571428571427,55.0,0.0,1.3300554947256489,-0.40000000000000036
2021-01-01,Chennai,21.3,83,0.0,1.6,4,1,1,0.017213356155834685,0.9998518392091162,25.7,23.8,27.7,79.0,0.0,23.133333333333336,24.97142857142857,80.14285714285714,0.0,2.6227938575205982,-4.399999999999999
2021-01-01,Bangalore,17.6,73,0.0,3.2,4,1,1,0.017213356155834685,0.9998518392091162,18.1,19.8,16.6,69.0,0.0,17.466666666666665,18.52857142857143,69.0,0.0,1.3924969009114565,-0.5
2021-01-02,Bangalore,17.6,75,0.0,2.7,5,1,1,0.03442161162274574,0.9994074007397048,17.6,16.7,18.8,73.0,0.0,17.76666666666667,18.357142857142858,70.14285714285714,0.0,1.4269514624509407,0.0
2021-01-02,Delhi,15.3,46,0.0,2.6,5,1,1,0.03442161162274574,0.9994074007397048,15.0,18.0,16.2,58.0,0.0,15.233333333333327,15.700000000000001,54.857142857142854,0.0,1.3316656236967364,0.3000000000000007
2021-01-02,Mumbai,24.6,80,0.0,2.2,5,1,1,0.03442161162274574,0.9994074007397048,26.9,24.6,22.6,78.0,0.0,24.7,23.557142857142857,83.57142857142857,0.0,1.9042558851662326,-2.299999999999997
2021-01-02,Chennai,24.6,65,0.0,4.3,5,1,1,0.03442161162274574,0.9994074007397048,21.3,22.4,26.2,83.0,0.0,23.866666666666674,24.742857142857144,78.14285714285714,0.0,2.567006780186595,3.3000000000000007
2021-01-02,Hyderabad,19.1,51,0.0,2.9,5,1,1,0.03442161162274574,0.9994074007397048,21.0,19.9,19.9,54.0,0.0,20.400000000000006,19.87142857142857,59.42857142857143,0.0,1.8571611720709837,-1.8999999999999986
2021-01-03,Chennai,29.8,79,0.0,2.4,6,1,1,0.051619667223253764,0.998666816288476,24.6,25.7,26.5,65.0,0.0,25.233333333333338,25.214285714285715,78.14285714285714,0.0,3.1746015873012188,5.199999999999999
2021-01-03,Hyderabad,20.6,60,0.0,5.1,6,1,1,0.051619667223253764,0.998666816288476,19.1,21.1,22.0,51.0,0.0,20.233333333333338,19.67142857142857,59.0,0.0,1.6539994817758397,1.5
2021-01-03,Mumbai,28.7,75,0.0,2.7,6,1,1,0.051619667223253764,0.998666816288476,24.6,22.6,22.8,80.0,0.0,26.733333333333334,24.400000000000002,82.42857142857143,0.0,2.6664583251946405,4.099999999999998
2021-01-03,Bangalore,19.8,67,0.0,3.9,6,1,1,0.051619667223253764,0.998666816288476,17.6,18.1,17.9,75.0,0.0,18.333333333333332,18.62857142857143,69.85714285714286,0.0,1.5041213223611114,2.1999999999999993
2021-01-03,Delhi,15.6,53,0.0,3.9,6,1,1,0.051619667223253764,0.998666816288476,15.3,15.4,15.7,46.0,0.0,15.299999999999995,15.685714285714285,54.714285714285715,0.0,1.3322019009009822,0.29999999999999893
2021-01-04,Bangalore,19.6,67,0.0,4.6,0,1,1,0.06880242680231986,0.9976303053065857,19.8,17.6,20.8,67.0,0.0,19.0,18.457142857142856,69.85714285714286,0.0,1.2647228192470497,-0.1999999999999993
2021-01-04,Mumbai,22.9,80,0.0,4.4,0,1,1,0.06880242680231986,0.9976303053065857,28.7,26.9,21.6,75.0,0.0,25.399999999999995,24.585714285714285,82.0,0.0,2.47751795918719,-5.800000000000001
2021-01-04,Chennai,24.1,69,0.0,2.2,0,1,1,0.06880242680231986,0.9976303053065857,29.8,21.3,28.9,79.0,0.0,26.16666666666667,24.528571428571432,76.85714285714286,0.0,2.7335656115010445,-5.699999999999999
2021-01-04,Delhi,14.5,53,0.0,2.9,0,1,1,0.06880242680231986,0.9976303053065857,15.6,15.0,16.7,53.0,0.0,15.133333333333328,15.37142857142857,54.285714285714285,0.0,1.3123951205270725,-1.0999999999999996
2021-01-05,Delhi,17.3,60,0.0,1.4,1,1,1,0.08596479873744647,0.9962981749346078,14.5,15.3,13.8,53.0,0.0,15.799999999999992,15.87142857142857,53.42857142857143,0.0,1.2802529511974923,2.8000000000000007
2021-01-05,Bangalore,17.4,78,0.0,2.1,1,1,1,0.08596479873744647,0.9962981749346078,19.6,17.6,19.8,67.0,0.0,18.933333333333334,18.114285714285717,70.57142857142857,0.0,1.161075035514783,-2.200000000000003
2021-01-05,Mumbai,23.6,79,0.0,1.8,1,1,1,0.08596479873744647,0.9962981749346078,22.9,24.6,21.8,80.0,0.0,25.066666666666666,24.842857142857145,80.57142857142857,0.0,2.2202530958257096,0.7000000000000028
2021-01-05,Hyderabad,22.5,61,0.0,4.0,1,1,1,0.08596479873744647,0.9962981749346078,20.6,21.0,19.7,60.0,0.0,20.733333333333338,20.071428571428573,59.42857142857143,0.0,1.970375840387156,1.8999999999999986
2021-01-05,Chennai,22.7,80,0.0,2.4,1,1,1,0.08596479873744647,0.9962981749346078,24.1,24.6,23.8,69.0,0.0,25.533333333333342,24.37142857142857,76.57142857142857,0.0,2.8128954748410164,-1.4000000000000021
2021-01-06,Delhi,17.4,55,0.0,2.9,2,1,1,0.10310169744743485,0.9946708199115211,17.3,15.6,18.0,60.0,0.0,16.399999999999995,15.785714285714286,54.42857142857143,0.0,1.1246163366962894,0.09999999999999787
2021-01-06,Bangalore,18.2,65,0.0,3.2,2,1,1,0.10310169744743485,0.9946708199115211,17.4,19.8,16.7,78.0,0.0,18.4,18.32857142857143,70.57142857142857,0.0,0.9810101693567483,0.8000000000000007
2021-01-06,Mumbai,26.0,81,0.0,2.6,2,1,1,0.10310169744743485,0.9946708199115211,23.6,28.7,24.6,79.0,0.0,24.166666666666668,25.042857142857144,79.57142857142857,0.0,2.257474357814575,2.3999999999999986
2021-01-06,Chennai,26.4,78,3.3,3.9,2,1,1,0.10310169744743485,0.9946708199115211,22.7,29.8,22.4,80.0,0.0,24.400000000000006,24.942857142857143,76.14285714285714,0.4714285714285714,2.75127675989239,3.6999999999999993
2021-01-06,Hyderabad,17.4,61,0.0,2.3,2,1,1,0.10310169744743485,0.9946708199115211,22.5,19.1,16.3,61.0,0.0,20.16666666666667,20.228571428571428,59.857142857142854,0.0,1.6347418610843079,-5.100000000000001
2021-01-07,Bangalore,17.5,75,0.0,3.5,3,1,1,0.1202080448993527,0.9927487224577402,18.2,19.6,18.1,65.0,0.0,17.7,18.242857142857144,71.42857142857143,0.0,1.0293317295819742,-0.6999999999999993
2021-01-07,Mumbai,22.1,89,0.0,6.4,3,1,1,0.1202080448993527,0.9927487224577402,26.0,22.9,22.6,81.0,0.0,23.900000000000002,24.971428571428568,80.28571428571429,0.0,2.3535181365452584,-3.8999999999999986
2021-01-07,Chennai,23.2,75,0.0,4.2,3,1,1,0.1202080448993527,0.9927487224577402,26.4,24.1,25.7,78.0,3.3,24.100000000000005,24.585714285714285,75.57142857142857,0.4714285714285714,2.798468969173806,-3.1999999999999993
2021-01-07,Delhi,13.8,68,0.0,3.3,3,1,1,0.1202080448993527,0.9927487224577402,17.4,14.5,15.4,55.0,0.0,16.16666666666666,15.557142857142859,56.142857142857146,0.0,1.3550610599499842,-3.599999999999998
2021-01-07,Hyderabad,20.0,65,0.0,2.4,3,1,1,0.1202080448993527,0.9927487224577402,17.4,20.6,19.9,61.0,0.0,19.966666666666672,20.24285714285714,59.142857142857146,0.0,1.6318263212908337,2.6000000000000014
2021-01-08,Chennai,27.4,79,0.0,3.5,4,1,1,0.13727877211326478,0.9905324521322229,23.2,22.7,21.3,75.0,0.0,25.66666666666667,25.45714285714286,75.0,0.4714285714285714,2.542870518958972,4.199999999999999
2021-01-08,Delhi,14.8,55,0.0,1.1,4,1,1,0.13727877211326478,0.9905324521322229,13.8,17.3,15.0,68.0,0.0,15.333333333333329,15.528571428571428,55.714285714285715,0.0,1.3707835784871074,1.0
2021-01-08,Bangalore,14.1,71,0.0,1.9,4,1,1,0.13727877211326478,0.9905324521322229,17.5,17.4,17.6,75.0,0.0,16.599999999999998,17.742857142857144,71.14285714285714,0.0,1.8866700319675005,-3.4000000000000004
2021-01-08,Mumbai,29.7,77,0.0,1.8,4,1,1,0.13727877211326478,0.9905324521322229,22.1,23.6,26.9,89.0,0.0,25.933333333333334,25.371428571428574,80.14285714285714,0.0,2.9084441921837687,7.599999999999998
2021-01-08,Hyderabad,21.5,67,0.0,4.7,4,1,1,0.13727877211326478,0.9905324521322229,20.0,22.5,21.1,65.0,0.0,19.633333333333336,20.300000000000004,59.857142857142854,0.0,1.6733200530682795,1.5
2021-01-09,Bangalore,21.7,67,0.0,4.9,5,1,1,0.15430882066428117,0.9880226656636976,14.1,18.2,17.6,71.0,0.0,17.766666666666666,18.32857142857143,70.0,0.0,2.4011901810799348,7.6
2021-01-09,Hyderabad,21.7,58,0.0,3.2,5,1,1,0.15430882066428117,0.9880226656636976,21.5,17.4,21.0,67.0,0.0,21.066666666666674,20.400000000000002,60.42857142857143,0.0,1.7416467303485395,0.1999999999999993
2021-01-09,Mumbai,26.1,89,0.0,2.4,5,1,1,0.15430882066428117,0.9880226656636976,29.7,26.0,24.6,77.0,0.0,25.96666666666667,25.585714285714285,81.42857142857143,0.0,2.8973715510375606,-3.599999999999998
2021-01-09,Chennai,26.8,77,0.0,2.2,5,1,1,0.15430882066428117,0.9880226656636976,27.4,26.4,24.6,79.0,0.0,25.8,25.77142857142857,76.71428571428571,0.4714285714285714,2.5552001133077296,-0.5999999999999979
2021-01-09,Delhi,18.0,60,0.0,1.7,5,1,1,0.15430882066428117,0.9880226656636976,14.8,17.4,15.3,55.0,0.0,15.533333333333326,15.914285714285713,57.714285714285715,0.0,1.6476534540868017,3.1999999999999993
2021-01-10,Bangalore,18.5,69,0.0,2.5,6,1,1,0.1712931441814776,0.9852201067560606,21.7,17.5,19.8,67.0,0.0,18.099999999999998,18.142857142857142,70.28571428571429,0.0,2.317223297294463,-3.1999999999999993
2021-01-10,Chennai,26.5,73,0.0,2.5,6,1,1,0.1712931441814776,0.9852201067560606,26.8,23.2,29.8,77.0,0.0,26.900000000000006,25.300000000000004,75.85714285714286,0.4714285714285714,1.911369491577575,-0.3000000000000007
2021-01-10,Hyderabad,20.2,73,0.0,1.9,6,1,1,0.1712931441814776,0.9852201067560606,21.7,20.0,19.1,58.0,0.0,21.133333333333336,20.557142857142857,63.57142857142857,0.0,1.6521270561080428,-1.5
2021-01-10,Delhi,15.7,49,0.0,1.0,6,1,1,0.1712931441814776,0.9852201067560606,18.0,13.8,15.6,60.0,0.0,16.16666666666666,15.928571428571429,57.142857142857146,0.0,1.6449055552573675,-2.3000000000000007
2021-01-11,Mumbai,24.2,85,0.0,3.3,0,1,1,0.1882267098432442,0.9821256058680006,26.1,22.1,28.7,89.0,0.0,26.666666666666668,24.942857142857143,82.85714285714286,0.0,2.572195652781942,-1.9000000000000021
2021-01-11,Delhi,14.5,50,0.0,1.0,0,1,1,0.1882267098432442,0.9821256058680006,15.7,14.8,14.5,49.0,0.0,16.06666666666666,15.928571428571429,56.714285714285715,0.0,1.6449055552573675,-1.1999999999999993
2021-01-11,Bangalore,16.7,73,0.0,2.5,0,1,1,0.1882267098432442,0.9821256058680006,18.5,14.1,19.6,69.0,0.0,18.966666666666665,17.728571428571428,71.14285714285714,0.0,2.2720873557989343,-1.8000000000000007
2021-01-11,Chennai,23.9,79,0.0,2.4,0,1,1,0.1882267098432442,0.9821256058680006,26.5,27.4,24.1,73.0,0.0,25.733333333333338,25.27142857142857,77.28571428571429,0.4714285714285714,1.9336617126704978,-2.6000000000000014
2021-01-11,Hyderabad,19.8,52,0.0,2.7,0,1,1,0.1882267098432442,0.9821256058680006,20.2,21.5,20.6,73.0,0.0,20.566666666666674,20.442857142857143,62.42857142857143,0.0,1.6761634196951773,-0.3999999999999986
2021-01-12,Delhi,14.9,56,0.0,4.2,1,1,1,0.2051044998686192,0.9787400799669153,14.5,18.0,17.3,50.0,0.0,15.033333333333326,15.585714285714287,56.142857142857146,0.0,1.559303873987,0.40000000000000036
2021-01-12,Bangalore,16.2,74,0.0,2.9,1,1,1,0.2051044998686192,0.9787400799669153,16.7,21.7,17.4,73.0,0.0,17.13333333333333,17.557142857142857,70.57142857142857,0.0,2.345106353563578,-0.5
2021-01-12,Chennai,26.1,79,0.0,2.6,1,1,1,0.2051044998686192,0.9787400799669153,23.9,26.8,22.7,79.0,0.0,25.500000000000004,25.75714285714286,77.14285714285714,0.4714285714285714,1.5735915849389546,2.200000000000003
2021-01-12,Mumbai,20.4,75,0.0,4.4,1,1,1,0.2051044998686192,0.9787400799669153,24.2,29.7,22.9,85.0,0.0,23.566666666666663,24.585714285714285,82.14285714285714,0.0,3.03503353711757,-3.8000000000000007
2021-01-12,Hyderabad,25.2,56,0.0,2.3,1,1,1,0.2051044998686192,0.9787400799669153,19.8,21.7,22.5,52.0,0.0,21.733333333333338,20.82857142857143,61.714285714285715,0.0,2.387965860807344,5.399999999999999
2021-01-13,Mumbai,23.9,92,0.0,3.5,2,1,1,0.2219215130041655,0.9750645322571948,20.4,26.1,23.6,75.0,0.0,22.833333333333332,24.62857142857143,84.0,0.0,3.020879720497674,3.5
2021-01-13,Hyderabad,21.1,54,0.0,3.3,2,1,1,0.2219215130041655,0.9750645322571948,25.2,20.2,17.4,56.0,0.0,22.033333333333342,21.357142857142858,60.714285714285715,0.0,1.8518973539384405,-4.099999999999998
2021-01-13,Delhi,17.9,56,0.0,3.6,2,1,1,0.2219215130041655,0.9750645322571948,14.9,15.7,17.4,56.0,0.0,15.76666666666666,15.657142857142857,56.285714285714285,0.0,1.6641886339973897,2.9999999999999982
2021-01-13,Chennai,25.6,75,0.0,3.7,2,1,1,0.2219215130041655,0.9750645322571948,26.1,26.5,26.4,79.0,0.0,25.200000000000006,25.642857142857142,76.71428571428571,0.0,1.5479633316686425,-0.5
2021-01-13,Bangalore,19.2,69,0.0,3.5,2,1,1,0.2219215130041655,0.9750645322571948,16.2,18.5,18.2,74.0,0.0,17.366666666666664,17.7,71.14285714285714,0.0,2.4200550957916453,3.0
2021-01-14,Hyderabad,17.9,66,0.0,3.3,3,1,1,0.2386727660059501,0.9711000518829505,21.1,19.8,20.0,54.0,0.0,21.400000000000006,21.057142857142857,60.857142857142854,0.0,2.2381965529247445,-3.200000000000003
2021-01-14,Bangalore,18.2,67,0.0,4.6,3,1,1,0.2386727660059501,0.9711000518829505,19.2,16.7,17.5,69.0,0.0,17.866666666666664,17.8,70.0,0.0,2.424871130596518,-1.0
2021-01-14,Chennai,24.4,73,0.0,0.6,3,1,1,0.2386727660059501,0.9711000518829505,25.6,23.9,23.2,75.0,0.0,25.366666666666674,25.814285714285713,76.42857142857143,0.0,1.274661486341422,-1.2000000000000028
2021-01-14,Delhi,14.9,50,0.0,3.1,3,1,1,0.2386727660059501,0.9711000518829505,17.9,14.5,13.8,56.0,0.0,15.899999999999993,15.814285714285715,53.714285714285715,0.0,1.5038046985665543,-2.9999999999999982
2021-01-14,Mumbai,25.8,80,0.0,3.2,3,1,1,0.2386727660059501,0.9711000518829505,23.9,24.2,26.0,92.0,0.0,23.366666666666664,24.599999999999998,83.85714285714286,0.0,3.0066592756745516,1.9000000000000021
2021-01-15,Delhi,12.7,52,0.0,3.6,4,1,1,0.255353295116187,0.9668478136052775,14.9,14.9,14.8,50.0,0.0,15.166666666666659,15.514285714285714,53.285714285714285,0.0,1.8977430203878698,-2.200000000000001
2021-01-15,Hyderabad,20.2,57,0.0,2.6,4,1,1,0.255353295116187,0.9668478136052775,17.9,25.2,21.5,66.0,0.0,19.733333333333338,20.87142857142857,59.42857142857143,0.0,2.2492326733906443,2.3000000000000007
2021-01-15,Mumbai,24.0,85,0.0,1.4,4,1,1,0.255353295116187,0.9668478136052775,25.8,20.4,22.1,80.0,0.0,24.566666666666666,24.87142857142857,83.28571428571429,0.0,2.8235404995113487,-1.8000000000000007
2021-01-15,Chennai,23.4,75,0.0,4.3,4,1,1,0.255353295116187,0.9668478136052775,24.4,26.1,27.4,73.0,0.0,24.46666666666667,25.24285714285714,75.85714285714286,0.0,1.3402203088263722,-1.0
2021-01-15,Bangalore,17.7,71,0.0,3.6,4,1,1,0.255353295116187,0.9668478136052775,18.2,16.2,14.1,67.0,0.0,18.366666666666664,18.314285714285713,70.0,0.0,1.814229470444401,-0.5
2021-01-16,Chennai,24.5,85,0.0,2.7,5,1,1,0.2719581575341055,0.9623090774541486,23.4,25.6,26.8,75.0,0.0,24.100000000000005,24.91428571428571,77.0,0.0,1.1653734328941066,1.1000000000000014
2021-01-16,Bangalore,15.2,68,0.0,4.5,5,1,1,0.2719581575341055,0.9623090774541486,17.7,19.2,21.7,71.0,0.0,17.03333333333333,17.385714285714286,70.14285714285714,0.0,1.411179850844333,-2.5
2021-01-16,Hyderabad,21.2,61,0.0,1.8,5,1,1,0.2719581575341055,0.9623090774541486,20.2,21.1,21.7,57.0,0.0,19.76666666666667,20.8,59.857142857142854,0.0,2.226357263932964,1.0
2021-01-16,Mumbai,26.6,79,0.0,1.8,5,1,1,0.2719581575341055,0.9623090774541486,24.0,23.9,29.7,85.0,0.0,25.46666666666667,24.428571428571427,83.57142857142857,0.0,2.08703480702026,2.6000000000000014
2021-01-16,Delhi,13.5,55,0.0,2.3,5,1,1,0.2719581575341055,0.9623090774541486,12.7,17.9,18.0,52.0,0.0,13.699999999999994,14.87142857142857,52.57142857142857,0.0,1.663043681241311,0.8000000000000007
2021-01-17,Chennai,22.7,86,0.0,1.5,6,1,1,0.288482432880609,0.9574851883550393,24.5,24.4,26.5,85.0,0.0,23.533333333333335,24.37142857142857,78.85714285714286,0.0,1.1884363476354436,-1.8000000000000007
2021-01-17,Bangalore,20.3,65,0.0,4.3,6,1,1,0.288482432880609,0.9574851883550393,15.2,18.2,18.5,68.0,0.0,17.73333333333333,17.642857142857142,69.57142857142857,0.0,1.76716075750272,5.100000000000001
2021-01-17,Mumbai,24.4,78,0.0,2.2,6,1,1,0.288482432880609,0.9574851883550393,26.6,25.8,26.1,79.0,0.0,25.0,24.185714285714283,82.0,0.0,1.9548474547719463,-2.200000000000003
2021-01-17,Delhi,17.5,49,0.0,3.2,6,1,1,0.288482432880609,0.9574851883550393,13.5,14.9,15.7,55.0,0.0,14.566666666666661,15.12857142857143,52.57142857142857,0.0,1.9302109433211245,4.0
2021-01-17,Hyderabad,20.6,51,0.0,3.1,6,1,1,0.288482432880609,0.9574851883550393,21.2,17.9,20.2,61.0,0.0,20.66666666666667,20.857142857142858,56.714285714285715,0.0,2.2134867990399707,-0.5999999999999979
2021-01-18,Delhi,11.6,54,0.0,2.5,0,1,1,0.30492122465628907,0.9523775757303974,17.5,12.7,14.5,49.0,0.0,14.199999999999994,14.714285714285714,53.142857142857146,0.0,2.3526074693336083,-5.9
2021-01-18,Chennai,21.5,79,0.0,5.7,0,1,1,0.30492122465628907,0.9523775757303974,22.7,23.4,23.9,86.0,0.0,22.900000000000006,24.028571428571432,78.85714285714286,0.0,1.6162861604248953,-1.1999999999999993
2021-01-18,Mumbai,23.3,81,0.0,4.1,0,1,1,0.30492122465628907,0.9523775757303974,24.4,24.0,24.2,78.0,0.0,24.76666666666667,24.057142857142857,81.42857142857143,0.0,1.9831432481938658,-1.0999999999999979
2021-01-18,Hyderabad,20.7,56,0.0,3.2,0,1,1,0.30492122465628907,0.9523775757303974,20.6,20.2,19.8,51.0,0.0,20.83333333333334,20.985714285714288,57.285714285714285,0.0,2.1675089937750296,0.09999999999999787
2021-01-18,Bangalore,21.5,63,0.0,3.2,0,1,1,0.30492122465628907,0.9523775757303974,20.3,17.7,16.7,65.0,0.0,19.0,18.32857142857143,68.14285714285714,0.0,2.2148847116079606,1.1999999999999993
2021-01-19,Delhi,13.0,53,0.0,3.7,1,1,1,0.3212696616923644,0.9469877530760753,11.6,13.5,14.9,54.0,0.0,14.033333333333326,14.442857142857141,52.714285714285715,0.0,2.435745705704836,1.4000000000000004
2021-01-19,Chennai,26.7,87,0.0,2.1,1,1,1,0.3212696616923644,0.9469877530760753,21.5,24.5,26.1,79.0,0.0,23.633333333333336,24.114285714285717,80.0,0.0,1.7544501241401365,5.199999999999999
2021-01-19,Mumbai,26.2,85,0.0,2.8,1,1,1,0.3212696616923644,0.9469877530760753,23.3,26.6,20.4,81.0,0.0,24.63333333333333,24.885714285714283,82.85714285714286,0.0,1.2915476135609887,2.8999999999999986
2021-01-19,Hyderabad,18.3,65,0.0,2.2,1,1,1,0.3212696616923644,0.9469877530760753,20.7,21.2,25.2,56.0,0.0,19.86666666666667,20.0,58.57142857142857,0.0,1.344123010243889,-2.3999999999999986
2021-01-19,Bangalore,13.3,73,0.0,2.1,1,1,1,0.3212696616923644,0.9469877530760753,21.5,15.2,16.2,63.0,0.0,18.366666666666664,17.914285714285715,68.0,0.0,2.857404749901968,-8.2
2021-01-20,Mumbai,25.6,85,0.0,2.3,2,1,1,0.3375228995941133,0.9413173175128471,26.2,24.4,23.9,85.0,0.0,25.033333333333335,25.12857142857143,81.85714285714286,0.0,1.233848026452537,-0.5999999999999979
2021-01-20,Hyderabad,18.5,60,0.0,3.1,2,1,1,0.3375228995941133,0.9413173175128471,18.3,20.6,21.1,65.0,0.0,19.16666666666667,19.62857142857143,59.42857142857143,0.0,1.3487207342693495,0.1999999999999993
2021-01-20,Bangalore,15.1,63,0.0,1.8,2,1,1,0.3375228995941133,0.9413173175128471,13.3,20.3,19.2,73.0,0.0,16.633333333333333,17.32857142857143,67.14285714285714,0.0,2.968003978947482,1.799999999999999
2021-01-20,Delhi,16.4,50,0.0,3.8,2,1,1,0.3375228995941133,0.9413173175128471,13.0,17.5,17.9,53.0,0.0,13.666666666666659,14.228571428571428,51.857142857142854,0.0,2.127372625027575,3.3999999999999986
2021-01-21,Bangalore,19.3,66,0.0,3.1,3,1,1,0.3536761221763716,0.9353679493131483,15.1,21.5,18.2,63.0,0.0,15.9,17.485714285714284,67.0,0.0,3.0498243509141685,4.200000000000001
2021-01-21,Delhi,12.3,48,0.0,3.9,3,1,1,0.3536761221763716,0.9353679493131483,16.4,11.6,14.9,50.0,0.0,13.899999999999991,13.857142857142858,51.57142857142857,0.0,2.2157445271344516,-4.099999999999998
2021-01-21,Chennai,25.7,85,0.0,3.0,3,1,1,0.3536761221763716,0.9353679493131483,26.7,22.7,25.6,87.0,0.0,24.633333333333336,24.128571428571426,81.42857142857143,0.0,1.7689114220468252,-1.0
2021-01-21,Mumbai,24.6,88,0.0,3.9,3,1,1,0.3536761221763716,0.9353679493131483,25.6,23.3,25.8,85.0,0.0,25.46666666666667,24.95714285714286,83.0,0.0,1.208107532268408,-1.0
2021-01-21,Hyderabad,23.7,57,0.0,4.2,3,1,1,0.3536761221763716,0.9353679493131483,18.5,20.7,17.9,60.0,0.0,20.16666666666667,20.457142857142856,58.142857142857146,0.0,1.8118656525409265,5.199999999999999
2021-01-22,Delhi,12.1,61,0.0,3.5,4,1,1,0.3697245428906731,0.9291414114031743,12.3,13.0,12.7,48.0,0.0,13.599999999999993,13.771428571428572,52.857142857142854,0.0,2.278679651110139,-0.20000000000000107
2021-01-22,Mumbai,24.8,92,0.0,2.1,4,1,1,0.3697245428906731,0.9291414114031743,24.6,26.2,24.0,88.0,0.0,25.0,25.071428571428573,84.0,0.0,1.1382944635348748,0.1999999999999993
2021-01-22,Bangalore,22.9,67,0.0,4.9,4,1,1,0.3697245428906731,0.9291414114031743,19.3,13.3,17.7,66.0,0.0,19.099999999999998,18.228571428571428,66.42857142857143,0.0,3.6790915027646003,3.599999999999998
2021-01-22,Chennai,22.8,82,0.0,4.0,4,1,1,0.3697245428906731,0.9291414114031743,25.7,21.5,24.4,85.0,0.0,25.066666666666674,23.900000000000002,82.71428571428571,0.0,1.8303005217723363,-2.8999999999999986
2021-01-22,Hyderabad,23.7,61,0.0,3.9,4,1,1,0.3697245428906731,0.9291414114031743,23.7,18.3,20.2,57.0,0.0,21.96666666666667,20.957142857142856,58.714285714285715,0.0,2.175513075772597,0.0
2021-01-23,Delhi,14.4,54,0.0,3.6,5,1,1,0.38566340624360707,0.9226395488404876,12.1,16.4,13.5,61.0,0.0,12.933333333333328,13.900000000000002,52.714285714285715,0.0,2.286190426598171,2.3000000000000007
2021-01-23,Bangalore,18.8,71,0.0,2.9,5,1,1,0.38566340624360707,0.9226395488404876,22.9,15.1,15.2,67.0,0.0,20.333333333333332,18.74285714285714,66.85714285714286,0.0,3.428244031987441,-4.099999999999998
2021-01-23,Hyderabad,19.2,63,0.0,2.9,5,1,1,0.38566340624360707,0.9226395488404876,23.7,18.5,21.2,61.0,0.0,22.200000000000003,20.67142857142857,59.0,0.0,2.2676818454936227,-4.5
2021-01-23,Chennai,22.8,73,0.0,5.6,5,1,1,0.38566340624360707,0.9226395488404876,22.8,26.7,23.4,82.0,0.0,23.76666666666667,23.814285714285717,82.42857142857143,0.0,1.8712104562097367,0.0
2021-01-23,Mumbai,23.1,85,0.0,3.6,5,1,1,0.38566340624360707,0.9226395488404876,24.8,25.6,26.6,92.0,0.0,24.166666666666668,24.571428571428573,84.85714285714286,0.0,1.1235572759680614,-1.6999999999999993
2021-01-24,Delhi,15.0,65,0.0,3.0,6,1,1,0.401487989205973,0.9158642882672872,14.4,12.3,17.5,54.0,0.0,13.833333333333327,13.542857142857144,55.0,0.0,1.7662173732375936,0.5999999999999996
2021-01-24,Chennai,25.2,79,0.0,1.2,6,1,1,0.401487989205973,0.9158642882672872,22.8,25.7,24.5,73.0,0.0,23.600000000000005,23.914285714285715,81.57142857142857,0.0,1.9316905993012075,2.3999999999999986
2021-01-24,Mumbai,27.4,93,0.0,2.7,6,1,1,0.401487989205973,0.9158642882672872,23.1,24.6,24.4,85.0,0.0,25.099999999999998,25.0,87.0,0.0,1.5416441439795767,4.299999999999997
2021-01-24,Hyderabad,22.7,62,0.0,2.5,6,1,1,0.401487989205973,0.9158642882672872,19.2,23.7,20.6,63.0,0.0,21.86666666666667,20.97142857142857,60.57142857142857,0.0,2.392149859933812,3.5
2021-01-24,Bangalore,15.7,67,0.0,2.1,6,1,1,0.401487989205973,0.9158642882672872,18.8,19.3,20.3,71.0,0.0,19.13333333333333,18.085714285714285,67.14285714285714,0.0,3.5196726038220727,-3.1000000000000014
2021-01-25,Delhi,16.3,60,0.0,4.2,0,1,1,0.4171936026123168,0.9088176373395029,15.0,12.1,11.6,65.0,0.0,15.233333333333325,14.214285714285714,55.857142857142854,0.0,1.7976174708293753,1.3000000000000007
2021-01-25,Chennai,27.5,78,0.0,1.8,0,1,1,0.4171936026123168,0.9088176373395029,25.2,22.8,22.7,79.0,0.0,25.16666666666667,24.599999999999998,80.42857142857143,0.0,2.2538855339169577,2.3000000000000007
2021-01-25,Mumbai,23.0,89,0.0,1.9,0,1,1,0.4171936026123168,0.9088176373395029,27.4,24.8,23.3,93.0,0.0,24.5,24.957142857142856,88.14285714285714,0.0,1.599851183555415,-4.399999999999999
2021-01-25,Hyderabad,19.1,59,0.0,4.1,0,1,1,0.4171936026123168,0.9088176373395029,22.7,23.7,20.7,62.0,0.0,20.33333333333334,20.74285714285714,61.0,0.0,2.496569074321308,-3.599999999999998
2021-01-25,Bangalore,16.5,73,0.0,2.0,0,1,1,0.4171936026123168,0.9088176373395029,15.7,22.9,21.5,67.0,0.0,17.0,17.37142857142857,68.57142857142857,0.0,3.2045354763285245,0.8000000000000007
2021-01-26,Bangalore,20.2,77,0.0,3.4,1,1,1,0.4327755925504312,0.901501684131884,16.5,18.8,13.3,73.0,0.0,17.466666666666665,18.357142857142858,69.14285714285714,0.0,2.776002607381856,3.6999999999999993
2021-01-26,Delhi,16.1,55,0.0,4.6,1,1,1,0.4327755925504312,0.901501684131884,16.3,14.4,13.0,60.0,0.0,15.799999999999992,14.657142857142857,56.142857142857146,0.0,1.8301704318249143,-0.1999999999999993
2021-01-26,Mumbai,25.2,81,0.0,1.3,1,1,1,0.4327755925504312,0.901501684131884,23.0,23.1,26.2,89.0,0.0,25.2,24.814285714285717,87.57142857142857,0.0,1.5126451130701737,2.1999999999999993
2021-01-26,Hyderabad,19.2,54,0.0,4.4,1,1,1,0.4327755925504312,0.901501684131884,19.1,19.2,18.3,59.0,0.0,20.33333333333334,20.87142857142857,59.42857142857143,0.0,2.369749836103949,0.09999999999999787
2021-01-26,Chennai,25.4,81,0.0,4.6,1,1,1,0.4327755925504312,0.901501684131884,27.5,22.8,21.5,78.0,0.0,26.033333333333342,25.157142857142855,80.71428571428571,0.0,1.7952317797034754,-2.1000000000000014
2021-01-27,Mumbai,27.3,100,0.0,2.2,2,1,1,0.4482293417404106,0.893918596519257,25.2,27.4,25.6,81.0,0.0,25.166666666666668,25.057142857142853,89.71428571428571,0.0,1.7737503985032217,2.1000000000000014
2021-01-27,Bangalore,17.0,66,0.0,2.2,2,1,1,0.4482293417404106,0.893918596519257,20.2,15.7,15.1,77.0,0.0,17.9,18.62857142857143,69.57142857142857,0.0,2.4817428591713493,-3.1999999999999993
2021-01-27,Delhi,17.3,52,0.0,1.3,2,1,1,0.4482293417404106,0.893918596519257,16.1,15.0,16.4,55.0,0.0,16.56666666666666,14.785714285714286,56.42857142857143,0.0,1.9970215917955445,1.1999999999999993
2021-01-27,Hyderabad,16.3,59,0.0,2.2,2,1,1,0.4482293417404106,0.893918596519257,19.2,22.7,18.5,54.0,0.0,18.200000000000006,20.557142857142853,59.285714285714285,0.0,2.8365807720195253,-2.8999999999999986
2021-01-27,Chennai,25.8,83,0.0,2.2,2,1,1,0.4482293417404106,0.893918596519257,25.4,25.2,26.7,81.0,0.0,26.233333333333338,25.02857142857143,80.14285714285714,0.0,1.6957931140662301,0.40000000000000213
2021-01-28,Bangalore,21.0,76,0.0,4.5,3,1,1,0.4635502709028509,0.886070621534138,17.0,16.5,19.3,66.0,0.0,19.4,18.87142857142857,71.0,0.0,2.6367367999823754,4.0
2021-01-28,Chennai,24.3,80,0.0,0.6,3,1,1,0.4635502709028509,0.886070621534138,25.8,27.5,25.7,83.0,0.0,25.16666666666667,24.82857142857143,79.42857142857143,0.0,1.6859362242923357,-1.5
2021-01-28,Delhi,18.8,58,0.0,1.4,3,1,1,0.4635502709028509,0.886070621534138,17.3,16.3,12.3,52.0,0.0,17.39999999999999,15.714285714285714,57.857142857142854,0.0,2.1536237457126797,1.5
2021-01-28,Mumbai,24.6,86,0.0,3.7,3,1,1,0.4635502709028509,0.886070621534138,27.3,23.0,24.6,100.0,0.0,25.7,25.057142857142857,89.42857142857143,0.0,1.7737503985032217,-2.6999999999999993
2021-01-28,Hyderabad,21.1,53,0.0,1.5,3,1,1,0.4635502709028509,0.886070621534138,16.3,19.1,23.7,59.0,0.0,18.86666666666667,20.185714285714287,58.714285714285715,0.0,2.5076074728903754,4.800000000000001
2021-01-29,Chennai,23.7,81,0.0,3.7,4,1,1,0.47873384011578846,0.8779600847008882,24.3,25.4,22.8,80.0,0.0,24.600000000000005,24.957142857142856,79.28571428571429,0.0,1.5328156475988763,-0.6000000000000014
2021-01-29,Hyderabad,17.8,68,0.0,3.5,4,1,1,0.47873384011578846,0.8779600847008882,21.1,19.2,23.7,53.0,0.0,18.400000000000006,19.342857142857145,59.714285714285715,0.0,2.0855512004082377,-3.3000000000000007
2021-01-29,Mumbai,25.2,76,0.0,3.1,4,1,1,0.47873384011578846,0.8779600847008882,24.6,25.2,24.8,86.0,0.0,25.7,25.114285714285717,87.14285714285714,0.0,1.7705258836746134,0.5999999999999979
2021-01-29,Bangalore,20.4,65,0.0,2.6,4,1,1,0.47873384011578846,0.8779600847008882,21.0,20.2,22.9,76.0,0.0,19.466666666666665,18.514285714285712,70.71428571428571,0.0,2.1185125060040626,-0.6000000000000014
2021-01-30,Delhi,14.4,51,0.0,3.6,5,1,1,0.49377555015997715,0.869589389346611,18.8,16.1,12.1,58.0,0.0,16.83333333333333,16.042857142857144,56.42857142857143,0.0,1.6195237395170785,-4.4
2021-01-30,Bangalore,21.1,67,0.0,3.1,5,1,1,0.49377555015997715,0.869589389346611,20.4,17.0,18.8,65.0,0.0,20.833333333333332,18.842857142857145,70.14285714285714,0.0,2.337275581282082,0.7000000000000028
2021-01-30,Chennai,23.3,73,0.0,3.2,5,1,1,0.49377555015997715,0.869589389346611,23.7,25.8,22.8,81.0,0.0,23.76666666666667,25.02857142857143,79.28571428571429,0.0,1.423275899365419,-0.3999999999999986
2021-01-31,Delhi,15.1,51,0.0,0.8,6,1,1,0.5086709438521044,0.8609610158889943,14.4,17.3,14.4,51.0,0.0,16.099999999999994,16.142857142857142,56.0,0.0,1.519711752118157,0.6999999999999993
2021-01-31,Mumbai,21.8,81,0.0,3.4,6,1,1,0.5086709438521044,0.8609610158889943,25.2,27.3,23.1,76.0,0.0,23.866666666666664,24.928571428571427,86.57142857142857,0.0,2.061321813557376,-3.3999999999999986
2021-01-31,Bangalore,18.1,68,0.0,3.9,6,1,1,0.5086709438521044,0.8609610158889943,21.1,21.0,15.7,67.0,0.0,19.866666666666667,19.185714285714287,70.28571428571429,0.0,1.942016624910533,-3.0
2021-01-31,Hyderabad,19.9,66,0.0,4.1,6,1,1,0.5086709438521044,0.8609610158889943,17.8,16.3,19.2,68.0,0.0,19.600000000000005,19.442857142857143,60.142857142857146,0.0,2.0943233934115586,2.099999999999998
2021-01-31,Chennai,25.4,77,0.0,4.0,6,1,1,0.5086709438521044,0.8609610158889943,23.3,24.3,25.2,73.0,0.0,24.133333333333336,25.057142857142857,79.0,0.0,1.4292855358035712,2.099999999999998
2021-02-01,Delhi,12.7,56,0.0,4.4,0,2,1,0.5234156073655503,0.8520775211013093,15.1,18.8,15.0,51.0,0.0,14.066666666666658,15.814285714285715,54.714285714285715,0.0,1.985303143459667,-2.4000000000000004
2021-02-01,Chennai,25.7,85,0.0,3.4,0,2,1,0.5234156073655503,0.8520775211013093,25.4,23.7,27.5,77.0,0.0,24.8,24.8,80.0,0.0,1.0198039027186263,0.3000000000000007
2021-02-01,Hyderabad,21.6,57,0.0,2.8,0,2,1,0.5234156073655503,0.8520775211013093,19.9,21.1,22.7,66.0,0.0,19.76666666666667,19.285714285714285,59.42857142857143,0.0,1.834328734104751,1.7000000000000028
2021-02-01,Bangalore,20.9,80,0.0,5.3,0,2,1,0.5234156073655503,0.8520775211013093,18.1,20.4,16.5,68.0,0.0,20.033333333333335,19.814285714285717,71.28571428571429,0.0,1.6118607998507564,2.799999999999997
2021-02-01,Mumbai,23.2,97,0.0,2.7,0,2,1,0.5234156073655503,0.8520775211013093,21.8,24.6,27.4,81.0,0.0,23.400000000000002,24.32857142857143,87.14285714285714,0.0,1.819078783078792,1.3999999999999986
2021-02-02,Hyderabad,21.1,55,0.0,2.1,1,2,1,0.5380051715382996,0.8429415373547828,21.6,17.8,19.1,57.0,0.0,20.866666666666674,19.571428571428573,58.857142857142854,0.0,1.952531933767379,-0.5
2021-02-02,Delhi,15.5,59,0.0,4.1,1,2,1,0.5380051715382996,0.8429415373547828,12.7,14.4,16.3,56.0,0.0,14.433333333333328,15.700000000000001,54.57142857142857,0.0,1.9756855350322353,2.8000000000000007
2021-02-02,Chennai,24.3,76,0.0,1.3,1,2,1,0.5380051715382996,0.8429415373547828,25.7,23.3,25.4,85.0,0.0,25.133333333333336,24.642857142857142,79.28571428571429,0.0,0.9964221709984549,-1.3999999999999986
2021-02-02,Bangalore,18.3,70,0.0,3.7,1,2,1,0.5380051715382996,0.8429415373547828,20.9,21.1,20.2,80.0,0.0,19.099999999999998,19.542857142857144,70.28571428571429,0.0,1.6939668856043528,-2.599999999999998
2021-02-02,Mumbai,22.2,80,0.0,3.0,1,2,1,0.5380051715382996,0.8429415373547828,23.2,25.2,23.0,97.0,0.0,22.399999999999995,24.214285714285715,85.85714285714286,0.0,1.9377208015505472,-1.0
2021-02-03,Delhi,17.7,59,0.0,2.5,2,2,1,0.5524353131676196,0.8335557718385699,15.5,15.1,16.1,59.0,0.0,15.299999999999992,15.928571428571429,55.142857142857146,0.0,2.117163421274608,2.1999999999999993
2021-02-03,Bangalore,20.5,65,0.0,3.2,2,2,1,0.5524353131676196,0.8335557718385699,18.3,18.1,17.0,70.0,0.0,19.899999999999995,20.042857142857144,70.14285714285714,0.0,1.2856349181853335,2.1999999999999993
2021-02-03,Mumbai,22.2,85,0.0,2.4,2,2,1,0.5524353131676196,0.8335557718385699,22.2,21.8,25.2,80.0,0.0,22.53333333333333,23.785714285714285,86.42857142857143,0.0,2.0136439369366315,0.0
2021-02-03,Chennai,21.6,75,0.0,3.4,2,2,1,0.5524353131676196,0.8335557718385699,24.3,25.4,25.8,76.0,0.0,23.866666666666674,24.042857142857144,78.14285714285714,0.0,1.3758114488756203,-2.6999999999999993
2021-02-03,Hyderabad,23.1,61,0.0,2.2,2,2,1,0.5524353131676196,0.8335557718385699,21.1,19.9,19.2,55.0,0.0,21.933333333333337,20.12857142857143,59.857142857142854,0.0,2.345715445739609,2.0
2021-02-04,Chennai,25.9,75,0.0,2.2,3,2,1,0.5667017562911176,0.8239230057575542,21.6,25.7,24.3,75.0,0.0,23.933333333333337,24.271428571428572,77.42857142857143,0.0,1.5478095120893882,4.299999999999997
2021-02-04,Bangalore,23.2,70,0.0,3.3,3,2,1,0.5667017562911176,0.8239230057575542,20.5,20.9,21.0,65.0,0.0,20.666666666666668,20.357142857142858,69.28571428571429,0.0,1.7453339153843084,2.6999999999999993
2021-02-04,Mumbai,24.1,97,0.0,3.4,3,2,1,0.5667017562911176,0.8239230057575542,22.2,23.2,27.3,85.0,0.0,22.833333333333332,23.328571428571426,86.0,0.0,1.330055494724685,1.9000000000000021
2021-02-04,Delhi,11.7,52,0.0,3.6,3,2,1,0.5667017562911176,0.8239230057575542,17.7,12.7,17.3,59.0,0.0,14.96666666666666,15.128571428571428,55.142857142857146,0.0,2.5302926614096024,-6.0
2021-02-05,Hyderabad,23.8,60,0.0,4.6,4,2,1,0.5808002734538009,0.8140460935082178,23.1,21.6,16.3,61.0,0.0,22.666666666666675,21.2,60.0,0.0,1.9916492328387208,0.6999999999999993
2021-02-05,Chennai,22.3,82,0.0,3.4,4,2,1,0.5808002734538009,0.8140460935082178,25.9,24.3,23.7,75.0,0.0,23.26666666666667,24.071428571428573,77.57142857142857,0.0,1.715336979249571,-3.599999999999998
2021-02-05,Delhi,16.5,51,0.0,4.7,4,2,1,0.5808002734538009,0.8140460935082178,11.7,15.5,18.8,52.0,0.0,15.299999999999992,14.799999999999999,54.142857142857146,0.0,2.08406653764598,4.800000000000001
2021-02-05,Mumbai,23.7,85,0.0,1.9,4,2,1,0.5808002734538009,0.8140460935082178,24.1,22.2,24.6,97.0,0.0,23.333333333333332,23.199999999999996,85.85714285714286,0.0,1.226104943849844,-0.40000000000000213
2021-02-06,Delhi,17.9,51,0.0,2.2,5,2,1,0.5947266869607634,0.8039279618328213,16.5,17.7,14.4,51.0,0.0,15.36666666666666,15.299999999999999,54.142857142857146,0.0,2.372059583288115,1.3999999999999986
2021-02-06,Mumbai,23.7,86,0.0,2.6,5,2,1,0.5947266869607634,0.8039279618328213,23.7,22.2,25.2,85.0,0.0,23.833333333333332,22.985714285714288,87.28571428571429,0.0,0.9081640296563066,0.0
2021-02-06,Hyderabad,18.1,54,0.0,2.6,5,2,1,0.5947266869607634,0.8039279618328213,23.8,21.1,21.1,60.0,0.0,21.66666666666667,20.771428571428572,60.142857142857146,0.0,2.3135213317325087,-5.699999999999999
2021-02-06,Bangalore,19.7,61,0.0,1.8,5,2,1,0.5947266869607634,0.8039279618328213,23.2,18.3,20.4,70.0,0.0,21.13333333333333,20.25714285714286,68.71428571428571,0.0,1.762438786508833,-3.5
2021-02-06,Chennai,25.9,75,0.0,2.6,5,2,1,0.5947266869607634,0.8039279618328213,22.3,21.6,23.3,82.0,0.0,24.700000000000003,24.442857142857143,77.85714285714286,0.0,1.7998677200072022,3.599999999999998
2021-02-07,Delhi,18.2,55,0.0,4.1,6,2,1,0.6084768701151261,0.7935716089521474,17.9,11.7,15.1,51.0,0.0,17.533333333333324,15.742857142857142,54.714285714285715,0.0,2.6063110218965453,0.3000000000000007
2021-02-07,Hyderabad,22.9,54,0.0,3.6,6,2,1,0.6084768701151261,0.7935716089521474,18.1,23.1,17.8,54.0,0.0,21.600000000000005,21.5,58.142857142857146,0.0,2.0041623354077522,4.799999999999997
2021-02-07,Chennai,27.0,85,0.0,3.0,6,2,1,0.6084768701151261,0.7935716089521474,25.9,25.9,25.4,75.0,0.0,25.066666666666674,24.67142857142857,79.0,0.0,2.0287223283915465,1.1000000000000014
2021-02-07,Bangalore,16.1,64,0.0,4.8,6,2,1,0.6084768701151261,0.7935716089521474,19.7,20.5,21.1,61.0,0.0,19.666666666666668,19.542857142857144,68.28571428571429,0.0,2.2962702678163645,-3.599999999999998
2021-02-08,Hyderabad,24.9,58,0.0,4.3,0,2,1,0.6220467484408675,0.7829801036770629,22.9,23.8,19.9,54.0,0.0,21.96666666666667,22.214285714285715,57.0,0.0,2.2184293027790947,2.0
2021-02-08,Chennai,25.4,79,0.0,2.1,0,2,1,0.6220467484408675,0.7829801036770629,27.0,22.3,25.7,85.0,0.0,26.100000000000005,24.62857142857143,78.14285714285714,0.0,2.006418272871939,-1.6000000000000014
2021-02-08,Delhi,19.0,67,0.0,5.2,0,2,1,0.6220467484408675,0.7829801036770629,18.2,16.5,12.7,55.0,0.0,18.36666666666666,16.642857142857142,56.285714285714285,0.0,2.4643167699910897,0.8000000000000007
2021-02-08,Mumbai,23.7,81,0.0,3.4,0,2,1,0.6220467484408675,0.7829801036770629,23.7,24.1,21.8,86.0,0.0,23.7,23.257142857142856,87.28571428571429,0.0,0.7678045386187238,0.0
2021-02-08,Bangalore,20.6,66,0.0,3.2,0,2,1,0.6220467484408675,0.7829801036770629,16.1,23.2,18.1,64.0,0.0,18.799999999999997,19.900000000000002,68.0,0.0,2.2278539748676542,4.5
2021-02-09,Chennai,27.4,75,0.0,2.9,1,2,1,0.6354323008901774,0.7721565844991642,25.4,25.9,24.3,79.0,0.0,26.600000000000005,25.071428571428573,78.0,0.0,2.2492326733905896,2.0
2021-02-09,Delhi,16.0,53,0.0,3.2,1,2,1,0.6354323008901774,0.7721565844991642,19.0,17.9,15.5,67.0,0.0,17.733333333333324,16.714285714285715,55.42857142857143,0.0,2.432713554469043,-3.0
2021-02-09,Mumbai,24.7,77,0.0,2.8,1,2,1,0.6354323008901774,0.7721565844991642,23.7,23.7,23.2,81.0,0.0,24.03333333333333,23.47142857142857,84.42857142857143,0.0,0.9393513466114123,1.0
2021-02-09,Bangalore,18.0,64,0.0,1.8,1,2,1,0.6354323008901774,0.7721565844991642,20.6,19.7,20.9,66.0,0.0,18.233333333333334,19.485714285714288,65.71428571428571,0.0,2.2799331652694423,-2.6000000000000014
2021-02-10,Delhi,13.4,53,0.0,2.3,2,2,1,0.6486295610349814,0.7611042586607747,16.0,18.2,17.7,53.0,0.0,16.133333333333326,16.1,54.57142857142857,0.0,2.673325020768873,-2.5999999999999996
2021-02-10,Hyderabad,20.0,50,0.0,2.4,2,2,1,0.6486295610349814,0.7611042586607747,24.9,18.1,21.6,58.0,0.0,22.600000000000005,21.985714285714288,56.0,0.0,2.369548882121295,-4.899999999999999
2021-02-10,Bangalore,20.3,62,0.0,4.5,2,2,1,0.6486295610349814,0.7611042586607747,18.0,16.1,18.3,64.0,0.0,19.633333333333333,19.771428571428572,64.57142857142857,0.0,2.2313779641844413,2.3000000000000007
2021-02-10,Chennai,25.8,83,0.0,2.2,2,2,1,0.6486295610349814,0.7611042586607747,27.4,27.0,21.6,75.0,0.0,26.200000000000003,25.67142857142857,79.14285714285714,0.0,1.6489534920815152,-1.5999999999999979
2021-02-10,Mumbai,23.3,91,0.0,2.3,2,2,1,0.6486295610349814,0.7611042586607747,24.7,23.7,22.2,77.0,0.0,23.899999999999995,23.62857142857143,86.0,0.0,0.7674943772089502,-1.3999999999999986
2021-02-11,Bangalore,18.8,66,0.0,4.3,3,2,1,0.6616346182422783,0.7498264012045686,20.3,20.6,20.5,62.0,0.0,19.03333333333333,19.52857142857143,64.71428571428571,0.0,2.2313779641844453,-1.5
2021-02-11,Chennai,22.3,77,0.0,3.0,3,2,1,0.6616346182422783,0.7498264012045686,25.8,25.4,25.9,83.0,0.0,25.16666666666667,25.157142857142855,79.42857142857143,0.0,2.072725374040334,-3.5
2021-02-11,Hyderabad,22.0,52,0.0,3.1,3,2,1,0.6616346182422783,0.7498264012045686,20.0,22.9,21.1,50.0,0.0,22.3,22.114285714285717,55.57142857142857,0.0,2.337683020591602,2.0
2021-02-11,Mumbai,27.5,71,0.0,3.2,3,2,1,0.6616346182422783,0.7498264012045686,23.3,23.7,22.2,91.0,0.0,25.166666666666668,24.385714285714283,84.0,0.0,1.4415600015590877,4.199999999999999
2021-02-11,Delhi,16.7,67,0.0,2.9,3,2,1,0.6616346182422783,0.7498264012045686,13.4,19.0,11.7,53.0,0.0,15.36666666666666,16.814285714285713,56.714285714285715,0.0,1.839772242633326,3.299999999999999
2021-02-12,Delhi,13.8,47,0.0,2.4,4,2,1,0.6744436188329455,0.7383263540031065,16.7,16.0,16.5,67.0,0.0,14.633333333333326,16.428571428571427,56.142857142857146,0.0,2.170034013339379,-2.8999999999999986
2021-02-12,Hyderabad,21.4,51,0.0,2.0,4,2,1,0.6744436188329455,0.7383263540031065,22.0,24.9,23.1,52.0,0.0,21.133333333333336,21.871428571428574,54.142857142857146,0.0,2.3063060549389354,-0.6000000000000014
2021-02-12,Mumbai,25.6,80,0.0,2.6,4,2,1,0.6744436188329455,0.7383263540031065,27.5,24.7,24.1,71.0,0.0,25.46666666666667,24.599999999999998,81.57142857142857,0.0,1.5022205785657727,-1.8999999999999986
2021-02-12,Bangalore,18.3,76,0.0,1.6,4,2,1,0.6744436188329455,0.7383263540031065,18.8,18.0,23.2,66.0,0.0,19.133333333333333,18.82857142857143,65.57142857142857,0.0,1.5531841334437135,-0.5
2021-02-12,Chennai,22.7,70,0.0,3.5,4,2,1,0.6744436188329455,0.7383263540031065,22.3,27.4,22.3,77.0,0.0,23.600000000000005,25.214285714285715,77.71428571428571,0.0,1.9844634635325011,0.3999999999999986
2021-02-13,Bangalore,16.4,72,0.0,4.4,5,2,1,0.6870527672236669,0.7266075247685656,18.3,20.3,19.7,76.0,0.0,17.833333333333332,18.357142857142858,67.14285714285714,0.0,1.7347979160479152,-1.9000000000000021
2021-02-13,Chennai,21.6,74,0.0,2.7,5,2,1,0.6870527672236669,0.7266075247685656,22.7,25.8,25.9,70.0,0.0,22.200000000000006,24.599999999999998,77.57142857142857,0.0,2.365727513190561,-1.0999999999999979
2021-02-13,Delhi,12.1,55,0.0,2.0,5,2,1,0.6870527672236669,0.7266075247685656,13.8,13.4,17.9,47.0,0.0,14.199999999999994,15.6,56.714285714285715,0.0,2.5826343140294337,-1.700000000000001
2021-02-13,Mumbai,25.7,92,0.0,2.5,5,2,1,0.6870527672236669,0.7266075247685656,25.6,23.3,23.7,80.0,0.0,26.266666666666666,24.88571428571429,82.57142857142857,0.0,1.4926805546047286,0.09999999999999787
2021-02-14,Chennai,27.3,82,0.0,3.2,6,2,1,0.699458327051647,0.7146733860429609,21.6,22.3,27.0,74.0,0.0,23.866666666666674,24.642857142857142,77.14285714285714,0.0,2.418578882220703,5.699999999999999
2021-02-14,Mumbai,26.2,92,0.0,1.6,6,2,1,0.699458327051647,0.7146733860429609,25.7,27.5,23.7,92.0,0.0,25.833333333333332,25.24285714285714,83.42857142857143,0.0,1.46043046491677,0.5
2021-02-14,Bangalore,16.8,66,0.0,2.2,6,2,1,0.699458327051647,0.7146733860429609,16.4,18.8,16.1,72.0,0.0,17.166666666666668,18.45714285714286,67.42857142857143,0.0,1.5977662979477054,0.40000000000000213
2021-02-14,Hyderabad,18.4,64,0.0,2.3,6,2,1,0.699458327051647,0.7146733860429609,21.4,20.0,23.8,51.0,0.0,20.600000000000005,21.099999999999998,54.714285714285715,0.0,2.4522098877000165,-3.0
2021-02-14,Delhi,17.6,50,0.0,3.3,6,2,1,0.699458327051647,0.7146733860429609,12.1,16.7,18.2,55.0,0.0,14.499999999999993,15.514285714285714,56.0,0.0,2.4902667671217205,5.500000000000002
2021-02-15,Delhi,20.6,55,0.0,3.8,0,2,1,0.7116566222817746,0.7025274741691571,17.6,13.8,19.0,50.0,0.0,16.766666666666662,15.742857142857142,54.285714285714285,0.0,2.9027901192116436,3.0
2021-02-15,Mumbai,24.2,77,0.0,3.0,0,2,1,0.7116566222817746,0.7025274741691571,26.2,25.6,23.7,92.0,0.0,25.366666666666664,25.314285714285717,82.85714285714286,0.0,1.3825442385068363,-2.0
2021-02-15,Bangalore,16.8,64,0.0,2.8,0,2,1,0.7116566222817746,0.7025274741691571,16.8,18.3,20.6,66.0,0.0,16.666666666666668,17.914285714285715,67.14285714285714,0.0,1.378922975161766,0.0
2021-02-15,Hyderabad,22.1,61,0.0,3.0,0,2,1,0.7116566222817746,0.7025274741691571,18.4,22.0,18.1,64.0,0.0,20.633333333333336,21.67142857142857,55.714285714285715,0.0,2.073414483176966,3.700000000000003
2021-02-15,Chennai,25.7,76,0.0,4.5,0,2,1,0.7116566222817746,0.7025274741691571,27.3,22.7,25.4,82.0,0.0,24.866666666666674,24.685714285714287,76.71428571428571,0.0,2.4368207234212726,-1.6000000000000014
2021-02-16,Delhi,17.8,57,0.0,4.0,1,2,1,0.7236440382959124,0.6901733882429719,20.6,12.1,16.0,55.0,0.0,18.66666666666666,16.0,54.857142857142854,0.0,3.007213549672783,-2.8000000000000007
2021-02-16,Mumbai,22.6,79,1.4,2.3,1,2,1,0.7236440382959124,0.6901733882429719,24.2,25.7,24.7,77.0,0.0,24.333333333333332,25.014285714285712,83.14285714285714,0.19999999999999998,1.7237832147426262,-1.5999999999999979
2021-02-16,Chennai,26.2,76,0.0,3.5,1,2,1,0.7236440382959124,0.6901733882429719,25.7,21.6,27.4,76.0,0.0,26.400000000000006,24.514285714285712,76.85714285714286,0.0,2.2490209510129877,0.5
2021-02-16,Bangalore,20.4,78,0.0,1.3,1,2,1,0.7236440382959124,0.6901733882429719,16.8,16.4,18.0,64.0,0.0,17.999999999999996,18.257142857142856,69.14285714285714,0.0,1.6711843533427198,3.599999999999998
2021-02-16,Hyderabad,23.8,61,0.0,3.1,1,2,1,0.7236440382959124,0.6901733882429719,22.1,21.4,22.9,61.0,0.0,21.433333333333337,21.8,56.714285714285715,0.0,2.187083293643321,1.6999999999999993
2021-02-17,Delhi,16.9,49,0.0,4.2,2,2,1,0.7354170229639855,0.6776147890466889,17.8,17.6,13.4,57.0,0.0,18.433333333333326,16.5,54.285714285714285,0.0,2.785677655437217,-0.9000000000000021
2021-02-17,Bangalore,18.8,68,0.0,3.1,2,2,1,0.7354170229639855,0.6776147890466889,20.4,16.8,20.3,78.0,0.0,18.666666666666668,18.042857142857144,70.0,0.0,1.4466710555124611,-1.5999999999999979
2021-02-17,Hyderabad,22.2,54,0.0,2.3,2,2,1,0.7354170229639855,0.6776147890466889,23.8,18.4,24.9,61.0,0.0,22.700000000000006,21.41428571428571,56.142857142857146,0.0,1.7420568029666246,-1.6000000000000014
2021-02-17,Chennai,28.5,73,0.0,3.4,2,2,1,0.7354170229639855,0.6776147890466889,26.2,27.3,25.8,76.0,0.0,26.800000000000008,24.900000000000002,75.42857142857143,0.0,2.693820088028675,2.3000000000000007
2021-02-17,Mumbai,25.9,76,0.0,3.1,2,2,1,0.7354170229639855,0.6776147890466889,22.6,26.2,23.3,79.0,1.4,24.233333333333334,25.38571428571429,81.0,0.19999999999999998,1.5657038581508482,3.299999999999997
2021-02-18,Bangalore,21.1,66,0.0,2.3,3,2,1,0.7469720876965552,0.6648553979642865,18.8,16.8,18.8,68.0,0.0,20.099999999999998,18.37142857142857,70.0,0.0,1.8517687812056867,2.3000000000000007
2021-02-18,Mumbai,21.8,76,0.0,3.4,3,2,1,0.7469720876965552,0.6648553979642865,25.9,24.2,27.5,76.0,0.0,23.433333333333334,24.571428571428573,81.71428571428571,0.19999999999999998,1.7537714462592056,-4.099999999999998
2021-02-18,Chennai,27.5,82,0.0,3.3,3,2,1,0.7469720876965552,0.6648553979642865,28.5,25.7,22.3,73.0,0.0,27.400000000000006,25.642857142857142,76.14285714285714,0.0,2.571547616292054,-1.0
2021-02-18,Hyderabad,18.7,53,0.0,1.9,3,2,1,0.7469720876965552,0.6648553979642865,22.2,22.1,20.0,54.0,0.0,21.566666666666674,21.228571428571428,56.57142857142857,0.0,1.972066839396681,-3.5
2021-02-18,Delhi,16.6,49,0.0,2.6,3,2,1,0.7469720876965552,0.6648553979642865,16.9,20.6,16.7,49.0,0.0,17.09999999999999,16.485714285714288,51.714285714285715,0.0,2.7847373134218776,-0.29999999999999716
2021-02-19,Chennai,25.8,80,0.0,2.8,4,2,1,0.7583058084785624,0.6518989958787126,27.5,26.2,22.7,82.0,0.0,27.26666666666667,26.08571428571429,77.57142857142857,0.0,2.2236820601790486,-1.6999999999999993
2021-02-19,Mumbai,23.1,84,0.0,4.3,4,2,1,0.7583058084785624,0.6518989958787126,21.8,22.6,25.6,76.0,0.0,23.600000000000005,24.214285714285715,82.28571428571429,0.19999999999999998,1.763924196621942,1.3000000000000007
2021-02-19,Hyderabad,23.3,65,0.0,2.3,4,2,1,0.7583058084785624,0.6518989958787126,18.7,23.8,22.0,53.0,0.0,21.400000000000006,21.41428571428571,58.42857142857143,0.0,2.1129983210505157,4.600000000000001
2021-02-19,Bangalore,20.6,64,0.0,4.3,4,2,1,0.7583058084785624,0.6518989958787126,21.1,20.4,18.3,66.0,0.0,20.166666666666668,18.7,68.28571428571429,0.0,2.032240143290245,-0.5
2021-02-19,Delhi,15.6,59,0.0,2.6,4,2,1,0.7583058084785624,0.6518989958787126,16.6,17.8,13.8,49.0,0.0,16.366666666666656,16.742857142857144,53.42857142857143,0.0,2.5702510531449336,-1.0000000000000018
2021-02-20,Hyderabad,20.2,55,0.0,2.7,5,2,1,0.7694148268839378,0.6387494220515272,23.3,22.2,21.4,65.0,0.0,20.733333333333338,21.242857142857144,59.0,0.0,2.162450109526431,-3.1000000000000014
2021-02-20,Bangalore,20.2,67,0.0,0.5,5,2,1,0.7694148268839378,0.6387494220515272,20.6,18.8,16.4,64.0,0.0,20.633333333333333,19.242857142857144,67.57142857142857,0.0,1.8109455567531922,-0.40000000000000213
2021-02-20,Mumbai,27.5,76,0.0,1.9,5,2,1,0.7694148268839378,0.6387494220515272,23.1,25.9,25.7,84.0,0.0,24.133333333333336,24.47142857142857,80.0,0.19999999999999998,2.1132236714825288,4.399999999999999
2021-02-20,Chennai,24.2,78,0.0,4.8,5,2,1,0.7694148268839378,0.6387494220515272,25.8,28.5,21.6,80.0,0.0,25.83333333333334,26.457142857142856,78.14285714285714,0.0,1.4222718245319361,-1.6000000000000014
2021-02-21,Hyderabad,19.8,66,0.0,4.2,6,2,1,0.7802958510707755,0.6254105729852463,20.2,18.7,18.4,55.0,0.0,21.100000000000005,21.442857142857147,59.285714285714285,0.0,1.9051309166364918,-0.3999999999999986
2021-02-21,Bangalore,20.9,62,0.0,2.5,6,2,1,0.7802958510707755,0.6254105729852463,20.2,21.1,16.8,67.0,0.0,20.566666666666666,19.828571428571426,67.0,0.0,1.5304838948454298,0.6999999999999993
2021-02-21,Delhi,17.9,50,0.0,3.3,6,2,1,0.7802958510707755,0.6254105729852463,15.6,16.9,12.1,59.0,0.0,16.699999999999992,17.571428571428573,52.714285714285715,0.0,1.5606775085572155,2.299999999999999
2021-02-21,Chennai,25.5,75,0.0,3.1,6,2,1,0.7802958510707755,0.6254105729852463,24.2,27.5,27.3,78.0,0.0,25.16666666666667,26.2,77.14285714285714,0.0,1.4071247279471146,1.3000000000000007
2021-02-22,Bangalore,19.2,67,0.0,4.2,0,2,1,0.7909456567567772,0.6118864012687243,20.9,20.6,16.8,62.0,0.0,20.099999999999998,20.17142857142857,67.42857142857143,0.0,0.8616153157768366,-1.6999999999999993
2021-02-22,Delhi,17.3,60,0.0,3.6,0,2,1,0.7909456567567772,0.6118864012687243,17.9,16.6,17.6,50.0,0.0,16.933333333333323,17.52857142857143,54.142857142857146,0.0,1.5638779638182652,-0.5999999999999979
2021-02-23,Chennai,25.0,77,0.0,2.1,1,2,1,0.8013610881746766,0.5981809144059165,25.5,25.8,25.7,75.0,0.0,24.900000000000006,26.099999999999998,77.28571428571429,0.0,1.471960144388054,-0.5
2021-02-23,Hyderabad,21.5,55,0.0,1.2,1,2,1,0.8013610881746766,0.5981809144059165,19.8,23.3,22.1,66.0,0.0,20.500000000000004,21.357142857142858,58.42857142857143,0.0,1.8840179960722776,1.6999999999999993
2021-02-23,Bangalore,19.2,71,0.0,3.7,1,2,1,0.8013610881746766,0.5981809144059165,19.2,20.2,20.4,67.0,0.0,19.766666666666662,20.0,66.42857142857143,0.0,0.9255628917944709,0.0
2021-02-23,Delhi,17.4,44,0.0,3.5,1,2,1,0.8013610881746766,0.5981809144059165,17.3,15.6,20.6,60.0,0.0,17.533333333333328,17.07142857142857,52.57142857142857,0.0,0.7952238379117416,0.09999999999999787
2021-02-23,Mumbai,23.9,81,0.0,4.7,1,2,1,0.8013610881746766,0.5981809144059165,27.5,21.8,26.2,76.0,0.0,24.833333333333332,24.142857142857142,78.42857142857143,0.19999999999999998,1.973877016480577,-3.6000000000000014
2021-02-24,Bangalore,18.3,77,0.0,3.5,2,2,1,0.8115390590073611,0.5842981736283684,19.2,20.9,18.8,71.0,0.0,18.899999999999995,19.928571428571427,67.71428571428571,0.0,1.0451702982678148,-0.8999999999999986
2021-02-24,Delhi,13.7,56,0.0,5.3,2,2,1,0.8115390590073611,0.5842981736283684,17.4,17.9,17.8,44.0,0.0,16.133333333333326,16.485714285714284,52.42857142857143,0.0,1.4276187299476817,-3.6999999999999993
2021-02-25,Delhi,15.3,59,0.0,2.4,3,2,1,0.8214765533024142,0.5702422926917871,13.7,17.3,16.9,56.0,0.0,15.46666666666666,16.257142857142856,53.857142857142854,0.0,1.477449539869082,1.6000000000000014
2021-02-25,Mumbai,25.5,74,0.0,4.1,3,2,1,0.8214765533024142,0.5702422926917871,23.9,23.1,24.2,81.0,0.0,25.633333333333336,24.328571428571426,78.0,0.19999999999999998,2.040191400918246,1.6000000000000014
2021-02-25,Bangalore,15.9,64,0.0,2.4,3,2,1,0.8214765533024142,0.5702422926917871,18.3,19.2,21.1,77.0,0.0,17.8,19.185714285714287,67.42857142857143,0.0,1.7101935284529144,-2.4000000000000004
2021-02-25,Hyderabad,19.9,59,0.0,3.0,3,2,1,0.8214765533024142,0.5702422926917871,21.5,20.2,23.8,55.0,0.0,20.400000000000002,20.8,58.142857142857146,0.0,1.5958278938115689,-1.6000000000000014
2021-02-25,Chennai,23.5,79,0.0,3.2,3,2,1,0.8214765533024142,0.5702422926917871,25.0,24.2,26.2,77.0,0.0,24.66666666666667,25.714285714285715,77.71428571428571,0.0,1.7658129114080698,-1.5
2021-02-26,Hyderabad,24.0,51,0.0,1.7,4,2,1,0.8311706263658079,0.5560174366570446,19.9,19.8,22.2,59.0,0.0,21.8,21.057142857142857,57.714285714285715,0.0,1.962020338713186,4.100000000000001
2021-02-26,Mumbai,24.4,81,0.0,3.0,4,2,1,0.8311706263658079,0.5560174366570446,25.5,27.5,22.6,74.0,0.0,24.599999999999998,24.585714285714285,78.28571428571429,0.0,1.894226818017066,-1.1000000000000014
2021-02-26,Bangalore,20.6,57,0.0,1.9,4,2,1,0.8311706263658079,0.5560174366570446,15.9,19.2,20.6,64.0,0.0,18.26666666666667,19.185714285714287,66.42857142857143,0.0,1.7101935284529144,4.700000000000001
2021-02-26,Chennai,28.3,78,0.0,3.3,4,2,1,0.8311706263658079,0.5560174366570446,23.5,25.5,28.5,79.0,0.0,25.600000000000005,25.685714285714287,78.42857142857143,0.0,1.7140872901038158,4.800000000000001
2021-02-26,Delhi,21.0,53,0.0,0.9,4,2,1,0.8311706263658079,0.5560174366570446,15.3,17.4,16.6,59.0,0.0,16.66666666666666,16.885714285714283,54.42857142857143,0.0,2.334829452322101,5.699999999999999
2021-02-27,Hyderabad,24.6,55,0.0,2.2,5,2,1,0.8406184056344782,0.5416278206559814,24.0,21.5,18.7,51.0,0.0,22.83333333333334,21.900000000000002,58.0,0.0,2.0461345670964652,0.6000000000000014
2021-02-27,Mumbai,22.7,81,0.0,0.8,5,2,1,0.8406184056344782,0.5416278206559814,24.4,23.9,25.9,81.0,0.0,24.2,24.128571428571426,79.0,0.0,1.9102480517062201,-1.6999999999999993
2021-02-27,Delhi,19.3,55,0.0,2.9,5,2,1,0.8406184056344782,0.5416278206559814,21.0,13.7,15.6,53.0,0.0,18.533333333333328,17.414285714285715,53.857142857142854,0.0,2.412763679151082,-1.6999999999999993
2021-02-27,Bangalore,16.1,67,0.0,3.5,5,2,1,0.8406184056344782,0.5416278206559814,20.6,18.3,20.2,57.0,0.0,17.533333333333335,18.599999999999998,66.42857142857143,0.0,1.9849433241280114,-4.5
2021-02-27,Chennai,24.1,71,0.0,2.1,5,2,1,0.8406184056344782,0.5416278206559814,28.3,25.0,27.5,78.0,0.0,25.3,25.2,76.85714285714286,0.0,1.591644851508496,-4.199999999999999
2021-02-28,Mumbai,23.3,73,0.0,3.0,6,2,1,0.8498170915275278,0.5270777086423722,22.7,25.5,21.8,81.0,0.0,23.46666666666667,24.342857142857145,78.57142857142857,0.0,1.6751687903582382,0.6000000000000014
2021-02-28,Bangalore,18.2,77,0.0,4.6,6,2,1,0.8498170915275278,0.5270777086423722,16.1,15.9,20.9,67.0,0.0,18.3,18.214285714285715,68.57142857142857,0.0,1.7062908812476714,2.099999999999998
2021-02-28,Chennai,23.9,70,0.0,1.7,6,2,1,0.8498170915275278,0.5270777086423722,24.1,23.5,25.8,71.0,0.0,25.433333333333337,24.928571428571427,75.42857142857143,0.0,1.6337220140059845,-0.20000000000000284
2021-02-28,Delhi,18.0,51,0.0,2.9,6,2,1,0.8498170915275278,0.5270777086423722,19.3,15.3,17.9,55.0,0.0,19.433333333333326,17.428571428571427,54.0,0.0,2.4164121376639605,-1.3000000000000007
2021-03-01,Mumbai,23.0,87,0.0,2.5,0,3,1,0.8587639582758029,0.5123714121284237,23.3,24.4,23.1,73.0,0.0,23.0,24.32857142857143,79.0,0.0,1.6879122071504267,-0.3000000000000007
2021-03-01,Bangalore,16.5,69,0.0,3.7,0,3,1,0.8587639582758029,0.5123714121284237,18.2,20.6,19.2,77.0,0.0,16.933333333333334,17.82857142857143,68.85714285714286,0.0,1.7509181265024052,-1.6999999999999993
2021-03-01,Delhi,18.0,55,0.0,2.0,0,3,1,0.8587639582758029,0.5123714121284237,18.0,21.0,17.3,51.0,0.0,18.433333333333326,17.52857142857143,53.285714285714285,0.0,2.424674745001832,0.0
2021-03-01,Chennai,24.1,75,0.0,3.8,0,3,1,0.8587639582758029,0.5123714121284237,23.9,28.3,24.2,70.0,0.0,24.033333333333342,24.914285714285715,75.0,0.0,1.641572997086043,0.20000000000000284
2021-03-01,Hyderabad,20.1,49,0.0,3.5,0,3,1,0.8587639582758029,0.5123714121284237,24.6,19.9,23.3,55.0,0.0,22.900000000000006,21.442857142857143,55.714285714285715,0.0,2.0386737051796353,-4.5
2021-03-02,Bangalore,19.9,63,0.0,2.5,1,3,1,0.8674563547295969,0.49751328890718066,16.5,16.1,19.2,69.0,0.0,18.2,17.928571428571427,67.71428571428571,0.0,1.8589551596837095,3.3999999999999986
2021-03-02,Hyderabad,19.9,58,0.0,1.4,1,3,1,0.8674563547295969,0.49751328890718066,20.1,24.0,20.2,49.0,0.0,21.533333333333342,21.400000000000002,56.142857142857146,0.0,2.072036035722767,-0.20000000000000284
2021-03-02,Chennai,23.6,75,0.0,1.7,1,3,1,0.8674563547295969,0.49751328890718066,24.1,24.1,25.5,75.0,0.0,23.866666666666674,24.642857142857142,75.0,0.0,1.6850886651817287,-0.5
2021-03-02,Delhi,22.3,50,0.0,2.8,1,3,1,0.8674563547295969,0.49751328890718066,18.0,19.3,17.4,55.0,0.0,19.433333333333326,18.22857142857143,54.142857142857146,0.0,3.016462766063858,4.300000000000001
2021-03-02,Mumbai,22.5,70,0.0,3.0,1,3,1,0.8674563547295969,0.49751328890718066,23.0,22.7,27.5,87.0,0.0,22.933333333333334,23.614285714285717,78.14285714285714,0.0,1.0652520381401092,-0.5
2021-03-03,Mumbai,25.8,80,0.0,2.3,2,3,1,0.8758917051442429,0.48250774176121847,22.5,23.3,23.9,70.0,0.0,23.766666666666666,23.88571428571429,78.0,0.0,1.3533028380330643,3.3000000000000007
2021-03-03,Bangalore,19.3,72,0.0,4.2,2,3,1,0.8758917051442429,0.48250774176121847,19.9,18.2,18.3,63.0,0.0,18.566666666666666,18.071428571428573,67.0,0.0,1.9293472866182861,-0.5999999999999979
2021-03-03,Hyderabad,21.2,56,0.0,3.3,2,3,1,0.8758917051442429,0.48250774176121847,19.9,24.6,19.8,58.0,0.0,20.400000000000006,21.599999999999998,54.714285714285715,0.0,1.956186766816259,1.3000000000000007
2021-03-03,Chennai,23.7,67,0.0,4.9,2,3,1,0.8758917051442429,0.48250774176121847,23.6,23.9,25.0,75.0,0.0,23.800000000000008,24.457142857142856,73.57142857142857,0.0,1.7106111411395035,0.09999999999999787
2021-03-03,Delhi,21.7,53,0.0,4.0,2,3,1,0.8758917051442429,0.48250774176121847,22.3,18.0,13.7,50.0,0.0,20.66666666666666,19.37142857142857,53.714285714285715,0.0,2.4830856380149586,-0.6000000000000014
2021-03-04,Bangalore,21.2,61,0.0,3.6,3,3,1,0.8840675099433636,0.4673592171580022,19.3,16.5,15.9,72.0,0.0,20.133333333333336,18.82857142857143,66.57142857142857,0.0,1.9746006226697996,1.8999999999999986
2021-03-04,Chennai,27.7,70,0.0,2.2,3,3,1,0.8840675099433636,0.4673592171580022,23.7,24.1,23.5,67.0,0.0,25.000000000000004,25.057142857142857,72.28571428571429,0.0,2.0263737256958887,4.0
2021-03-04,Delhi,17.9,59,0.0,1.2,3,3,1,0.8840675099433636,0.4673592171580022,21.7,18.0,15.3,53.0,0.0,20.633333333333326,19.74285714285714,53.714285714285715,0.0,1.8981193700236485,-3.8000000000000007
2021-03-04,Hyderabad,21.0,53,0.0,3.8,3,3,1,0.8840675099433636,0.4673592171580022,21.2,20.1,21.5,56.0,0.0,20.700000000000003,21.52857142857143,54.42857142857143,0.0,1.9695297964356882,-0.1999999999999993
2021-03-05,Chennai,28.7,70,0.0,4.4,4,3,1,0.8919813464595485,0.45207220393230435,27.7,23.6,28.3,70.0,0.0,26.700000000000003,25.114285714285717,71.14285714285714,0.0,2.1357501191451993,1.0
2021-03-05,Hyderabad,20.3,52,0.0,2.4,4,3,1,0.8919813464595485,0.45207220393230435,21.0,19.9,19.9,53.0,0.0,20.83333333333334,21.585714285714285,53.42857142857143,0.0,1.9195733652982079,-0.6999999999999993
2021-03-05,Mumbai,27.3,74,0.0,3.7,4,3,1,0.8919813464595485,0.45207220393230435,25.8,23.0,25.5,80.0,0.0,25.2,24.142857142857142,78.0,0.0,1.8063380477798003,1.5
2021-03-05,Delhi,19.6,41,0.0,3.7,4,3,1,0.8919813464595485,0.45207220393230435,17.9,22.3,21.0,59.0,0.0,19.733333333333324,19.542857142857144,52.0,0.0,1.8155413727569882,1.7000000000000028
2021-03-06,Delhi,20.1,40,0.0,3.6,5,3,1,0.8996308696522433,0.43665123195606403,19.6,21.7,19.3,41.0,0.0,19.199999999999992,19.657142857142855,49.857142857142854,0.0,1.82287057764916,0.5
2021-03-06,Bangalore,16.2,68,0.0,3.1,5,3,1,0.8996308696522433,0.43665123195606403,21.2,19.9,20.6,61.0,0.0,18.9,18.2,68.14285714285714,0.0,2.016597794967318,-5.0
2021-03-06,Chennai,25.6,74,0.0,4.3,5,3,1,0.8996308696522433,0.43665123195606403,28.7,23.7,24.1,70.0,0.0,27.33333333333334,25.328571428571426,71.57142857142857,0.0,2.0918208063107278,-3.099999999999998
2021-03-06,Hyderabad,20.0,61,0.0,3.4,5,3,1,0.8996308696522433,0.43665123195606403,20.3,21.2,24.0,52.0,0.0,20.433333333333337,21.014285714285712,54.857142857142854,0.0,1.6587430697455765,-0.3000000000000007
2021-03-06,Mumbai,29.7,85,0.0,2.0,5,3,1,0.8996308696522433,0.43665123195606403,27.3,22.5,24.4,74.0,0.0,27.599999999999998,24.900000000000002,78.57142857142857,0.0,2.7802877548915435,2.3999999999999986
2021-03-07,Delhi,15.2,57,0.0,1.9,6,3,1,0.9070138128026359,0.4211008707960896,20.1,17.9,18.0,40.0,0.0,18.299999999999994,19.257142857142856,50.714285714285715,0.0,2.447350365093993,-4.900000000000002
2021-03-07,Hyderabad,23.7,55,0.0,1.5,6,3,1,0.9070138128026359,0.4211008707960896,20.0,21.0,24.6,61.0,0.0,21.33333333333334,20.885714285714283,54.857142857142854,0.0,1.3384425917569205,3.6999999999999993
2021-03-07,Bangalore,16.6,66,0.0,3.8,6,3,1,0.9070138128026359,0.4211008707960896,16.2,19.3,16.1,68.0,0.0,18.0,18.271428571428572,68.0,0.0,1.9371063348152395,0.40000000000000213
2021-03-07,Chennai,26.5,76,0.0,1.8,6,3,1,0.9070138128026359,0.4211008707960896,25.6,27.7,23.9,74.0,0.0,26.933333333333337,25.699999999999996,72.42857142857143,0.0,2.0256686138985156,0.8999999999999986
2021-03-07,Mumbai,25.3,81,0.0,2.9,6,3,1,0.9070138128026359,0.4211008707960896,29.7,25.8,22.7,85.0,0.0,27.433333333333337,25.271428571428572,78.57142857142857,0.0,2.605580092618055,-4.399999999999999
2021-03-08,Mumbai,22.8,81,0.0,2.2,0,3,1,0.9141279881853337,0.40542572835999735,25.3,27.3,23.3,81.0,0.0,25.933333333333334,25.2,79.71428571428571,0.0,2.6745716167889797,-2.5
2021-03-08,Delhi,19.2,49,0.0,3.4,0,3,1,0.9141279881853337,0.40542572835999735,15.2,19.6,18.0,57.0,0.0,18.16666666666666,19.428571428571427,49.857142857142854,0.0,2.3858711097590373,4.0
2021-03-08,Bangalore,21.4,66,0.0,4.8,0,3,1,0.9141279881853337,0.40542572835999735,16.6,21.2,18.2,66.0,0.0,18.066666666666666,18.728571428571428,66.42857142857143,0.0,2.2669467614057384,4.799999999999997
2021-03-08,Chennai,26.2,78,0.0,1.6,0,3,1,0.9141279881853337,0.40542572835999735,26.5,28.7,24.1,76.0,0.0,26.100000000000005,26.0,72.85714285714286,0.0,1.900876990584492,-0.3000000000000007
2021-03-08,Hyderabad,21.7,61,0.0,1.5,0,3,1,0.9141279881853337,0.40542572835999735,23.7,20.3,20.1,55.0,0.0,21.8,21.114285714285717,56.57142857142857,0.0,1.3183683999913074,-2.0
2021-03-09,Hyderabad,22.8,47,0.0,2.9,1,3,1,0.9209712877166346,0.38963044953078796,21.7,20.0,19.9,61.0,0.0,22.733333333333338,21.52857142857143,55.0,0.0,1.3288018233411145,1.1000000000000014
2021-03-09,Bangalore,20.0,68,3.3,4.0,1,3,1,0.9209712877166346,0.38963044953078796,21.4,16.2,16.5,66.0,0.0,19.333333333333332,19.228571428571428,66.28571428571429,0.4714285714285714,2.071001598031236,-1.3999999999999986
2021-03-09,Mumbai,24.5,82,2.3,1.1,1,3,1,0.9209712877166346,0.38963044953078796,22.8,29.7,23.0,81.0,0.0,24.2,25.414285714285715,79.0,0.32857142857142857,2.524829084267252,1.6999999999999993
2021-03-09,Chennai,30.2,77,0.0,3.0,1,3,1,0.9209712877166346,0.38963044953078796,26.2,25.6,23.6,78.0,0.0,27.63333333333334,26.942857142857143,73.14285714285714,0.0,2.134523477544991,4.0
2021-03-09,Delhi,20.4,51,0.0,1.8,1,3,1,0.9209712877166346,0.38963044953078796,19.2,20.1,22.3,49.0,0.0,18.266666666666655,19.157142857142855,50.0,0.0,2.0951190442372742,1.1999999999999993
2021-03-10,Bangalore,22.5,67,0.0,2.2,2,3,1,0.9275416835791966,0.37371971479046906,20.0,16.6,19.9,68.0,3.3,21.3,19.599999999999998,66.85714285714286,0.4714285714285714,2.4159194247050038,2.5
2021-03-10,Delhi,18.6,44,0.0,4.0,2,3,1,0.9275416835791966,0.37371971479046906,20.4,15.2,21.7,51.0,0.0,19.39999999999999,18.714285714285715,48.714285714285715,0.0,1.7705258836752025,-1.7999999999999972
2021-03-10,Chennai,26.6,74,0.0,2.7,2,3,1,0.9275416835791966,0.37371971479046906,30.2,26.5,23.7,77.0,0.0,27.66666666666667,27.357142857142858,74.14285714285714,0.0,1.6195237395164832,-3.599999999999998
2021-03-10,Mumbai,24.4,73,0.0,3.6,2,3,1,0.9275416835791966,0.37371971479046906,24.5,25.3,22.5,82.0,2.3,23.900000000000002,25.685714285714287,79.42857142857143,0.32857142857142857,2.2460547421560846,-0.10000000000000142
2021-03-10,Hyderabad,22.7,54,0.0,2.9,2,3,1,0.9275416835791966,0.37371971479046906,22.8,23.7,21.2,47.0,0.0,22.400000000000006,21.742857142857144,54.714285714285715,0.0,1.3866712454138213,-0.10000000000000142
2021-03-11,Delhi,18.2,61,0.0,2.9,3,3,1,0.9338372288229252,0.35769823883312546,18.6,19.2,17.9,44.0,0.0,19.06666666666666,18.75714285714286,49.0,0.0,1.7510541043018695,-0.40000000000000213
2021-03-11,Mumbai,28.2,77,2.8,2.2,3,3,1,0.9338372288229252,0.35769823883312546,24.4,22.8,25.8,73.0,0.0,25.7,26.02857142857143,79.0,0.7285714285714285,2.441116060134704,3.8000000000000007
2021-03-11,Chennai,26.1,63,0.0,2.8,3,3,1,0.9338372288229252,0.35769823883312546,26.6,26.2,27.7,74.0,0.0,27.63333333333334,27.12857142857143,73.14285714285714,0.0,1.6750266522400719,-0.5
2021-03-11,Hyderabad,23.8,54,0.0,3.0,3,3,1,0.9338372288229252,0.35769823883312546,22.7,21.7,21.0,54.0,0.0,23.100000000000005,22.142857142857142,54.857142857142854,0.0,1.5328156475989434,1.1000000000000014
2021-03-12,Mumbai,24.0,80,0.0,1.8,4,3,1,0.9398560579418954,0.3415707691678556,28.2,24.5,27.3,77.0,2.8,25.53333333333333,25.557142857142857,79.85714285714286,0.7285714285714285,2.473093301149472,-4.199999999999999
2021-03-12,Bangalore,17.8,68,0.0,3.6,4,3,1,0.9398560579418954,0.3415707691678556,22.5,21.4,19.3,67.0,0.0,20.099999999999998,19.385714285714283,66.28571428571429,0.4714285714285714,2.5115921719291014,-4.699999999999999
2021-03-12,Chennai,29.6,79,0.0,4.8,4,3,1,0.9398560579418954,0.3415707691678556,26.1,30.2,28.7,63.0,0.0,27.433333333333337,27.25714285714286,74.42857142857143,0.0,1.841970994032601,3.5
2021-03-12,Delhi,17.8,47,0.0,1.5,4,3,1,0.9398560579418954,0.3415707691678556,18.2,20.4,19.6,61.0,0.0,18.199999999999992,18.5,49.857142857142854,0.0,1.738773514099898,-0.3999999999999986
2021-03-13,Delhi,20.9,55,0.0,4.6,5,3,1,0.9455963874271426,0.3253420847119801,17.8,18.6,20.1,47.0,0.0,18.966666666666658,18.614285714285717,52.0,0.0,1.8818683725039145,3.099999999999998
2021-03-13,Hyderabad,21.5,55,0.0,1.5,5,3,1,0.9455963874271426,0.3253420847119801,23.8,22.8,20.3,54.0,0.0,22.66666666666667,22.314285714285713,55.285714285714285,0.0,1.3483676197890508,-2.3000000000000007
2021-03-13,Mumbai,26.3,73,0.0,1.6,5,3,1,0.9455963874271426,0.3253420847119801,24.0,24.4,29.7,80.0,0.0,26.166666666666668,25.071428571428573,78.14285714285714,0.7285714285714285,1.7528208557581761,2.3000000000000007
2021-03-13,Chennai,26.8,69,0.0,2.9,5,3,1,0.9455963874271426,0.3253420847119801,29.6,26.6,25.6,79.0,0.0,27.50000000000001,27.428571428571427,73.71428571428571,0.0,1.7133926245068882,-2.8000000000000007
2021-03-13,Bangalore,19.7,58,0.0,1.4,5,3,1,0.9455963874271426,0.3253420847119801,17.8,20.0,21.2,68.0,0.0,20.0,19.17142857142857,65.85714285714286,0.4714285714285714,2.3921498599337934,1.8999999999999986
2021-03-14,Delhi,20.2,52,0.0,4.0,6,3,1,0.9510565162951535,0.30901699437494745,20.9,18.2,15.2,55.0,0.0,19.633333333333326,19.328571428571426,51.285714285714285,0.0,1.1926361357861122,-0.6999999999999993
2021-03-14,Chennai,24.6,81,0.0,1.5,6,3,1,0.9510565162951535,0.30901699437494745,26.8,26.1,26.5,69.0,0.0,27.000000000000004,27.157142857142862,74.42857142857143,0.0,2.0098566639250945,-2.1999999999999993
2021-03-14,Hyderabad,24.2,52,0.0,2.7,6,3,1,0.9510565162951535,0.30901699437494745,21.5,22.7,20.0,55.0,0.0,23.16666666666667,22.914285714285715,54.0,0.0,1.04790039512139,2.6999999999999993
2021-03-14,Mumbai,23.4,76,0.0,2.5,6,3,1,0.9510565162951535,0.30901699437494745,26.3,28.2,25.3,73.0,0.0,24.566666666666666,24.8,77.42857142857143,0.7285714285714285,1.8556220879621967,-2.900000000000002
2021-03-14,Bangalore,25.6,58,0.0,4.2,6,3,1,0.9510565162951535,0.30901699437494745,19.7,22.5,16.2,58.0,0.0,21.033333333333335,20.514285714285712,64.42857142857143,0.4714285714285714,3.005788067173421,5.900000000000002
2021-03-15,Delhi,19.9,42,0.0,2.1,0,3,1,0.9562348265919056,0.29260033563334836,20.2,17.8,19.2,52.0,0.0,20.333333333333325,19.428571428571427,50.285714285714285,0.0,1.2092894411111088,-0.3000000000000007
2021-03-15,Mumbai,29.0,77,0.0,3.8,0,3,1,0.9562348265919056,0.29260033563334836,23.4,24.0,22.8,76.0,0.0,26.233333333333334,25.685714285714283,76.85714285714286,0.7285714285714285,2.191216231098268,5.600000000000001
2021-03-15,Chennai,27.2,79,0.0,2.9,0,3,1,0.9562348265919056,0.29260033563334836,24.6,29.6,26.2,81.0,0.0,26.200000000000006,27.3,74.57142857142857,0.0,1.965536398374154,2.599999999999998
2021-03-15,Bangalore,22.5,61,0.0,1.1,0,3,1,0.9562348265919056,0.29260033563334836,25.6,17.8,16.6,58.0,0.0,22.599999999999998,21.357142857142858,63.714285714285715,0.4714285714285714,2.5118765514101167,-3.1000000000000014
2021-03-15,Hyderabad,19.8,48,0.0,3.3,0,3,1,0.9562348265919056,0.29260033563334836,24.2,23.8,23.7,52.0,0.0,21.83333333333334,22.357142857142858,53.0,0.0,1.4998412614420764,-4.399999999999999
2021-03-16,Hyderabad,26.7,46,0.0,3.4,1,3,1,0.9611297838723007,0.27609697309746883,19.8,21.5,21.7,48.0,0.0,23.566666666666674,23.071428571428573,50.857142857142854,0.0,2.173870807043188,6.899999999999999
2021-03-16,Delhi,20.6,49,0.0,3.4,1,3,1,0.9611297838723007,0.27609697309746883,19.9,20.9,20.4,42.0,0.0,20.233333333333327,19.457142857142856,50.0,0.0,1.2380860805529663,0.7000000000000028
2021-03-16,Bangalore,21.7,66,0.0,3.4,1,3,1,0.9611297838723007,0.27609697309746883,22.5,19.7,21.4,61.0,0.0,23.266666666666666,21.400000000000002,63.714285714285715,0.4714285714285714,2.515286597321831,-0.8000000000000007
2021-03-16,Mumbai,26.9,78,0.0,3.3,1,3,1,0.9611297838723007,0.27609697309746883,29.0,26.3,24.5,77.0,0.0,26.433333333333334,26.02857142857143,76.28571428571429,0.39999999999999997,2.162340002338726,-2.1000000000000014
2021-03-17,Bangalore,22.9,57,0.0,3.8,2,3,1,0.9657399376548549,0.2595117970697999,21.7,25.6,20.0,66.0,0.0,22.366666666666664,21.814285714285713,62.142857142857146,0.0,2.4849068201367324,1.1999999999999993
2021-03-17,Delhi,21.2,43,0.0,1.7,2,3,1,0.9657399376548549,0.2595117970697999,20.6,20.2,18.6,49.0,0.0,20.56666666666666,19.82857142857143,49.857142857142854,0.0,1.3250336922946935,0.5999999999999979
2021-03-17,Hyderabad,23.5,51,0.0,2.2,2,3,1,0.9657399376548549,0.2595117970697999,26.7,24.2,22.8,46.0,0.0,23.33333333333334,23.171428571428574,51.42857142857143,0.0,2.1754036297619033,-3.1999999999999993
2021-03-17,Chennai,25.7,85,0.0,0.5,2,3,1,0.9657399376548549,0.2595117970697999,27.2,26.8,30.2,79.0,0.0,25.83333333333334,26.657142857142862,75.71428571428571,0.0,1.5511900193692418,-1.5
2021-03-17,Mumbai,21.9,74,0.0,4.5,2,3,1,0.9657399376548549,0.2595117970697999,26.9,23.4,24.4,78.0,0.0,25.933333333333334,25.67142857142857,76.42857142857143,0.39999999999999997,2.6316751862101473,-5.0
2021-03-18,Bangalore,21.4,68,0.0,3.0,3,3,1,0.9700639218515071,0.2428497220959356,22.9,22.5,22.5,57.0,0.0,22.0,21.657142857142855,62.285714285714285,0.0,2.469046471047199,-1.5
2021-03-18,Mumbai,25.9,81,0.0,2.6,3,3,1,0.9700639218515071,0.2428497220959356,21.9,29.0,28.2,74.0,0.0,24.899999999999995,25.342857142857145,77.0,0.0,2.39642591015392,4.0
2021-03-18,Hyderabad,24.8,52,0.0,2.0,3,3,1,0.9700639218515071,0.2428497220959356,23.5,19.8,22.7,51.0,0.0,25.000000000000004,23.471428571428568,51.142857142857146,0.0,2.2432968934987745,1.3000000000000007
2021-03-18,Chennai,25.9,75,1.9,2.7,3,3,1,0.9700639218515071,0.2428497220959356,25.7,24.6,26.6,85.0,0.0,26.26666666666667,26.557142857142857,75.85714285714286,0.2714285714285714,1.5778224898650914,0.1999999999999993
2021-03-18,Delhi,22.2,52,0.0,2.8,3,3,1,0.9700639218515071,0.2428497220959356,21.2,19.9,18.2,43.0,0.0,21.333333333333325,20.400000000000002,48.57142857142857,0.0,1.3674794331183775,1.0
2021-03-19,Mumbai,26.2,81,0.0,2.3,4,3,1,0.9741004551724205,0.22611568550828828,25.9,26.9,24.0,81.0,0.0,24.666666666666668,25.657142857142855,77.14285714285714,0.0,2.3344215149633403,0.3000000000000007
2021-03-19,Delhi,22.7,50,0.0,4.3,4,3,1,0.9741004551724205,0.22611568550828828,22.2,20.6,17.8,52.0,0.0,22.033333333333328,21.099999999999998,49.0,0.0,1.0263202878901958,0.5
2021-03-19,Hyderabad,24.7,62,0.0,3.8,4,3,1,0.9741004551724205,0.22611568550828828,24.8,26.7,23.8,52.0,0.0,24.33333333333334,23.6,52.285714285714285,0.0,2.2905603390146614,-0.10000000000000142
2021-03-19,Bangalore,22.5,65,0.0,2.2,4,3,1,0.9741004551724205,0.22611568550828828,21.4,21.7,17.8,68.0,0.0,22.266666666666666,22.328571428571426,61.857142857142854,0.0,1.7913814833942352,1.1000000000000014
2021-03-20,Chennai,32.0,65,0.0,2.5,5,3,1,0.9778483415056568,0.20931464596304847,25.9,27.2,26.1,75.0,1.9,27.86666666666667,27.4,76.14285714285714,0.2714285714285714,2.561900336338955,6.100000000000001
2021-03-20,Bangalore,20.7,56,0.0,2.2,5,3,1,0.9778483415056568,0.20931464596304847,22.5,22.9,19.7,65.0,0.0,21.53333333333333,22.47142857142857,61.57142857142857,0.0,1.573440270780683,-1.8000000000000007
2021-03-20,Mumbai,25.3,73,0.0,2.8,5,3,1,0.9778483415056568,0.20931464596304847,26.2,21.9,26.3,81.0,0.0,25.799999999999997,25.514285714285712,77.14285714285714,0.0,2.3190720640150775,-0.8999999999999986
2021-03-20,Delhi,21.4,44,0.0,1.1,5,3,1,0.9778483415056568,0.20931464596304847,22.7,21.2,20.9,50.0,0.0,22.09999999999999,21.17142857142857,47.42857142857143,0.0,1.0274795792209004,-1.3000000000000007
2021-03-20,Hyderabad,25.4,48,2.5,2.0,5,3,1,0.9778483415056568,0.20931464596304847,24.7,23.5,21.5,62.0,0.0,24.96666666666667,24.157142857142862,51.285714285714285,0.35714285714285715,2.1655308378141567,0.6999999999999993
2021-03-21,Chennai,27.5,79,0.0,3.9,6,3,1,0.9813064702716093,0.19245158197082998,32.0,25.7,29.6,65.0,0.0,28.46666666666667,27.099999999999998,76.14285714285714,0.2714285714285714,2.3776739333503305,-4.5
2021-03-21,Delhi,20.1,50,0.0,2.6,6,3,1,0.9813064702716093,0.19245158197082998,21.4,22.2,20.2,44.0,0.0,21.39999999999999,21.157142857142855,47.142857142857146,0.0,1.0438025721013928,-1.2999999999999972
2021-03-21,Mumbai,27.0,77,0.0,3.7,6,3,1,0.9813064702716093,0.19245158197082998,25.3,25.9,23.4,73.0,0.0,26.166666666666668,26.028571428571432,77.28571428571429,0.0,2.1661904238503387,1.6999999999999993
2021-03-21,Bangalore,23.2,56,0.0,2.2,6,3,1,0.9813064702716093,0.19245158197082998,20.7,21.4,25.6,56.0,0.0,22.13333333333333,22.12857142857143,61.285714285714285,0.0,0.8920281866143057,2.5
2021-03-21,Hyderabad,22.6,58,0.0,2.7,6,3,1,0.9813064702716093,0.19245158197082998,25.4,24.8,24.2,48.0,2.5,24.233333333333338,23.928571428571427,52.142857142857146,0.35714285714285715,2.2432968934987705,-2.799999999999997
2021-03-22,Bangalore,19.7,66,2.3,3.3,0,3,1,0.9844738167520922,0.1755314904214282,23.2,22.5,22.5,56.0,0.0,21.2,21.728571428571428,62.0,0.32857142857142857,1.2526163095887584,-3.5
2021-03-22,Chennai,24.9,63,0.0,2.8,0,3,1,0.9844738167520922,0.1755314904214282,27.5,25.9,26.8,79.0,0.0,28.133333333333336,26.828571428571426,75.28571428571429,0.2714285714285714,2.521715213708301,-2.6000000000000014
2021-03-22,Mumbai,25.7,72,0.0,2.6,0,3,1,0.9844738167520922,0.1755314904214282,27.0,26.2,29.0,77.0,0.0,26.0,25.557142857142857,76.57142857142857,0.0,1.7261297197846193,-1.3000000000000007
2021-03-22,Delhi,23.4,51,0.0,2.0,0,3,1,0.9844738167520922,0.1755314904214282,20.1,22.7,19.9,50.0,0.0,21.633333333333326,21.657142857142855,48.42857142857143,0.0,1.1716898663292923,3.299999999999997
2021-03-22,Hyderabad,22.4,56,0.0,3.4,0,3,1,0.9844738167520922,0.1755314904214282,22.6,24.7,19.8,58.0,0.0,23.46666666666667,24.300000000000004,53.285714285714285,0.35714285714285715,1.555634918610491,-0.20000000000000284
2021-03-23,Delhi,20.8,43,0.0,1.4,1,3,1,0.9873494423939864,0.15855938510313475,23.4,21.4,20.6,51.0,0.0,21.433333333333326,21.685714285714283,47.57142857142857,0.0,1.14371991243348,-2.599999999999998
2021-03-23,Bangalore,23.3,51,0.0,3.4,1,3,1,0.9873494423939864,0.15855938510313475,19.7,20.7,21.7,66.0,2.3,22.066666666666666,21.957142857142856,59.857142857142854,0.32857142857142857,1.3854688049623998,3.6000000000000014
2021-03-23,Mumbai,23.1,76,0.0,2.5,1,3,1,0.9873494423939864,0.15855938510313475,25.7,25.3,26.9,72.0,0.0,25.26666666666667,25.014285714285712,76.28571428571429,0.0,1.8279574862201926,-2.599999999999998
2021-03-23,Hyderabad,24.9,55,0.0,3.6,1,3,1,0.9873494423939864,0.15855938510313475,22.4,25.4,26.7,56.0,0.0,23.3,24.04285714285714,54.57142857142857,0.35714285714285715,1.2011898862617105,2.5
2021-03-24,Hyderabad,25.4,49,0.0,3.1,2,3,1,0.989932495087353,0.141540295217043,24.9,22.6,23.5,55.0,0.0,24.233333333333338,24.314285714285713,54.285714285714285,0.35714285714285715,1.2707328219425886,0.5
2021-03-24,Mumbai,28.4,73,0.0,1.8,2,3,1,0.989932495087353,0.141540295217043,23.1,27.0,21.9,76.0,0.0,25.733333333333334,25.942857142857143,76.14285714285714,0.0,1.6215806515630826,5.299999999999997
2021-03-24,Bangalore,19.1,66,0.0,3.6,2,3,1,0.989932495087353,0.141540295217043,23.3,23.2,22.9,51.0,0.0,20.7,21.414285714285715,61.142857142857146,0.32857142857142857,1.6697590359376386,-4.199999999999999
2021-03-24,Delhi,23.3,43,0.0,2.5,2,3,1,0.989932495087353,0.141540295217043,20.8,20.1,21.2,43.0,0.0,22.49999999999999,21.985714285714288,47.57142857142857,0.0,1.264157916597769,2.5
2021-03-24,Chennai,29.2,70,0.0,2.8,2,3,1,0.989932495087353,0.141540295217043,24.9,32.0,24.6,63.0,0.0,27.200000000000003,27.485714285714284,73.71428571428571,0.2714285714285714,2.442286204514579,4.300000000000001
2021-03-25,Chennai,27.5,79,0.0,2.9,3,3,1,0.9922222094179323,0.12447926388678915,29.2,27.5,27.2,70.0,0.0,27.200000000000003,27.52857142857143,73.71428571428571,0.2714285714285714,2.4390669566553402,-1.6999999999999993
2021-03-25,Mumbai,23.6,78,0.0,3.5,3,3,1,0.9922222094179323,0.12447926388678915,28.4,25.7,25.9,73.0,0.0,25.03333333333333,25.61428571428571,75.71428571428571,0.0,1.8488091405267215,-4.799999999999997
2021-03-25,Hyderabad,21.9,49,0.0,3.2,3,3,1,0.9922222094179323,0.12447926388678915,25.4,22.4,24.8,49.0,0.0,24.066666666666674,23.900000000000002,53.857142857142854,0.35714285714285715,1.5318833724102334,-3.5
2021-03-25,Bangalore,23.1,69,0.0,3.2,3,3,1,0.9922222094179323,0.12447926388678915,19.1,19.7,21.4,66.0,0.0,21.833333333333332,21.657142857142855,61.285714285714285,0.32857142857142857,1.7868567773767674,4.0
2021-03-25,Delhi,22.8,39,0.0,1.9,3,3,1,0.9922222094179323,0.12447926388678915,23.3,23.4,22.2,43.0,0.0,22.299999999999994,22.071428571428573,45.714285714285715,0.0,1.3009154286049942,-0.5
2021-03-26,Mumbai,29.9,76,0.0,2.5,4,3,1,0.994217906893952,0.10738134666416309,23.6,23.1,26.2,78.0,0.0,27.3,26.142857142857142,75.0,0.0,2.469046471047159,6.299999999999997
2021-03-26,Bangalore,20.5,57,0.0,3.9,4,3,1,0.994217906893952,0.10738134666416309,23.1,23.3,22.5,69.0,0.0,20.900000000000002,21.37142857142857,60.142857142857146,0.32857142857142857,1.7895197546775243,-2.6000000000000014
2021-03-26,Hyderabad,27.1,45,0.0,3.3,4,3,1,0.994217906893952,0.10738134666416309,21.9,24.9,24.7,49.0,0.0,24.8,24.24285714285714,51.42857142857143,0.35714285714285715,1.951800145897137,5.200000000000003
2021-03-26,Delhi,21.6,52,0.0,4.4,4,3,1,0.994217906893952,0.10738134666416309,22.8,20.8,22.7,39.0,0.0,22.566666666666663,21.914285714285715,46.0,0.0,1.2785780792597248,-1.1999999999999993
2021-03-26,Chennai,29.6,66,0.0,3.0,4,3,1,0.994217906893952,0.10738134666416309,27.5,24.9,25.7,79.0,0.0,28.76666666666667,28.08571428571429,71.0,0.2714285714285714,2.3968232944383407,2.1000000000000014
2021-03-27,Hyderabad,22.8,47,0.0,1.6,5,3,1,0.995918996147179,0.09025161003104117,27.1,25.4,25.4,45.0,0.0,23.933333333333337,23.871428571428574,51.285714285714285,0.0,1.942261813551726,-4.300000000000001
2021-03-27,Chennai,28.1,70,0.0,4.2,5,3,1,0.995918996147179,0.09025161003104117,29.6,29.2,25.9,66.0,0.0,28.400000000000006,28.400000000000002,70.28571428571429,0.0,2.198484326378905,-1.5
2021-03-27,Bangalore,20.1,64,0.0,3.8,5,3,1,0.995918996147179,0.09025161003104117,20.5,19.1,20.7,57.0,0.0,21.233333333333334,21.285714285714285,61.285714285714285,0.32857142857142857,1.8406779289423219,-0.3999999999999986
2021-03-27,Mumbai,25.7,76,0.0,3.7,5,3,1,0.995918996147179,0.09025161003104117,29.9,28.4,25.3,76.0,0.0,26.400000000000002,26.199999999999996,75.42857142857143,0.0,2.4508501926202313,-4.199999999999999
2021-03-28,Mumbai,28.8,75,0.0,2.7,6,3,1,0.9973249731081555,0.07309512989807777,25.7,23.6,27.0,76.0,0.0,28.133333333333336,26.457142857142856,75.14285714285714,0.0,2.6361949490740986,3.1000000000000014
2021-03-28,Bangalore,23.2,57,0.0,2.4,6,3,1,0.9973249731081555,0.07309512989807777,20.1,23.1,23.2,64.0,0.0,21.26666666666667,21.285714285714285,61.42857142857143,0.32857142857142857,1.8406779289423219,3.099999999999998
2021-03-28,Delhi,22.0,50,0.0,4.0,6,3,1,0.9973249731081555,0.07309512989807777,21.6,23.3,21.4,52.0,0.0,22.133333333333326,22.0,46.857142857142854,0.0,1.2583057392124162,0.3999999999999986
2021-03-28,Hyderabad,27.5,47,0.0,2.8,6,3,1,0.9973249731081555,0.07309512989807777,22.8,21.9,22.6,47.0,0.0,25.800000000000008,24.571428571428573,49.714285714285715,0.0,2.2640040383609192,4.699999999999999
2021-03-28,Chennai,28.3,74,0.0,4.4,6,3,1,0.9973249731081555,0.07309512989807777,28.1,27.5,32.0,70.0,0.0,28.66666666666667,27.871428571428574,71.57142857142857,0.0,1.5326603077811993,0.1999999999999993
2021-03-29,Delhi,25.5,50,0.0,3.3,0,3,1,0.9984354211555643,0.055916990100603484,22.0,22.8,20.1,50.0,0.0,23.033333333333328,22.771428571428572,46.857142857142854,0.0,1.5261217576094985,3.5
2021-03-29,Bangalore,22.3,68,0.0,3.1,0,3,1,0.9984354211555643,0.055916990100603484,23.2,20.5,19.7,57.0,0.0,21.866666666666664,21.657142857142862,61.714285714285715,0.0,1.7261297197846843,-0.8999999999999986
2021-03-29,Chennai,27.9,62,0.0,2.3,0,3,1,0.9984354211555643,0.055916990100603484,28.3,29.6,27.5,74.0,0.0,28.100000000000005,27.928571428571427,69.14285714285714,0.0,1.523936006655561,-0.40000000000000213
2021-03-29,Mumbai,29.2,76,0.0,1.9,0,3,1,0.9984354211555643,0.055916990100603484,28.8,29.9,25.7,75.0,0.0,27.900000000000002,26.957142857142856,75.71428571428571,0.0,2.795745066380426,0.3999999999999986
2021-03-29,Hyderabad,25.5,47,0.0,2.3,0,3,1,0.9984354211555643,0.055916990100603484,27.5,27.1,22.4,47.0,0.0,25.26666666666667,25.014285714285716,48.42857142857143,0.0,2.062707421027556,-2.0
2021-03-30,Chennai,24.7,68,0.0,1.9,1,3,1,0.9992500112396835,0.03872228089217446,27.9,28.1,24.9,62.0,0.0,26.96666666666667,27.900000000000002,69.85714285714286,0.0,1.5905973720587943,-3.1999999999999993
2021-03-30,Bangalore,21.0,56,0.0,2.6,1,3,1,0.9992500112396835,0.03872228089217446,22.3,20.1,23.3,68.0,0.0,22.166666666666668,21.32857142857143,62.42857142857143,0.0,1.5734402707806991,-1.3000000000000007
2021-03-30,Delhi,23.0,40,0.0,3.9,1,3,1,0.9992500112396835,0.03872228089217446,25.5,21.6,23.4,50.0,0.0,23.49999999999999,22.714285714285715,45.285714285714285,0.0,1.5060196672343729,-2.5
2021-03-30,Mumbai,28.8,83,0.0,2.7,1,3,1,0.9992500112396835,0.03872228089217446,29.2,25.7,23.1,76.0,0.0,28.933333333333334,27.771428571428572,76.71428571428571,0.0,2.2647400775911803,-0.3999999999999986
2021-03-31,Chennai,27.9,65,0.0,3.4,2,3,1,0.9997685019798909,0.021516097436222254,24.7,28.3,29.2,68.0,0.0,26.83333333333334,27.714285714285715,69.14285714285714,0.0,1.4859660958768774,3.1999999999999993
2021-03-31,Hyderabad,23.5,53,0.0,2.1,2,3,1,0.9997685019798909,0.021516097436222254,25.5,22.8,24.9,47.0,0.0,25.500000000000004,24.814285714285717,48.142857142857146,0.0,2.1419839490751307,-2.0
2021-03-31,Mumbai,25.7,67,0.0,3.6,2,3,1,0.9997685019798909,0.021516097436222254,28.8,28.8,28.4,83.0,0.0,27.900000000000002,27.385714285714283,75.85714285714286,0.0,2.3674378354588237,-3.1000000000000014
2021-03-31,Delhi,24.7,47,0.0,1.9,2,3,1,0.9997685019798909,0.021516097436222254,23.0,22.0,20.8,40.0,0.0,24.39999999999999,23.271428571428572,45.857142857142854,0.0,1.397276262012056,1.6999999999999993
2021-03-31,Bangalore,20.6,68,0.0,4.3,2,3,1,0.9997685019798909,0.021516097436222254,21.0,23.2,19.1,56.0,0.0,21.3,21.542857142857144,62.714285714285715,0.0,1.297249838256799,-0.3999999999999986
2021-04-01,Delhi,27.5,47,0.0,2.1,3,4,2,0.9999907397361901,0.004303538296244289,24.7,25.5,23.3,47.0,0.0,25.06666666666666,23.87142857142857,46.42857142857143,0.0,2.1242365575383353,2.8000000000000007
2021-04-01,Chennai,27.9,68,0.0,5.0,3,4,2,0.9999907397361901,0.004303538296244289,27.9,27.9,27.5,65.0,0.0,26.83333333333334,27.771428571428572,67.57142857142857,0.0,1.484042099261772,0.0
2021-04-01,Bangalore,19.4,56,0.0,1.7,3,4,2,0.9999907397361901,0.004303538296244289,20.6,22.3,23.1,68.0,0.0,20.333333333333332,21.014285714285712,60.857142857142854,0.0,1.3107613200332875,-1.2000000000000028
2021-04-01,Mumbai,27.6,64,0.0,1.6,3,4,2,0.9999907397361901,0.004303538296244289,25.7,29.2,23.6,67.0,0.0,27.366666666666664,27.95714285714286,73.85714285714286,0.0,1.6860774427223817,1.9000000000000021
2021-04-01,Hyderabad,26.6,57,0.0,2.4,3,4,2,0.9999907397361901,0.004303538296244289,23.5,27.5,25.4,53.0,0.0,25.200000000000006,24.985714285714288,49.285714285714285,0.0,2.2423414633136245,3.1000000000000014
2021-04-02,Mumbai,27.6,75,0.0,1.2,4,4,2,0.9999166586547379,-0.01291029607500882,27.6,28.8,29.9,64.0,0.0,26.96666666666667,27.62857142857143,73.71428571428571,0.0,1.4522560445898296,0.0
2021-04-02,Chennai,27.1,70,0.0,4.4,4,4,2,0.9999166586547379,-0.01291029607500882,27.9,24.7,29.6,68.0,0.0,27.633333333333336,27.41428571428571,68.14285714285714,0.0,1.2535663410561413,-0.7999999999999972
2021-04-02,Bangalore,20.9,55,0.0,2.4,4,4,2,0.9999166586547379,-0.01291029607500882,19.4,21.0,20.5,56.0,0.0,20.3,21.071428571428573,60.57142857142857,0.0,1.2932056883501242,1.5
2021-04-02,Delhi,24.6,42,0.0,2.8,4,4,2,0.9999166586547379,-0.01291029607500882,27.5,23.0,22.8,47.0,0.0,25.599999999999994,24.128571428571426,46.857142857142854,0.0,2.0814372323907073,-2.8999999999999986
2021-04-02,Hyderabad,29.1,51,0.0,3.8,4,4,2,0.9999166586547379,-0.01291029607500882,26.6,25.5,21.9,57.0,0.0,26.400000000000006,26.014285714285712,49.57142857142857,0.0,2.242341463313616,2.5
2021-04-03,Chennai,24.5,70,0.0,2.6,5,4,2,0.9995462806873573,-0.030120304846908114,27.1,27.9,28.1,70.0,0.0,26.500000000000004,26.9,68.14285714285714,0.0,1.6124515496597962,-2.6000000000000014
2021-04-03,Hyderabad,21.9,58,0.0,3.8,5,4,2,0.9995462806873573,-0.030120304846908114,29.1,23.5,27.1,51.0,0.0,25.866666666666674,25.271428571428572,51.42857142857143,0.0,2.6474605982049777,-7.200000000000003
2021-04-03,Bangalore,22.0,65,0.0,1.9,5,4,2,0.9995462806873573,-0.030120304846908114,20.9,20.6,20.1,55.0,0.0,20.766666666666666,21.342857142857145,60.714285714285715,0.0,1.2541360144965534,1.1000000000000014
2021-04-03,Delhi,22.3,44,0.0,0.6,5,4,2,0.9995462806873573,-0.030120304846908114,24.6,24.7,21.6,42.0,0.0,24.799999999999994,24.228571428571428,45.714285714285715,0.0,1.9525319337676086,-2.3000000000000007
2021-04-04,Chennai,29.5,65,0.0,2.8,6,4,2,0.9988797155850336,-0.04732138832243185,24.5,27.9,28.3,70.0,0.0,27.033333333333335,27.071428571428573,66.85714285714286,0.0,1.834588315049067,5.0
2021-04-04,Bangalore,22.1,56,2.8,4.5,6,4,2,0.9988797155850336,-0.04732138832243185,22.0,19.4,23.2,65.0,0.0,21.666666666666668,21.185714285714287,60.57142857142857,0.39999999999999997,1.031873008059649,0.10000000000000142
2021-04-04,Mumbai,27.7,78,0.0,3.3,6,4,2,0.9988797155850336,-0.04732138832243185,27.6,25.7,25.7,75.0,0.0,27.633333333333336,27.914285714285715,74.0,0.0,1.181000383049051,0.09999999999999787
2021-04-04,Hyderabad,24.2,40,0.0,2.4,6,4,2,0.9988797155850336,-0.04732138832243185,21.9,26.6,22.8,58.0,0.0,25.066666666666674,25.471428571428568,50.42857142857143,0.0,2.477037400951895,2.3000000000000007
2021-04-04,Delhi,25.2,39,0.0,3.3,6,4,2,0.9988797155850336,-0.04732138832243185,22.3,27.5,22.0,44.0,0.0,24.033333333333328,24.685714285714287,44.142857142857146,0.0,1.7023792873788455,2.8999999999999986
2021-04-05,Mumbai,24.9,75,0.0,3.9,0,4,2,0.9979171608653922,-0.06450844944931623,27.7,27.6,28.8,78.0,0.0,26.733333333333334,27.357142857142858,74.0,0.0,1.554410009035754,-2.8000000000000007
2021-04-05,Chennai,28.9,75,0.0,3.0,0,4,2,0.9979171608653922,-0.06450844944931623,29.5,27.1,27.9,65.0,0.0,27.63333333333334,27.214285714285715,68.71428571428571,0.0,1.9454464538409177,-0.6000000000000014
2021-04-05,Delhi,24.8,52,0.0,2.5,0,4,2,0.9979171608653922,-0.06450844944931623,25.2,24.6,25.5,39.0,0.0,24.099999999999994,24.585714285714285,44.42857142857143,0.0,1.666761902041356,-0.3999999999999986
2021-04-05,Bangalore,22.0,69,0.0,1.9,0,4,2,0.9979171608653922,-0.06450844944931623,22.1,20.9,22.3,56.0,2.8,22.03333333333333,21.142857142857142,60.714285714285715,0.39999999999999997,0.9829498848825616,-0.10000000000000142
2021-04-05,Hyderabad,26.7,50,0.0,2.5,0,4,2,0.9979171608653922,-0.06450844944931623,24.2,29.1,27.5,40.0,0.0,24.26666666666667,25.357142857142858,50.857142857142854,0.0,2.3845734369464724,2.5
2021-04-06,Delhi,24.2,46,0.0,1.7,1,4,2,0.9966589017541702,-0.08167639533042241,24.8,22.3,23.0,52.0,0.0,24.733333333333324,24.75714285714286,45.285714285714285,0.0,1.532815647599237,-0.6000000000000014
2021-04-06,Mumbai,26.7,74,0.0,3.9,1,4,2,0.9966589017541702,-0.08167639533042241,24.9,27.6,29.2,75.0,0.0,26.433333333333334,27.0,73.71428571428571,0.0,1.3316656236958888,1.8000000000000007
2021-04-06,Bangalore,20.9,60,0.0,2.0,1,4,2,0.9966589017541702,-0.08167639533042241,22.0,22.0,21.0,69.0,0.0,21.666666666666668,21.12857142857143,61.285714285714285,0.39999999999999997,0.986093784779682,-1.1000000000000014
2021-04-06,Hyderabad,25.9,51,0.0,3.3,1,4,2,0.9966589017541702,-0.08167639533042241,26.7,21.9,25.5,50.0,0.0,25.600000000000005,25.41428571428571,51.42857142857143,0.0,2.3933439447967926,-0.8000000000000007
2021-04-07,Mumbai,25.4,78,0.0,4.1,2,4,2,0.9951053111006976,-0.09882013873287143,26.7,27.7,28.8,74.0,0.0,25.666666666666668,26.514285714285712,73.0,0.0,1.1767590682726405,-1.3000000000000007
2021-04-07,Bangalore,24.4,66,0.0,2.2,2,4,2,0.9951053111006976,-0.09882013873287143,20.9,22.1,20.6,60.0,0.0,22.433333333333334,21.67142857142857,61.0,0.39999999999999997,1.5380878667080229,3.5
2021-04-07,Hyderabad,24.0,52,0.0,3.9,2,4,2,0.9951053111006976,-0.09882013873287143,25.9,24.2,23.5,51.0,0.0,25.533333333333335,25.485714285714284,51.285714285714285,0.0,2.3334013595526457,-1.8999999999999986
2021-04-07,Delhi,24.1,36,0.0,3.8,2,4,2,0.9951053111006976,-0.09882013873287143,24.2,25.2,24.7,46.0,0.0,24.36666666666666,24.671428571428574,43.714285714285715,0.0,1.5531841334440104,-0.09999999999999787
2021-04-08,Delhi,22.6,44,0.0,3.9,3,4,2,0.9932568492674143,-0.11593459959550041,24.1,24.8,27.5,36.0,0.0,23.633333333333326,23.97142857142857,43.285714285714285,0.0,1.1056133828704833,-1.5
2021-04-08,Chennai,27.1,63,0.0,3.0,3,4,2,0.9932568492674143,-0.11593459959550041,28.9,24.5,24.7,75.0,0.0,28.500000000000004,27.557142857142853,68.0,0.0,1.6112698334514908,-1.7999999999999972
2021-04-08,Hyderabad,22.1,38,0.0,2.4,3,4,2,0.9932568492674143,-0.11593459959550041,24.0,26.7,26.6,52.0,0.0,24.000000000000004,24.842857142857145,48.57142857142857,0.0,2.5818966819357287,-1.8999999999999986
2021-04-08,Mumbai,27.9,67,0.0,2.2,3,4,2,0.9932568492674143,-0.11593459959550041,25.4,24.9,25.7,78.0,0.0,26.666666666666668,26.82857142857143,73.0,0.0,1.216161016908383,2.5
2021-04-09,Bangalore,18.7,62,0.0,3.3,4,4,2,0.9911140639934547,-0.1330147065341959,24.4,22.0,19.4,66.0,0.0,21.333333333333332,21.571428571428573,61.857142857142854,0.39999999999999997,1.7221249332480029,-5.699999999999999
2021-04-09,Mumbai,27.7,73,0.0,2.7,4,4,2,0.9911140639934547,-0.1330147065341959,27.9,26.7,27.6,67.0,0.0,27.0,26.842857142857138,74.28571428571429,0.0,1.2272695205986701,-0.1999999999999993
2021-04-09,Delhi,25.9,35,0.0,2.9,4,4,2,0.9911140639934547,-0.1330147065341959,22.6,24.2,24.6,44.0,0.0,24.199999999999992,24.157142857142855,42.285714285714285,0.0,1.3176458083232432,3.299999999999997
2021-04-09,Chennai,26.9,74,0.0,2.6,4,4,2,0.9911140639934547,-0.1330147065341959,27.1,29.5,27.9,63.0,0.0,27.63333333333334,27.414285714285715,69.28571428571429,0.0,1.6201116951501258,-0.20000000000000284
2021-04-10,Bangalore,18.8,59,0.0,3.1,5,4,2,0.9886775902323405,-0.1500553983446526,18.7,20.9,20.9,62.0,0.0,20.63333333333333,21.271428571428572,62.42857142857143,0.39999999999999997,2.016361645567194,0.10000000000000142
2021-04-10,Delhi,24.8,34,0.0,3.0,5,4,2,0.9886775902323405,-0.1500553983446526,25.9,24.1,22.3,35.0,0.0,24.433333333333326,24.514285714285712,40.857142857142854,0.0,1.0399175791522441,-1.0999999999999979
2021-04-10,Mumbai,27.6,74,0.0,2.5,5,4,2,0.9886775902323405,-0.1500553983446526,27.7,25.4,27.6,73.0,0.0,27.733333333333334,26.842857142857138,74.14285714285714,0.0,1.22726952059867,-0.09999999999999787
2021-04-10,Hyderabad,24.9,53,0.0,4.2,5,4,2,0.9886775902323405,-0.1500553983446526,22.1,25.9,29.1,38.0,0.0,23.66666666666667,24.24285714285714,48.857142857142854,0.0,1.7961599250041018,2.799999999999997
2021-04-10,Chennai,28.3,71,0.0,4.3,5,4,2,0.9886775902323405,-0.1500553983446526,26.9,28.9,27.9,74.0,0.0,27.433333333333337,27.47142857142857,69.71428571428571,0.0,1.6469307673309361,1.4000000000000021
2021-04-11,Hyderabad,23.6,55,0.0,3.1,6,4,2,0.9859481499638304,-0.16705162550211924,24.9,24.0,21.9,53.0,0.0,23.533333333333342,24.485714285714288,48.42857142857143,0.0,1.520338308215914,-1.2999999999999972
2021-04-11,Delhi,25.6,44,0.0,2.2,6,4,2,0.9859481499638304,-0.16705162550211924,24.8,22.6,25.2,34.0,0.0,25.433333333333326,24.571428571428573,41.57142857142857,0.0,1.0934872133297087,0.8000000000000007
2021-04-11,Mumbai,25.7,78,0.0,2.5,6,4,2,0.9859481499638304,-0.16705162550211924,27.6,27.9,27.7,74.0,0.0,27.0,26.557142857142857,74.14285714285714,0.0,1.2272695205986608,-1.9000000000000021
2021-04-11,Chennai,28.4,69,0.0,4.3,6,4,2,0.9859481499638304,-0.16705162550211924,28.3,27.1,27.1,71.0,0.0,27.866666666666674,27.657142857142862,69.57142857142857,0.0,1.6711843533427033,0.09999999999999787
2021-04-11,Bangalore,21.6,55,0.0,2.2,6,4,2,0.9859481499638304,-0.16705162550211924,18.8,24.4,22.0,59.0,0.0,19.700000000000003,21.214285714285715,61.0,0.39999999999999997,1.9978559936663929,2.8000000000000007
2021-04-12,Hyderabad,26.9,51,0.0,1.5,0,4,2,0.9829265519799822,-0.18399835165768005,23.6,22.1,24.2,55.0,0.0,25.133333333333336,24.87142857142857,50.0,0.0,1.7594642041583368,3.299999999999997
2021-04-12,Chennai,29.0,60,0.0,4.3,0,4,2,0.9829265519799822,-0.18399835165768005,28.4,26.9,24.5,69.0,0.0,28.566666666666674,28.300000000000004,68.14285714285714,0.0,0.9746794344810872,0.6000000000000014
2021-04-12,Delhi,22.5,45,0.0,2.5,0,4,2,0.9829265519799822,-0.18399835165768005,25.6,25.9,24.8,44.0,0.0,24.299999999999994,24.242857142857144,40.57142857142857,0.0,1.3327379623135986,-3.1000000000000014
2021-04-12,Mumbai,29.4,77,0.0,0.8,0,4,2,0.9829265519799822,-0.18399835165768005,25.7,27.7,24.9,78.0,0.0,27.566666666666666,27.2,74.42857142857143,0.0,1.3832329280831102,3.6999999999999993
2021-04-12,Bangalore,25.9,53,0.0,2.4,0,4,2,0.9829265519799822,-0.18399835165768005,21.6,18.7,22.1,55.0,0.0,22.099999999999998,21.75714285714286,60.57142857142857,0.0,2.678841256250661,4.299999999999997
2021-04-13,Delhi,25.4,39,0.0,2.0,1,4,2,0.9796136916454901,-0.20089055513063506,22.5,24.8,24.2,45.0,0.0,24.49999999999999,24.41428571428571,39.57142857142857,0.0,1.4016996485564264,2.8999999999999986
2021-04-13,Chennai,32.4,66,0.0,2.8,1,4,2,0.9796136916454901,-0.20089055513063506,29.0,28.3,29.5,60.0,0.0,29.933333333333337,28.714285714285715,68.28571428571429,0.0,1.8197331044493785,3.3999999999999986
2021-04-13,Mumbai,27.4,72,0.0,2.5,1,4,2,0.9796136916454901,-0.20089055513063506,29.4,27.6,26.7,77.0,0.0,27.5,27.3,74.14285714285714,0.0,1.3662601021279646,-2.0
2021-04-13,Hyderabad,27.2,50,0.0,3.4,1,4,2,0.9796136916454901,-0.20089055513063506,26.9,24.9,26.7,51.0,0.0,25.900000000000006,24.942857142857143,50.0,0.0,1.8536964358251107,0.3000000000000007
2021-04-14,Hyderabad,28.3,53,0.0,2.7,2,4,2,0.9760105506323683,-0.21772323039653177,27.2,23.6,25.9,50.0,0.0,27.46666666666667,25.285714285714285,50.285714285714285,0.0,2.241598069405428,1.1000000000000014
2021-04-14,Mumbai,26.0,72,0.0,4.1,2,4,2,0.9760105506323683,-0.21772323039653177,27.4,25.7,25.4,72.0,0.0,27.599999999999998,27.385714285714283,73.28571428571429,0.0,1.2401996767034305,-1.3999999999999986
2021-04-14,Chennai,31.3,66,0.0,3.7,2,4,2,0.9760105506323683,-0.21772323039653177,32.4,28.4,28.9,66.0,0.0,30.900000000000006,29.057142857142857,67.0,0.0,2.0695064974185433,-1.0999999999999979
2021-04-14,Delhi,28.2,49,0.0,1.7,2,4,2,0.9760105506323683,-0.21772323039653177,25.4,25.6,24.1,39.0,0.0,25.36666666666666,25.0,41.42857142857143,0.0,1.9841034919247278,2.8000000000000007
2021-04-14,Bangalore,20.5,62,0.0,1.8,2,4,2,0.9760105506323683,-0.21772323039653177,25.9,18.8,22.0,53.0,0.0,22.666666666666668,21.542857142857144,59.57142857142857,0.0,2.715914298388413,-5.399999999999999
2021-04-15,Bangalore,24.3,59,0.0,2.1,3,4,2,0.9721181966290613,-0.23449138957040985,20.5,21.6,20.9,62.0,0.0,23.566666666666663,22.02857142857143,59.42857142857143,0.0,2.8808067653085923,3.8000000000000007
2021-04-15,Hyderabad,29.0,49,0.0,3.5,3,4,2,0.9721181966290613,-0.23449138957040985,28.3,26.9,24.0,53.0,0.0,28.16666666666667,26.0,49.857142857142854,0.0,2.540341184434397,0.6999999999999993
2021-04-15,Delhi,26.4,45,0.0,2.2,3,4,2,0.9721181966290613,-0.23449138957040985,28.2,22.5,22.6,49.0,0.0,26.666666666666657,25.542857142857144,41.57142857142857,0.0,1.7203266577964123,-1.8000000000000007
2021-04-15,Mumbai,22.9,84,0.0,2.7,3,4,2,0.9721181966290613,-0.23449138957040985,26.0,29.4,27.9,72.0,0.0,25.433333333333334,26.67142857142857,75.71428571428571,0.0,2.062130197727813,-3.1000000000000014
2021-04-16,Hyderabad,27.1,40,0.0,3.7,4,4,2,0.9679377830240642,-0.25119006388481935,29.0,27.2,22.1,49.0,0.0,28.13333333333334,26.714285714285715,50.142857142857146,0.0,1.8774349269048205,-1.8999999999999986
2021-04-16,Mumbai,23.1,72,0.0,3.3,4,4,2,0.9679377830240642,-0.25119006388481935,22.9,27.4,27.7,84.0,0.0,24.0,26.014285714285712,75.57142857142857,0.0,2.387068335447307,0.20000000000000284
2021-04-16,Chennai,26.6,73,0.0,4.3,4,4,2,0.9679377830240642,-0.25119006388481935,31.3,29.0,27.1,66.0,0.0,30.100000000000005,28.985714285714288,68.42857142857143,0.0,2.1551709688009266,-4.699999999999999
2021-04-16,Delhi,27.1,36,0.0,2.2,4,4,2,0.9679377830240642,-0.25119006388481935,26.4,25.4,25.9,45.0,0.0,27.233333333333324,25.714285714285715,41.714285714285715,0.0,1.818816988621005,0.7000000000000028
2021-04-16,Bangalore,24.5,57,0.0,2.6,4,4,2,0.9679377830240642,-0.25119006388481935,24.3,25.9,24.4,59.0,0.0,23.100000000000005,22.04285714285714,58.142857142857146,0.0,2.894740715422358,0.1999999999999993
2021-04-17,Mumbai,25.4,72,0.0,1.3,5,4,2,0.9634705485641488,-0.2678143051621742,23.1,26.0,27.6,72.0,0.0,23.799999999999997,25.7,75.28571428571429,0.0,2.2861904265976136,2.299999999999997
2021-04-17,Delhi,27.4,47,0.0,2.0,5,4,2,0.9634705485641488,-0.2678143051621742,27.1,28.2,24.8,36.0,0.0,26.966666666666658,26.08571428571429,43.57142857142857,0.0,1.865858668664287,0.29999999999999716
2021-04-17,Hyderabad,23.5,48,0.0,2.2,5,4,2,0.9634705485641488,-0.2678143051621742,27.1,28.3,24.9,40.0,0.0,26.533333333333342,26.514285714285716,49.42857142857143,0.0,2.156717081916119,-3.6000000000000014
2021-04-17,Chennai,31.3,70,0.0,3.5,5,4,2,0.9634705485641488,-0.2678143051621742,26.6,32.4,26.9,73.0,0.0,29.733333333333338,29.614285714285717,67.85714285714286,0.0,2.0860078071352057,4.699999999999999
2021-04-18,Chennai,34.4,70,0.0,1.1,6,4,2,0.9587178169872964,-0.2843591872810034,31.3,31.3,28.3,70.0,0.0,30.76666666666667,30.485714285714284,67.71428571428571,0.0,2.6447612188555722,3.099999999999998
2021-04-18,Delhi,28.0,43,0.0,2.7,6,4,2,0.9587178169872964,-0.2843591872810034,27.4,26.4,25.6,47.0,0.0,27.499999999999996,26.428571428571427,43.42857142857143,0.0,1.9788163850431741,0.6000000000000014
2021-04-18,Hyderabad,31.0,52,0.0,2.8,6,4,2,0.9587178169872964,-0.2843591872810034,23.5,29.0,23.6,48.0,0.0,27.200000000000006,27.571428571428573,49.0,0.0,2.299068134204479,7.5
2021-04-18,Bangalore,20.8,53,0.0,2.6,6,4,2,0.9587178169872964,-0.2843591872810034,24.5,20.5,18.7,57.0,0.0,23.200000000000003,22.342857142857145,56.857142857142854,0.0,2.5825421215391504,-3.6999999999999993
2021-04-18,Mumbai,25.9,76,0.0,2.9,6,4,2,0.9587178169872964,-0.2843591872810034,25.4,22.9,25.7,72.0,0.0,24.8,25.728571428571428,75.0,0.0,2.2874398248655345,0.5
2021-04-19,Delhi,27.9,48,0.0,3.7,0,4,2,0.9536809966304457,-0.30081980763566735,28.0,27.1,22.5,43.0,0.0,27.766666666666655,27.199999999999996,43.857142857142854,0.0,1.004987562112561,-0.10000000000000142
2021-04-19,Bangalore,23.6,64,1.0,4.0,0,4,2,0.9536809966304457,-0.30081980763566735,20.8,24.3,18.8,53.0,0.0,22.96666666666667,23.02857142857143,57.57142857142857,0.14285714285714285,2.071806205314836,2.8000000000000007
2021-04-19,Hyderabad,22.9,52,0.0,3.1,0,4,2,0.9536809966304457,-0.30081980763566735,31.0,27.1,26.9,52.0,0.0,25.8,27.0,49.142857142857146,0.0,2.9097537123727264,-8.100000000000001
2021-04-19,Mumbai,24.8,69,0.0,5.6,0,4,2,0.9536809966304457,-0.30081980763566735,25.9,23.1,29.4,76.0,0.0,25.366666666666664,25.071428571428573,73.85714285714286,0.0,1.620405592965584,-1.0999999999999979
2021-04-19,Chennai,29.4,63,0.0,2.4,0,4,2,0.9536809966304457,-0.30081980763566735,34.4,26.6,28.4,70.0,0.0,31.700000000000003,30.62857142857143,66.85714285714286,0.0,2.5381845780757293,-5.0
2021-04-20,Chennai,30.6,79,0.0,4.5,1,4,2,0.9483615800121715,-0.3171912885891061,29.4,31.3,29.0,63.0,0.0,31.46666666666667,30.857142857142858,69.57142857142857,0.0,2.4371138277734055,1.2000000000000028
2021-04-20,Mumbai,26.2,76,2.1,1.9,1,4,2,0.9483615800121715,-0.3171912885891061,24.8,25.4,27.4,69.0,0.0,25.633333333333336,24.900000000000002,74.42857142857143,0.3,1.3784048752089664,1.3999999999999986
2021-04-20,Delhi,24.6,37,0.0,4.2,1,4,2,0.9483615800121715,-0.3171912885891061,27.9,27.4,25.4,48.0,0.0,26.83333333333333,27.08571428571429,43.57142857142857,0.0,1.2575486358107717,-3.299999999999997
2021-04-20,Bangalore,25.5,60,0.0,1.4,1,4,2,0.9483615800121715,-0.3171912885891061,23.6,24.5,21.6,64.0,1.0,23.3,23.585714285714285,58.285714285714285,0.14285714285714285,2.1466474414992622,1.8999999999999986
2021-04-20,Hyderabad,27.6,50,0.0,3.8,1,4,2,0.9483615800121715,-0.3171912885891061,22.9,23.5,27.2,52.0,0.0,27.16666666666667,27.057142857142857,49.142857142857146,0.0,2.9182512702285717,4.700000000000003
2021-04-21,Chennai,27.3,63,0.0,3.3,2,4,2,0.9427611433904207,-0.3334687789181868,30.6,34.4,32.4,79.0,0.0,29.100000000000005,30.12857142857143,69.14285714285714,0.0,2.651863675301097,-3.3000000000000007
2021-04-21,Hyderabad,25.6,51,0.0,3.0,2,4,2,0.9427611433904207,-0.3334687789181868,27.6,31.0,28.3,50.0,0.0,25.36666666666667,26.671428571428574,48.857142857142854,0.0,2.905003893120941,-2.0
2021-04-21,Delhi,24.7,38,0.0,2.8,2,4,2,0.9427611433904207,-0.3334687789181868,24.6,28.0,28.2,37.0,0.0,25.73333333333333,26.585714285714285,42.0,0.0,1.4252819269988657,0.09999999999999787
2021-04-21,Bangalore,25.0,59,0.0,2.7,2,4,2,0.9427611433904207,-0.3334687789181868,25.5,20.8,25.9,60.0,0.0,24.700000000000003,23.457142857142856,59.142857142857146,0.14285714285714285,2.0073673827986505,-0.5
2021-04-21,Mumbai,25.9,77,0.0,4.3,2,4,2,0.9427611433904207,-0.3334687789181868,26.2,25.9,26.0,76.0,2.1,25.63333333333333,24.88571428571429,75.14285714285714,0.3,1.36556285273207,-0.3000000000000007
2021-04-22,Chennai,29.3,62,0.0,5.1,3,4,2,0.9368813462954315,-0.3496474552512284,27.3,29.4,31.3,63.0,0.0,29.066666666666674,29.842857142857145,68.57142857142857,0.0,2.6120599424319524,2.0
2021-04-22,Hyderabad,26.8,49,0.0,1.8,3,4,2,0.9368813462954315,-0.3496474552512284,25.6,22.9,29.0,51.0,0.0,26.666666666666675,26.357142857142858,48.857142857142854,0.0,2.7244920889694937,1.1999999999999993
2021-04-22,Delhi,24.6,44,0.0,1.9,3,4,2,0.9368813462954315,-0.3496474552512284,24.7,27.9,26.4,38.0,0.0,24.633333333333326,26.328571428571426,41.857142857142854,0.0,1.6142225019232466,-0.09999999999999787
2021-04-22,Bangalore,21.8,66,0.0,4.3,3,4,2,0.9368813462954315,-0.3496474552512284,25.0,23.6,20.5,59.0,0.0,24.099999999999998,23.642857142857142,59.714285714285715,0.14285714285714285,1.729023947064903,-3.1999999999999993
2021-04-22,Mumbai,28.1,72,0.0,2.0,3,4,2,0.9368813462954315,-0.3496474552512284,25.9,24.8,22.9,77.0,0.0,26.733333333333334,25.62857142857143,73.42857142857143,0.3,1.5118578920368793,2.200000000000003
2021-04-23,Bangalore,25.0,62,0.0,2.9,4,4,2,0.9307239310379795,-0.36572252349726897,21.8,25.5,24.3,66.0,0.0,23.933333333333334,23.742857142857144,60.142857142857146,0.14285714285714285,1.7924444601876026,3.1999999999999993
2021-04-23,Chennai,32.6,62,0.0,4.6,4,4,2,0.9307239310379795,-0.36572252349726897,29.3,30.6,26.6,62.0,0.0,29.733333333333338,30.7,67.0,0.0,2.340939982144036,3.3000000000000007
2021-04-23,Delhi,24.7,50,0.0,3.5,4,4,2,0.9307239310379795,-0.36572252349726897,24.6,24.6,27.1,44.0,0.0,24.66666666666666,25.985714285714284,43.857142857142854,0.0,1.6767315144141817,0.09999999999999787
2021-04-23,Hyderabad,26.5,47,0.0,2.4,4,4,2,0.9307239310379795,-0.36572252349726897,26.8,27.6,27.1,49.0,0.0,26.3,26.27142857142857,49.857142857142854,0.0,2.7066056760663346,-0.3000000000000007
2021-04-24,Hyderabad,30.5,48,0.0,2.3,5,4,2,0.9242907221930933,-0.3816892202666588,26.5,25.6,23.5,47.0,0.0,27.933333333333337,27.27142857142857,49.857142857142854,0.0,2.8033992971119552,4.0
2021-04-24,Delhi,27.7,35,0.0,4.2,5,4,2,0.9242907221930933,-0.3816892202666588,24.7,24.7,27.4,50.0,0.0,25.666666666666657,26.028571428571432,42.142857142857146,0.0,1.7221249332482775,3.0
2021-04-24,Chennai,31.1,72,0.0,3.7,5,4,2,0.9242907221930933,-0.3816892202666588,32.6,27.3,31.3,62.0,0.0,31.00000000000001,30.67142857142857,67.28571428571429,0.0,2.333605426312427,-1.5
2021-04-24,Bangalore,24.0,64,0.0,3.8,5,4,2,0.9242907221930933,-0.3816892202666588,25.0,25.0,24.5,62.0,0.0,23.599999999999998,23.671428571428574,61.142857142857146,0.14285714285714285,1.7670260191579066,-1.0
2021-04-25,Chennai,27.1,69,0.0,2.0,6,4,2,0.9175836260593937,-0.39754281428255595,31.1,29.3,34.4,72.0,0.0,30.26666666666667,29.628571428571433,67.14285714285714,0.0,1.9964253769461944,-4.0
2021-04-25,Delhi,29.4,52,0.0,2.2,6,4,2,0.9175836260593937,-0.39754281428255595,27.7,24.6,28.0,35.0,0.0,27.266666666666662,26.228571428571428,43.42857142857143,0.0,2.0410081542500897,1.6999999999999993
2021-04-25,Hyderabad,25.6,48,0.0,2.9,6,4,2,0.9175836260593937,-0.39754281428255595,30.5,26.8,31.0,48.0,0.0,27.533333333333342,26.5,49.285714285714285,0.0,2.305066882616107,-4.899999999999999
2021-04-25,Mumbai,27.1,72,0.0,2.5,6,4,2,0.9175836260593937,-0.39754281428255595,28.1,26.2,23.1,72.0,0.0,27.03333333333333,26.2,73.42857142857143,0.3,1.0954451150103157,-1.0
2021-04-25,Bangalore,24.6,54,0.0,2.6,6,4,2,0.9175836260593937,-0.39754281428255595,24.0,21.8,20.8,64.0,0.0,24.53333333333333,24.214285714285715,61.285714285714285,0.14285714285714285,1.2442247538508882,0.6000000000000014
2021-04-26,Chennai,29.1,65,0.0,3.9,0,4,2,0.9106046300942162,-0.4132786077829042,27.1,32.6,29.4,69.0,0.0,29.100000000000005,29.58571428571429,67.42857142857143,0.0,2.005349987266322,2.0
2021-04-26,Mumbai,28.4,81,0.0,3.6,0,4,2,0.9106046300942162,-0.4132786077829042,27.1,25.9,25.4,72.0,0.0,27.86666666666667,26.62857142857143,74.71428571428571,0.3,1.298350602000203,1.2999999999999972
2021-04-26,Bangalore,22.6,55,0.0,2.7,0,4,2,0.9106046300942162,-0.4132786077829042,24.6,25.0,23.6,54.0,0.0,23.733333333333334,24.071428571428573,60.0,0.0,1.3768494056048237,-2.0
2021-04-26,Delhi,29.6,45,0.0,4.7,0,4,2,0.9106046300942162,-0.4132786077829042,29.4,24.7,27.9,52.0,0.0,28.89999999999999,26.47142857142857,43.0,0.0,2.3506837910946965,0.20000000000000284
2021-04-26,Hyderabad,24.6,39,0.0,3.9,0,4,2,0.9106046300942162,-0.4132786077829042,25.6,26.5,22.9,48.0,0.0,26.900000000000006,26.742857142857144,47.42857142857143,0.0,1.9199454357326595,-1.0
2021-04-27,Mumbai,28.5,71,0.0,3.1,1,4,2,0.9033558023246845,-0.4288919379124835,28.4,28.1,25.9,81.0,0.0,28.0,27.0,74.0,0.3,1.4212670403552037,0.10000000000000142
2021-04-27,Hyderabad,27.0,36,0.0,3.7,1,4,2,0.9033558023246845,-0.4288919379124835,24.6,30.5,27.6,39.0,0.0,25.733333333333338,26.657142857142855,45.42857142857143,0.0,1.8884359867865985,2.3999999999999986
2021-04-27,Chennai,31.4,65,0.0,3.7,1,4,2,0.9033558023246845,-0.4288919379124835,29.1,31.1,30.6,65.0,0.0,29.200000000000006,29.699999999999996,65.42857142857143,0.0,2.0936411663257393,2.299999999999997
2021-04-27,Bangalore,23.0,56,0.0,3.1,1,4,2,0.9033558023246845,-0.4288919379124835,22.6,24.0,25.5,55.0,0.0,23.400000000000002,23.714285714285715,59.42857142857143,0.0,1.2641579165971808,0.3999999999999986
2021-04-27,Delhi,31.0,38,0.0,2.1,1,4,2,0.9033558023246845,-0.4288919379124835,29.6,27.7,24.6,45.0,0.0,29.99999999999999,27.385714285714283,43.142857142857146,0.0,2.717491840790483,1.3999999999999986
2021-04-28,Delhi,30.4,37,0.0,3.0,2,4,2,0.895839290734909,-0.4443781781046132,31.0,29.4,24.7,38.0,0.0,30.333333333333325,28.2,43.0,0.0,2.631222782915612,-0.6000000000000014
2021-04-28,Bangalore,24.2,55,0.0,2.4,2,4,2,0.895839290734909,-0.4443781781046132,23.0,24.6,25.0,56.0,0.0,23.266666666666666,23.6,58.857142857142854,0.0,1.16045967903532,1.1999999999999993
2021-04-28,Mumbai,25.8,71,0.0,2.6,2,4,2,0.895839290734909,-0.4443781781046132,28.5,27.1,24.8,71.0,0.0,27.566666666666666,27.142857142857142,74.28571428571429,0.3,1.1956269524913963,-2.6999999999999993
2021-04-28,Hyderabad,23.6,57,0.0,0.5,2,4,2,0.895839290734909,-0.4443781781046132,27.0,25.6,25.6,36.0,0.0,25.066666666666674,26.37142857142857,46.285714285714285,0.0,2.200541059008252,-3.3999999999999986
2021-04-29,Hyderabad,25.3,50,0.0,2.1,3,4,2,0.8880573226294932,-0.45973273945210397,23.6,24.6,26.8,57.0,0.0,25.300000000000008,26.157142857142862,46.42857142857143,0.0,2.2247525277037044,1.6999999999999993
2021-04-29,Bangalore,23.9,58,0.0,2.2,3,4,2,0.8880573226294932,-0.45973273945210397,24.2,22.6,21.8,55.0,0.0,23.7,23.9,57.714285714285715,0.0,0.8465616732800658,-0.3000000000000007
2021-04-29,Chennai,31.6,67,0.0,4.1,3,4,2,0.8880573226294932,-0.45973273945210397,31.4,27.1,27.3,65.0,0.0,30.700000000000006,30.314285714285717,66.0,0.0,1.8933467471021805,0.20000000000000284
2021-04-29,Delhi,29.4,50,0.0,3.8,3,4,2,0.8880573226294932,-0.45973273945210397,30.4,29.6,24.6,37.0,0.0,30.266666666666662,28.885714285714283,43.857142857142854,0.0,2.1106306888611925,-1.0
2021-04-30,Mumbai,30.1,76,0.0,2.5,4,4,2,0.8800122039735357,-0.47495107206704995,25.8,28.4,26.2,71.0,0.0,28.133333333333336,27.7,74.28571428571429,0.0,1.5416441439796595,4.300000000000001
2021-04-30,Delhi,30.6,42,0.0,3.2,4,4,2,0.8800122039735357,-0.47495107206704995,29.4,31.0,24.7,50.0,0.0,30.133333333333326,29.72857142857143,42.714285714285715,0.0,1.093487213329426,1.2000000000000028
2021-04-30,Chennai,32.3,64,0.0,3.0,4,4,2,0.8800122039735357,-0.47495107206704995,31.6,29.1,29.3,67.0,0.0,31.76666666666667,30.74285714285714,66.28571428571429,0.0,1.9637185328327993,0.6999999999999957
2021-04-30,Bangalore,22.2,53,0.0,3.1,4,4,2,0.8800122039735357,-0.47495107206704995,23.9,23.0,25.0,58.0,0.0,23.433333333333334,23.5,56.42857142857143,0.0,0.9000000000000542,-1.6999999999999993
2021-05-01,Bangalore,23.6,50,0.0,1.5,5,5,2,0.8717063187093218,-0.4900286664290592,22.2,24.2,24.0,53.0,0.0,23.23333333333333,23.442857142857143,54.42857142857143,0.0,0.8753230696094881,1.4000000000000021
2021-05-01,Hyderabad,26.6,36,0.0,3.8,5,5,2,0.8717063187093218,-0.4900286664290592,25.3,27.0,26.5,50.0,0.0,25.16666666666667,26.171428571428574,44.857142857142854,0.0,2.2276402205879573,1.3000000000000007
2021-05-01,Delhi,29.4,44,0.0,4.3,5,5,2,0.8717063187093218,-0.4900286664290592,30.6,30.4,27.7,42.0,0.0,29.799999999999994,29.971428571428568,44.0,0.0,0.6775305299750386,-1.2000000000000028
2021-05-01,Chennai,29.1,59,0.0,4.2,5,5,2,0.8717063187093218,-0.4900286664290592,32.3,31.4,32.6,64.0,0.0,31.000000000000004,30.24285714285714,65.85714285714286,0.0,1.8545953223073506,-3.1999999999999957
2021-05-01,Mumbai,27.7,73,0.0,2.8,5,5,2,0.8717063187093218,-0.4900286664290592,30.1,28.5,25.9,76.0,0.0,27.866666666666664,27.957142857142856,73.71428571428571,0.0,1.3264704329625838,-2.400000000000002
2021-05-02,Delhi,28.8,45,0.0,3.3,6,5,2,0.8631421280499114,-0.5049610547215204,29.4,29.4,29.4,44.0,0.0,29.599999999999994,29.885714285714283,43.0,0.0,0.7904188160478924,-0.5999999999999979
2021-05-02,Bangalore,23.9,51,0.0,2.0,6,5,2,0.8631421280499114,-0.5049610547215204,23.6,23.9,24.6,50.0,0.0,23.233333333333334,23.342857142857145,54.0,0.0,0.7524562952029713,0.29999999999999716
2021-05-02,Chennai,31.8,66,0.0,3.7,6,5,2,0.8631421280499114,-0.5049610547215204,29.1,31.6,31.1,59.0,0.0,31.066666666666674,30.342857142857145,65.0,0.0,1.926012411570681,2.6999999999999993
2021-05-02,Hyderabad,28.5,47,0.0,3.2,6,5,2,0.8631421280499114,-0.5049610547215204,26.6,23.6,30.5,36.0,0.0,26.800000000000008,25.885714285714283,44.714285714285715,0.0,1.6272969114748106,1.8999999999999986
2021-05-02,Mumbai,32.6,69,0.0,2.0,6,5,2,0.8631421280499114,-0.5049610547215204,27.7,25.8,28.1,73.0,0.0,30.133333333333336,28.599999999999998,73.28571428571429,0.0,2.2060522810366194,4.900000000000002
2021-05-03,Hyderabad,27.3,47,0.0,2.5,0,5,2,0.854322169749827,-0.5197438121555155,28.5,25.3,25.6,47.0,0.0,27.466666666666672,26.12857142857143,44.57142857142857,0.0,1.702658984954953,-1.1999999999999993
2021-05-03,Bangalore,24.7,50,0.0,3.8,0,5,2,0.854322169749827,-0.5197438121555155,23.9,22.2,22.6,51.0,0.0,24.066666666666666,23.642857142857142,53.285714285714285,0.0,0.8223080178318627,0.8000000000000007
2021-05-03,Delhi,28.0,42,0.0,2.3,0,5,2,0.854322169749827,-0.5197438121555155,28.8,30.6,29.6,45.0,0.0,28.733333333333324,29.657142857142855,42.57142857142857,0.0,1.0690449676500122,-0.8000000000000007
2021-05-03,Chennai,29.9,69,0.0,3.8,0,5,2,0.854322169749827,-0.5197438121555155,31.8,32.3,27.1,66.0,0.0,30.26666666666667,30.742857142857144,65.0,0.0,1.3427051585726728,-1.9000000000000021
2021-05-03,Mumbai,24.7,60,0.0,1.9,0,5,2,0.854322169749827,-0.5197438121555155,32.6,30.1,27.1,69.0,0.0,28.333333333333332,28.25714285714286,71.57142857142857,0.0,2.6247902410524127,-7.900000000000002
2021-05-04,Bangalore,22.1,45,0.0,2.4,1,5,2,0.8452490573530633,-0.5343725582809786,24.7,23.6,23.0,50.0,0.0,23.566666666666666,23.514285714285712,51.714285714285715,0.0,0.9923517041664219,-2.599999999999998
2021-05-04,Hyderabad,29.6,46,0.0,2.4,1,5,2,0.8452490573530633,-0.5343725582809786,27.3,26.6,24.6,47.0,0.0,28.46666666666667,26.842857142857145,45.57142857142857,0.0,1.9806203934265976,2.3000000000000007
2021-05-04,Chennai,32.2,69,0.0,3.4,1,5,2,0.8452490573530633,-0.5343725582809786,29.9,29.1,29.1,69.0,0.0,31.3,31.185714285714287,65.57142857142857,0.0,1.2157694016941634,2.3000000000000043
2021-05-04,Delhi,29.6,40,0.0,4.4,1,5,2,0.8452490573530633,-0.5343725582809786,28.0,29.4,31.0,42.0,0.0,28.799999999999994,29.457142857142856,42.857142857142854,0.0,0.8922950611715673,1.6000000000000014
2021-05-05,Bangalore,23.2,53,0.0,3.0,2,5,2,0.8359254794186372,-0.548842958284719,22.1,23.9,24.2,45.0,0.0,23.333333333333332,23.37142857142857,51.42857142857143,0.0,0.9481812163546186,1.0999999999999979
2021-05-05,Mumbai,28.0,69,0.9,2.2,2,5,2,0.8359254794186372,-0.548842958284719,24.7,27.7,28.4,60.0,0.0,28.433333333333334,28.2,69.85714285714286,0.1285714285714286,2.6255158223353936,3.3000000000000007
2021-05-05,Chennai,28.8,74,0.0,2.6,2,5,2,0.8359254794186372,-0.548842958284719,32.2,31.8,31.4,69.0,0.0,30.300000000000008,30.814285714285717,66.85714285714286,0.0,1.502695989911388,-3.400000000000002
2021-05-05,Delhi,27.5,50,0.0,3.1,2,5,2,0.8359254794186372,-0.548842958284719,29.6,28.8,30.4,40.0,0.0,28.36666666666666,29.04285714285714,44.714285714285715,0.0,1.042204622994552,-2.1000000000000014
2021-05-05,Hyderabad,30.3,48,0.0,3.5,2,5,2,0.8359254794186372,-0.548842958284719,29.6,28.5,27.0,46.0,0.0,29.066666666666674,27.314285714285717,47.285714285714285,0.0,2.3772733480668022,0.6999999999999993
2021-05-06,Delhi,33.8,44,0.0,1.8,3,5,2,0.8263541987239096,-0.5631507242749186,27.5,28.0,29.4,50.0,0.0,30.299999999999994,29.671428571428574,43.857142857142854,0.0,2.091820806310844,6.299999999999997
2021-05-06,Bangalore,28.0,57,0.0,3.5,3,5,2,0.8263541987239096,-0.5631507242749186,23.2,24.7,23.9,53.0,0.0,24.433333333333334,23.95714285714286,51.285714285714285,0.0,2.0057061456896466,4.800000000000001
2021-05-06,Hyderabad,27.8,46,0.0,3.6,3,5,2,0.8263541987239096,-0.5631507242749186,30.3,27.3,23.6,48.0,0.0,29.233333333333338,27.914285714285715,45.714285714285715,0.0,1.723783214742713,-2.5
2021-05-06,Mumbai,27.4,74,0.0,1.7,3,5,2,0.8263541987239096,-0.5631507242749186,28.0,32.6,28.5,69.0,0.9,26.700000000000003,28.042857142857144,70.28571428571429,0.1285714285714286,2.637459094695238,-0.6000000000000014
2021-05-06,Chennai,29.1,66,0.0,1.1,3,5,2,0.8263541987239096,-0.5631507242749186,28.8,29.9,31.6,74.0,0.0,30.033333333333335,30.457142857142856,66.71428571428571,0.0,1.5799336936058386,0.3000000000000007
2021-05-07,Delhi,26.5,46,0.0,1.8,4,5,2,0.8165380514459161,-0.5772916165517272,33.8,29.6,30.6,44.0,0.0,29.266666666666655,29.085714285714285,44.42857142857143,0.0,2.3469331558644715,-7.299999999999997
2021-05-07,Chennai,30.9,66,0.0,1.3,4,5,2,0.8165380514459161,-0.5772916165517272,29.1,32.2,32.3,66.0,0.0,29.600000000000005,30.25714285714286,67.0,0.0,1.3842653200131037,1.7999999999999972
2021-05-07,Hyderabad,27.0,42,0.0,2.2,4,5,2,0.8165380514459161,-0.5772916165517272,27.8,29.6,25.3,46.0,0.0,28.366666666666674,28.157142857142855,44.57142857142857,0.0,1.379440880522716,-0.8000000000000007
2021-05-07,Mumbai,28.4,68,0.0,4.4,4,5,2,0.8165380514459161,-0.5772916165517272,27.4,24.7,25.8,74.0,0.0,27.933333333333334,28.41428571428571,69.85714285714286,0.1285714285714286,2.445014363576506,1.0
2021-05-08,Chennai,30.8,68,0.0,3.6,5,5,2,0.8064799463209448,-0.5912614448635781,30.9,28.8,29.1,66.0,0.0,30.26666666666667,30.5,68.28571428571429,0.0,1.293573860795683,-0.09999999999999787
2021-05-08,Mumbai,30.7,73,0.0,1.1,5,5,2,0.8064799463209448,-0.5912614448635781,28.4,28.0,30.1,68.0,0.0,28.833333333333332,28.5,69.42857142857143,0.1285714285714286,2.5232254490367807,2.3000000000000007
2021-05-08,Bangalore,27.9,56,0.0,3.1,5,5,2,0.8064799463209448,-0.5912614448635781,28.0,22.1,22.2,57.0,0.0,26.366666666666664,24.77142857142857,51.714285714285715,0.0,2.307750915006711,-0.10000000000000142
2021-05-08,Hyderabad,30.4,47,0.0,2.8,5,5,2,0.8064799463209448,-0.5912614448635781,27.0,30.3,26.6,42.0,0.0,28.400000000000006,28.7,46.142857142857146,0.0,1.411854572303204,3.3999999999999986
2021-05-08,Delhi,29.5,47,0.0,2.5,5,5,2,0.8064799463209448,-0.5912614448635781,26.5,27.5,29.4,46.0,0.0,29.933333333333323,29.1,44.857142857142854,0.0,2.349468024894301,3.0
2021-05-09,Delhi,28.3,43,0.0,4.1,6,5,2,0.7961828637826158,-0.6050560696488488,29.5,33.8,28.8,47.0,0.0,28.09999999999999,29.02857142857143,44.57142857142857,0.0,2.367638968617264,-1.1999999999999993
2021-05-09,Mumbai,26.8,68,0.0,4.1,6,5,2,0.7961828637826158,-0.6050560696488488,30.7,27.4,27.7,73.0,0.0,28.633333333333336,28.37142857142857,68.71428571428571,0.1285714285714286,2.592755474853179,-3.8999999999999986
2021-05-09,Chennai,32.4,61,0.0,4.6,6,5,2,0.7961828637826158,-0.6050560696488488,30.8,29.1,31.8,68.0,0.0,31.366666666666664,30.58571428571429,67.57142857142857,0.0,1.4088157809885657,1.5999999999999979
2021-05-09,Bangalore,24.3,53,0.0,5.2,6,5,2,0.7961828637826158,-0.6050560696488488,27.9,23.2,23.6,56.0,0.0,26.733333333333334,24.87142857142857,52.142857142857146,0.0,2.2632677597626336,-3.599999999999998
2021-05-09,Hyderabad,26.6,45,0.0,0.5,6,5,2,0.7961828637826158,-0.6050560696488488,30.4,27.8,28.5,47.0,0.0,28.000000000000004,28.428571428571427,45.857142857142854,0.0,1.6234883078465396,-3.799999999999997
2021-05-10,Delhi,32.3,41,0.0,3.3,0,5,2,0.7856498550787147,-0.6186714032625031,28.3,26.5,28.0,43.0,0.0,30.03333333333332,29.642857142857142,44.42857142857143,0.0,2.602471352937013,3.9999999999999964
2021-05-10,Chennai,31.4,64,0.0,2.4,0,5,2,0.7856498550787147,-0.6186714032625031,32.4,30.9,29.9,61.0,0.0,31.533333333333335,30.8,66.85714285714286,0.0,1.4011899704657682,-1.0
2021-05-10,Bangalore,27.6,54,0.0,3.8,0,5,2,0.7856498550787147,-0.6186714032625031,24.3,28.0,23.9,53.0,0.0,26.599999999999998,25.4,52.57142857142857,0.0,2.424871130596425,3.3000000000000007
2021-05-10,Hyderabad,26.4,42,0.0,2.4,0,5,2,0.7856498550787147,-0.6186714032625031,26.6,27.0,27.3,45.0,0.0,27.8,28.3,45.142857142857146,0.0,1.757839583124734,-0.20000000000000284
2021-05-11,Bangalore,24.3,50,1.9,2.5,1,5,2,0.7748840413670407,-0.6321034111873487,27.6,27.9,24.7,54.0,0.0,25.400000000000002,25.342857142857145,52.57142857142857,0.2714285714285714,2.4487120035215377,-3.3000000000000007
2021-05-11,Delhi,30.4,36,0.0,2.7,1,5,2,0.7748840413670407,-0.6321034111873487,32.3,29.5,29.6,41.0,0.0,30.333333333333325,29.75714285714286,43.857142857142854,0.0,2.61779623784163,-1.8999999999999986
2021-05-11,Chennai,31.4,57,0.0,4.7,1,5,2,0.7748840413670407,-0.6321034111873487,31.4,30.8,32.2,64.0,0.0,31.733333333333334,30.685714285714283,65.14285714285714,0.0,1.2966991059721955,0.0
2021-05-11,Hyderabad,31.0,46,0.0,3.6,1,5,2,0.7748840413670407,-0.6321034111873487,26.4,30.4,29.6,42.0,0.0,28.000000000000004,28.5,45.142857142857146,0.0,1.9941581348195034,4.600000000000001
2021-05-11,Mumbai,30.1,68,0.0,4.0,1,5,2,0.7748840413670407,-0.6321034111873487,26.8,28.4,32.6,68.0,0.0,29.200000000000003,28.014285714285716,68.57142857142857,0.1285714285714286,2.0227280023346474,3.3000000000000007
2021-05-12,Delhi,32.6,45,0.0,2.8,2,5,2,0.7638886127905428,-0.6453481132295501,30.4,28.3,27.5,36.0,0.0,31.766666666666655,30.485714285714288,43.142857142857146,0.0,2.594499676513593,2.200000000000003
2021-05-12,Hyderabad,30.1,52,0.0,5.1,2,5,2,0.7638886127905428,-0.6453481132295501,31.0,26.6,30.3,46.0,0.0,29.16666666666667,28.471428571428568,45.714285714285715,0.0,1.9652941134550543,-0.8999999999999986
2021-05-12,Bangalore,24.8,53,0.7,4.2,2,5,2,0.7638886127905428,-0.6453481132295501,24.3,24.3,22.1,50.0,1.9,25.566666666666666,25.72857142857143,53.714285714285715,0.3714285714285714,2.029543697250094,0.5
2021-05-12,Mumbai,25.3,66,0.0,3.1,2,5,2,0.7638886127905428,-0.6453481132295501,30.1,30.7,24.7,68.0,0.0,27.400000000000006,28.099999999999998,69.42857142857143,0.1285714285714286,1.865475810617803,-4.800000000000001
2021-05-12,Chennai,30.1,68,0.0,3.9,2,5,2,0.7638886127905428,-0.6453481132295501,31.4,32.4,28.8,57.0,0.0,30.96666666666667,30.87142857142857,64.28571428571429,0.0,1.0515294982618482,-1.2999999999999972
2021-05-13,Mumbai,28.6,65,0.0,3.0,3,5,2,0.7526668275320085,-0.6584015846980488,25.3,26.8,28.0,66.0,0.0,28.000000000000004,28.185714285714287,68.85714285714286,0.0,1.8738806182435237,3.3000000000000007
2021-05-13,Hyderabad,29.2,32,0.0,2.9,3,5,2,0.7526668275320085,-0.6584015846980488,30.1,26.4,27.8,52.0,0.0,30.100000000000005,28.671428571428574,43.714285714285715,0.0,1.9567952419831134,-0.9000000000000021
2021-05-13,Bangalore,24.6,55,0.0,2.8,3,5,2,0.7526668275320085,-0.6584015846980488,24.8,27.6,23.2,53.0,0.7,24.566666666666666,25.928571428571427,54.0,0.3714285714285714,1.794170454290106,-0.1999999999999993
2021-05-13,Delhi,32.7,49,0.0,4.1,3,5,2,0.7526668275320085,-0.6584015846980488,32.6,32.3,33.8,45.0,0.0,31.89999999999999,30.32857142857143,43.857142857142854,0.0,2.3851724505888896,0.10000000000000142
2021-05-14,Mumbai,31.5,74,0.0,3.0,4,5,2,0.7412220108485958,-0.6712599575675313,28.6,30.1,27.4,65.0,0.0,28.46666666666667,28.77142857142857,68.85714285714286,0.0,2.199783539134668,2.8999999999999986
2021-05-14,Bangalore,24.8,68,0.0,4.4,4,5,2,0.7412220108485958,-0.6712599575675313,24.6,24.3,28.0,55.0,0.0,24.733333333333334,25.47142857142857,55.57142857142857,0.3714285714285714,1.5723806639554347,0.1999999999999993
2021-05-14,Delhi,28.5,39,0.0,2.6,4,5,2,0.7412220108485958,-0.6712599575675313,32.7,30.4,26.5,49.0,0.0,31.266666666666662,30.614285714285717,42.857142857142854,0.0,1.9256415133912632,-4.200000000000003
2021-05-14,Chennai,27.5,60,0.0,3.7,4,5,2,0.7412220108485958,-0.6712599575675313,30.1,31.4,29.1,68.0,0.0,29.666666666666668,30.642857142857142,63.42857142857143,0.0,1.5544100090359023,-2.6000000000000014
2021-05-14,Hyderabad,30.4,42,0.0,1.5,4,5,2,0.7412220108485958,-0.6712599575675313,29.2,31.0,27.0,32.0,0.0,29.900000000000006,29.157142857142855,43.714285714285715,0.0,1.8937239704324917,1.1999999999999993
2021-05-15,Bangalore,26.5,59,0.0,3.6,5,5,2,0.7295575540864875,-0.6839194216246106,24.8,24.8,27.9,68.0,0.0,25.3,25.271428571428576,56.0,0.3714285714285714,1.2724180205607027,1.6999999999999993
2021-05-15,Hyderabad,30.7,31,0.0,2.9,5,5,2,0.7295575540864875,-0.6839194216246106,30.4,30.1,30.4,42.0,0.0,30.100000000000005,29.2,41.42857142857143,0.0,1.9295940851208726,0.3000000000000007
2021-05-15,Chennai,27.9,59,0.0,2.6,5,5,2,0.7295575540864875,-0.6839194216246106,27.5,31.4,30.9,60.0,0.0,28.5,30.214285714285715,62.42857142857143,0.0,1.856006978640544,0.3999999999999986
2021-05-15,Mumbai,28.0,68,0.0,2.0,5,5,2,0.7295575540864875,-0.6839194216246106,31.5,25.3,28.4,74.0,0.0,29.36666666666667,28.714285714285715,68.85714285714286,0.0,2.216174309802546,-3.5
2021-05-16,Bangalore,24.4,55,0.0,4.0,6,5,2,0.717676913675962,-0.6963762255968722,26.5,24.6,24.3,59.0,0.0,25.23333333333333,25.285714285714285,56.285714285714285,0.3714285714285714,1.260196507730138,-2.1000000000000014
2021-05-16,Delhi,32.9,36,0.0,3.5,6,5,2,0.717676913675962,-0.6963762255968722,28.5,32.6,29.5,39.0,0.0,31.366666666666656,31.099999999999998,41.285714285714285,0.0,2.024022397768159,4.399999999999999
2021-05-16,Chennai,31.7,66,0.0,3.6,6,5,2,0.717676913675962,-0.6963762255968722,27.9,30.1,30.8,59.0,0.0,29.033333333333335,30.342857142857138,62.142857142857146,0.0,1.9329227807108535,3.8000000000000007
2021-05-16,Mumbai,30.6,66,0.0,2.1,6,5,2,0.717676913675962,-0.6963762255968722,28.0,28.6,30.7,68.0,0.0,30.033333333333335,28.7,67.85714285714286,0.0,2.2015146301278326,2.6000000000000014
2021-05-16,Hyderabad,30.6,43,0.0,3.5,6,5,2,0.717676913675962,-0.6963762255968722,30.7,29.2,26.6,31.0,0.0,30.566666666666674,29.771428571428572,41.142857142857146,0.0,1.594484541280056,-0.09999999999999787
2021-05-17,Delhi,29.0,43,0.0,2.1,0,5,2,0.705583610107178,-0.7086266782644596,32.9,32.7,28.3,36.0,0.0,30.133333333333326,31.2,41.285714285714285,0.0,1.8743887892680706,-3.8999999999999986
2021-05-17,Chennai,28.6,67,0.0,3.5,0,5,2,0.705583610107178,-0.7086266782644596,31.7,27.5,32.4,66.0,0.0,29.400000000000002,29.800000000000004,63.0,0.0,1.7869900204908278,-3.099999999999998
2021-05-17,Bangalore,20.5,56,0.0,2.5,0,5,2,0.705583610107178,-0.7086266782644596,24.4,24.8,27.6,55.0,0.0,23.8,24.271428571428572,56.57142857142857,0.3714285714285714,1.8199947671301238,-3.8999999999999986
2021-05-17,Mumbai,30.1,76,0.0,2.6,0,5,2,0.705583610107178,-0.7086266782644596,30.6,31.5,26.8,66.0,0.0,29.566666666666674,29.171428571428574,69.0,0.0,2.0766273022334145,-0.5
2021-05-17,Hyderabad,26.4,45,0.0,3.8,0,5,2,0.705583610107178,-0.7086266782644596,30.6,30.4,26.4,43.0,0.0,29.233333333333338,29.771428571428572,41.57142857142857,0.0,1.594484541280056,-4.200000000000003
2021-05-18,Mumbai,29.1,71,0.0,2.2,1,5,2,0.6932812268869777,-0.7206671495538609,30.1,28.0,30.1,76.0,0.0,29.933333333333337,29.02857142857143,69.42857142857143,0.0,2.036102719833787,-1.0
2021-05-18,Chennai,30.7,64,0.0,3.1,1,5,2,0.6932812268869777,-0.7206671495538609,28.6,27.9,31.4,67.0,0.0,30.333333333333332,29.7,63.0,0.0,1.7000000000001385,2.099999999999998
2021-05-18,Bangalore,26.4,48,0.0,2.5,1,5,2,0.6932812268869777,-0.7206671495538609,20.5,26.5,24.3,56.0,0.0,23.766666666666666,24.571428571428573,56.285714285714285,0.09999999999999999,1.9905730211125154,5.899999999999999
2021-05-18,Delhi,32.0,29,0.0,3.2,1,5,2,0.6932812268869777,-0.7206671495538609,29.0,28.5,32.3,43.0,0.0,31.299999999999994,31.157142857142855,39.57142857142857,0.0,1.8482939366320965,3.0
2021-05-18,Hyderabad,29.4,49,0.0,4.0,1,5,2,0.6932812268869777,-0.7206671495538609,26.4,30.7,31.0,45.0,0.0,28.8,29.542857142857144,42.0,0.0,1.500952078801073,3.0
2021-05-19,Hyderabad,32.3,41,0.0,3.6,2,5,2,0.6807734094770161,-0.7324940716135789,29.4,30.6,30.1,49.0,0.0,29.36666666666667,29.857142857142858,40.42857142857143,0.0,1.8310808673723995,2.8999999999999986
2021-05-19,Bangalore,27.5,64,0.0,2.7,2,5,2,0.6807734094770161,-0.7324940716135789,26.4,24.4,24.8,48.0,0.0,24.8,24.957142857142856,57.857142857142854,0.0,2.2824381283013633,1.1000000000000014
2021-05-19,Mumbai,30.9,63,0.0,3.9,2,5,2,0.6807734094770161,-0.7324940716135789,29.1,30.6,25.3,71.0,0.0,30.033333333333335,29.82857142857143,69.0,0.0,1.2906255404704488,1.7999999999999972
2021-05-19,Delhi,30.7,42,0.0,3.4,2,5,2,0.6807734094770161,-0.7324940716135789,32.0,32.9,30.4,29.0,0.0,30.56666666666666,31.2,40.42857142857143,0.0,1.83121089264285,-1.3000000000000007
2021-05-19,Chennai,29.3,55,0.0,3.3,2,5,2,0.6807734094770161,-0.7324940716135789,30.7,31.7,31.4,64.0,0.0,29.533333333333335,29.400000000000002,62.714285714285715,0.0,1.5264337522475253,-1.3999999999999986
2021-05-20,Bangalore,28.0,61,0.0,2.3,3,5,2,0.6680638642135335,-0.7441039398713607,27.5,20.5,24.6,64.0,0.0,27.3,25.442857142857143,58.714285714285715,0.0,2.5409034763623857,0.5
2021-05-20,Chennai,32.1,54,0.0,3.5,3,5,2,0.6680638642135335,-0.7441039398713607,29.3,28.6,30.1,55.0,0.0,30.700000000000003,29.685714285714287,60.714285714285715,0.0,1.835237106778225,2.8000000000000007
2021-05-20,Mumbai,30.7,70,0.0,4.2,3,5,2,0.6680638642135335,-0.7441039398713607,30.9,30.1,28.6,63.0,0.0,30.233333333333334,30.128571428571426,69.71428571428571,0.0,1.1982129550771323,-0.1999999999999993
2021-05-20,Delhi,31.6,33,0.0,3.8,3,5,2,0.6680638642135335,-0.7441039398713607,30.7,29.0,32.6,42.0,0.0,31.433333333333323,31.057142857142857,38.714285714285715,0.0,1.7405527310381363,0.9000000000000021
2021-05-20,Hyderabad,28.4,42,0.0,4.3,3,5,2,0.6680638642135335,-0.7441039398713607,32.3,26.4,29.2,41.0,0.0,30.033333333333335,29.74285714285714,41.857142857142854,0.0,1.9025046148495741,-3.8999999999999986
2021-05-21,Delhi,33.2,45,0.0,3.5,4,5,2,0.6551563572090853,-0.7554933140726803,31.6,32.0,32.7,33.0,0.0,31.833333333333325,31.128571428571426,38.142857142857146,0.0,1.827306109837133,1.6000000000000014
2021-05-21,Hyderabad,30.8,37,0.0,1.9,4,5,2,0.6551563572090853,-0.7554933140726803,28.4,29.4,30.4,42.0,0.0,30.500000000000004,29.8,41.142857142857146,0.0,1.931320791582827,2.400000000000002
2021-05-21,Bangalore,24.4,62,0.0,4.3,4,5,2,0.6551563572090853,-0.7554933140726803,28.0,26.4,24.8,61.0,0.0,26.633333333333336,25.38571428571429,57.857142857142854,0.0,2.5621791320596397,-3.6000000000000014
2021-05-22,Chennai,27.7,62,0.0,3.7,5,5,2,0.6420547132365637,-0.766658819300159,32.1,30.7,27.5,54.0,0.0,29.700000000000003,29.714285714285715,61.0,0.0,1.79669007847645,-4.400000000000002
2021-05-22,Delhi,29.5,35,0.0,4.1,5,5,2,0.6420547132365637,-0.766658819300159,33.2,30.7,28.5,45.0,0.0,31.433333333333323,31.27142857142857,37.57142857142857,0.0,1.6142225019230672,-3.700000000000003
2021-05-22,Mumbai,26.7,62,0.0,3.9,5,5,2,0.6420547132365637,-0.766658819300159,30.7,29.1,31.5,70.0,0.0,29.433333333333337,29.442857142857143,68.0,0.0,1.5914952537967078,-4.0
2021-05-22,Hyderabad,29.8,41,0.0,2.6,5,5,2,0.6420547132365637,-0.766658819300159,30.8,32.3,30.7,37.0,0.0,29.66666666666667,29.67142857142857,42.57142857142857,0.0,1.890955918501117,-1.0
2021-05-22,Bangalore,23.5,47,0.0,4.0,5,5,2,0.6420547132365637,-0.766658819300159,24.4,27.5,26.5,62.0,0.0,25.3,24.957142857142856,56.142857142857146,0.0,2.5954172065759473,-0.8999999999999986
2021-05-23,Delhi,27.7,38,0.0,2.1,6,5,2,0.6287628145958344,-0.7775971469736269,29.5,31.6,32.9,35.0,0.0,30.133333333333326,30.528571428571432,37.857142857142854,0.0,1.9093753653262766,-1.8000000000000007
2021-05-23,Chennai,29.6,63,0.0,3.4,6,5,2,0.6287628145958344,-0.7775971469736269,27.7,29.3,27.9,62.0,0.0,29.8,29.95714285714286,61.57142857142857,0.0,1.6164334637892228,1.9000000000000021
2021-05-23,Bangalore,28.0,54,0.0,3.0,6,5,2,0.6287628145958344,-0.7775971469736269,23.5,28.0,24.4,47.0,0.0,25.3,25.47142857142857,56.0,0.0,2.814080243889217,4.5
2021-05-23,Hyderabad,30.1,36,0.0,1.8,6,5,2,0.6287628145958344,-0.7775971469736269,29.8,28.4,30.6,41.0,0.0,30.233333333333338,29.599999999999998,41.57142857142857,0.0,1.8592113023179437,0.3000000000000007
2021-05-23,Mumbai,26.2,66,0.0,3.2,6,5,2,0.6287628145958344,-0.7775971469736269,26.7,30.9,28.0,62.0,0.0,27.86666666666667,29.185714285714287,67.71428571428571,0.0,1.9650517986630391,-0.5
2021-05-24,Delhi,32.4,39,0.0,2.0,0,5,2,0.6152845999633276,-0.7883050558305255,27.7,33.2,29.0,38.0,0.0,29.866666666666656,31.014285714285716,37.285714285714285,0.0,1.8880577069471192,4.699999999999999
2021-05-24,Mumbai,31.3,66,0.0,2.7,0,5,2,0.6152845999633276,-0.7883050558305255,26.2,30.7,30.6,66.0,0.0,28.066666666666666,29.285714285714285,67.71428571428571,0.0,2.064322787605867,5.100000000000001
2021-05-24,Chennai,31.3,65,0.0,2.3,0,5,2,0.6152845999633276,-0.7883050558305255,29.6,32.1,31.7,63.0,0.0,29.53333333333333,29.900000000000002,61.42857142857143,0.0,1.550268793897953,1.6999999999999993
2021-05-24,Bangalore,25.3,60,0.0,3.9,0,5,2,0.6152845999633276,-0.7883050558305255,28.0,24.4,20.5,54.0,0.0,25.599999999999998,26.157142857142855,56.57142857142857,0.0,1.804491750103168,-2.6999999999999993
2021-05-24,Hyderabad,28.2,41,0.0,3.3,0,5,2,0.6152845999633276,-0.7883050558305255,30.1,30.8,26.4,36.0,0.0,29.366666666666674,29.857142857142858,41.0,0.0,1.4140451935931628,-1.9000000000000021
2021-05-25,Delhi,31.8,41,0.0,2.0,1,5,2,0.6016240632249226,-0.7987793728863649,32.4,29.5,32.0,39.0,0.0,30.633333333333322,30.985714285714288,39.0,0.0,1.8721009333800402,-0.5999999999999979
2021-05-25,Chennai,31.5,65,0.0,2.4,1,5,2,0.6016240632249226,-0.7987793728863649,31.3,27.7,28.6,65.0,0.0,30.8,30.314285714285713,61.142857142857146,0.0,1.5323495809036964,0.1999999999999993
2021-05-25,Bangalore,22.2,54,0.0,4.9,1,5,2,0.6016240632249226,-0.7987793728863649,25.3,23.5,26.4,60.0,0.0,25.166666666666668,25.557142857142857,57.42857142857143,0.0,2.331563954986104,-3.1000000000000014
2021-05-25,Mumbai,27.1,66,0.0,4.6,1,5,2,0.6016240632249226,-0.7987793728863649,31.3,26.7,30.1,66.0,0.0,28.200000000000003,28.857142857142858,66.28571428571429,0.0,2.1755130757725585,-4.199999999999999
2021-05-25,Hyderabad,29.4,46,0.0,1.8,1,5,2,0.6016240632249226,-0.7987793728863649,28.2,29.8,29.4,41.0,0.0,29.233333333333338,29.857142857142858,40.57142857142857,0.0,1.4140451935931628,1.1999999999999993
2021-05-26,Hyderabad,30.1,38,0.0,3.1,2,5,2,0.5877852522924732,-0.8090169943749473,29.4,30.1,32.3,46.0,0.0,29.233333333333338,29.542857142857144,40.142857142857146,0.0,0.9484322904266449,0.7000000000000028
2021-05-26,Mumbai,29.9,68,0.0,3.3,2,5,2,0.5877852522924732,-0.8090169943749473,27.1,26.2,29.1,66.0,0.0,29.433333333333337,28.97142857142857,65.85714285714286,0.0,2.211119087486666,2.799999999999997
2021-05-26,Bangalore,23.1,60,0.0,2.2,2,5,2,0.5877852522924732,-0.8090169943749473,22.2,28.0,27.5,54.0,0.0,23.53333333333333,24.928571428571427,56.857142857142854,0.0,2.3135213317324244,0.9000000000000021
2021-05-26,Delhi,31.3,37,0.0,1.7,2,5,2,0.5877852522924732,-0.8090169943749473,31.8,27.7,30.7,41.0,0.0,31.833333333333325,31.071428571428573,38.285714285714285,0.0,1.8705741415533683,-0.5
2021-05-27,Bangalore,22.2,44,0.0,2.9,3,5,2,0.5737722679043246,-0.8190148866680801,23.1,25.3,28.0,60.0,0.0,22.5,24.099999999999998,54.42857142857143,0.0,2.054263858417434,-0.9000000000000021
2021-05-27,Delhi,33.2,33,0.0,1.8,3,5,2,0.5737722679043246,-0.8190148866680801,31.3,32.4,31.6,37.0,0.0,32.099999999999994,31.3,38.285714285714285,0.0,2.0363365799069513,1.9000000000000021
2021-05-27,Hyderabad,27.9,41,0.0,3.4,3,5,2,0.5737722679043246,-0.8190148866680801,30.1,28.2,28.4,38.0,0.0,29.133333333333336,29.471428571428568,40.0,0.0,1.0609968358644666,-2.200000000000003
2021-05-27,Mumbai,30.9,73,0.0,3.4,3,5,2,0.5737722679043246,-0.8190148866680801,29.9,31.3,30.9,68.0,0.0,29.3,28.97142857142857,67.28571428571429,0.0,2.211119087486666,1.0
2021-05-27,Chennai,27.9,63,0.0,2.0,3,5,2,0.5737722679043246,-0.8190148866680801,31.5,29.6,30.7,65.0,0.0,30.233333333333334,29.914285714285715,61.0,0.0,1.7629790804475591,-3.6000000000000014
2021-05-28,Delhi,35.0,34,0.0,1.3,4,5,2,0.5595892624101765,-0.8287700871745038,33.2,31.8,33.2,33.0,0.0,33.16666666666666,31.557142857142853,36.714285714285715,0.0,2.3978164670224964,1.7999999999999972
2021-05-28,Hyderabad,31.0,47,0.0,3.6,4,5,2,0.5595892624101765,-0.8287700871745038,27.9,29.4,30.8,41.0,0.0,29.66666666666667,29.5,41.42857142857143,0.0,1.104536101718782,3.1000000000000014
2021-05-28,Mumbai,25.9,73,0.0,2.7,4,5,2,0.5595892624101765,-0.8287700871745038,30.9,27.1,30.7,73.0,0.0,28.900000000000002,28.285714285714285,67.71428571428571,0.0,2.3269640961480427,-5.0
2021-05-28,Bangalore,26.1,55,0.0,3.7,4,5,2,0.5595892624101765,-0.8287700871745038,22.2,22.2,24.4,44.0,0.0,23.8,24.342857142857145,53.42857142857143,0.0,2.191542183681895,3.900000000000002
2021-05-29,Chennai,29.4,61,0.0,2.4,5,5,2,0.545240438540651,-0.8382797052177744,27.9,31.3,29.3,63.0,0.0,29.599999999999998,29.928571428571427,61.857142857142854,0.0,1.7575686669510533,1.5
2021-05-29,Bangalore,24.4,59,0.0,2.8,5,5,2,0.545240438540651,-0.8382797052177744,26.1,23.1,23.5,55.0,0.0,24.233333333333334,24.471428571428568,55.142857142857146,0.0,2.160026454864463,-1.7000000000000028
2021-05-29,Hyderabad,30.8,40,0.0,2.5,5,5,2,0.545240438540651,-0.8382797052177744,31.0,30.1,29.8,47.0,0.0,29.900000000000006,29.642857142857142,41.285714285714285,0.0,1.2094863136295768,-0.1999999999999993
2021-05-29,Mumbai,29.7,66,0.0,3.4,5,5,2,0.545240438540651,-0.8382797052177744,25.9,29.9,26.7,73.0,0.0,28.833333333333332,28.714285714285715,68.28571428571429,0.0,2.2615839371471766,3.8000000000000007
2021-05-29,Delhi,34.2,44,0.0,2.0,5,5,2,0.545240438540651,-0.8382797052177744,35.0,31.3,29.5,34.0,0.0,34.133333333333326,32.22857142857143,38.0,0.0,2.3837745179402567,-0.7999999999999972
2021-05-30,Bangalore,24.7,49,0.0,4.3,6,5,2,0.5307300481619334,-0.8475409228928311,24.4,22.2,28.0,59.0,0.0,25.066666666666663,24.0,54.42857142857143,0.0,1.5297058540778663,0.3000000000000007
2021-05-30,Hyderabad,32.9,40,0.0,2.4,6,5,2,0.5307300481619334,-0.8475409228928311,30.8,27.9,30.1,40.0,0.0,31.566666666666674,30.042857142857144,41.857142857142854,0.0,1.7347979160478375,2.099999999999998
2021-05-30,Chennai,31.0,65,0.0,3.2,6,5,2,0.5307300481619334,-0.8475409228928311,29.4,31.5,32.1,61.0,0.0,29.433333333333334,29.771428571428572,63.42857142857143,0.0,1.5702593052469915,1.6000000000000014
2021-05-30,Mumbai,31.1,66,0.0,4.0,6,5,2,0.5307300481619334,-0.8475409228928311,29.7,30.9,26.2,66.0,0.0,28.900000000000002,29.414285714285715,68.28571428571429,0.0,2.1066787220873375,1.4000000000000021
2021-05-30,Delhi,31.9,38,0.0,3.6,6,5,2,0.5307300481619334,-0.8475409228928311,34.2,33.2,27.7,44.0,0.0,33.699999999999996,32.82857142857143,38.0,0.0,1.3646907900257936,-2.3000000000000043
2021-05-31,Bangalore,26.4,44,0.0,5.3,0,5,2,0.5160623910158528,-0.8565509959010036,24.7,26.1,25.3,49.0,0.0,25.166666666666668,24.157142857142862,52.142857142857146,0.0,1.7290239470649014,1.6999999999999993
2021-05-31,Hyderabad,31.2,51,0.0,3.9,0,5,2,0.5160623910158528,-0.8565509959010036,32.9,31.0,28.2,40.0,0.0,31.63333333333334,30.471428571428568,43.285714285714285,0.0,1.56600796689578,-1.6999999999999993
2021-05-31,Mumbai,27.3,61,1.7,3.4,0,5,2,0.5160623910158528,-0.8565509959010036,31.1,25.9,31.3,66.0,0.0,29.36666666666667,28.842857142857138,67.57142857142857,0.24285714285714285,2.0517124090681036,-3.8000000000000007
2021-06-01,Chennai,30.2,56,0.0,4.4,1,6,2,0.5012418134457758,-0.865307254363206,31.0,27.9,27.7,65.0,0.0,30.2,30.12857142857143,62.57142857142857,0.0,1.2776466461355585,-0.8000000000000007
2021-06-01,Bangalore,27.5,46,0.0,5.7,1,6,2,0.5012418134457758,-0.865307254363206,26.4,24.4,22.2,44.0,0.0,26.2,24.91428571428571,51.0,0.0,1.8827538088560396,1.1000000000000014
2021-06-01,Hyderabad,32.8,43,0.0,5.2,1,6,2,0.5012418134457758,-0.865307254363206,31.2,30.8,29.4,51.0,0.0,32.300000000000004,30.957142857142856,42.857142857142854,0.0,1.6998599382078217,1.5999999999999979
2021-06-01,Delhi,31.5,35,0.0,4.0,1,6,2,0.5012418134457758,-0.865307254363206,31.9,35.0,32.4,38.0,0.0,32.533333333333324,32.7,37.42857142857143,0.0,1.451436070471916,-0.3999999999999986
2021-06-02,Hyderabad,33.9,50,0.0,5.2,2,6,2,0.48627270710868997,-0.8738071036110808,32.8,32.9,30.1,43.0,0.0,32.63333333333333,31.499999999999996,44.57142857142857,0.0,1.9663841605003705,1.1000000000000014
2021-06-02,Delhi,33.1,39,0.0,5.3,2,6,2,0.48627270710868997,-0.8738071036110808,31.5,34.2,31.8,35.0,0.0,32.16666666666666,32.885714285714286,37.142857142857146,0.0,1.3993195625358426,1.6000000000000014
2021-06-03,Mumbai,30.5,70,2.9,5.7,3,6,2,0.4711595076738638,-0.8820480249558537,27.3,29.7,27.1,61.0,1.7,29.633333333333336,29.32857142857143,68.14285714285714,0.6571428571428571,1.9712215212183986,3.1999999999999993
2021-06-04,Delhi,36.0,46,0.0,6.2,4,6,2,0.4559066935084588,-0.8900275764346767,33.1,31.9,31.3,39.0,0.0,33.533333333333324,33.55714285714286,38.42857142857143,0.0,1.6215806515631506,2.8999999999999986
2021-06-04,Bangalore,23.6,46,0.0,5.1,4,6,2,0.4559066935084588,-0.8900275764346767,27.5,24.7,23.1,46.0,0.0,25.833333333333332,24.985714285714288,49.0,0.0,1.8105510868504238,-3.8999999999999986
2021-06-04,Hyderabad,30.0,41,0.0,4.5,4,6,2,0.4559066935084588,-0.8900275764346767,33.9,31.2,27.9,50.0,0.0,32.23333333333334,31.8,44.57142857142857,0.0,1.4059397805975686,-3.8999999999999986
2021-06-05,Bangalore,23.8,54,0.0,3.7,5,6,2,0.440518784350495,-0.8977433935342337,23.6,26.4,22.2,46.0,0.0,24.96666666666667,25.214285714285715,50.42857142857143,0.0,1.4690456895873703,0.1999999999999993
2021-06-05,Delhi,32.2,37,0.0,4.3,5,6,2,0.440518784350495,-0.8977433935342337,36.0,31.5,33.2,46.0,0.0,33.76666666666666,33.41428571428572,39.0,0.0,1.700420116156226,-3.799999999999997
2021-06-05,Chennai,32.8,57,2.2,4.6,5,6,2,0.440518784350495,-0.8977433935342337,30.2,29.4,29.6,56.0,0.0,31.333333333333332,30.585714285714282,61.714285714285715,0.31428571428571433,1.5910463762659695,2.599999999999998
2021-06-05,Hyderabad,30.8,43,2.0,4.7,5,6,2,0.440518784350495,-0.8977433935342337,30.0,32.8,31.0,41.0,0.0,31.566666666666674,31.771428571428572,44.0,0.2857142857142857,1.4267845968170385,0.8000000000000007
2021-06-06,Delhi,34.9,37,0.0,4.7,6,6,2,0.42500033996955416,-0.9051931898913974,32.2,33.1,35.0,37.0,0.0,34.36666666666665,33.4,39.42857142857143,0.0,1.6852299546353258,2.6999999999999957
2021-06-06,Hyderabad,33.2,43,2.7,4.0,6,6,2,0.42500033996955416,-0.9051931898913974,30.8,33.9,30.8,43.0,2.0,31.333333333333343,32.114285714285714,44.42857142857143,0.6714285714285715,1.4427156932079999,2.400000000000002
2021-06-06,Chennai,33.7,58,0.0,5.1,6,6,2,0.42500033996955416,-0.9051931898913974,32.8,31.0,31.3,57.0,2.2,32.23333333333333,30.928571428571427,60.714285714285715,0.31428571428571433,1.9813415368670793,0.9000000000000057
2021-06-07,Hyderabad,30.3,38,3.0,4.7,0,6,2,0.4093559588156213,-0.9123747579707273,33.2,30.0,32.9,43.0,2.7,31.43333333333334,31.74285714285714,44.142857142857146,1.1,1.538242658422445,-2.900000000000002
2021-06-08,Mumbai,32.0,69,0.7,2.0,1,6,2,0.39359027665646673,-0.9192859697186104,30.5,31.1,29.9,70.0,2.9,29.933333333333337,29.628571428571426,68.28571428571429,0.7571428571428571,2.2171410161996046,1.5
2021-06-08,Chennai,32.5,66,0.0,5.3,1,6,2,0.39359027665646673,-0.9192859697186104,33.7,30.2,31.5,58.0,0.0,33.0,31.071428571428573,60.857142857142854,0.31428571428571433,2.0637460161192647,-1.2000000000000028
2021-06-09,Bangalore,24.4,48,0.0,2.3,2,6,2,0.3777079652039649,-0.9259247771938498,23.8,27.5,26.1,54.0,0.0,23.933333333333334,24.971428571428568,49.42857142857143,0.0,1.4384184436552638,0.5999999999999979
2021-06-09,Delhi,33.4,39,0.0,4.7,2,6,2,0.3777079652039649,-0.9259247771938498,34.9,36.0,34.2,37.0,0.0,33.49999999999999,33.285714285714285,38.714285714285715,0.0,1.6486646833408654,-1.5
2021-06-09,Hyderabad,32.3,36,0.0,4.9,2,6,2,0.3777079652039649,-0.9259247771938498,30.3,30.8,31.2,38.0,3.0,31.93333333333334,31.900000000000002,42.0,1.1,1.5297058540778585,1.9999999999999964
2021-06-10,Hyderabad,29.1,50,0.0,5.1,3,6,2,0.36171373072976765,-0.9322892131745133,32.3,33.2,32.8,36.0,0.0,30.566666666666674,31.37142857142857,43.0,1.1,1.7848569370440779,-3.1999999999999957
2021-06-11,Bangalore,27.2,48,0.0,4.1,4,6,2,0.3456123126707335,-0.9383773917408641,24.4,23.6,24.4,48.0,0.0,25.133333333333336,25.371428571428574,47.857142857142854,0.0,1.6296362433728167,2.8000000000000007
2021-06-11,Delhi,30.9,36,0.0,5.4,4,6,2,0.3456123126707335,-0.9383773917408641,33.4,32.2,31.9,39.0,0.0,33.066666666666656,33.142857142857146,38.42857142857143,0.0,1.822870577648715,-2.5
2021-06-12,Delhi,30.8,36,0.0,3.2,5,6,2,0.3294084822245304,-0.9441875088341993,30.9,34.9,31.5,36.0,0.0,31.69999999999999,33.042857142857144,38.57142857142857,0.0,1.943242258749718,-0.09999999999999787
2021-06-13,Delhi,39.5,36,0.0,4.1,6,6,2,0.3131070409358269,-0.9497178427914316,30.8,33.4,33.1,36.0,0.0,33.73333333333333,33.957142857142856,38.142857142857146,0.0,3.1224227467663486,8.7
2021-06-13,Hyderabad,33.6,42,0.0,3.4,6,6,2,0.3131070409358269,-0.9497178427914316,29.1,30.3,33.9,50.0,0.0,31.666666666666675,31.32857142857143,41.857142857142854,1.1,1.7163083306079858,4.5
2021-06-14,Delhi,35.3,40,0.0,5.6,0,6,2,0.29671281927349075,-0.9549667548552551,39.5,30.9,36.0,36.0,0.0,35.199999999999996,33.857142857142854,37.285714285714285,0.0,3.056608765095274,-4.200000000000003
2021-06-14,Bangalore,24.2,48,0.0,5.5,0,6,2,0.29671281927349075,-0.9549667548552551,27.2,23.8,24.7,48.0,0.0,25.266666666666666,25.3,47.714285714285715,0.0,1.6743157806499105,-3.0
2021-06-15,Hyderabad,30.9,35,0.0,6.4,1,6,2,0.28023067519921585,-0.9599326896597447,33.6,32.3,30.0,42.0,0.0,31.200000000000006,31.45714285714286,41.0,1.1,1.6318263212907267,-2.700000000000003
2021-06-15,Delhi,33.5,41,0.0,6.0,1,6,2,0.28023067519921585,-0.9599326896597447,35.3,30.8,32.2,40.0,0.0,36.09999999999999,34.042857142857144,37.857142857142854,0.0,2.977614897227404,-1.7999999999999972
2021-06-15,Chennai,35.5,57,0.0,5.1,1,6,2,0.28023067519921585,-0.9599326896597447,32.5,32.8,27.9,66.0,0.0,33.9,32.15714285714286,60.0,0.31428571428571433,2.1157009420499446,3.0
2021-06-16,Delhi,34.2,43,0.0,5.7,2,6,2,0.26366549272800704,-0.9646141756912435,33.5,39.5,34.9,41.0,0.0,34.33333333333332,33.94285714285714,38.714285714285715,0.0,2.955704734270759,0.7000000000000028
2021-06-16,Hyderabad,31.3,47,0.0,4.1,2,6,2,0.26366549272800704,-0.9646141756912435,30.9,29.1,30.8,35.0,0.0,31.933333333333348,31.52857142857143,41.57142857142857,0.8142857142857143,1.6090517763725634,0.40000000000000213
2021-06-17,Delhi,34.1,34,0.0,5.5,3,6,2,0.24702218048093552,-0.9690098257244062,34.2,35.3,33.4,43.0,0.0,33.93333333333333,34.04285714285714,38.0,0.0,2.946103156633165,-0.10000000000000142
2021-06-17,Bangalore,25.6,57,3.4,4.4,3,6,2,0.24702218048093552,-0.9690098257244062,24.2,24.4,26.4,48.0,0.0,25.666666666666668,25.185714285714283,49.57142857142857,0.4857142857142857,1.6128944700223156,1.4000000000000021
2021-06-17,Hyderabad,29.7,34,0.0,5.3,3,6,2,0.24702218048093552,-0.9690098257244062,31.3,33.6,33.2,47.0,0.0,30.633333333333344,31.028571428571432,40.285714285714285,0.42857142857142855,1.5456544306693227,-1.6000000000000014
2021-06-18,Hyderabad,31.4,39,0.0,3.3,4,6,2,0.23030567023061221,-0.9731183372332619,29.7,30.9,30.3,34.0,0.0,30.80000000000001,31.185714285714287,40.42857142857143,0.0,1.5148471555777472,1.6999999999999993
2021-06-18,Delhi,33.9,38,0.0,4.6,4,6,2,0.23030567023061221,-0.9731183372332619,34.1,33.5,30.9,34.0,0.0,34.066666666666656,34.47142857142857,38.285714285714285,0.0,2.6119687885541403,-0.20000000000000284
2021-06-19,Delhi,31.3,33,0.0,3.6,5,6,2,0.21352091543979612,-0.9769384927771817,33.9,34.2,30.8,38.0,0.0,33.09999999999999,34.542857142857144,37.857142857142854,0.0,2.4992379791029307,-2.599999999999998
2021-06-19,Chennai,35.0,65,0.0,4.7,5,6,2,0.21352091543979612,-0.9769384927771817,35.5,33.7,29.4,57.0,0.0,34.333333333333336,32.957142857142856,60.57142857142857,0.31428571428571433,1.9518001458972116,-0.5
2021-06-19,Hyderabad,28.9,50,0.0,4.2,5,6,2,0.21352091543979612,-0.9769384927771817,31.4,31.3,32.3,39.0,0.0,30.00000000000001,30.699999999999996,42.42857142857143,0.0,1.6380883167074454,-2.5
2021-06-21,Chennai,29.7,71,0.0,5.1,0,6,2,0.1797665857255624,-0.9837092937736097,35.0,32.5,31.0,65.0,0.0,33.4,32.771428571428565,61.42857142857143,0.31428571428571433,2.213379230734802,-5.300000000000001
2021-06-21,Delhi,34.8,40,0.0,5.7,0,6,2,0.1797665857255624,-0.9837092937736097,31.3,34.1,39.5,33.0,0.0,33.33333333333332,33.871428571428574,38.42857142857143,0.0,1.2789504625724994,3.4999999999999964
2021-06-22,Bangalore,25.8,49,0.0,6.1,1,6,2,0.16280701293851715,-0.986657932891657,25.6,27.2,27.5,57.0,3.4,25.2,24.942857142857147,50.0,0.4857142857142857,1.3049356853336325,0.1999999999999993
2021-06-22,Delhi,35.3,40,0.0,6.2,1,6,2,0.16280701293851715,-0.986657932891657,34.8,33.9,35.3,40.0,0.0,33.79999999999999,33.871428571428574,38.42857142857143,0.0,1.2789504625724994,0.5
2021-06-23,Hyderabad,31.8,46,0.0,4.6,2,6,2,0.1457991969198751,-0.9893142039703663,28.9,29.7,29.1,50.0,0.0,30.700000000000006,31.085714285714285,41.857142857142854,0.0,1.5115428888265112,2.900000000000002
2021-06-23,Delhi,36.6,36,0.0,3.9,2,6,2,0.1457991969198751,-0.9893142039703663,35.3,31.3,33.5,40.0,0.0,35.566666666666656,34.31428571428572,37.714285714285715,0.0,1.6201116951500503,1.3000000000000043
2021-06-23,Mumbai,30.4,64,0.0,3.9,2,6,2,0.1457991969198751,-0.9893142039703663,32.0,27.3,30.9,69.0,0.7,30.96666666666667,29.557142857142857,67.0,0.7571428571428571,2.1770447421962027,-1.6000000000000014
2021-06-24,Delhi,35.2,32,0.0,4.3,3,6,2,0.12874817745258132,-0.99167731989929,36.6,34.8,34.2,36.0,0.0,35.69999999999999,34.457142857142856,36.142857142857146,0.0,1.6521270561079302,-1.3999999999999986
2021-06-25,Delhi,35.4,43,0.0,5.7,4,6,2,0.11165900712169512,-0.993746580436178,35.2,35.3,34.1,32.0,0.0,35.73333333333333,34.642857142857146,37.42857142857143,0.0,1.6781509098381169,0.19999999999999574
2021-06-26,Delhi,35.1,32,0.0,3.1,5,6,2,0.09453674981719912,-0.9955213724144752,35.4,36.6,33.9,43.0,0.0,35.23333333333332,34.81428571428571,36.57142857142857,0.0,1.6506852833783627,-0.29999999999999716
2021-06-26,Chennai,32.4,67,3.2,4.9,5,6,2,0.09453674981719912,-0.9955213724144752,29.7,35.5,30.2,71.0,0.0,32.36666666666667,33.08571428571428,63.0,0.7714285714285715,1.9247758063635552,2.6999999999999993
2021-06-26,Hyderabad,30.8,45,0.0,5.1,5,6,2,0.09453674981719912,-0.9955213724144752,31.8,31.4,33.6,46.0,0.0,30.50000000000001,30.685714285714287,42.285714285714285,0.0,1.0286375640114143,-1.0
2021-06-27,Chennai,33.2,48,0.0,4.1,6,6,2,0.07738647923346301,-0.9970011699250151,32.4,35.0,32.8,67.0,3.2,31.766666666666666,33.142857142857146,61.714285714285715,0.4571428571428572,1.9208133198008543,0.8000000000000043
2021-06-27,Delhi,34.6,27,0.0,3.8,6,6,2,0.07738647923346301,-0.9970011699250151,35.1,35.2,31.3,32.0,0.0,35.033333333333324,35.285714285714285,35.714285714285715,0.0,0.6440201120786903,-0.5
2021-06-27,Hyderabad,33.4,29,0.0,6.0,6,6,2,0.07738647923346301,-0.9970011699250151,30.8,28.9,30.9,45.0,0.0,32.00000000000001,31.04285714285714,41.42857142857143,0.0,1.4592888026445954,2.599999999999998
2021-06-28,Hyderabad,36.0,37,0.0,2.8,0,6,2,0.06021327736579302,-0.9981855344718586,33.4,31.8,31.3,29.0,0.0,33.40000000000001,31.714285714285715,40.0,0.0,2.3849727960912483,2.6000000000000014
2021-06-29,Delhi,35.8,35,0.0,4.7,1,6,2,0.04302223300453059,-0.99907411510223,34.6,35.4,34.8,27.0,0.0,35.16666666666666,35.42857142857143,35.0,0.0,0.6290582530371974,1.1999999999999957
2021-06-29,Hyderabad,29.5,42,0.0,4.0,1,6,2,0.04302223300453059,-0.99907411510223,36.0,30.8,29.7,37.0,0.0,32.966666666666676,31.685714285714283,41.142857142857146,0.0,2.4141448254185804,-6.5
2021-06-30,Hyderabad,31.8,45,0.0,5.9,2,6,2,0.02581844022713308,-0.9996666485105112,29.5,33.4,31.4,42.0,0.0,32.433333333333344,31.74285714285714,42.0,0.0,2.410986757088726,2.3000000000000007
2021-07-01,Mumbai,27.6,64,1.0,4.9,3,7,3,0.008606996888688698,-0.9999629591162655,30.4,30.5,25.9,64.0,0.0,30.0,29.800000000000004,65.71428571428571,0.9,1.7549928774785246,-2.799999999999997
2021-07-01,Delhi,34.5,42,0.0,4.8,3,7,3,0.008606996888688698,-0.9999629591162655,35.8,35.1,35.3,35.0,0.0,34.96666666666666,35.31428571428571,35.285714285714285,0.0,0.7221001117771066,-1.2999999999999972
2021-07-01,Bangalore,23.2,52,0.0,4.7,3,7,3,0.008606996888688698,-0.9999629591162655,25.8,24.2,23.6,49.0,0.0,24.866666666666664,24.885714285714283,50.857142857142854,0.4857142857142857,1.3801311186847156,-2.6000000000000014
2021-07-02,Delhi,37.7,38,0.0,3.3,4,7,3,-0.008606996888688009,-0.9999629591162655,34.5,34.6,36.6,42.0,0.0,35.99999999999999,35.471428571428575,35.57142857142857,0.0,1.0796824930108881,3.200000000000003
2021-07-03,Delhi,30.8,31,0.0,4.1,5,7,3,-0.02581844022713239,-0.9996666485105112,37.7,35.8,35.2,38.0,0.0,34.33333333333332,34.84285714285714,35.42857142857143,0.0,2.0807507802530822,-6.900000000000002
2021-07-04,Hyderabad,29.8,39,0.0,4.7,6,7,3,-0.04302223300453034,-0.99907411510223,31.8,36.0,28.9,45.0,0.0,30.366666666666674,31.871428571428574,40.42857142857143,0.0,2.2529345941936154,-2.0
2021-07-04,Delhi,33.5,29,0.0,3.8,6,7,3,-0.04302223300453034,-0.99907411510223,30.8,34.5,35.4,31.0,0.0,33.99999999999999,34.57142857142857,33.42857142857143,0.0,2.11952375603129,2.6999999999999993
2021-07-05,Delhi,31.4,38,0.0,3.8,0,7,3,-0.060213277365792774,-0.9981855344718586,33.5,37.7,35.1,29.0,0.0,31.899999999999988,34.042857142857144,34.285714285714285,0.0,2.407527876513704,-2.1000000000000014
2021-07-05,Chennai,33.6,56,0.0,4.8,0,7,3,-0.060213277365792774,-0.9981855344718586,33.2,29.7,33.7,48.0,0.0,33.06666666666666,33.128571428571426,61.42857142857143,0.4571428571428572,1.9163457288238783,0.3999999999999986
2021-07-05,Hyderabad,28.4,35,0.0,5.5,0,7,3,-0.060213277365792774,-0.9981855344718586,29.8,29.5,31.8,39.0,0.0,30.00000000000001,31.385714285714283,38.857142857142854,0.0,2.6092326914430823,-1.4000000000000021
2021-07-06,Bangalore,24.7,50,0.0,6.3,1,7,3,-0.07738647923346322,-0.9970011699250151,23.2,25.6,23.8,52.0,0.0,24.566666666666666,25.014285714285716,50.285714285714285,0.4857142857142857,1.3018302134924946,1.5
2021-07-06,Delhi,32.0,33,0.0,4.7,1,7,3,-0.07738647923346322,-0.9970011699250151,31.4,30.8,34.6,38.0,0.0,32.29999999999999,33.67142857142857,35.142857142857146,0.0,2.505802789336738,0.6000000000000014
2021-07-07,Delhi,36.2,27,0.0,5.1,2,7,3,-0.09453674981719933,-0.9955213724144752,32.0,33.5,35.8,33.0,0.0,33.19999999999999,33.72857142857143,34.0,0.0,2.566264656210353,4.200000000000003
2021-07-07,Bangalore,29.1,52,0.0,5.0,2,7,3,-0.09453674981719933,-0.9955213724144752,24.7,25.8,24.4,50.0,0.0,25.666666666666668,25.685714285714287,50.857142857142854,0.4857142857142857,1.9718253568952782,4.400000000000002
2021-07-08,Hyderabad,32.3,39,3.4,5.9,3,7,3,-0.11165900712169444,-0.9937465804361781,28.4,31.8,30.8,35.0,0.0,30.166666666666675,31.599999999999998,38.0,0.4857142857142857,2.6147020225384647,3.8999999999999986
2021-07-08,Bangalore,27.3,51,0.0,6.3,3,7,3,-0.11165900712169444,-0.9937465804361781,29.1,23.2,27.2,52.0,0.0,27.03333333333333,25.7,51.285714285714285,0.4857142857142857,1.9849433241279086,-1.8000000000000007
2021-07-08,Delhi,30.0,32,0.0,4.0,3,7,3,-0.11165900712169444,-0.9937465804361781,36.2,31.4,34.5,27.0,0.0,32.73333333333332,33.08571428571428,32.57142857142857,0.0,2.8846886437584227,-6.200000000000003
2021-07-09,Delhi,39.0,22,0.0,4.6,4,7,3,-0.12874817745258066,-0.99167731989929,30.0,32.0,37.7,32.0,0.0,35.066666666666656,33.271428571428565,30.285714285714285,0.0,3.2499816849301113,9.0
2021-07-09,Chennai,32.2,60,0.0,5.8,4,7,3,-0.12874817745258066,-0.99167731989929,33.6,32.4,32.5,56.0,0.0,33.0,33.08571428571428,60.57142857142857,0.4571428571428572,1.9359998032272128,-1.3999999999999986
2021-07-10,Delhi,33.8,36,0.0,6.2,5,7,3,-0.14579919691987442,-0.9893142039703664,39.0,36.2,30.8,22.0,0.0,34.26666666666666,33.7,31.0,0.0,3.0621343319108045,-5.200000000000003
2021-07-10,Hyderabad,33.4,39,0.0,5.7,5,7,3,-0.14579919691987442,-0.9893142039703664,32.3,29.8,33.4,39.0,3.4,31.366666666666674,31.599999999999998,39.42857142857143,0.4857142857142857,2.6147020225384647,1.1000000000000014
2021-07-10,Chennai,32.1,61,0.0,4.4,5,7,3,-0.14579919691987442,-0.9893142039703664,32.2,33.2,35.5,60.0,0.0,32.63333333333333,32.6,61.142857142857146,0.4571428571428572,1.631972221985995,-0.10000000000000142
2021-07-11,Delhi,35.6,36,2.1,4.2,6,7,3,-0.16280701293851646,-0.9866579328916572,33.8,30.0,33.5,36.0,0.0,36.133333333333326,34.0,32.0,0.3,3.1411250638372863,1.8000000000000043
2021-07-11,Chennai,31.9,66,0.0,3.4,6,7,3,-0.16280701293851646,-0.9866579328916572,32.1,33.6,35.0,61.0,0.0,32.06666666666667,32.15714285714286,61.285714285714285,0.4571428571428572,1.2474736374733735,-0.20000000000000284
2021-07-12,Hyderabad,31.1,28,0.0,4.4,0,7,3,-0.17976658572556214,-0.9837092937736098,33.4,28.4,36.0,39.0,0.0,32.26666666666667,30.900000000000002,38.142857142857146,0.4857142857142857,1.7549928774784471,-2.299999999999997
2021-07-12,Bangalore,30.5,55,0.0,5.4,0,7,3,-0.17976658572556214,-0.9837092937736098,27.3,24.7,24.2,51.0,0.0,28.96666666666667,26.599999999999998,52.285714285714285,0.4857142857142857,2.541653005427741,3.1999999999999993
2021-07-13,Hyderabad,35.7,38,0.7,6.1,1,7,3,-0.19667288979357622,-0.9804691603616321,31.1,32.3,29.5,28.0,0.0,33.40000000000001,31.785714285714285,37.57142857142857,0.5857142857142856,2.382875413884517,4.600000000000001
2021-07-13,Bangalore,26.8,51,0.0,4.8,1,7,3,-0.19667288979357622,-0.9804691603616321,30.5,29.1,25.6,55.0,0.0,28.2,26.771428571428572,51.42857142857143,0.0,2.5031408841122262,-3.6999999999999993
2021-07-14,Delhi,35.9,41,0.0,4.9,2,7,3,-0.2135209154397959,-0.9769384927771817,35.6,39.0,31.4,36.0,2.1,35.099999999999994,34.642857142857146,32.42857142857143,0.3,2.9764952224930346,0.29999999999999716
2021-07-14,Bangalore,28.0,47,0.0,4.6,2,7,3,-0.2135209154397959,-0.9769384927771817,26.8,27.3,25.8,51.0,0.0,28.433333333333337,27.085714285714285,51.142857142857146,0.0,2.4989521613591816,1.1999999999999993
2021-07-15,Mumbai,28.2,65,0.0,4.5,3,7,3,-0.23030567023061196,-0.973118337233262,27.6,32.0,29.7,64.0,1.0,28.733333333333334,29.585714285714285,65.57142857142857,0.9,1.8578020808010998,0.5999999999999979
2021-07-15,Delhi,36.3,37,0.0,6.3,3,7,3,-0.23030567023061196,-0.973118337233262,35.9,33.8,32.0,41.0,0.0,35.933333333333316,35.25714285714285,33.0,0.3,2.777203115160488,0.3999999999999986
2021-07-16,Bangalore,25.2,39,0.0,3.6,4,7,3,-0.24702218048093527,-0.9690098257244063,28.0,30.5,23.2,47.0,0.0,26.666666666666668,27.37142857142857,49.285714285714285,0.0,2.0556542232861243,-2.8000000000000007
2021-07-16,Mumbai,30.3,57,0.0,4.6,4,7,3,-0.24702218048093527,-0.9690098257244063,28.2,30.4,31.1,65.0,0.0,28.700000000000003,29.47142857142857,64.28571428571429,0.9,1.7717357644547136,2.1000000000000014
2021-07-16,Delhi,36.5,41,0.0,4.6,4,7,3,-0.24702218048093527,-0.9690098257244063,36.3,35.6,36.2,37.0,0.0,36.23333333333332,35.3,35.0,0.3,2.7964262908219073,0.20000000000000284
2021-07-16,Hyderabad,31.7,33,0.0,4.4,4,7,3,-0.24702218048093527,-0.9690098257244063,35.7,33.4,31.8,38.0,0.7,32.83333333333334,31.771428571428572,35.857142857142854,0.5857142857142856,2.3830752441011365,-4.0000000000000036
2021-07-17,Hyderabad,32.2,33,0.0,4.1,5,7,3,-0.2636654927280072,-0.9646141756912435,31.7,31.1,29.8,33.0,0.0,33.20000000000001,32.114285714285714,35.0,0.5857142857142856,2.219180457908273,0.5000000000000036
2021-07-17,Bangalore,27.9,48,0.0,5.8,5,7,3,-0.2636654927280072,-0.9646141756912435,25.2,26.8,24.7,39.0,0.0,27.03333333333333,27.828571428571426,49.0,0.0,1.6849473638803567,2.6999999999999993
2021-07-17,Chennai,35.2,58,0.0,5.4,5,7,3,-0.2636654927280072,-0.9646141756912435,31.9,32.2,29.7,66.0,0.0,33.06666666666666,32.94285714285714,59.42857142857143,0.4571428571428572,1.1716898663288484,3.3000000000000043
2021-07-17,Mumbai,28.6,65,2.1,5.4,5,7,3,-0.2636654927280072,-0.9646141756912435,30.3,27.6,27.3,57.0,0.0,29.033333333333335,29.657142857142855,64.85714285714286,0.9571428571428572,1.5618975028868387,-1.6999999999999993
2021-07-17,Delhi,31.8,29,0.0,5.5,5,7,3,-0.2636654927280072,-0.9646141756912435,36.5,35.9,30.0,41.0,0.0,34.86666666666665,35.55714285714286,34.57142857142857,0.3,2.2589504516162116,-4.699999999999999
2021-07-18,Bangalore,26.5,48,0.0,5.1,6,7,3,-0.2802306751992161,-0.9599326896597445,27.9,28.0,29.1,48.0,0.0,26.53333333333333,27.457142857142856,48.42857142857143,0.0,1.64403684352174,-1.3999999999999986
2021-07-18,Hyderabad,33.8,36,0.0,5.2,6,7,3,-0.2802306751992161,-0.9599326896597445,32.2,35.7,28.4,33.0,0.0,32.56666666666667,32.885714285714286,35.142857142857146,0.5857142857142856,1.5507294750413294,1.5999999999999943
2021-07-18,Delhi,32.4,28,0.0,5.6,6,7,3,-0.2802306751992161,-0.9599326896597445,31.8,36.3,39.0,29.0,0.0,33.566666666666656,34.614285714285714,35.42857142857143,0.3,1.9368604935380929,0.5999999999999979
2021-07-19,Hyderabad,31.6,44,0.0,5.6,0,7,3,-0.2967128192734901,-0.9549667548552553,33.8,31.7,32.3,36.0,0.0,32.53333333333334,32.785714285714285,35.857142857142854,0.09999999999999999,1.61599151341479,-2.1999999999999957
2021-07-19,Delhi,32.8,36,0.0,5.0,0,7,3,-0.2967128192734901,-0.9549667548552553,32.4,36.5,33.8,28.0,0.0,32.33333333333332,34.47142857142857,35.42857142857143,0.3,2.041008154249844,0.3999999999999986
2021-07-20,Bangalore,25.4,54,0.0,5.0,1,7,3,-0.3131070409358267,-0.9497178427914317,26.5,25.2,27.3,48.0,0.0,26.599999999999998,27.185714285714287,48.857142857142854,0.0,1.8215639538855206,-1.1000000000000014
2021-07-20,Hyderabad,31.6,37,0.0,5.2,1,7,3,-0.3131070409358267,-0.9497178427914317,31.6,32.2,33.4,44.0,0.0,32.33333333333334,32.52857142857143,35.57142857142857,0.09999999999999999,1.6449055552566962,0.0
2021-07-20,Chennai,34.4,64,1.1,3.9,1,7,3,-0.3131070409358267,-0.9497178427914317,35.2,32.1,32.4,58.0,0.0,33.833333333333336,33.228571428571435,59.0,0.15714285714285717,1.2579272444706506,-0.8000000000000043
2021-07-21,Hyderabad,29.7,36,0.0,5.7,2,7,3,-0.3294084822245302,-0.9441875088341994,31.6,33.8,31.1,37.0,0.0,30.966666666666672,32.32857142857143,36.714285714285715,0.09999999999999999,1.911120339586446,-1.9000000000000021
2021-07-21,Chennai,34.8,60,0.0,6.4,2,7,3,-0.3294084822245302,-0.9441875088341994,34.4,31.9,33.2,64.0,1.1,34.8,33.45714285714286,60.714285714285715,0.15714285714285717,1.3902723268689892,0.3999999999999986
2021-07-22,Delhi,35.7,34,0.0,3.5,3,7,3,-0.3456123126707333,-0.9383773917408642,32.8,31.8,35.6,36.0,0.0,33.63333333333332,34.48571428571428,35.142857142857146,0.0,2.0505516098752485,2.9000000000000057
2021-07-22,Chennai,34.6,66,0.0,4.3,3,7,3,-0.3456123126707333,-0.9383773917408642,34.8,35.2,33.6,60.0,0.0,34.599999999999994,33.6,62.142857142857146,0.15714285714285717,1.4571661996264893,-0.19999999999999574
2021-07-22,Hyderabad,32.0,41,0.0,5.2,3,7,3,-0.3456123126707333,-0.9383773917408642,29.7,31.6,35.7,36.0,0.0,31.100000000000005,31.800000000000004,37.142857142857146,0.0,1.2041594578792574,2.3000000000000007
2021-07-22,Bangalore,23.2,54,0.0,5.6,3,7,3,-0.3456123126707333,-0.9383773917408642,25.4,27.9,30.5,54.0,0.0,25.03333333333333,26.142857142857142,48.714285714285715,0.0,1.6929827158569557,-2.1999999999999993
2021-07-23,Hyderabad,30.7,37,0.1,6.2,4,7,3,-0.3617137307297674,-0.9322892131745134,32.0,31.6,31.7,41.0,0.0,30.800000000000008,31.657142857142855,37.714285714285715,0.014285714285714287,1.2752217360877074,-1.3000000000000007
2021-07-23,Delhi,31.4,31,0.0,6.1,4,7,3,-0.3617137307297674,-0.9322892131745134,35.7,32.4,35.9,34.0,0.0,33.29999999999999,33.84285714285714,33.714285714285715,0.0,2.230737652927975,-4.300000000000004
2021-07-24,Delhi,35.5,32,2.1,3.5,5,7,3,-0.37770796520396466,-0.9259247771938499,31.4,32.8,36.3,31.0,0.0,34.19999999999999,33.72857142857143,33.0,0.3,2.100566816928493,4.100000000000001
2021-07-24,Chennai,30.1,54,0.0,4.9,5,7,3,-0.37770796520396466,-0.9259247771938499,34.6,34.4,32.2,66.0,0.0,33.166666666666664,33.300000000000004,61.285714285714285,0.15714285714285717,1.9321835661587394,-4.5
2021-07-25,Bangalore,25.5,49,0.0,4.3,6,7,3,-0.39359027665646645,-0.9192859697186105,23.2,26.5,26.8,54.0,0.0,24.7,25.957142857142856,48.42857142857143,0.0,1.680136048913027,2.3000000000000007
2021-07-25,Hyderabad,34.3,41,0.0,5.0,6,7,3,-0.39359027665646645,-0.9192859697186105,30.7,29.7,32.2,37.0,0.1,32.333333333333336,31.957142857142856,38.857142857142854,0.014285714285714287,1.6236349578001015,3.599999999999998
2021-07-25,Chennai,34.1,62,0.0,5.0,6,7,3,-0.39359027665646645,-0.9192859697186105,30.1,34.8,32.1,54.0,0.0,32.93333333333334,33.58571428571428,61.42857142857143,0.15714285714285717,1.872100933380056,4.0
2021-07-26,Hyderabad,33.1,37,0.0,4.2,0,7,3,-0.4093559588156211,-0.9123747579707274,34.3,32.0,33.8,41.0,0.0,32.70000000000001,31.857142857142858,39.0,0.014285714285714287,1.5087049003004336,-1.1999999999999957
2021-07-26,Delhi,33.6,34,0.0,4.6,0,7,3,-0.4093559588156211,-0.9123747579707274,35.5,35.7,36.5,32.0,2.1,33.49999999999999,33.31428571428571,32.0,0.3,1.7131146793960097,-1.8999999999999986
2021-07-27,Chennai,33.8,60,0.0,5.2,1,7,3,-0.42500033996955394,-0.9051931898913975,34.1,34.6,31.9,62.0,0.0,32.666666666666664,33.857142857142854,60.57142857142857,0.15714285714285717,1.718387948880494,-0.30000000000000426
2021-07-27,Bangalore,20.8,53,0.0,5.1,1,7,3,-0.42500033996955394,-0.9051931898913975,25.5,25.4,28.0,49.0,0.0,23.166666666666668,24.928571428571427,49.285714285714285,0.0,2.307750915006712,-4.699999999999999
2021-07-28,Delhi,35.8,39,0.0,6.0,2,7,3,-0.4405187843504952,-0.8977433935342336,33.6,31.4,31.8,34.0,0.0,34.966666666666654,33.885714285714286,33.42857142857143,0.3,1.7892536352984443,2.1999999999999957
2021-07-28,Hyderabad,31.4,32,1.9,5.9,2,7,3,-0.4405187843504952,-0.8977433935342336,33.1,30.7,31.6,37.0,0.0,32.933333333333344,31.82857142857143,37.285714285714285,0.2857142857142857,1.5162610655977702,-1.7000000000000028
2021-07-28,Chennai,32.5,59,1.0,5.5,2,7,3,-0.4405187843504952,-0.8977433935342336,33.8,30.1,35.2,60.0,0.0,33.46666666666667,33.47142857142857,60.714285714285715,0.3,1.6690459207927315,-1.2999999999999972
2021-07-29,Hyderabad,32.1,35,0.0,3.5,3,7,3,-0.455906693508459,-0.8900275764346766,31.4,34.3,31.6,32.0,1.9,32.20000000000001,31.900000000000002,37.0,0.2857142857142857,1.515475722889262,0.7000000000000028
2021-07-29,Mumbai,32.6,58,3.0,5.6,3,7,3,-0.455906693508459,-0.8900275764346766,28.6,28.2,30.5,65.0,2.1,30.5,29.95714285714286,63.142857142857146,0.9714285714285715,1.9129881885480056,4.0
2021-07-29,Bangalore,24.0,61,0.0,6.4,3,7,3,-0.455906693508459,-0.8900275764346766,20.8,23.2,25.2,53.0,0.0,23.433333333333334,24.75714285714286,52.42857142857143,0.0,2.328702888489038,3.1999999999999993
2021-07-30,Bangalore,26.8,48,0.0,4.7,4,7,3,-0.47115950767386394,-0.8820480249558535,24.0,25.5,27.9,61.0,0.0,23.866666666666664,24.599999999999998,52.42857142857143,0.0,2.1079215671683325,2.8000000000000007
2021-07-30,Chennai,33.8,69,0.0,6.0,4,7,3,-0.47115950767386394,-0.8820480249558535,32.5,34.1,34.4,59.0,1.0,33.36666666666667,33.385714285714286,61.42857142857143,0.14285714285714285,1.6283207827173196,1.2999999999999972
2021-07-30,Hyderabad,31.6,27,0.0,4.8,4,7,3,-0.47115950767386394,-0.8820480249558535,32.1,33.1,29.7,35.0,0.0,31.700000000000006,32.17142857142857,35.714285714285715,0.2857142857142857,1.1912378515845083,-0.5
2021-07-31,Hyderabad,32.8,36,0.0,6.5,5,7,3,-0.4862727071086902,-0.8738071036110807,31.6,31.4,32.0,27.0,0.0,32.16666666666668,32.285714285714285,35.0,0.2857142857142857,1.210273483458163,1.1999999999999957
2021-07-31,Mumbai,31.3,72,3.1,4.9,5,7,3,-0.4862727071086902,-0.8738071036110807,32.6,30.3,32.0,58.0,3.0,30.83333333333334,29.857142857142858,63.57142857142857,1.3142857142857145,1.8035678925001692,-1.3000000000000007
2021-07-31,Delhi,37.5,40,0.0,6.1,5,7,3,-0.4862727071086902,-0.8738071036110807,35.8,35.5,32.4,39.0,0.0,35.633333333333326,34.614285714285714,35.142857142857146,0.3,2.095573566217284,1.7000000000000028
2021-08-01,Delhi,32.6,38,0.0,5.4,6,8,3,-0.5012418134457756,-0.8653072543632061,37.5,33.6,32.8,40.0,0.0,35.29999999999999,34.58571428571428,35.42857142857143,0.3,2.1255811530250477,-4.899999999999999
2021-08-02,Delhi,34.5,44,0.0,5.1,0,8,3,-0.5160623910158526,-0.8565509959010037,32.6,35.8,35.7,38.0,0.0,34.86666666666665,34.41428571428571,36.857142857142854,0.3,2.068355684618897,1.8999999999999986
2021-08-03,Delhi,31.5,32,0.0,5.2,1,8,3,-0.5307300481619331,-0.8475409228928312,34.5,37.5,31.4,44.0,0.0,32.86666666666665,34.42857142857143,37.0,0.3,2.0442719043825077,-3.0
2021-08-03,Bangalore,27.5,48,3.4,3.5,1,8,3,-0.5307300481619331,-0.8475409228928312,26.8,20.8,26.5,48.0,0.0,26.100000000000005,24.74285714285714,52.42857142857143,0.4857142857142857,2.2846277179277723,0.6999999999999993
2021-08-03,Hyderabad,31.8,49,0.0,5.3,1,8,3,-0.5307300481619331,-0.8475409228928312,32.8,32.1,30.7,36.0,0.0,32.06666666666668,32.44285714285714,36.714285714285715,0.2714285714285714,1.0277112805601203,-0.9999999999999964
2021-08-04,Delhi,33.6,30,0.0,5.4,2,8,3,-0.5452404385406507,-0.8382797052177745,31.5,32.6,35.5,32.0,0.0,33.199999999999996,34.15714285714286,36.714285714285715,0.0,2.004043531510871,2.1000000000000014
2021-08-04,Chennai,33.1,55,3.2,5.5,2,8,3,-0.5452404385406507,-0.8382797052177745,33.8,33.8,34.8,69.0,0.0,33.13333333333333,33.142857142857146,60.714285714285715,0.6,1.5042796092674116,-0.6999999999999957
2021-08-04,Hyderabad,34.9,37,0.0,6.7,2,8,3,-0.5452404385406507,-0.8382797052177745,31.8,31.6,34.3,49.0,0.0,33.16666666666667,32.52857142857143,36.142857142857146,0.2714285714285714,1.216161016908395,3.099999999999998
2021-08-05,Hyderabad,31.3,34,0.0,5.8,3,8,3,-0.5595892624101763,-0.828770087174504,34.9,32.8,33.1,37.0,0.0,32.66666666666667,32.27142857142857,35.714285714285715,0.2714285714285714,1.264534546403407,-3.599999999999998
2021-08-05,Delhi,33.9,43,0.0,6.0,3,8,3,-0.5595892624101763,-0.828770087174504,33.6,34.5,33.6,30.0,0.0,32.99999999999999,34.199999999999996,38.0,0.0,1.9933221850301617,0.29999999999999716
2021-08-06,Hyderabad,28.8,43,0.0,4.3,4,8,3,-0.5737722679043243,-0.8190148866680802,31.3,31.8,31.4,34.0,0.0,31.666666666666675,31.9,37.285714285714285,0.0,1.8220867158288774,-2.5
2021-08-06,Mumbai,30.9,67,2.7,3.8,4,8,3,-0.5737722679043243,-0.8190148866680802,31.3,28.6,30.4,72.0,3.1,31.600000000000005,29.928571428571427,64.0,1.7,1.8382185993640654,-0.40000000000000213
2021-08-06,Bangalore,22.3,49,0.0,3.1,4,8,3,-0.5737722679043243,-0.8190148866680802,27.5,24.0,25.4,48.0,3.4,25.533333333333335,24.3,51.714285714285715,0.4857142857142857,2.431734634645283,-5.199999999999999
2021-08-07,Bangalore,27.1,49,0.0,5.2,5,8,3,-0.5877852522924734,-0.8090169943749472,22.3,26.8,23.2,49.0,0.0,25.633333333333336,24.857142857142858,51.0,0.4857142857142857,2.5799593942910257,4.800000000000001
2021-08-07,Delhi,32.9,39,0.0,6.3,5,8,3,-0.5877852522924734,-0.8090169943749472,33.9,31.5,35.8,43.0,0.0,33.466666666666654,33.785714285714285,38.0,0.0,1.9047559523716846,-1.0
2021-08-08,Bangalore,27.4,59,0.0,4.5,6,8,3,-0.6016240632249227,-0.7987793728863648,27.1,27.5,25.5,49.0,0.0,25.599999999999998,25.12857142857143,52.42857142857143,0.4857142857142857,2.7530070139844596,0.29999999999999716
2021-08-08,Delhi,37.2,36,0.0,4.6,6,8,3,-0.6016240632249227,-0.7987793728863648,32.9,33.6,37.5,39.0,0.0,34.66666666666666,33.74285714285714,37.42857142857143,0.0,1.8081824602412069,4.300000000000004
2021-08-08,Hyderabad,30.5,36,0.0,4.6,6,8,3,-0.6016240632249227,-0.7987793728863648,28.8,34.9,32.1,43.0,0.0,30.200000000000006,31.67142857142857,37.42857142857143,0.0,1.8918371016151714,1.6999999999999993
2021-08-09,Hyderabad,30.6,39,0.0,4.8,0,8,3,-0.6152845999633277,-0.7883050558305253,30.5,31.3,31.6,36.0,0.0,29.966666666666672,31.52857142857143,39.142857142857146,0.0,1.9353847900906846,0.10000000000000142
2021-08-10,Delhi,29.3,30,0.0,4.5,1,8,3,-0.6287628145958345,-0.7775971469736268,37.2,33.9,32.6,36.0,0.0,33.13333333333332,33.27142857142857,36.285714285714285,0.0,2.4662483557786983,-7.900000000000002
2021-08-10,Hyderabad,32.0,33,0.0,4.0,1,8,3,-0.6287628145958345,-0.7775971469736268,30.6,28.8,32.8,39.0,0.0,31.033333333333342,31.41428571428571,38.714285714285715,0.0,1.8703195550748328,1.3999999999999986
2021-08-10,Bangalore,26.2,51,0.0,4.1,1,8,3,-0.6287628145958345,-0.7775971469736268,27.4,22.3,20.8,59.0,0.0,26.900000000000002,25.900000000000002,52.142857142857146,0.4857142857142857,1.9882991056008819,-1.1999999999999993
2021-08-11,Mumbai,25.7,74,0.0,6.2,2,8,3,-0.6420547132365636,-0.7666588193001592,30.9,32.6,27.6,67.0,2.7,29.3,29.657142857142855,65.42857142857143,1.5571428571428572,2.317223297294446,-5.199999999999999
2021-08-11,Delhi,32.5,32,0.0,5.0,2,8,3,-0.6420547132365636,-0.7666588193001592,29.3,32.9,34.5,30.0,0.0,32.99999999999999,32.98571428571429,34.57142857142857,0.0,2.415525181976399,3.1999999999999993
2021-08-12,Delhi,36.0,37,3.2,5.0,3,8,3,-0.655156357209085,-0.7554933140726804,32.5,37.2,31.5,32.0,0.0,32.59999999999999,33.628571428571426,35.285714285714285,0.4571428571428572,2.549322972682701,3.5
2021-08-12,Hyderabad,27.9,41,2.6,5.3,3,8,3,-0.655156357209085,-0.7554933140726804,32.0,30.5,31.8,33.0,0.0,30.16666666666667,30.857142857142858,37.57142857142857,0.37142857142857144,2.2736586836031285,-4.100000000000001
2021-08-12,Mumbai,34.1,63,2.2,6.1,3,8,3,-0.655156357209085,-0.7554933140726804,25.7,31.3,28.2,74.0,0.0,30.233333333333338,30.5,65.14285714285714,1.8714285714285717,2.734349404642192,8.400000000000002
2021-08-13,Delhi,32.8,37,0.0,5.5,4,8,3,-0.6680638642135333,-0.7441039398713608,36.0,29.3,33.6,37.0,3.2,33.76666666666666,33.51428571428572,36.285714285714285,0.4571428571428572,2.5686757751992357,-3.200000000000003
2021-08-14,Mumbai,29.9,63,1.6,5.6,5,8,3,-0.6807734094770159,-0.7324940716135792,34.1,30.9,30.3,63.0,2.2,29.900000000000002,30.442857142857143,66.0,2.1,2.7433903251617173,-4.200000000000003
2021-08-14,Hyderabad,31.9,43,0.0,5.7,5,8,3,-0.6807734094770159,-0.7324940716135792,27.9,30.6,34.9,41.0,2.6,30.600000000000005,30.428571428571427,38.42857142857143,0.37142857142857144,1.5531841334436398,4.0
2021-08-15,Chennai,28.3,65,0.0,6.5,6,8,3,-0.6932812268869771,-0.7206671495538615,33.1,32.5,34.6,55.0,3.2,31.733333333333334,32.24285714285715,60.57142857142857,0.6,2.2074549016588536,-4.800000000000001
2021-08-15,Mumbai,28.4,72,2.2,5.6,6,8,3,-0.6932812268869771,-0.7206671495538615,29.9,25.7,28.6,63.0,1.6,30.8,30.41428571428571,67.0,2.1142857142857143,2.7667240384184213,-1.5
2021-08-16,Delhi,32.5,45,0.0,5.2,0,8,3,-0.7055836101071774,-0.70862667826446,32.8,32.5,33.9,37.0,0.0,33.76666666666666,33.31428571428571,36.57142857142857,0.4571428571428572,2.5880678580932557,-0.29999999999999716
2021-08-16,Hyderabad,31.3,47,0.0,4.3,0,8,3,-0.7055836101071774,-0.70862667826446,31.9,32.0,31.3,43.0,0.0,30.36666666666667,30.428571428571427,40.285714285714285,0.37142857142857144,1.5531841334436398,-0.5999999999999979
2021-08-17,Hyderabad,30.3,41,1.5,4.0,1,8,3,-0.7176769136759615,-0.6963762255968726,31.3,27.9,28.8,47.0,0.0,31.16666666666667,30.642857142857142,40.0,0.5857142857142856,1.3854688049623924,-1.0
2021-08-18,Hyderabad,28.2,42,0.0,6.7,2,8,3,-0.7295575540864876,-0.6839194216246105,30.3,31.9,30.5,41.0,1.5,29.933333333333337,30.314285714285717,40.857142857142854,0.5857142857142856,1.6687605894082065,-2.1000000000000014
2021-08-18,Chennai,31.2,58,0.0,5.5,2,8,3,-0.7295575540864876,-0.6839194216246105,28.3,33.8,30.1,65.0,0.0,30.866666666666664,32.4,61.142857142857146,0.6,2.0639767440551653,2.8999999999999986
2021-08-18,Delhi,30.4,26,0.0,5.0,2,8,3,-0.7295575540864876,-0.6839194216246105,32.5,36.0,32.9,45.0,0.0,31.899999999999988,32.957142857142856,34.714285714285715,0.4571428571428572,2.8171245049146623,-2.1000000000000014
2021-08-18,Bangalore,26.1,47,0.0,4.6,2,8,3,-0.7295575540864876,-0.6839194216246105,26.2,27.1,24.0,51.0,0.0,26.566666666666663,26.2,50.142857142857146,0.4857142857142857,1.8036999011291306,-0.09999999999999787
2021-08-18,Mumbai,26.7,66,2.7,6.6,2,8,3,-0.7295575540864876,-0.6839194216246105,28.4,34.1,32.6,72.0,2.2,28.333333333333332,29.571428571428573,68.14285714285714,2.0714285714285716,2.8860089429951423,-1.6999999999999993
2021-08-19,Delhi,34.1,35,0.0,3.6,3,8,3,-0.7412220108485957,-0.6712599575675315,30.4,32.8,37.2,26.0,0.0,32.33333333333332,32.51428571428572,34.57142857142857,0.4571428571428572,2.2191804579083114,3.700000000000003
2021-08-19,Mumbai,26.4,71,1.9,3.8,3,8,3,-0.7412220108485957,-0.6712599575675315,26.7,29.9,31.3,66.0,2.7,27.166666666666668,28.87142857142857,68.0,1.9000000000000004,2.9892665129952043,-0.3000000000000007
2021-08-20,Delhi,33.0,36,0.0,3.6,4,8,3,-0.7526668275320083,-0.6584015846980489,34.1,32.5,29.3,35.0,0.0,32.49999999999999,33.042857142857144,35.42857142857143,0.4571428571428572,1.7076857076730112,-1.1000000000000014
2021-08-21,Delhi,31.5,41,0.0,4.1,5,8,3,-0.7638886127905429,-0.64534811322955,33.0,30.4,32.5,36.0,0.0,32.86666666666665,32.9,36.714285714285715,0.4571428571428572,1.8000000000000578,-1.5
2021-08-21,Bangalore,21.9,59,0.0,4.8,5,8,3,-0.7638886127905429,-0.64534811322955,26.1,27.4,26.8,47.0,0.0,24.733333333333334,25.5,51.714285714285715,0.4857142857142857,2.388165265079724,-4.200000000000003
2021-08-22,Delhi,30.7,39,0.0,5.7,6,8,3,-0.7748840413670406,-0.6321034111873488,31.5,34.1,36.0,41.0,0.0,31.733333333333324,32.142857142857146,37.0,0.0,1.3327379623132027,-0.8000000000000007
2021-08-22,Hyderabad,33.2,40,0.0,6.7,6,8,3,-0.7748840413670406,-0.6321034111873488,28.2,31.3,30.6,42.0,0.0,30.566666666666674,30.685714285714287,41.0,0.5857142857142856,1.9995237528209937,5.0000000000000036
2021-08-23,Bangalore,24.4,57,1.6,4.4,0,8,3,-0.7856498550787144,-0.6186714032625032,21.9,26.2,27.5,59.0,0.0,24.133333333333336,25.057142857142857,53.0,0.2285714285714286,2.2381965529246597,2.5
2021-08-23,Mumbai,29.6,68,3.2,4.8,0,8,3,-0.7856498550787144,-0.6186714032625032,26.4,28.4,30.9,71.0,1.9,27.566666666666666,28.685714285714287,68.14285714285714,1.9714285714285715,2.8806414629549852,3.200000000000003
2021-08-23,Delhi,33.1,28,0.0,6.4,0,8,3,-0.7856498550787144,-0.6186714032625032,30.7,33.0,32.8,39.0,0.0,31.766666666666655,32.18571428571428,35.714285714285715,0.0,1.361896436871091,2.400000000000002
2021-08-23,Hyderabad,29.1,44,0.0,5.5,0,8,3,-0.7856498550787144,-0.6186714032625032,33.2,30.3,32.0,40.0,0.0,30.16666666666667,30.271428571428572,42.57142857142857,0.5857142857142856,1.982182539285356,-4.100000000000001
2021-08-24,Chennai,30.0,72,0.0,2.3,1,8,3,-0.7961828637826154,-0.6050560696488494,31.2,33.1,34.1,58.0,0.0,29.833333333333332,31.814285714285713,62.57142857142857,0.6,2.0828094579427545,-1.1999999999999993
2021-08-24,Hyderabad,28.9,43,0.0,6.0,1,8,3,-0.7961828637826154,-0.6050560696488494,29.1,28.2,27.9,44.0,0.0,30.400000000000006,30.414285714285715,42.857142857142854,0.21428571428571427,1.811471383000209,-0.20000000000000284
2021-08-25,Bangalore,24.9,46,0.0,3.5,2,8,3,-0.8064799463209447,-0.5912614448635782,24.4,26.1,22.3,57.0,1.6,23.73333333333333,25.428571428571427,52.57142857142857,0.2285714285714286,1.893598237671938,0.5
2021-08-25,Hyderabad,28.7,43,0.0,4.7,2,8,3,-0.8064799463209447,-0.5912614448635782,28.9,33.2,31.9,43.0,0.0,28.900000000000002,29.957142857142856,42.857142857142854,0.21428571428571427,1.7775049393810247,-0.1999999999999993
2021-08-27,Chennai,33.9,64,0.0,2.6,4,8,3,-0.8263541987239094,-0.5631507242749187,30.0,28.3,33.8,72.0,0.0,31.7,31.82857142857143,63.142857142857146,0.6,2.0989793438037543,3.8999999999999986
2021-08-27,Delhi,31.3,44,0.0,5.4,4,8,3,-0.8263541987239094,-0.5631507242749187,33.1,31.5,32.5,28.0,0.0,31.69999999999999,32.01428571428572,35.57142857142857,0.0,1.3909571901256308,-1.8000000000000007
2021-08-28,Hyderabad,31.1,39,0.0,5.4,5,8,3,-0.8359254794186365,-0.5488429582847199,28.7,29.1,31.3,43.0,0.0,29.566666666666666,29.928571428571427,41.714285714285715,0.21428571428571427,1.7537714462592944,2.400000000000002
2021-08-29,Mumbai,32.5,66,0.0,4.6,6,8,3,-0.8452490573530634,-0.5343725582809785,29.6,26.7,25.7,68.0,3.2,29.5,29.657142857142855,67.0,1.9714285714285715,2.8524008267056016,2.8999999999999986
2021-08-29,Bangalore,20.3,49,3.0,5.4,6,8,3,-0.8452490573530634,-0.5343725582809785,24.9,21.9,27.1,46.0,0.0,23.2,24.45714285714286,52.57142857142857,0.6571428571428571,2.5303867575643886,-4.599999999999998
2021-08-29,Hyderabad,26.2,52,0.0,5.5,6,8,3,-0.8452490573530634,-0.5343725582809785,31.1,28.9,30.3,39.0,0.0,28.666666666666668,29.342857142857145,43.285714285714285,0.0,2.2292428780920117,-4.900000000000002
2021-08-29,Delhi,31.8,43,0.0,5.8,6,8,3,-0.8452490573530634,-0.5343725582809785,31.3,30.7,30.4,44.0,0.0,32.066666666666656,32.214285714285715,38.0,0.0,1.2088955998881117,0.5
2021-08-30,Delhi,33.3,40,0.0,5.8,0,8,3,-0.8543221697498269,-0.5197438121555157,31.8,33.1,34.1,43.0,0.0,32.133333333333326,32.1,38.714285714285715,0.0,1.0246950765960943,1.4999999999999964
2021-08-30,Chennai,33.2,67,0.0,5.4,0,8,3,-0.8543221697498269,-0.5197438121555157,33.9,31.2,32.5,64.0,0.0,32.36666666666667,31.928571428571427,64.28571428571429,0.4571428571428572,2.152296669230687,-0.6999999999999957
2021-08-31,Delhi,32.1,55,0.0,5.0,1,8,3,-0.8631421280499115,-0.5049610547215202,33.3,31.3,33.0,40.0,0.0,32.39999999999999,31.971428571428568,41.42857142857143,0.0,0.9464218328602604,-1.1999999999999957
2021-09-01,Delhi,33.5,26,0.0,5.9,2,9,3,-0.8717063187093217,-0.4900286664290594,32.1,31.8,31.5,55.0,0.0,32.96666666666666,32.25714285714286,39.285714285714285,0.0,1.073711852806609,1.3999999999999986
2021-09-02,Chennai,35.2,52,1.8,5.2,3,9,3,-0.8800122039735356,-0.4749510720670502,33.2,30.0,33.8,67.0,0.0,34.1,32.128571428571426,61.857142857142854,0.7142857142857143,2.405351177211937,2.0
2021-09-02,Delhi,35.3,29,0.0,5.6,3,9,3,-0.8800122039735356,-0.4749510720670502,33.5,33.3,30.7,26.0,0.0,33.63333333333332,32.91428571428571,37.857142857142854,0.0,1.3371967836094363,1.7999999999999972
2021-09-02,Mumbai,31.4,69,0.0,5.7,3,9,3,-0.8800122039735356,-0.4749510720670502,32.5,26.4,34.1,66.0,0.0,31.166666666666668,29.271428571428572,67.85714285714286,1.6571428571428573,2.2757520996470353,-1.1000000000000014
2021-09-03,Delhi,32.6,32,0.0,3.9,4,9,3,-0.888057322629493,-0.4597327394521046,35.3,32.1,33.1,29.0,0.0,33.79999999999999,32.84285714285714,38.42857142857143,0.0,1.3389761547007974,-2.6999999999999957
2021-09-03,Mumbai,29.7,58,2.6,6.4,4,9,3,-0.888057322629493,-0.4597327394521046,31.4,29.6,29.9,69.0,0.0,31.2,29.24285714285714,67.14285714285714,1.8000000000000003,2.267786838055422,-1.6999999999999993
2021-09-03,Chennai,28.9,65,0.0,5.1,4,9,3,-0.888057322629493,-0.4597327394521046,35.2,33.9,33.1,52.0,1.8,32.43333333333333,31.52857142857143,63.285714285714285,0.2571428571428572,2.6354723079013445,-6.300000000000004
2021-09-04,Delhi,31.4,33,0.0,5.5,5,9,3,-0.8958392907349089,-0.4443781781046134,32.6,33.5,31.3,32.0,0.0,33.09999999999999,32.857142857142854,36.857142857142854,0.0,1.3201731488169772,-1.2000000000000028
2021-09-04,Bangalore,21.7,48,0.0,4.9,5,9,3,-0.8958392907349089,-0.4443781781046134,20.3,24.4,27.4,49.0,3.0,22.3,23.642857142857142,51.0,0.6571428571428571,2.3351353585728813,1.3999999999999986
2021-09-05,Hyderabad,30.3,40,0.0,3.1,6,9,3,-0.9033558023246842,-0.4288919379124841,26.2,28.7,28.2,52.0,0.0,29.200000000000003,29.642857142857142,43.0,0.0,2.190781552214631,4.100000000000001
2021-09-06,Delhi,31.4,41,0.0,4.1,0,9,3,-0.9106046300942162,-0.41327860778290443,31.4,35.3,31.8,33.0,0.0,31.799999999999994,32.8,36.57142857142857,0.0,1.3808210118139368,0.0
2021-09-06,Bangalore,26.1,52,0.0,2.6,0,9,3,-0.9106046300942162,-0.41327860778290443,21.7,24.9,26.2,48.0,0.0,22.7,23.62857142857143,51.142857142857146,0.6571428571428571,2.3171205447813414,4.400000000000002
2021-09-06,Chennai,33.5,51,0.0,3.4,0,9,3,-0.9106046300942162,-0.41327860778290443,28.9,33.2,28.3,65.0,0.0,32.53333333333333,32.271428571428565,61.285714285714285,0.2571428571428572,2.2830639396174437,4.600000000000001
2021-09-06,Mumbai,26.0,69,2.8,5.5,0,9,3,-0.9106046300942162,-0.41327860778290443,29.7,32.5,28.4,58.0,2.6,29.03333333333333,28.900000000000002,66.71428571428571,1.885714285714286,2.5768197453450683,-3.6999999999999993
2021-09-07,Hyderabad,29.2,36,0.0,6.7,1,9,3,-0.9175836260593934,-0.3975428142825566,30.3,31.1,33.2,40.0,0.0,28.566666666666674,29.071428571428573,42.42857142857143,0.0,1.5304838948453852,-1.1000000000000014
2021-09-07,Mumbai,26.7,63,0.9,5.6,1,9,3,-0.9175836260593934,-0.3975428142825566,26.0,31.4,26.7,69.0,2.8,27.46666666666667,28.900000000000002,66.28571428571429,1.6285714285714286,2.5768197453450683,0.6999999999999993
2021-09-07,Delhi,27.6,36,0.0,5.1,1,9,3,-0.9175836260593934,-0.3975428142825566,31.4,32.6,33.3,41.0,0.0,30.133333333333326,31.985714285714284,36.0,0.0,2.3660294246047595,-3.799999999999997
2021-09-08,Delhi,30.9,38,0.0,6.2,2,9,3,-0.9242907221930934,-0.3816892202666586,27.6,31.4,32.1,36.0,0.0,29.966666666666658,31.814285714285713,33.57142857142857,0.0,2.3996031417914816,3.299999999999997
2021-09-09,Bangalore,22.7,57,0.0,5.5,3,9,3,-0.9307239310379793,-0.3657225234972692,26.1,20.3,26.1,52.0,0.0,23.5,23.142857142857142,52.57142857142857,0.6571428571428571,2.054147952199163,-3.400000000000002
2021-09-09,Delhi,29.8,37,0.0,4.8,3,9,3,-0.9307239310379793,-0.3657225234972692,30.9,31.4,33.5,38.0,0.0,29.433333333333323,31.285714285714285,35.142857142857146,0.0,2.3737653432389383,-1.0999999999999979
2021-09-10,Hyderabad,29.5,43,0.0,3.4,4,9,3,-0.9368813462954315,-0.34964745525122826,29.2,26.2,29.1,36.0,0.0,29.666666666666668,29.12857142857143,42.285714285714285,0.0,1.5391710817994746,0.3000000000000007
2021-09-10,Bangalore,23.9,48,0.0,4.3,4,9,3,-0.9368813462954315,-0.34964745525122826,22.7,21.7,21.9,57.0,0.0,24.233333333333334,23.428571428571427,51.0,0.6571428571428571,1.990573021112546,1.1999999999999993
2021-09-10,Chennai,30.9,69,2.2,4.6,4,9,3,-0.9368813462954315,-0.34964745525122826,33.5,35.2,31.2,51.0,0.0,31.099999999999998,32.22857142857143,62.857142857142854,0.5714285714285714,2.309194871027892,-2.6000000000000014
2021-09-10,Delhi,30.5,43,0.0,4.1,4,9,3,-0.9368813462954315,-0.34964745525122826,29.8,27.6,35.3,37.0,0.0,30.39999999999999,30.599999999999998,37.142857142857146,0.0,1.5821925715075853,0.6999999999999993
2021-09-11,Delhi,28.7,43,0.0,5.6,5,9,3,-0.9427611433904206,-0.33346877891818705,30.5,30.9,32.6,43.0,0.0,29.666666666666657,30.04285714285714,38.714285714285715,0.0,1.4408991901555743,-1.8000000000000007
2021-09-11,Chennai,35.4,63,0.0,4.0,5,9,3,-0.9427611433904206,-0.33346877891818705,30.9,28.9,30.0,69.0,2.2,33.26666666666667,33.0,61.57142857142857,0.5714285714285714,2.342363478768237,4.5
2021-09-12,Chennai,33.2,68,2.7,5.4,6,9,3,-0.9483615800121716,-0.31719128858910595,35.4,33.5,33.9,63.0,0.0,33.166666666666664,32.9,62.142857142857146,0.9571428571428572,2.3122860261367397,-2.1999999999999957
2021-09-12,Delhi,29.5,39,0.0,6.4,6,9,3,-0.9483615800121716,-0.31719128858910595,28.7,29.8,31.4,43.0,0.0,29.56666666666666,29.77142857142857,39.57142857142857,0.0,1.3161994348811648,0.8000000000000007
2021-09-12,Hyderabad,35.1,44,0.0,6.3,6,9,3,-0.9483615800121716,-0.31719128858910595,29.5,30.3,28.9,43.0,0.0,31.26666666666667,30.014285714285712,42.42857142857143,0.0,2.718105082239347,5.600000000000001
2021-09-13,Chennai,32.1,63,0.0,4.1,0,9,3,-0.9536809966304455,-0.300819807635668,33.2,30.9,33.2,68.0,2.7,33.56666666666667,32.74285714285715,61.57142857142857,0.9571428571428572,2.32583830253188,-1.1000000000000014
2021-09-13,Delhi,29.9,42,0.0,4.3,0,9,3,-0.9536809966304455,-0.300819807635668,29.5,30.5,31.4,39.0,0.0,29.366666666666656,29.557142857142857,39.714285714285715,0.0,1.1133390361989375,0.3999999999999986
2021-09-14,Bangalore,23.5,63,3.0,5.9,1,9,3,-0.9587178169872964,-0.2843591872810036,23.9,26.1,24.4,48.0,0.0,23.366666666666664,23.3,51.857142857142854,0.8571428571428571,1.9459359359102388,-0.3999999999999986
2021-09-14,Hyderabad,28.3,47,0.0,6.1,1,9,3,-0.9587178169872964,-0.2843591872810036,35.1,29.2,28.7,44.0,0.0,30.96666666666667,29.95714285714286,43.0,0.0,2.754303991245448,-6.800000000000001
2021-09-14,Mumbai,27.2,74,2.2,4.5,1,9,3,-0.9587178169872964,-0.2843591872810036,26.7,29.7,26.4,63.0,0.9,26.63333333333333,29.014285714285712,66.71428571428571,1.6714285714285715,2.4626737308791316,0.5
2021-09-15,Delhi,28.3,41,0.0,4.3,2,9,3,-0.9634705485641486,-0.26781430516217486,29.9,28.7,27.6,42.0,0.0,29.233333333333324,29.657142857142862,40.42857142857143,0.0,0.9235026490799583,-1.5999999999999979
2021-09-15,Bangalore,25.5,51,0.0,5.8,2,9,3,-0.9634705485641486,-0.26781430516217486,23.5,22.7,24.9,63.0,3.0,24.299999999999997,23.385714285714283,52.57142857142857,0.8571428571428571,2.0391408087955627,2.0
2021-09-16,Bangalore,20.0,49,0.0,5.7,3,9,3,-0.9679377830240642,-0.25119006388481957,25.5,23.9,20.3,51.0,0.0,23.0,23.342857142857138,52.57142857142857,0.42857142857142855,2.116488556435871,-5.5
2021-09-16,Delhi,29.0,37,0.0,4.3,3,9,3,-0.9679377830240642,-0.25119006388481957,28.3,29.5,30.9,41.0,0.0,29.06666666666666,29.38571428571429,40.285714285714285,0.0,0.7625146368622442,0.6999999999999993
2021-09-17,Delhi,29.8,37,0.0,5.1,4,9,3,-0.9721181966290612,-0.23449138957041052,29.0,29.9,29.8,37.0,0.0,29.03333333333332,29.385714285714283,40.285714285714285,0.0,0.7625146368622442,0.8000000000000007
2021-09-17,Chennai,27.1,63,2.8,3.9,4,9,3,-0.9721181966290612,-0.23449138957041052,32.1,35.4,35.2,63.0,0.0,30.8,31.585714285714285,63.142857142857146,1.1,2.8544868607327287,-5.0
2021-09-17,Hyderabad,26.0,44,0.0,5.9,4,9,3,-0.9721181966290612,-0.23449138957041052,28.3,29.5,31.1,47.0,0.0,29.8,29.228571428571428,43.714285714285715,0.0,3.0592560564699003,-2.3000000000000007
2021-09-18,Hyderabad,28.0,49,0.0,4.6,5,9,3,-0.9760105506323682,-0.21772323039653224,26.0,35.1,26.2,44.0,0.0,27.433333333333337,29.485714285714288,43.285714285714285,0.0,2.829268793303677,2.0
2021-09-18,Delhi,28.1,49,0.0,4.1,5,9,3,-0.9760105506323682,-0.21772323039653224,29.8,28.3,30.5,37.0,0.0,28.966666666666658,29.042857142857144,41.142857142857146,0.0,0.7161404491143949,-1.6999999999999993
2021-09-18,Bangalore,24.2,53,0.0,4.0,5,9,3,-0.9760105506323682,-0.21772323039653224,20.0,23.5,21.7,49.0,0.0,23.233333333333334,23.7,53.285714285714285,0.42857142857142855,2.0008331597945603,4.199999999999999
2021-09-19,Hyderabad,29.7,53,0.0,6.7,6,9,3,-0.9796136916454901,-0.20089055513063528,28.0,28.3,30.3,49.0,0.0,27.900000000000006,29.4,45.142857142857146,0.0,2.8095076674274218,1.6999999999999993
2021-09-19,Delhi,24.1,47,0.0,4.4,6,9,3,-0.9796136916454901,-0.20089055513063528,28.1,29.0,28.7,49.0,0.0,27.333333333333325,28.38571428571429,41.714285714285715,0.0,2.0152986308309893,-4.0
2021-09-19,Mumbai,30.9,71,2.4,5.9,6,9,3,-0.9796136916454901,-0.20089055513063528,27.2,26.0,29.6,74.0,2.2,28.266666666666666,29.2,67.14285714285714,1.5571428571428572,2.56124969497319,3.6999999999999993
2021-09-20,Bangalore,20.3,44,0.0,5.9,0,9,3,-0.9829265519799822,-0.18399835165767986,24.2,25.5,26.1,53.0,0.0,21.5,22.87142857142857,52.142857142857146,0.42857142857142855,2.0418245808707094,-3.8999999999999986
2021-09-20,Delhi,30.4,48,0.0,3.2,0,9,3,-0.9829265519799822,-0.18399835165767986,24.1,29.8,29.5,47.0,0.0,27.53333333333332,28.514285714285716,43.0,0.0,2.1240123755358034,6.299999999999997
2021-09-21,Bangalore,21.8,53,0.0,4.1,1,9,3,-0.9859481499638303,-0.1670516255021195,20.3,20.0,22.7,44.0,0.0,22.100000000000005,22.74285714285714,51.57142857142857,0.42857142857142855,2.0823521498994153,1.5
2021-09-21,Delhi,24.9,39,0.0,4.8,1,9,3,-0.9859481499638303,-0.1670516255021195,30.4,28.1,29.9,48.0,0.0,26.466666666666658,27.8,42.57142857142857,0.0,2.402776172125502,-5.5
2021-09-21,Hyderabad,26.8,55,0.0,5.0,1,9,3,-0.9859481499638303,-0.1670516255021195,29.7,26.0,29.2,53.0,0.0,28.16666666666667,29.057142857142857,47.857142857142854,0.0,2.9792936203386566,-2.8999999999999986
2021-09-22,Hyderabad,25.0,44,0.0,5.9,2,9,3,-0.9886775902323404,-0.15005539834465262,26.8,28.0,29.5,55.0,0.0,27.16666666666667,28.414285714285715,48.0,0.0,3.3323808162876674,-1.8000000000000007
2021-09-22,Chennai,28.9,67,0.0,4.9,2,9,3,-0.9886775902323404,-0.15005539834465262,27.1,33.2,28.9,63.0,2.8,29.366666666666664,31.585714285714285,63.42857142857143,1.1,2.854486860732729,1.7999999999999972
2021-09-23,Mumbai,26.6,67,0.0,4.3,3,9,3,-0.9911140639934546,-0.13301470653419636,30.9,26.7,32.5,71.0,2.4,28.233333333333334,28.357142857142858,67.28571428571429,1.5571428571428572,2.245630678196504,-4.299999999999997
2021-09-23,Bangalore,23.0,56,3.1,5.2,3,9,3,-0.9911140639934546,-0.13301470653419636,21.8,24.2,23.9,53.0,0.0,21.7,22.614285714285717,52.714285714285715,0.8714285714285713,2.0260212004720377,1.1999999999999993
2021-09-23,Hyderabad,27.2,47,0.0,3.6,3,9,3,-0.9911140639934546,-0.13301470653419636,25.0,29.7,35.1,44.0,0.0,26.333333333333332,27.285714285714285,48.42857142857143,0.0,1.553950419016667,2.1999999999999993
2021-09-25,Bangalore,21.9,64,0.0,4.4,5,9,3,-0.9951053111006974,-0.09882013873287211,23.0,20.3,23.5,56.0,3.1,22.233333333333334,22.38571428571429,52.857142857142854,0.4428571428571429,1.9995237528210341,-1.1000000000000014
2021-09-25,Delhi,27.4,39,3.2,4.3,5,9,3,-0.9951053111006974,-0.09882013873287211,24.9,24.1,28.3,39.0,0.0,27.566666666666652,27.67142857142857,42.285714285714285,0.4571428571428572,2.3956309438326215,2.5
2021-09-26,Hyderabad,26.3,50,0.0,6.5,6,9,3,-0.99665890175417,-0.08167639533042288,27.2,26.8,28.3,47.0,0.0,26.16666666666667,27.0,48.857142857142854,0.0,1.5198684153571236,-0.8999999999999986
2021-09-26,Mumbai,30.5,79,3.4,6.4,6,9,3,-0.99665890175417,-0.08167639533042288,26.6,27.2,31.4,67.0,0.0,29.333333333333332,28.228571428571428,68.71428571428571,2.042857142857143,2.0605131122403515,3.8999999999999986
2021-09-26,Chennai,27.8,64,2.7,4.5,6,9,3,-0.99665890175417,-0.08167639533042288,28.9,32.1,33.5,67.0,0.0,27.933333333333334,30.771428571428572,65.28571428571429,1.4857142857142858,3.025290226140544,-1.0999999999999979
2021-09-26,Delhi,26.1,36,0.0,5.5,6,9,3,-0.99665890175417,-0.08167639533042288,27.4,30.4,29.0,39.0,3.2,26.133333333333326,27.257142857142856,42.142857142857146,0.4571428571428572,2.3782746847644134,-1.2999999999999972
2021-09-27,Hyderabad,25.2,50,0.0,1.8,0,9,3,-0.9979171608653922,-0.06450844944931625,26.3,25.0,26.0,50.0,0.0,26.233333333333338,26.885714285714283,49.714285714285715,0.0,1.6334305121722854,-1.1000000000000014
2021-09-27,Bangalore,24.1,48,0.0,1.9,0,9,3,-0.9979171608653922,-0.06450844944931625,21.9,21.8,25.5,64.0,0.0,23.0,22.185714285714287,52.42857142857143,0.4428571428571429,1.6807028008432063,2.200000000000003
2021-09-27,Mumbai,27.5,68,0.0,4.0,0,9,3,-0.9979171608653922,-0.06450844944931625,30.5,30.9,29.7,79.0,3.4,28.200000000000003,27.914285714285715,70.14285714285714,1.6714285714285715,1.9642034614813533,-3.0
2021-09-27,Chennai,29.5,62,0.0,2.1,0,9,3,-0.9979171608653922,-0.06450844944931625,27.8,27.1,30.9,64.0,2.7,28.733333333333334,30.571428571428573,64.28571428571429,1.1714285714285713,3.061434459919321,1.6999999999999993
2021-09-27,Delhi,28.9,45,0.0,2.8,0,9,3,-0.9979171608653922,-0.06450844944931625,26.1,24.9,29.8,36.0,0.0,27.466666666666658,27.12857142857143,43.285714285714285,0.4571428571428572,2.238090172233555,2.799999999999997
2021-09-28,Hyderabad,30.2,44,0.0,2.7,1,9,3,-0.9988797155850335,-0.04732138832243232,25.2,27.2,28.0,50.0,0.0,27.233333333333334,27.2,49.0,0.0,2.0436894741292857,5.0
2021-09-28,Mumbai,25.9,78,0.0,3.1,1,9,3,-0.9988797155850335,-0.04732138832243232,27.5,26.6,26.0,68.0,0.0,27.966666666666665,27.900000000000002,71.42857142857143,1.2714285714285718,1.980740602232767,-1.6000000000000014
2021-09-28,Chennai,31.1,72,0.0,3.4,1,9,3,-0.9988797155850335,-0.04732138832243232,29.5,28.9,35.4,62.0,0.0,29.46666666666667,29.95714285714286,65.57142857142857,1.1714285714285713,2.2567359488557144,1.6000000000000014
2021-09-28,Bangalore,24.3,49,0.0,2.5,1,9,3,-0.9988797155850335,-0.04732138832243232,24.1,23.0,20.0,48.0,0.0,23.433333333333334,22.800000000000004,52.42857142857143,0.4428571428571429,1.527525231652024,0.1999999999999993
2021-09-28,Delhi,30.7,38,0.0,3.3,1,9,3,-0.9988797155850335,-0.04732138832243232,28.9,27.4,28.1,45.0,0.0,28.56666666666666,27.5,41.714285714285715,0.4571428571428572,2.61087469378893,1.8000000000000007
2021-09-29,Delhi,25.8,53,0.0,4.2,2,9,3,-0.9995462806873573,-0.03012030484690836,30.7,26.1,24.1,38.0,0.0,28.466666666666658,27.74285714285714,42.57142857142857,0.4571428571428572,2.302793334812721,-4.899999999999999
2021-09-29,Mumbai,28.4,66,0.0,2.8,2,9,3,-0.9995462806873573,-0.03012030484690836,25.9,30.5,26.7,78.0,0.0,27.266666666666666,28.142857142857142,71.85714285714286,1.142857142857143,1.9121167527613474,2.5
2021-09-29,Hyderabad,28.5,57,0.0,2.9,2,9,3,-0.9995462806873573,-0.03012030484690836,30.2,26.3,29.7,44.0,0.0,27.96666666666667,27.028571428571432,49.57142857142857,0.0,1.8391250507730912,-1.6999999999999993
2021-09-29,Chennai,28.2,71,0.0,3.4,2,9,3,-0.9995462806873573,-0.03012030484690836,31.1,27.8,33.2,72.0,0.0,29.600000000000005,29.24285714285714,66.0,0.7857142857142857,1.8054151349549408,-2.900000000000002
2021-09-30,Hyderabad,23.3,56,0.0,2.1,3,9,3,-0.9999166586547379,-0.012910296075008843,28.5,25.2,26.8,57.0,0.0,27.333333333333332,26.52857142857143,49.714285714285715,0.0,2.323585078934663,-5.199999999999999
2021-09-30,Delhi,25.9,36,0.0,3.3,3,9,3,-0.9999166586547379,-0.012910296075008843,25.8,28.9,30.4,53.0,0.0,27.466666666666658,27.1,40.857142857142854,0.4571428571428572,2.0518284528685173,0.09999999999999787
2021-09-30,Mumbai,27.0,72,0.0,3.4,3,9,3,-0.9999166586547379,-0.012910296075008843,28.4,27.5,27.2,66.0,0.0,27.099999999999998,28.11428571428571,71.57142857142857,0.8285714285714286,1.9299642237000207,-1.3999999999999986
2021-09-30,Bangalore,26.6,56,0.0,2.6,3,9,3,-0.9999166586547379,-0.012910296075008843,24.3,21.9,24.2,49.0,0.0,25.0,23.142857142857142,52.857142857142854,0.4428571428571429,2.067895180174925,2.3000000000000007
2021-10-01,Delhi,27.6,51,0.0,2.8,4,10,4,-0.9999907397361901,0.004303538296243821,25.9,30.7,24.9,36.0,0.0,26.433333333333323,27.485714285714288,42.57142857142857,0.4571428571428572,1.8087090897735176,1.7000000000000028
2021-10-01,Hyderabad,26.4,42,0.0,2.4,4,10,4,-0.9999907397361901,0.004303538296243821,23.3,30.2,25.0,56.0,0.0,26.066666666666666,26.728571428571428,49.42857142857143,0.0,2.228388270861805,3.099999999999998
2021-10-01,Bangalore,21.0,56,0.0,4.0,4,10,4,-0.9999907397361901,0.004303538296243821,26.6,24.1,20.3,56.0,0.0,23.96666666666667,23.242857142857144,54.57142857142857,0.4428571428571429,1.9190771591724345,-5.600000000000001
2021-10-01,Mumbai,24.1,76,0.0,3.3,4,10,4,-0.9999907397361901,0.004303538296243821,27.0,25.9,30.9,72.0,0.0,26.5,27.142857142857142,72.28571428571429,0.4857142857142858,2.004043531510844,-2.8999999999999986
2021-10-01,Chennai,29.4,63,0.0,3.5,4,10,4,-0.9999907397361901,0.004303538296243821,28.2,29.5,32.1,71.0,0.0,29.566666666666666,28.857142857142858,66.0,0.7857142857142857,1.3151136108809631,1.1999999999999993
2021-10-02,Hyderabad,25.8,52,0.0,1.9,5,10,4,-0.9997685019798909,0.021516097436222233,26.4,28.5,27.2,42.0,0.0,25.166666666666668,26.528571428571432,50.142857142857146,0.0,2.241810492819246,-0.5999999999999979
2021-10-02,Delhi,25.6,39,0.0,2.7,5,10,4,-0.9997685019798909,0.021516097436222233,27.6,25.8,27.4,51.0,0.0,26.366666666666656,27.228571428571428,42.57142857142857,0.0,1.945691210268239,-2.0
2021-10-02,Bangalore,22.3,58,0.0,1.7,5,10,4,-0.9997685019798909,0.021516097436222233,21.0,24.3,21.8,56.0,0.0,23.3,23.314285714285713,55.285714285714285,0.4428571428571429,1.8649652109611672,1.3000000000000007
2021-10-02,Mumbai,27.5,80,0.0,3.0,5,10,4,-0.9997685019798909,0.021516097436222233,24.1,28.4,26.6,76.0,0.0,26.2,27.271428571428572,74.14285714285714,0.4857142857142858,1.9922468770329687,3.3999999999999986
2021-10-02,Chennai,29.8,69,0.0,4.4,5,10,4,-0.9997685019798909,0.021516097436222233,29.4,31.1,27.1,63.0,0.0,29.13333333333333,29.24285714285714,66.85714285714286,0.38571428571428573,1.090652928077657,0.40000000000000213
2021-10-03,Chennai,30.2,73,0.0,3.1,6,10,4,-0.9992500112396835,0.03872228089217399,29.8,28.2,28.9,69.0,0.0,29.8,29.428571428571427,67.71428571428571,0.38571428571428573,1.1324226032632474,0.3999999999999986
2021-10-03,Delhi,26.3,41,0.0,2.4,6,10,4,-0.9992500112396835,0.03872228089217399,25.6,25.9,26.1,39.0,0.0,26.49999999999999,27.25714285714286,43.285714285714285,0.0,1.9277423261917743,0.6999999999999993
2021-10-03,Hyderabad,25.2,47,0.0,1.5,6,10,4,-0.9992500112396835,0.03872228089217399,25.8,23.3,26.3,52.0,0.0,25.8,26.37142857142857,49.714285714285715,0.0,2.2983430884837754,-0.6000000000000014
2021-10-03,Mumbai,26.6,71,0.0,4.5,6,10,4,-0.9992500112396835,0.03872228089217399,27.5,27.0,30.5,80.0,0.0,26.066666666666666,26.714285714285715,73.0,0.0,1.394547204207095,-0.8999999999999986
2021-10-03,Bangalore,24.6,62,0.0,1.7,6,10,4,-0.9992500112396835,0.03872228089217399,22.3,26.6,23.0,58.0,0.0,22.633333333333336,23.542857142857144,56.142857142857146,0.0,1.9173394264424466,2.3000000000000007
2021-10-04,Mumbai,20.7,74,0.0,2.4,0,10,4,-0.9984354211555643,0.05591699010060302,26.6,24.1,27.5,71.0,0.0,24.933333333333337,25.74285714285714,73.85714285714286,0.0,2.601830857208746,-5.900000000000002
2021-10-04,Hyderabad,26.5,47,0.0,3.3,0,10,4,-0.9984354211555643,0.05591699010060302,25.2,26.4,25.2,47.0,0.0,25.833333333333332,26.557142857142857,49.285714285714285,0.0,2.2396853520507425,1.3000000000000007
2021-10-04,Delhi,24.3,47,0.0,4.3,0,10,4,-0.9984354211555643,0.05591699010060302,26.3,27.6,28.9,41.0,0.0,25.39999999999999,26.599999999999998,43.57142857142857,0.0,2.054263858417624,-2.0
2021-10-04,Chennai,32.5,74,0.0,3.3,0,10,4,-0.9984354211555643,0.05591699010060302,30.2,29.4,27.8,73.0,0.0,30.833333333333332,30.1,69.14285714285714,0.0,1.3735598518693048,2.3000000000000007
2021-10-04,Bangalore,23.5,70,0.0,1.7,0,10,4,-0.9984354211555643,0.05591699010060302,24.6,21.0,21.9,62.0,0.0,23.46666666666667,23.771428571428572,57.0,0.0,1.779245425936073,-1.1000000000000014
2021-10-05,Chennai,29.1,66,0.0,2.5,1,10,4,-0.9973249731081555,0.07309512989807776,32.5,29.8,29.5,74.0,0.0,30.600000000000005,30.042857142857144,69.71428571428571,0.0,1.4105048066293036,-3.3999999999999986
2021-10-05,Bangalore,20.5,60,0.0,3.4,1,10,4,-0.9973249731081555,0.07309512989807776,23.5,22.3,24.1,70.0,0.0,22.866666666666664,23.25714285714286,58.714285714285715,0.0,2.1500830548742385,-3.0
2021-10-05,Hyderabad,29.1,60,0.0,4.3,1,10,4,-0.9973249731081555,0.07309512989807776,26.5,25.8,30.2,47.0,0.0,26.933333333333337,26.4,51.57142857142857,0.0,1.9629909152447755,2.6000000000000014
2021-10-05,Mumbai,25.6,69,0.0,4.2,1,10,4,-0.9973249731081555,0.07309512989807776,20.7,27.5,25.9,74.0,0.0,24.3,25.699999999999996,72.57142857142857,0.0,2.601281735350181,4.900000000000002
2021-10-05,Delhi,26.2,42,0.0,4.2,1,10,4,-0.9973249731081555,0.07309512989807776,24.3,25.6,30.7,47.0,0.0,25.59999999999999,25.95714285714286,44.142857142857146,0.0,0.9812528434904397,1.8999999999999986
2021-10-06,Chennai,28.3,65,0.0,2.8,2,10,4,-0.9959189961471792,0.0902516100310407,29.1,30.2,31.1,66.0,0.0,29.96666666666667,29.642857142857142,68.71428571428571,0.0,1.4570027943891182,-0.8000000000000007
2021-10-06,Mumbai,26.0,76,0.0,1.9,2,10,4,-0.9959189961471792,0.0902516100310407,25.6,26.6,28.4,69.0,0.0,24.099999999999998,25.357142857142858,74.0,0.0,2.3301338608594024,0.3999999999999986
2021-10-06,Delhi,26.3,35,0.0,3.7,2,10,4,-0.9959189961471792,0.0902516100310407,26.2,26.3,25.8,42.0,0.0,25.599999999999994,26.02857142857143,41.57142857142857,0.0,0.9860937847800664,0.10000000000000142
2021-10-06,Bangalore,24.1,66,0.0,2.8,2,10,4,-0.9959189961471792,0.0902516100310407,20.5,24.6,24.3,60.0,0.0,22.7,23.228571428571428,61.142857142857146,0.0,2.1351926421397707,3.6000000000000014
2021-10-06,Hyderabad,26.8,41,0.0,1.5,2,10,4,-0.9959189961471792,0.0902516100310407,29.1,25.2,28.5,60.0,0.0,27.46666666666667,26.157142857142855,49.285714285714285,0.0,1.7539072028447436,-2.3000000000000007
2021-10-07,Mumbai,30.5,72,0.0,2.5,3,10,4,-0.994217906893952,0.10738134666416306,26.0,20.7,27.0,76.0,0.0,27.366666666666664,25.857142857142858,74.0,0.0,3.0159891372798873,4.5
2021-10-07,Bangalore,20.0,57,0.0,1.2,3,10,4,-0.994217906893952,0.10738134666416306,24.1,23.5,26.6,66.0,0.0,21.53333333333333,22.285714285714285,61.285714285714285,0.0,1.8343287341047065,-4.100000000000001
2021-10-07,Chennai,30.5,68,0.0,1.9,3,10,4,-0.994217906893952,0.10738134666416306,28.3,32.5,28.2,65.0,0.0,29.3,29.97142857142857,68.28571428571429,0.0,1.3313079855471126,2.1999999999999993
2021-10-07,Delhi,23.5,39,0.0,4.4,3,10,4,-0.994217906893952,0.10738134666416306,26.3,24.3,25.9,35.0,0.0,25.333333333333325,25.685714285714287,42.0,0.0,1.3777137721951525,-2.8000000000000007
2021-10-07,Hyderabad,25.3,53,0.0,2.0,3,10,4,-0.994217906893952,0.10738134666416306,26.8,26.5,23.3,41.0,0.0,27.066666666666674,26.442857142857147,48.857142857142854,0.0,1.3201731488169768,-1.5
2021-10-08,Chennai,28.0,76,0.5,3.9,4,10,4,-0.9922222094179324,0.12447926388678869,30.5,29.1,29.4,68.0,0.0,28.933333333333334,29.771428571428572,70.14285714285714,0.07142857142857142,1.5228419547176182,-2.5
2021-10-08,Delhi,25.6,48,0.0,1.9,4,10,4,-0.9922222094179324,0.12447926388678869,23.5,26.2,27.6,39.0,0.0,25.133333333333326,25.400000000000002,41.57142857142857,0.0,1.092397973878714,2.1000000000000014
2021-10-08,Hyderabad,30.9,45,0.0,3.2,4,10,4,-0.9922222094179324,0.12447926388678869,25.3,29.1,26.4,53.0,0.0,27.666666666666668,27.085714285714285,49.285714285714285,0.0,2.1380899352994347,5.599999999999998
2021-10-08,Bangalore,20.4,65,0.0,1.8,4,10,4,-0.9922222094179324,0.12447926388678869,20.0,20.5,21.0,57.0,0.0,21.5,22.2,62.57142857142857,0.0,1.9165942015287463,0.3999999999999986
2021-10-08,Mumbai,26.0,79,0.0,3.7,4,10,4,-0.9922222094179324,0.12447926388678869,30.5,25.6,24.1,72.0,0.0,27.5,26.128571428571426,74.42857142857143,0.0,2.9153126108613905,-4.5
2021-10-09,Delhi,25.1,43,0.0,2.9,5,10,4,-0.989932495087353,0.141540295217043,25.6,26.3,25.6,48.0,0.0,24.733333333333324,25.32857142857143,42.142857142857146,0.0,1.0934872133295748,-0.5
2021-10-09,Chennai,27.5,63,0.0,4.9,5,10,4,-0.989932495087353,0.141540295217043,28.0,28.3,29.8,76.0,0.5,28.666666666666668,29.442857142857147,69.28571428571429,0.07142857142857142,1.7472427257990508,-0.5
2021-10-09,Hyderabad,25.3,50,0.0,2.3,5,10,4,-0.989932495087353,0.141540295217043,30.9,26.8,25.8,45.0,0.0,27.16666666666667,27.014285714285712,49.0,0.0,2.1957751641342385,-5.599999999999998
2021-10-09,Mumbai,25.7,69,0.0,1.4,5,10,4,-0.989932495087353,0.141540295217043,26.0,26.0,27.5,79.0,0.0,27.400000000000002,25.87142857142857,72.85714285714286,0.0,2.8529016139796033,-0.3000000000000007
2021-10-09,Bangalore,23.0,59,0.0,3.9,5,10,4,-0.989932495087353,0.141540295217043,20.4,24.1,22.3,65.0,0.0,21.133333333333333,22.300000000000004,62.714285714285715,0.0,1.9407902170680214,2.6000000000000014
2021-10-10,Hyderabad,29.7,52,0.0,3.1,6,10,4,-0.9873494423939864,0.15855938510313475,25.3,25.3,25.2,50.0,0.0,28.633333333333336,27.657142857142855,49.714285714285715,0.0,2.2344702152540097,4.399999999999999
2021-10-10,Mumbai,27.5,79,0.0,2.0,6,10,4,-0.9873494423939864,0.15855938510313475,25.7,30.5,26.6,69.0,0.0,26.400000000000002,26.0,74.0,0.0,2.9108990592827424,1.8000000000000007
2021-10-10,Delhi,27.6,48,0.0,3.4,6,10,4,-0.9873494423939864,0.15855938510313475,25.1,23.5,26.3,43.0,0.0,26.099999999999994,25.514285714285712,43.142857142857146,0.0,1.3631196712307445,2.5
2021-10-10,Bangalore,19.6,56,0.0,4.2,6,10,4,-0.9873494423939864,0.15855938510313475,23.0,20.0,24.6,59.0,0.0,21.0,21.585714285714285,61.857142857142854,0.0,1.8721009333799892,-3.3999999999999986
2021-10-11,Chennai,28.2,64,0.0,3.2,0,10,4,-0.9844738167520923,0.17553149042142777,27.5,30.5,30.2,63.0,0.0,27.900000000000002,29.157142857142855,68.0,0.07142857142857142,1.7662173732370436,0.6999999999999993
2021-10-11,Mumbai,26.9,72,0.0,3.5,0,10,4,-0.9844738167520923,0.17553149042142777,27.5,26.0,20.7,79.0,0.0,26.7,26.88571428571429,73.71428571428571,0.0,1.7353468158925758,-0.6000000000000014
2021-10-11,Bangalore,21.0,65,0.0,2.9,0,10,4,-0.9844738167520923,0.17553149042142777,19.6,20.4,23.5,56.0,0.0,21.2,21.228571428571428,61.142857142857146,0.0,1.6740313474906319,1.3999999999999986
2021-10-11,Hyderabad,29.3,44,0.0,2.9,0,10,4,-0.9844738167520923,0.17553149042142777,29.7,30.9,26.5,52.0,0.0,28.100000000000005,28.057142857142857,49.285714285714285,0.0,2.243403027290748,-0.3999999999999986
2021-10-11,Delhi,24.0,46,0.0,2.1,0,10,4,-0.9844738167520923,0.17553149042142777,27.6,25.6,24.3,48.0,0.0,25.56666666666666,25.47142857142857,43.0,0.0,1.4115172518895869,-3.6000000000000014
2021-10-12,Mumbai,27.5,84,0.0,0.6,1,10,4,-0.9813064702716093,0.19245158197082995,26.9,25.7,25.6,72.0,0.0,27.299999999999997,27.157142857142862,75.85714285714286,0.0,1.6470753300493293,0.6000000000000014
2021-10-12,Bangalore,21.5,67,0.0,4.4,1,10,4,-0.9813064702716093,0.19245158197082995,21.0,23.0,20.5,65.0,0.0,20.7,21.37142857142857,62.142857142857146,0.0,1.6438920136010426,0.5
2021-10-12,Hyderabad,28.9,53,0.0,2.2,1,10,4,-0.9813064702716093,0.19245158197082995,29.3,25.3,29.1,44.0,0.0,29.3,28.028571428571432,48.285714285714285,0.0,2.229136070106033,-0.40000000000000213
2021-10-12,Delhi,23.0,52,0.0,4.2,1,10,4,-0.9813064702716093,0.19245158197082995,24.0,25.1,26.2,46.0,0.0,24.866666666666656,25.014285714285712,44.42857142857143,0.0,1.6364886917104755,-1.0
2021-10-12,Chennai,29.1,70,0.0,4.1,1,10,4,-0.9813064702716093,0.19245158197082995,28.2,28.0,32.5,64.0,0.0,28.26666666666667,28.67142857142857,67.42857142857143,0.07142857142857142,0.9911513266809984,0.9000000000000021
2021-10-13,Mumbai,26.0,77,0.0,3.3,2,10,4,-0.9778483415056567,0.20931464596304888,27.5,27.5,26.0,84.0,0.0,26.799999999999997,27.157142857142862,76.0,0.0,1.6470753300493293,-1.5
2021-10-13,Delhi,26.4,46,0.0,1.9,2,10,4,-0.9778483415056567,0.20931464596304888,23.0,27.6,26.3,52.0,0.0,24.466666666666658,25.028571428571432,46.0,0.0,1.6499639245698605,3.3999999999999986
2021-10-13,Chennai,31.9,72,0.0,3.5,2,10,4,-0.9778483415056567,0.20931464596304888,29.1,27.5,29.1,70.0,0.0,29.733333333333334,29.071428571428573,68.28571428571429,0.07142857142857142,1.5818915741546584,2.799999999999997
2021-10-13,Hyderabad,24.1,48,0.0,2.5,2,10,4,-0.9778483415056567,0.20931464596304888,28.9,29.7,26.8,53.0,0.0,27.433333333333337,27.642857142857142,49.285714285714285,0.0,2.6676188776117606,-4.799999999999997
2021-10-14,Bangalore,18.3,52,0.0,4.2,3,10,4,-0.9741004551724206,0.22611568550828803,21.5,19.6,24.1,67.0,0.0,20.266666666666666,20.542857142857144,60.142857142857146,0.0,1.4942747882693928,-3.1999999999999993
2021-10-14,Chennai,30.1,74,0.0,3.5,3,10,4,-0.9741004551724206,0.22611568550828803,31.9,28.2,28.3,72.0,0.0,30.366666666666664,29.328571428571426,69.57142857142857,0.07142857142857142,1.5818915741546593,-1.7999999999999972
2021-10-14,Mumbai,26.9,74,0.0,1.6,3,10,4,-0.9741004551724206,0.22611568550828803,26.0,26.9,30.5,77.0,0.0,26.8,26.642857142857142,76.28571428571429,0.0,0.7435436388383959,0.8999999999999986
2021-10-14,Delhi,21.5,44,0.0,2.1,3,10,4,-0.9741004551724206,0.22611568550828803,26.4,24.0,23.5,46.0,0.0,23.633333333333326,24.74285714285714,46.714285714285715,0.0,2.0767419538445773,-4.899999999999999
2021-10-15,Bangalore,23.4,57,0.0,3.3,4,10,4,-0.970063921851507,0.2428497220959358,18.3,21.0,20.0,52.0,0.0,21.066666666666666,21.02857142857143,60.142857142857146,0.0,1.8080507788908975,5.099999999999998
2021-10-15,Delhi,24.8,48,0.0,2.8,4,10,4,-0.970063921851507,0.2428497220959358,21.5,23.0,25.6,44.0,0.0,24.233333333333324,24.62857142857143,46.714285714285715,0.0,2.043456455546667,3.3000000000000007
2021-10-15,Chennai,27.1,72,0.0,0.9,4,10,4,-0.970063921851507,0.2428497220959358,30.1,29.1,30.5,74.0,0.0,29.7,28.842857142857138,70.14285714285714,0.07142857142857142,1.681127739403233,-3.0
2021-10-16,Mumbai,21.4,79,0.0,2.5,5,10,4,-0.965739937654855,0.25951179706979943,26.9,27.5,26.0,74.0,0.0,24.766666666666666,25.985714285714288,76.28571428571429,0.0,2.135750119145119,-5.5
2021-10-16,Hyderabad,26.7,53,0.0,3.3,5,10,4,-0.965739937654855,0.25951179706979943,24.1,29.3,25.3,48.0,0.0,26.566666666666674,27.842857142857138,49.285714285714285,0.0,2.5105491715673076,2.599999999999998
2021-10-16,Bangalore,24.3,54,0.0,3.2,5,10,4,-0.965739937654855,0.25951179706979943,23.4,21.5,20.4,57.0,0.0,22.0,21.585714285714285,58.57142857142857,0.0,2.150525960029831,0.9000000000000021
2021-10-16,Chennai,32.5,70,0.0,3.1,5,10,4,-0.965739937654855,0.25951179706979943,27.1,31.9,28.0,72.0,0.0,29.900000000000002,29.485714285714284,69.28571428571429,0.0,2.1106306888611424,5.399999999999999
2021-10-16,Delhi,23.2,44,0.0,2.9,5,10,4,-0.965739937654855,0.25951179706979943,24.8,26.4,25.1,48.0,0.0,23.166666666666657,24.357142857142858,46.857142857142854,0.0,2.0959143930175745,-1.6000000000000014
2021-10-17,Hyderabad,24.1,59,0.0,3.2,6,10,4,-0.9611297838723007,0.27609697309746883,26.7,28.9,30.9,53.0,0.0,24.96666666666667,26.871428571428574,51.285714285714285,0.0,2.4452091156070446,-2.599999999999998
2021-10-17,Chennai,29.5,62,0.0,1.2,6,10,4,-0.9611297838723007,0.27609697309746883,32.5,30.1,27.5,70.0,0.0,29.7,29.77142857142857,69.14285714285714,0.0,1.9241572057348932,-3.0
2021-10-17,Bangalore,20.0,53,0.0,1.9,6,10,4,-0.9611297838723007,0.27609697309746883,24.3,18.3,23.0,54.0,0.0,22.566666666666666,21.157142857142855,57.714285714285715,0.0,2.120422240071734,-4.300000000000001
2021-10-17,Delhi,25.8,41,0.0,3.5,6,10,4,-0.9611297838723007,0.27609697309746883,23.2,21.5,27.6,44.0,0.0,24.59999999999999,24.1,45.857142857142854,0.0,1.705872210923523,2.6000000000000014
2021-10-18,Chennai,30.3,73,0.0,4.0,0,10,4,-0.9562348265919058,0.2926003356333479,29.5,27.1,28.2,62.0,0.0,30.766666666666666,30.071428571428573,70.42857142857143,0.0,1.7978823522081517,0.8000000000000007
2021-10-18,Mumbai,27.4,74,0.0,3.1,0,10,4,-0.9562348265919058,0.2926003356333479,21.4,26.0,25.7,79.0,0.0,25.233333333333334,26.228571428571428,77.0,0.0,2.193713963209607,6.0
2021-10-18,Delhi,23.4,52,0.0,2.1,0,10,4,-0.9562348265919058,0.2926003356333479,25.8,24.8,24.0,41.0,0.0,24.133333333333326,24.014285714285712,46.714285714285715,0.0,1.7266813751904801,-2.400000000000002
2021-10-19,Bangalore,19.7,56,0.0,2.8,1,10,4,-0.9510565162951536,0.30901699437494723,20.0,23.4,19.6,53.0,0.0,21.333333333333332,21.17142857142857,57.714285714285715,0.0,2.108486254570952,-0.3000000000000007
2021-10-19,Delhi,21.6,46,0.0,3.4,1,10,4,-0.9510565162951536,0.30901699437494723,23.4,23.2,23.0,52.0,0.0,23.59999999999999,23.814285714285717,45.857142857142854,0.0,1.9325532087792663,-1.7999999999999972
2021-10-19,Mumbai,24.4,83,0.0,1.8,1,10,4,-0.9510565162951536,0.30901699437494723,27.4,26.9,27.5,74.0,0.0,24.399999999999995,25.785714285714285,77.57142857142857,0.0,2.20713129909128,-3.0
2021-10-19,Hyderabad,25.8,57,0.0,3.4,1,10,4,-0.9510565162951536,0.30901699437494723,24.1,24.1,25.3,59.0,0.0,25.533333333333335,26.942857142857143,52.285714285714285,0.0,2.3985114431366195,1.6999999999999993
2021-10-19,Chennai,30.5,67,0.0,1.9,1,10,4,-0.9510565162951536,0.30901699437494723,30.3,32.5,29.1,73.0,0.0,30.099999999999998,30.271428571428572,70.0,0.0,1.749013327292902,0.1999999999999993
2021-10-20,Mumbai,26.6,75,0.0,3.0,2,10,4,-0.9455963874271428,0.3253420847119795,24.4,21.4,26.9,83.0,0.0,26.133333333333336,25.74285714285714,78.0,0.0,2.1846869667888185,2.200000000000003
2021-10-20,Chennai,30.9,70,0.0,4.7,2,10,4,-0.9455963874271428,0.3253420847119795,30.5,29.5,31.9,67.0,0.0,30.566666666666666,30.12857142857143,69.71428571428571,0.0,1.6306586457772778,0.3999999999999986
2021-10-20,Hyderabad,25.0,47,0.0,3.2,2,10,4,-0.9455963874271428,0.3253420847119795,25.8,26.7,29.7,57.0,0.0,24.96666666666667,26.271428571428572,51.57142857142857,0.0,2.1422062503521446,-0.8000000000000007
2021-10-20,Delhi,24.8,43,0.0,4.3,2,10,4,-0.9455963874271428,0.3253420847119795,21.6,25.8,26.4,46.0,0.0,23.266666666666662,23.585714285714285,45.42857142857143,0.0,1.6496752927257319,3.1999999999999993
2021-10-21,Hyderabad,24.5,48,0.0,3.7,3,10,4,-0.9398560579418953,0.341570769167856,25.0,24.1,29.3,47.0,0.0,25.100000000000005,25.585714285714285,52.142857142857146,0.0,1.742056802966566,-0.5
2021-10-21,Mumbai,27.2,71,0.0,3.3,3,10,4,-0.9398560579418953,0.341570769167856,26.6,27.4,27.5,75.0,0.0,26.066666666666663,25.699999999999996,76.14285714285714,0.0,2.147091055358337,0.5999999999999979
2021-10-21,Bangalore,18.8,62,0.0,3.4,3,10,4,-0.9398560579418953,0.341570769167856,19.7,24.3,21.0,56.0,0.0,19.5,20.857142857142858,57.285714285714285,0.0,2.294091790416749,-0.8999999999999986
2021-10-21,Chennai,27.6,73,0.0,3.0,3,10,4,-0.9398560579418953,0.341570769167856,30.9,30.3,30.1,70.0,0.0,29.666666666666668,29.771428571428572,69.57142857142857,0.0,1.8909559185012332,-3.299999999999997
2021-10-21,Delhi,26.6,46,0.0,3.0,3,10,4,-0.9398560579418953,0.341570769167856,24.8,23.4,21.5,43.0,0.0,24.333333333333325,24.314285714285713,45.714285714285715,0.0,1.7004201161564922,1.8000000000000007
2021-10-22,Chennai,29.7,61,0.0,2.7,4,10,4,-0.9338372288229252,0.35769823883312546,27.6,30.5,27.1,73.0,0.0,29.400000000000002,30.142857142857142,68.0,0.0,1.4920423841805042,2.099999999999998
2021-10-22,Delhi,25.8,51,0.0,5.3,4,10,4,-0.9338372288229252,0.35769823883312546,26.6,21.6,24.8,46.0,0.0,25.733333333333324,24.457142857142856,46.142857142857146,0.0,1.787789270633301,-0.8000000000000007
2021-10-22,Bangalore,20.9,55,0.0,3.3,4,10,4,-0.9338372288229252,0.35769823883312546,18.8,20.0,21.5,62.0,0.0,19.8,20.771428571428572,55.57142857142857,0.0,2.277216345829854,2.099999999999998
2021-10-22,Hyderabad,22.7,60,0.0,3.5,4,10,4,-0.9338372288229252,0.35769823883312546,24.5,25.8,28.9,48.0,0.0,24.066666666666674,24.699999999999996,53.142857142857146,0.0,1.2948616399704147,-1.8000000000000007
2021-10-23,Chennai,26.2,62,0.0,4.8,5,10,4,-0.9275416835791965,0.3737197147904692,29.7,30.9,32.5,61.0,0.0,27.833333333333332,29.242857142857144,66.85714285714286,0.0,1.7164470502147797,-3.5
2021-10-23,Delhi,21.5,52,0.0,1.1,5,10,4,-0.9275416835791965,0.3737197147904692,25.8,24.8,23.2,51.0,0.0,24.633333333333326,24.214285714285715,47.285714285714285,0.0,2.0788046015510133,-4.300000000000001
2021-10-23,Mumbai,26.2,76,0.0,2.3,5,10,4,-0.9275416835791965,0.3737197147904692,27.2,24.4,26.0,71.0,0.0,26.666666666666668,25.728571428571428,76.0,0.0,2.153070896583312,-1.0
2021-10-23,Hyderabad,22.7,52,0.0,3.1,5,10,4,-0.9275416835791965,0.3737197147904692,22.7,25.0,24.1,60.0,0.0,23.3,24.5,53.714285714285715,0.0,1.495548951611707,0.0
2021-10-23,Bangalore,19.7,58,0.0,3.4,5,10,4,-0.9275416835791965,0.3737197147904692,20.9,19.7,18.3,55.0,0.0,19.8,20.97142857142857,56.42857142857143,0.0,2.0766273022334376,-1.1999999999999993
2021-10-24,Delhi,20.6,41,0.0,2.9,6,10,4,-0.9209712877166347,0.38963044953078774,21.5,26.6,25.8,52.0,0.0,22.633333333333326,23.471428571428568,47.285714285714285,0.0,2.3314618344968565,-0.8999999999999986
2021-10-24,Mumbai,22.6,79,0.0,2.9,6,10,4,-0.9209712877166347,0.38963044953078774,26.2,26.6,26.9,76.0,0.0,25.333333333333332,25.114285714285717,76.71428571428571,0.0,2.3660294246046356,-3.599999999999998
2021-10-24,Chennai,25.7,81,0.0,1.7,6,10,4,-0.9209712877166347,0.38963044953078774,26.2,27.6,29.5,62.0,0.0,27.2,28.699999999999996,69.57142857142857,0.0,2.164101045084046,-0.5
2021-10-24,Hyderabad,24.0,57,0.0,3.2,6,10,4,-0.9209712877166347,0.38963044953078774,22.7,24.5,26.7,52.0,0.0,23.133333333333336,24.114285714285717,54.285714285714285,0.0,1.139339825554893,1.3000000000000007
2021-10-24,Bangalore,22.8,60,0.0,3.6,6,10,4,-0.9209712877166347,0.38963044953078774,19.7,18.8,23.4,58.0,0.0,21.133333333333333,20.885714285714283,56.857142857142854,0.0,1.9692880028313833,3.1000000000000014
2021-10-25,Mumbai,24.7,78,0.0,2.7,0,10,4,-0.9141279881853337,0.4054257283599973,22.6,27.2,21.4,79.0,0.0,24.5,25.585714285714285,76.57142857142857,0.0,1.7515979099368097,2.099999999999998
2021-10-25,Bangalore,21.1,55,0.0,4.0,0,10,4,-0.9141279881853337,0.4054257283599973,22.8,20.9,24.3,60.0,0.0,21.2,20.428571428571427,57.0,0.0,1.3034752084516363,-1.6999999999999993
2021-10-25,Hyderabad,23.6,57,0.0,4.5,0,10,4,-0.9141279881853337,0.4054257283599973,24.0,22.7,24.1,57.0,0.0,23.433333333333337,24.04285714285714,54.0,0.0,1.1559370554622308,-0.3999999999999986
2021-10-25,Chennai,25.9,70,0.0,2.3,0,10,4,-0.9141279881853337,0.4054257283599973,25.7,29.7,30.3,81.0,0.0,25.933333333333334,28.071428571428573,69.14285714285714,0.0,2.258845048333653,0.1999999999999993
2021-10-26,Chennai,26.4,76,0.0,3.2,1,10,4,-0.9070138128026362,0.42110087079608916,25.9,26.2,30.5,70.0,0.0,26.0,27.485714285714288,70.42857142857143,0.0,2.045669060420672,0.5
2021-10-26,Mumbai,28.4,83,0.0,3.5,1,10,4,-0.9070138128026362,0.42110087079608916,24.7,26.2,27.4,78.0,0.0,25.23333333333333,25.728571428571428,77.85714285714286,0.0,1.953385339791938,3.6999999999999993
2021-10-26,Delhi,18.3,48,0.0,2.3,1,10,4,-0.9070138128026362,0.42110087079608916,20.6,25.8,23.4,41.0,0.0,20.133333333333326,22.742857142857144,46.714285714285715,0.0,3.0451366377977807,-2.3000000000000007
2021-10-26,Hyderabad,22.0,51,0.0,3.0,1,10,4,-0.9070138128026362,0.42110087079608916,23.6,22.7,25.8,57.0,0.0,23.200000000000003,23.5,53.142857142857146,0.0,1.0832051206182312,-1.6000000000000014
2021-10-26,Bangalore,22.1,59,0.0,3.3,1,10,4,-0.9070138128026362,0.42110087079608916,21.1,19.7,20.0,55.0,0.0,22.0,20.728571428571428,57.857142857142854,0.0,1.4244464254748268,1.0
2021-10-27,Mumbai,26.2,74,0.0,3.0,2,10,4,-0.8996308696522434,0.4366512319560638,28.4,22.6,24.4,83.0,0.0,26.433333333333334,25.985714285714284,76.57142857142857,0.0,1.8658586686639431,-2.1999999999999993
2021-10-27,Delhi,22.7,43,0.0,2.7,2,10,4,-0.8996308696522434,0.4366512319560638,18.3,21.5,21.6,48.0,0.0,20.533333333333328,22.9,46.285714285714285,0.0,3.004441157131869,4.399999999999999
2021-10-27,Bangalore,21.3,62,0.0,3.9,2,10,4,-0.8996308696522434,0.4366512319560638,22.1,22.8,19.7,59.0,0.0,21.5,20.957142857142856,58.714285714285715,0.0,1.3587459203952914,-0.8000000000000007
2021-10-27,Chennai,26.4,77,0.0,2.3,2,10,4,-0.8996308696522434,0.4366512319560638,26.4,25.7,30.9,76.0,0.0,26.23333333333333,26.842857142857138,71.42857142857143,0.0,1.3986387940390284,0.0
2021-10-27,Hyderabad,26.4,47,0.0,1.7,2,10,4,-0.8996308696522434,0.4366512319560638,22.0,24.0,25.0,51.0,0.0,24.0,23.7,53.142857142857146,0.0,1.4674240468704174,4.399999999999999
2021-10-28,Bangalore,24.0,59,0.0,2.5,3,10,4,-0.8919813464595487,0.45207220393230374,21.3,21.1,18.8,62.0,0.0,22.46666666666667,21.7,58.285714285714285,0.0,1.4035668847619303,2.6999999999999993
2021-10-28,Delhi,23.0,47,0.0,3.2,3,10,4,-0.8919813464595487,0.45207220393230374,22.7,20.6,24.8,43.0,0.0,21.333333333333325,22.642857142857142,46.857142857142854,0.0,2.889554257930633,0.3000000000000007
2021-10-28,Chennai,28.7,73,0.0,2.5,3,10,4,-0.8919813464595487,0.45207220393230374,26.4,25.9,27.6,77.0,0.0,27.166666666666668,27.0,71.42857142857143,0.0,1.5513435037628331,2.3000000000000007
2021-10-28,Hyderabad,23.4,61,0.0,4.1,3,10,4,-0.8919813464595487,0.45207220393230374,26.4,23.6,24.5,47.0,0.0,23.933333333333337,23.542857142857144,55.0,0.0,1.425782992905079,-3.0
2021-10-28,Mumbai,25.2,74,0.0,3.3,3,10,4,-0.8919813464595487,0.45207220393230374,26.2,24.7,26.6,74.0,0.0,26.599999999999998,25.785714285714285,76.42857142857143,0.0,1.864071325019966,-1.0
2021-10-29,Delhi,24.4,44,0.0,4.6,4,10,4,-0.8840675099433637,0.46735921715800205,23.0,18.3,26.6,47.0,0.0,23.366666666666656,22.328571428571426,46.57142857142857,0.0,2.4777101563840933,1.3999999999999986
2021-10-29,Chennai,27.5,72,0.0,1.0,4,10,4,-0.8840675099433637,0.46735921715800205,28.7,26.4,29.7,73.0,0.0,27.53333333333333,26.685714285714287,73.0,0.0,1.0574002260713313,-1.1999999999999993
2021-10-29,Hyderabad,23.5,50,0.0,2.8,4,10,4,-0.8840675099433637,0.46735921715800205,23.4,22.0,22.7,61.0,0.0,24.433333333333337,23.657142857142862,53.57142857142857,0.0,1.3782321319444086,0.10000000000000142
2021-10-29,Bangalore,20.4,61,0.0,4.0,4,10,4,-0.8840675099433637,0.46735921715800205,24.0,22.1,20.9,59.0,0.0,21.900000000000002,21.62857142857143,59.142857142857146,0.0,1.4625483304998625,-3.6000000000000014
2021-10-29,Mumbai,22.4,75,0.0,4.0,4,10,4,-0.8840675099433637,0.46735921715800205,25.2,28.4,27.2,74.0,0.0,24.599999999999998,25.099999999999998,77.0,0.0,2.1221058723195316,-2.8000000000000007
2021-10-30,Chennai,24.3,77,0.0,2.7,5,10,4,-0.8758917051442433,0.48250774176121763,27.5,26.4,26.2,72.0,0.0,26.833333333333332,26.41428571428571,75.14285714285714,0.0,1.393351560600922,-3.1999999999999993
2021-10-30,Bangalore,19.4,57,0.0,4.3,5,10,4,-0.8758917051442433,0.48250774176121763,20.4,21.3,19.7,61.0,0.0,21.266666666666666,21.585714285714285,59.0,0.0,1.5312615402870355,-1.0
2021-10-30,Delhi,21.0,43,0.0,4.0,5,10,4,-0.8758917051442433,0.48250774176121763,24.4,22.7,25.8,44.0,0.0,22.799999999999986,21.642857142857142,45.42857142857143,0.0,1.9688043265372546,-3.3999999999999986
2021-10-31,Bangalore,17.4,66,0.0,3.2,6,10,4,-0.8674563547295971,0.4975132889071803,19.4,24.0,22.8,57.0,0.0,19.066666666666666,20.814285714285713,59.857142857142854,0.0,2.079606189825922,-2.0
2021-10-31,Chennai,29.3,75,0.0,3.9,6,10,4,-0.8674563547295971,0.4975132889071803,24.3,28.7,25.7,77.0,0.0,27.03333333333333,26.928571428571427,74.28571428571429,0.0,1.713392624506934,5.0
2021-10-31,Delhi,21.6,43,0.0,4.3,6,10,4,-0.8674563547295971,0.4975132889071803,21.0,23.0,21.5,43.0,0.0,22.333333333333325,21.657142857142855,44.142857142857146,0.0,1.9679576069769589,0.6000000000000014
2021-10-31,Hyderabad,24.7,56,0.0,4.3,6,10,4,-0.8674563547295971,0.4975132889071803,23.5,26.4,22.7,50.0,0.0,23.866666666666664,23.942857142857143,54.142857142857146,0.0,1.3538305443656375,1.1999999999999993
2021-11-01,Mumbai,26.5,85,0.0,1.8,0,11,4,-0.858763958275803,0.5123714121284235,22.4,26.2,26.2,75.0,0.0,24.7,25.142857142857142,78.28571428571429,0.0,2.150858079044312,4.100000000000001
2021-11-01,Bangalore,23.1,72,0.0,2.8,0,11,4,-0.858763958275803,0.5123714121284235,17.4,20.4,21.1,66.0,0.0,19.966666666666665,21.099999999999998,62.285714285714285,0.0,2.255363976538383,5.700000000000003
2021-11-01,Hyderabad,24.6,50,0.0,3.1,0,11,4,-0.858763958275803,0.5123714121284235,24.7,23.4,24.0,56.0,0.0,24.26666666666667,24.02857142857143,53.142857142857146,0.0,1.3768494056048761,-0.09999999999999787
2021-11-01,Delhi,20.9,41,0.0,3.9,0,11,4,-0.858763958275803,0.5123714121284235,21.6,24.4,20.6,43.0,0.0,21.166666666666657,21.7,44.142857142857146,0.0,1.9442222095227006,-0.7000000000000028
2021-11-01,Chennai,28.5,67,0.0,3.8,0,11,4,-0.858763958275803,0.5123714121284235,29.3,27.5,25.9,75.0,0.0,27.366666666666664,27.3,73.85714285714286,0.0,1.7349351572898877,-0.8000000000000007
2021-11-02,Delhi,22.3,45,0.0,3.2,1,11,4,-0.8498170915275277,0.5270777086423724,20.9,21.0,18.3,41.0,0.0,21.599999999999994,22.271428571428572,43.714285714285715,0.0,1.2378937565002233,1.4000000000000021
2021-11-02,Hyderabad,22.3,52,0.0,2.0,1,11,4,-0.8498170915275277,0.5270777086423724,24.6,23.5,23.6,50.0,0.0,23.86666666666667,23.842857142857145,52.42857142857143,0.0,1.524092235679114,-2.3000000000000007
2021-11-02,Bangalore,20.4,69,0.0,3.7,1,11,4,-0.8498170915275277,0.5270777086423724,23.1,19.4,22.1,72.0,0.0,20.3,20.857142857142858,63.714285714285715,0.0,2.221003634138748,-2.700000000000003
2021-11-02,Mumbai,28.1,87,0.0,3.1,1,11,4,-0.8498170915275277,0.5270777086423724,26.5,25.2,22.6,85.0,0.0,25.666666666666668,25.928571428571427,79.42857142857143,0.0,2.0701966780270165,1.6000000000000014
2021-11-03,Chennai,25.7,69,0.0,2.4,2,11,4,-0.8406184056344783,0.5416278206559811,28.5,24.3,26.4,67.0,0.0,27.833333333333332,27.199999999999996,72.85714285714286,0.0,1.8138357147218387,-2.8000000000000007
2021-11-03,Hyderabad,23.3,50,0.0,3.3,2,11,4,-0.8406184056344783,0.5416278206559811,22.3,24.7,22.0,52.0,0.0,23.400000000000006,24.02857142857143,52.285714285714285,0.0,1.3288018233410503,1.0
2021-11-03,Delhi,19.2,50,0.0,3.2,2,11,4,-0.8406184056344783,0.5416278206559811,22.3,21.6,22.7,45.0,0.0,20.799999999999986,21.771428571428572,44.714285714285715,0.0,1.6680470474127165,-3.1000000000000014
2021-11-03,Mumbai,26.2,71,0.0,0.5,2,11,4,-0.8406184056344783,0.5416278206559811,28.1,22.4,24.7,87.0,0.0,26.933333333333334,26.142857142857142,78.42857142857143,0.0,1.998213487807791,-1.9000000000000021
2021-11-03,Bangalore,21.7,63,0.0,3.0,2,11,4,-0.8406184056344783,0.5416278206559811,20.4,17.4,21.3,69.0,0.0,21.73333333333333,20.91428571428571,63.857142857142854,0.0,2.239366406991558,1.3000000000000007
2021-11-04,Delhi,20.7,42,0.0,2.1,3,11,4,-0.8311706263658079,0.5560174366570446,19.2,20.9,23.0,50.0,0.0,20.733333333333324,21.442857142857147,44.0,0.0,1.6112698334518134,1.5
2021-11-04,Mumbai,27.3,86,0.0,3.4,3,11,4,-0.8311706263658079,0.5560174366570446,26.2,26.5,28.4,71.0,0.0,27.2,25.985714285714288,78.85714285714286,0.0,1.8270454942598044,1.1000000000000014
2021-11-04,Chennai,27.7,72,0.0,1.6,3,11,4,-0.8311706263658079,0.5560174366570446,25.7,29.3,26.4,69.0,0.0,27.3,27.38571428571429,72.14285714285714,0.0,1.7845901223424931,2.0
2021-11-04,Hyderabad,21.0,53,0.0,3.5,3,11,4,-0.8311706263658079,0.5560174366570446,23.3,24.6,26.4,50.0,0.0,22.200000000000003,23.25714285714286,53.142857142857146,0.0,1.2895181824454292,-2.3000000000000007
2021-11-05,Hyderabad,23.3,58,0.0,3.9,4,11,4,-0.8214765533024145,0.5702422926917867,21.0,22.3,23.4,53.0,0.0,22.533333333333335,23.24285714285714,52.714285714285715,0.0,1.288225061673631,2.3000000000000007
2021-11-05,Delhi,19.1,50,0.0,3.0,4,11,4,-0.8214765533024145,0.5702422926917867,20.7,22.3,24.4,42.0,0.0,19.666666666666657,20.685714285714287,44.857142857142854,0.0,1.1767590682732527,-1.5999999999999979
2021-11-05,Chennai,31.4,72,0.0,4.0,4,11,4,-0.8214765533024145,0.5702422926917867,27.7,28.5,28.7,72.0,0.0,28.266666666666666,27.771428571428572,72.0,0.0,2.3257359306353167,3.6999999999999993
2021-11-05,Bangalore,21.3,66,0.0,4.3,4,11,4,-0.8214765533024145,0.5702422926917867,21.7,23.1,24.0,63.0,0.0,21.133333333333336,20.52857142857143,64.85714285714286,0.0,1.8108140763336331,-0.3999999999999986
2021-11-06,Bangalore,19.9,67,0.0,3.1,5,11,4,-0.8115390590073611,0.5842981736283683,21.3,20.4,20.4,66.0,0.0,20.966666666666665,20.457142857142856,65.71428571428571,0.0,1.826524151548753,-1.4000000000000021
2021-11-06,Mumbai,25.5,84,0.0,4.5,5,11,4,-0.8115390590073611,0.5842981736283683,27.3,28.1,26.2,86.0,0.0,26.333333333333332,25.88571428571429,80.28571428571429,0.0,1.832510637921385,-1.8000000000000007
2021-11-06,Chennai,28.2,69,0.0,3.6,5,11,4,-0.8115390590073611,0.5842981736283683,31.4,25.7,27.5,72.0,0.0,29.099999999999998,27.87142857142857,71.57142857142857,0.0,2.327168727384156,-3.1999999999999993
2021-11-06,Delhi,22.1,47,0.0,5.0,5,11,4,-0.8115390590073611,0.5842981736283683,19.1,19.2,21.0,50.0,0.0,20.633333333333322,20.842857142857145,45.42857142857143,0.0,1.2933897876736766,3.0
2021-11-06,Hyderabad,21.5,48,0.0,3.4,5,11,4,-0.8115390590073611,0.5842981736283683,23.3,23.3,23.5,58.0,0.0,21.933333333333337,22.957142857142856,52.42857142857143,0.0,1.4351041110400438,-1.8000000000000007
2021-11-07,Hyderabad,21.5,48,0.0,5.4,6,11,4,-0.801361088174677,0.5981809144059158,21.5,21.0,24.7,48.0,0.0,22.100000000000005,22.5,51.285714285714285,0.0,1.2897028081436293,0.0
2021-11-07,Delhi,20.6,60,0.0,4.4,6,11,4,-0.801361088174677,0.5981809144059158,22.1,20.7,21.6,47.0,0.0,20.59999999999999,20.7,47.857142857142854,0.0,1.250333288901308,-1.5
2021-11-07,Mumbai,22.3,86,1.4,2.5,6,11,4,-0.801361088174677,0.5981809144059158,25.5,26.2,25.2,84.0,0.0,25.03333333333333,25.471428571428568,82.0,0.20000000000000012,2.2852529296296074,-3.1999999999999993
2021-11-07,Bangalore,20.8,61,0.0,4.1,6,11,4,-0.801361088174677,0.5981809144059158,19.9,21.7,19.4,67.0,0.0,20.666666666666668,20.657142857142855,66.28571428571429,0.0,1.7671607575027073,0.9000000000000021
2021-11-07,Chennai,27.5,74,0.0,2.1,6,11,4,-0.801361088174677,0.5981809144059158,28.2,27.7,24.3,69.0,0.0,29.03333333333333,28.32857142857143,71.14285714285714,0.0,1.7518697494528936,-0.6999999999999993
2021-11-08,Hyderabad,18.9,58,0.0,2.5,0,11,4,-0.7909456567567774,0.6118864012687242,21.5,23.3,24.6,48.0,0.0,20.633333333333336,21.685714285714287,52.42857142857143,0.0,1.52143416050848,-2.6000000000000014
2021-11-08,Bangalore,18.7,72,0.0,1.8,0,11,4,-0.7909456567567774,0.6118864012687242,20.8,21.3,17.4,61.0,0.0,19.8,20.842857142857145,67.14285714285714,0.0,1.3974466511668797,-2.1000000000000014
2021-11-08,Chennai,26.6,74,0.0,2.1,0,11,4,-0.7909456567567774,0.6118864012687242,27.5,31.4,29.3,74.0,0.0,27.433333333333337,27.942857142857143,71.0,0.0,1.7989414877063081,-0.8999999999999986
2021-11-08,Delhi,22.5,45,0.0,3.3,0,11,4,-0.7909456567567774,0.6118864012687242,20.6,19.1,20.9,60.0,0.0,21.733333333333324,20.928571428571427,48.42857142857143,0.0,1.4267845968175061,1.8999999999999986
2021-11-09,Hyderabad,25.2,58,0.0,1.4,1,11,4,-0.780295851070776,0.6254105729852457,18.9,21.5,22.3,58.0,0.0,21.86666666666667,22.099999999999998,53.285714285714285,0.0,2.0273134932713868,6.300000000000001
2021-11-09,Mumbai,24.1,90,0.0,1.8,1,11,4,-0.780295851070776,0.6254105729852457,22.3,27.3,22.4,86.0,1.4,23.96666666666667,25.714285714285715,84.14285714285714,0.20000000000000012,1.9735151138923877,1.8000000000000007
2021-11-09,Delhi,20.0,58,0.0,3.3,1,11,4,-0.780295851070776,0.6254105729852457,22.5,22.1,22.3,45.0,0.0,21.033333333333324,20.599999999999998,50.285714285714285,0.0,1.3190905958278367,-2.5
2021-11-09,Bangalore,18.3,73,0.0,1.7,1,11,4,-0.780295851070776,0.6254105729852457,18.7,19.9,23.1,72.0,0.0,19.266666666666666,20.157142857142855,67.28571428571429,0.0,1.2778329870752207,-0.3999999999999986
2021-11-09,Chennai,28.6,79,0.0,4.1,1,11,4,-0.780295851070776,0.6254105729852457,26.6,28.2,28.5,74.0,0.0,27.566666666666666,27.957142857142856,72.71428571428571,0.0,1.804491750103332,2.0
2021-11-10,Delhi,22.8,49,0.0,3.9,2,11,4,-0.7694148268839381,0.6387494220515268,20.0,20.6,19.2,58.0,0.0,21.766666666666655,21.114285714285717,50.142857142857146,0.0,1.3825442385073827,2.8000000000000007
2021-11-10,Bangalore,19.7,59,0.0,2.0,2,11,4,-0.7694148268839381,0.6387494220515268,18.3,20.8,20.4,73.0,0.0,18.900000000000002,20.057142857142857,65.85714285714286,0.0,1.2830395458406274,1.3999999999999986
2021-11-10,Mumbai,25.7,90,0.0,1.7,2,11,4,-0.7694148268839381,0.6387494220515268,24.1,25.5,26.5,90.0,0.0,24.03333333333333,25.599999999999998,84.85714285714286,0.20000000000000012,1.9433647796197273,1.5999999999999979
2021-11-10,Hyderabad,25.3,46,0.0,2.3,2,11,4,-0.7694148268839381,0.6387494220515268,25.2,21.5,23.3,58.0,0.0,23.133333333333336,22.385714285714283,52.714285714285715,0.0,2.341245089995663,0.10000000000000142
2021-11-10,Chennai,25.0,67,0.0,3.1,2,11,4,-0.7694148268839381,0.6387494220515268,28.6,27.5,25.7,79.0,0.0,26.733333333333334,27.857142857142858,72.42857142857143,0.0,1.9628696194239819,-3.6000000000000014
2021-11-11,Mumbai,24.6,78,0.0,4.8,3,11,4,-0.7583058084785625,0.6518989958787125,25.7,22.3,28.1,90.0,0.0,24.8,25.099999999999998,83.57142857142857,0.20000000000000012,1.6155494421402592,-1.0999999999999979
2021-11-11,Delhi,18.9,43,0.0,3.6,3,11,4,-0.7583058084785625,0.6518989958787125,22.8,22.5,20.7,49.0,0.0,20.56666666666666,20.857142857142858,50.285714285714285,0.0,1.6195237395168238,-3.900000000000002
2021-11-11,Bangalore,22.4,63,0.0,4.5,3,11,4,-0.7583058084785625,0.6518989958787125,19.7,18.7,21.7,59.0,0.0,20.13333333333333,20.157142857142855,65.85714285714286,0.0,1.4489733639802522,2.6999999999999993
2021-11-11,Hyderabad,21.6,64,0.0,2.3,3,11,4,-0.7583058084785625,0.6518989958787125,25.3,18.9,21.0,46.0,0.0,24.033333333333335,22.471428571428568,54.285714285714285,0.0,2.292534467726606,-3.6999999999999993
2021-11-11,Chennai,29.0,76,0.0,2.6,3,11,4,-0.7583058084785625,0.6518989958787125,25.0,26.6,27.7,67.0,0.0,27.53333333333333,28.042857142857144,73.0,0.0,2.0065369361641436,4.0
2021-11-12,Mumbai,26.5,76,0.0,3.8,4,11,4,-0.7469720876965551,0.6648553979642866,24.6,24.1,26.2,78.0,0.0,25.599999999999998,25.142857142857142,84.28571428571429,0.20000000000000012,1.653135548845542,1.8999999999999986
2021-11-12,Hyderabad,18.2,56,0.0,5.3,4,11,4,-0.7469720876965551,0.6648553979642866,21.6,25.2,23.3,64.0,0.0,21.700000000000003,21.74285714285714,54.0,0.0,2.7500649342983476,-3.400000000000002
2021-11-12,Chennai,29.2,71,0.0,3.6,4,11,4,-0.7469720876965551,0.6648553979642866,29.0,28.6,31.4,76.0,0.0,27.733333333333334,27.728571428571428,72.85714285714286,0.0,1.5019035540655685,0.1999999999999993
2021-11-12,Delhi,20.9,56,0.0,2.8,4,11,4,-0.7469720876965551,0.6648553979642866,18.9,20.0,19.1,43.0,0.0,20.866666666666656,21.114285714285717,51.142857142857146,0.0,1.4252819269989925,2.0
2021-11-12,Bangalore,20.5,63,2.6,2.2,4,11,4,-0.7469720876965551,0.6648553979642866,22.4,18.3,21.3,63.0,0.0,20.866666666666664,20.042857142857144,65.42857142857143,0.37142857142857144,1.373386499202218,-1.8999999999999986
2021-11-13,Bangalore,20.8,59,0.0,3.3,5,11,4,-0.7354170229639858,0.6776147890466887,20.5,19.7,19.9,63.0,2.6,21.23333333333333,20.17142857142857,64.28571428571429,0.37142857142857144,1.3996598226169301,0.3000000000000007
2021-11-13,Hyderabad,22.1,52,0.0,4.0,5,11,4,-0.7354170229639858,0.6776147890466887,18.2,25.3,21.5,56.0,0.0,20.633333333333336,21.82857142857143,54.57142857142857,0.0,2.7505843534991827,3.900000000000002
2021-11-13,Chennai,29.1,79,0.0,3.4,5,11,4,-0.7354170229639858,0.6776147890466887,29.2,25.0,28.2,71.0,0.0,29.099999999999998,27.857142857142858,74.28571428571429,0.0,1.5851994016077757,-0.09999999999999787
2021-11-13,Delhi,20.5,51,0.0,4.5,5,11,4,-0.7354170229639858,0.6776147890466887,20.9,22.8,22.1,56.0,0.0,20.09999999999999,20.885714285714283,51.714285714285715,0.0,1.3680016708432718,-0.3999999999999986
2021-11-14,Hyderabad,23.3,50,0.0,2.6,6,11,4,-0.7236440382959124,0.690173388242972,22.1,21.6,21.5,52.0,0.0,21.200000000000003,22.085714285714285,54.857142857142854,0.0,2.7984689691738236,1.1999999999999993
2021-11-14,Chennai,23.0,79,0.0,2.3,6,11,4,-0.7236440382959124,0.690173388242972,29.1,29.0,27.5,79.0,0.0,27.099999999999998,27.214285714285715,75.0,0.0,2.437504578750376,-6.100000000000001
2021-11-14,Delhi,19.3,49,0.0,2.7,6,11,4,-0.7236440382959124,0.690173388242972,20.5,18.9,20.6,51.0,0.0,20.233333333333324,20.7,50.142857142857146,0.0,1.4955489516121152,-1.1999999999999993
2021-11-14,Bangalore,21.7,63,0.0,2.2,6,11,4,-0.7236440382959124,0.690173388242972,20.8,22.4,20.8,59.0,0.0,21.0,20.3,64.57142857142857,0.37142857142857144,1.5044378795197098,0.8999999999999986
2021-11-14,Mumbai,25.7,83,0.0,4.4,6,11,4,-0.7236440382959124,0.690173388242972,26.5,25.7,27.3,76.0,0.0,25.599999999999998,24.914285714285715,83.85714285714286,0.20000000000000012,1.3957418235816101,-0.8000000000000007
2021-11-15,Chennai,30.0,75,0.0,3.7,0,11,4,-0.711656622281775,0.7025274741691566,23.0,29.2,26.6,79.0,0.0,27.366666666666664,27.7,75.14285714285714,0.0,2.626150541508839,7.0
2021-11-15,Delhi,17.8,43,0.0,2.6,0,11,4,-0.711656622281775,0.7025274741691566,19.3,20.9,22.5,49.0,0.0,19.19999999999999,20.028571428571432,49.857142857142854,0.0,1.6038643809195487,-1.5
2021-11-15,Mumbai,27.5,83,0.0,4.1,0,11,4,-0.711656622281775,0.7025274741691566,25.7,24.6,25.5,83.0,0.0,26.566666666666666,25.2,83.71428571428571,0.20000000000000012,1.7058722109231141,1.8000000000000007
2021-11-15,Hyderabad,26.0,54,0.0,2.1,0,11,4,-0.711656622281775,0.7025274741691566,23.3,18.2,18.9,50.0,0.0,23.8,23.099999999999998,54.285714285714285,0.0,2.737395355686416,2.6999999999999993
2021-11-15,Bangalore,17.5,73,0.0,0.9,0,11,4,-0.711656622281775,0.7025274741691566,21.7,20.5,18.7,63.0,0.0,20.0,20.12857142857143,64.71428571428571,0.37142857142857144,1.7632491653331526,-4.199999999999999
2021-11-16,Delhi,19.6,53,0.0,3.0,1,11,4,-0.6994583270516471,0.7146733860429608,17.8,20.5,20.0,43.0,0.0,18.89999999999999,19.97142857142857,49.142857142857146,0.0,1.612156201814551,1.8000000000000007
2021-11-16,Hyderabad,21.5,58,0.0,3.3,1,11,4,-0.6994583270516471,0.7146733860429608,26.0,22.1,25.2,54.0,0.0,23.600000000000005,22.571428571428573,54.285714285714285,0.0,2.618978354062486,-4.5
2021-11-16,Bangalore,17.5,65,3.1,2.6,1,11,4,-0.6994583270516471,0.7146733860429608,17.5,20.8,18.3,73.0,0.0,18.900000000000002,20.014285714285712,63.57142857142857,0.8142857142857143,1.920441417512049,0.0
2021-11-16,Mumbai,23.4,81,0.0,3.0,1,11,4,-0.6994583270516471,0.7146733860429608,27.5,26.5,22.3,83.0,0.0,25.53333333333333,25.357142857142858,83.0,0.0,1.4210995072561043,-4.100000000000001
2021-11-17,Hyderabad,21.8,48,0.0,3.4,2,11,4,-0.6870527672236675,0.7266075247685652,21.5,23.3,25.3,58.0,0.0,23.100000000000005,22.071428571428573,54.57142857142857,0.0,2.3293162700059677,0.3000000000000007
2021-11-17,Chennai,27.1,79,0.0,4.8,2,11,4,-0.6870527672236675,0.7266075247685652,30.0,29.1,28.6,75.0,0.0,26.700000000000003,27.485714285714288,75.14285714285714,0.0,2.601556310767793,-2.8999999999999986
2021-11-17,Delhi,21.3,58,0.0,2.6,2,11,4,-0.6870527672236675,0.7266075247685652,19.6,19.3,22.8,53.0,0.0,19.56666666666666,19.75714285714286,50.42857142857143,0.0,1.2272695205992847,1.6999999999999993
2021-11-17,Bangalore,19.2,67,0.0,4.3,2,11,4,-0.6870527672236675,0.7266075247685652,17.5,21.7,19.7,65.0,3.1,18.066666666666666,19.942857142857143,64.71428571428571,0.8142857142857143,1.9432422587497762,1.6999999999999993
2021-11-17,Mumbai,25.4,81,0.0,2.7,2,11,4,-0.6870527672236675,0.7266075247685652,23.4,25.7,24.1,81.0,0.0,25.433333333333334,25.54285714285714,81.71428571428571,0.0,1.3100345324418867,2.0
2021-11-18,Hyderabad,26.9,48,0.0,2.9,3,11,4,-0.6744436188329457,0.7383263540031063,21.8,26.0,21.6,48.0,0.0,23.400000000000006,22.82857142857143,52.285714285714285,0.0,2.933549775564497,5.099999999999998
2021-11-18,Bangalore,19.6,62,0.0,2.7,3,11,4,-0.6744436188329457,0.7383263540031063,19.2,17.5,22.4,67.0,0.0,18.76666666666667,19.542857142857144,64.57142857142857,0.8142857142857143,1.6133372687871652,0.40000000000000213
2021-11-18,Chennai,28.6,78,0.0,3.4,3,11,4,-0.6744436188329457,0.7383263540031063,27.1,23.0,25.0,79.0,0.0,28.566666666666666,28.0,76.71428571428571,0.0,2.374166520416624,1.5
2021-11-18,Delhi,16.8,63,0.0,4.1,3,11,4,-0.6744436188329457,0.7383263540031063,21.3,17.8,18.9,58.0,0.0,19.233333333333324,19.45714285714286,53.285714285714285,0.0,1.6541434267293829,-4.5
2021-11-18,Mumbai,25.7,77,0.0,3.8,3,11,4,-0.6744436188329457,0.7383263540031063,25.4,27.5,25.7,81.0,0.0,24.833333333333332,25.542857142857144,79.85714285714286,0.0,1.3100345324418867,0.3000000000000007
2021-11-19,Delhi,16.3,50,0.0,2.9,4,11,4,-0.661634618242279,0.749826401204568,16.8,19.6,20.9,63.0,0.0,18.133333333333322,18.8,52.42857142857143,0.0,1.8832595855771659,-0.5
2021-11-19,Bangalore,22.4,67,0.0,3.6,4,11,4,-0.661634618242279,0.749826401204568,19.6,17.5,20.5,62.0,0.0,20.4,19.814285714285713,65.14285714285714,0.4428571428571429,1.92996422370011,2.799999999999997
2021-11-19,Chennai,29.3,72,0.0,3.8,4,11,4,-0.661634618242279,0.749826401204568,28.6,30.0,29.0,78.0,0.0,28.333333333333332,28.04285714285714,76.14285714285714,0.0,2.3978164670225124,0.6999999999999993
2021-11-19,Mumbai,25.4,84,0.0,1.7,4,11,4,-0.661634618242279,0.749826401204568,25.7,23.4,24.6,77.0,0.0,25.5,25.657142857142855,80.71428571428571,0.0,1.247473637473052,-0.3000000000000007
2021-11-20,Mumbai,24.7,86,0.0,2.3,5,11,4,-0.6486295610349818,0.7611042586607742,25.4,25.4,26.5,84.0,0.0,25.266666666666666,25.400000000000002,82.14285714285714,0.0,1.2301761391496233,-0.6999999999999993
2021-11-20,Bangalore,22.5,60,0.0,2.5,5,11,4,-0.6486295610349818,0.7611042586607742,22.4,19.2,20.8,67.0,0.0,21.5,20.057142857142853,65.28571428571429,0.4428571428571429,2.167069559610609,0.10000000000000142
2021-11-20,Delhi,20.6,58,0.0,2.2,5,11,4,-0.6486295610349818,0.7611042586607742,16.3,21.3,20.5,50.0,0.0,17.89999999999999,18.814285714285713,53.42857142857143,0.0,1.8986210534921173,4.300000000000001
2021-11-20,Hyderabad,22.0,48,0.0,3.2,5,11,4,-0.6486295610349818,0.7611042586607742,26.9,21.5,18.2,48.0,0.0,23.566666666666674,23.371428571428574,51.142857142857146,0.0,2.1921939434535687,-4.899999999999999
2021-11-20,Chennai,28.5,78,0.0,5.4,5,11,4,-0.6486295610349818,0.7611042586607742,29.3,27.1,29.2,72.0,0.0,28.8,27.942857142857143,77.14285714285714,0.0,2.3557427299101064,-0.8000000000000007
2021-11-21,Delhi,18.5,50,0.0,1.6,6,11,4,-0.6354323008901775,0.7721565844991641,20.6,16.8,19.3,58.0,0.0,18.466666666666658,18.7,53.57142857142857,0.0,1.8885620632291356,-2.1000000000000014
2021-11-21,Mumbai,20.6,77,0.0,1.4,6,11,4,-0.6354323008901775,0.7721565844991641,24.7,25.7,25.7,86.0,0.0,23.566666666666666,24.67142857142857,81.28571428571429,0.0,2.1723369027494956,-4.099999999999998
2021-11-21,Chennai,25.1,73,0.0,4.1,6,11,4,-0.6354323008901775,0.7721565844991641,28.5,28.6,29.1,78.0,0.0,27.633333333333336,27.371428571428574,76.28571428571429,0.0,2.5084618698280896,-3.3999999999999986
2021-11-21,Hyderabad,18.1,62,0.0,4.0,6,11,4,-0.6354323008901775,0.7721565844991641,22.0,21.8,22.1,48.0,0.0,22.333333333333332,22.8,52.57142857142857,0.0,2.9642312100554653,-3.8999999999999986
2021-11-21,Bangalore,18.5,73,0.0,5.1,6,11,4,-0.6354323008901775,0.7721565844991641,22.5,19.6,21.7,60.0,0.0,21.133333333333333,19.599999999999998,66.71428571428571,0.4428571428571429,2.099206199177953,-4.0
2021-11-22,Chennai,25.3,83,0.0,4.6,0,11,4,-0.622046748440868,0.7829801036770624,25.1,29.3,23.0,73.0,0.0,26.3,27.7,76.85714285714286,0.0,1.922671752189428,0.1999999999999993
2021-11-22,Hyderabad,23.2,54,0.0,2.3,0,11,4,-0.622046748440868,0.7829801036770624,18.1,26.9,23.3,62.0,0.0,21.100000000000005,22.785714285714285,53.142857142857146,0.0,2.961659766318338,5.099999999999998
2021-11-22,Bangalore,18.9,67,0.0,4.8,0,11,4,-0.622046748440868,0.7829801036770624,18.5,22.4,17.5,73.0,0.0,19.966666666666665,19.8,65.85714285714286,0.4428571428571429,1.9252705437592743,0.3999999999999986
2021-11-22,Mumbai,21.8,84,0.0,3.6,0,11,4,-0.622046748440868,0.7829801036770624,20.6,25.4,27.5,77.0,0.0,22.366666666666664,23.857142857142858,81.42857142857143,0.0,1.996544634159235,1.1999999999999993
2021-11-22,Delhi,16.9,44,0.0,3.9,0,11,4,-0.622046748440868,0.7829801036770624,18.5,16.3,17.8,50.0,0.0,18.666666666666657,18.571428571428573,53.714285714285715,0.0,1.988059594776421,-1.6000000000000014
2021-11-23,Delhi,19.0,51,0.0,4.0,1,11,4,-0.6084768701151264,0.7935716089521472,16.9,20.6,19.6,44.0,0.0,18.133333333333322,18.485714285714288,53.42857142857143,0.0,1.9488702466036265,2.1000000000000014
2021-11-23,Mumbai,24.2,79,0.0,3.8,1,11,4,-0.6084768701151264,0.7935716089521472,21.8,24.7,23.4,84.0,0.0,22.2,23.97142857142857,81.14285714285714,0.0,1.9888977564756456,2.3999999999999986
2021-11-23,Hyderabad,22.0,54,0.0,3.2,1,11,4,-0.6084768701151264,0.7935716089521472,23.2,22.0,26.0,54.0,0.0,21.100000000000005,22.214285714285715,53.142857142857146,0.0,2.602196874071752,-1.1999999999999993
2021-11-24,Delhi,19.5,52,0.0,3.0,2,11,4,-0.594726686960764,0.8039279618328208,19.0,18.5,21.3,51.0,0.0,18.466666666666658,18.228571428571428,52.57142857142857,0.0,1.603864380919601,0.5
2021-11-24,Chennai,22.2,79,0.0,2.1,2,11,4,-0.594726686960764,0.8039279618328208,25.3,28.5,30.0,83.0,0.0,24.2,26.58571428571429,77.42857142857143,0.0,2.5314215844255754,-3.1000000000000014
2021-11-24,Hyderabad,24.4,59,0.0,3.7,2,11,4,-0.594726686960764,0.8039279618328208,22.0,18.1,21.5,54.0,0.0,23.200000000000003,22.62857142857143,53.285714285714285,0.0,2.6985886964080263,2.3999999999999986
2021-11-24,Bangalore,16.6,68,0.0,2.7,2,11,4,-0.594726686960764,0.8039279618328208,18.9,22.5,17.5,67.0,0.0,18.0,19.67142857142857,66.28571428571429,0.0,2.1242365575381257,-2.299999999999997
2021-11-24,Mumbai,23.9,78,0.0,3.5,2,11,4,-0.594726686960764,0.8039279618328208,24.2,20.6,25.4,79.0,0.0,23.3,23.75714285714286,80.71428571428571,0.0,1.8875532159005979,-0.3000000000000007
2021-11-25,Bangalore,17.5,66,0.0,3.1,3,11,4,-0.5808002734538013,0.8140460935082175,16.6,18.5,19.2,68.0,0.0,17.666666666666668,19.428571428571427,66.14285714285714,0.0,2.2786796511097056,0.8999999999999986
2021-11-25,Mumbai,28.2,84,0.0,5.8,3,11,4,-0.5808002734538013,0.8140460935082175,23.9,21.8,25.7,78.0,0.0,25.433333333333334,24.114285714285717,81.71428571428571,0.0,2.4647032082507394,4.300000000000001
2021-11-25,Delhi,16.9,52,0.0,3.2,3,11,4,-0.5808002734538013,0.8140460935082175,19.5,16.9,16.8,52.0,0.0,18.466666666666658,18.242857142857144,51.0,0.0,1.5893994073838515,-2.6000000000000014
2021-11-25,Chennai,24.4,76,0.0,2.0,3,11,4,-0.5808002734538013,0.8140460935082175,22.2,25.1,27.1,79.0,0.0,23.96666666666667,26.2,77.0,0.0,2.6432303468799505,2.1999999999999993
2021-11-25,Hyderabad,18.6,54,0.0,1.3,3,11,4,-0.5808002734538013,0.8140460935082175,24.4,23.2,21.8,59.0,0.0,21.666666666666668,22.17142857142857,54.142857142857146,0.0,3.103070675806119,-5.799999999999997
2021-11-26,Delhi,16.3,55,0.0,3.4,4,11,4,-0.5667017562911184,0.8239230057575536,16.9,19.0,16.3,52.0,0.0,17.56666666666666,18.242857142857144,51.714285714285715,0.0,1.5893994073838515,-0.5999999999999979
2021-11-26,Chennai,25.7,74,0.0,2.5,4,11,4,-0.5667017562911184,0.8239230057575536,24.4,25.3,28.6,76.0,0.0,24.099999999999998,25.785714285714285,76.42857142857143,0.0,2.422415166336203,1.3000000000000007
2021-11-26,Bangalore,17.8,65,0.0,3.6,4,11,4,-0.5667017562911184,0.8239230057575536,17.5,18.9,19.6,66.0,0.0,17.3,19.171428571428574,66.57142857142857,0.0,2.356349072693066,0.3000000000000007
2021-11-26,Mumbai,24.0,83,0.0,4.2,4,11,4,-0.5667017562911184,0.8239230057575536,28.2,24.2,25.4,84.0,0.0,25.366666666666664,23.914285714285715,81.57142857142857,0.0,2.3989084819478768,-4.199999999999999
2021-11-26,Hyderabad,22.4,54,0.0,3.9,4,11,4,-0.5667017562911184,0.8239230057575536,18.6,22.0,26.9,54.0,0.0,21.8,21.52857142857143,55.0,0.0,2.3300316776919265,3.799999999999997
2021-11-27,Delhi,18.5,47,0.0,2.8,5,11,4,-0.5524353131676203,0.8335557718385695,16.3,19.5,20.6,55.0,0.0,17.233333333333324,17.942857142857143,50.142857142857146,0.0,1.2272695205993507,2.1999999999999993
2021-11-27,Bangalore,15.6,61,0.0,3.3,5,11,4,-0.5524353131676203,0.8335557718385695,17.8,16.6,22.4,65.0,0.0,16.966666666666665,18.2,65.71428571428571,0.0,2.2000000000001383,-2.200000000000001
2021-11-27,Hyderabad,22.4,57,0.0,2.3,5,11,4,-0.5524353131676203,0.8335557718385695,22.4,24.4,22.0,54.0,0.0,21.133333333333336,21.585714285714285,56.285714285714285,0.0,2.3483530196208022,0.0
2021-11-27,Mumbai,22.1,84,0.0,2.1,5,11,4,-0.5524353131676203,0.8335557718385695,24.0,23.9,24.7,83.0,0.0,24.76666666666667,23.54285714285714,81.28571428571429,0.0,2.45754426400082,-1.8999999999999986
2021-11-28,Hyderabad,19.9,54,0.0,2.7,6,11,4,-0.5380051715382992,0.8429415373547832,22.4,18.6,18.1,57.0,0.0,21.566666666666666,21.842857142857145,55.142857142857146,0.0,1.9713423031504977,-2.5
2021-11-28,Chennai,27.5,76,0.0,2.0,6,11,4,-0.5380051715382992,0.8429415373547832,25.7,22.2,29.3,74.0,0.0,25.866666666666664,25.528571428571432,77.0,0.0,2.0548432914413097,1.8000000000000007
2021-11-28,Delhi,21.3,53,0.0,1.5,6,11,4,-0.5380051715382992,0.8429415373547832,18.5,16.9,18.5,47.0,0.0,18.699999999999992,18.342857142857145,50.57142857142857,0.0,1.7737503985037275,2.8000000000000007
2021-11-28,Mumbai,27.5,84,0.0,2.4,6,11,4,-0.5380051715382992,0.8429415373547832,22.1,28.2,20.6,84.0,0.0,24.53333333333333,24.52857142857143,82.28571428571429,0.0,2.4642201509566015,5.399999999999999
2021-11-28,Bangalore,19.3,73,0.0,2.4,6,11,4,-0.5380051715382992,0.8429415373547832,15.6,17.5,22.5,61.0,0.0,17.566666666666666,17.742857142857144,67.57142857142857,0.0,1.310034532442228,3.700000000000001
2021-11-29,Chennai,29.6,84,0.0,1.8,0,11,4,-0.5234156073655503,0.8520775211013093,27.5,24.4,28.5,76.0,0.0,27.599999999999998,25.685714285714287,77.85714285714286,0.0,2.3419568537362756,2.1000000000000014
2021-11-29,Mumbai,22.5,80,0.0,0.7,0,11,4,-0.5234156073655503,0.8520775211013093,27.5,24.0,21.8,84.0,0.0,24.03333333333333,24.628571428571426,81.71428571428571,0.0,2.3464258534447495,-5.0
2021-11-29,Delhi,17.6,46,0.0,1.7,0,11,4,-0.5234156073655503,0.8520775211013093,21.3,16.3,16.9,53.0,0.0,19.133333333333322,18.442857142857143,50.857142857142854,0.0,1.696915970083804,-3.6999999999999993
2021-11-29,Bangalore,15.5,64,0.0,2.2,0,11,4,-0.5234156073655503,0.8520775211013093,19.3,17.8,18.5,73.0,0.0,16.8,17.314285714285713,66.28571428571429,0.0,1.4982529508606326,-3.8000000000000007
2021-11-30,Chennai,25.6,71,0.0,3.8,1,11,4,-0.5086709438521042,0.8609610158889945,29.6,25.7,25.1,84.0,0.0,27.566666666666666,25.757142857142856,77.57142857142857,0.0,2.3287028884891168,-4.0
2021-11-30,Delhi,18.1,56,0.0,4.0,1,11,4,-0.5086709438521042,0.8609610158889945,17.6,18.5,19.0,46.0,0.0,18.999999999999993,18.314285714285713,51.57142857142857,0.0,1.6816941571215902,0.5
2021-11-30,Bangalore,20.6,69,0.0,4.5,1,11,4,-0.5086709438521042,0.8609610158889945,15.5,15.6,18.9,64.0,0.0,18.46666666666667,17.557142857142857,66.57142857142857,0.0,1.8857864344063844,5.100000000000001
2021-11-30,Hyderabad,21.7,62,0.0,1.5,1,11,4,-0.5086709438521042,0.8609610158889945,19.9,22.4,23.2,54.0,0.0,21.333333333333332,21.62857142857143,56.285714285714285,0.0,1.878575955091477,1.8000000000000007
2021-11-30,Mumbai,24.6,86,0.0,2.3,1,11,4,-0.5086709438521042,0.8609610158889945,22.5,22.1,24.2,80.0,0.0,24.866666666666664,24.685714285714287,82.71428571428571,0.0,2.3391084992851896,2.1000000000000014
2021-12-01,Bangalore,20.0,64,0.0,6.0,2,12,4,-0.49377555015997737,0.8695893893466109,20.6,19.3,16.6,69.0,0.0,18.7,18.042857142857144,66.0,0.0,2.0304819976689696,-0.6000000000000014
2021-12-01,Hyderabad,25.2,55,0.0,4.2,2,12,4,-0.49377555015997737,0.8695893893466109,21.7,22.4,22.0,62.0,0.0,22.266666666666666,22.085714285714285,56.42857142857143,0.0,2.321227097484317,3.5
2021-12-01,Mumbai,27.5,74,0.0,2.8,2,12,4,-0.49377555015997737,0.8695893893466109,24.6,27.5,23.9,86.0,0.0,24.866666666666664,25.199999999999996,82.14285714285714,0.0,2.525866188062956,2.8999999999999986
2021-12-01,Delhi,17.1,44,0.0,3.3,2,12,4,-0.49377555015997737,0.8695893893466109,18.1,21.3,19.5,56.0,0.0,17.59999999999999,17.97142857142857,50.42857142857143,0.0,1.6438920136014514,-1.0
2021-12-01,Chennai,29.4,79,0.0,3.2,2,12,4,-0.49377555015997737,0.8695893893466109,25.6,27.5,25.3,71.0,0.0,28.2,26.342857142857145,77.0,0.0,2.683192838676386,3.799999999999997
2021-12-02,Mumbai,24.1,82,0.0,3.5,3,12,4,-0.4787338401157883,0.8779600847008883,27.5,22.5,28.2,74.0,0.0,25.400000000000002,24.614285714285717,81.85714285714286,0.0,2.163660918773597,-3.3999999999999986
2021-12-02,Chennai,26.1,83,0.0,4.5,3,12,4,-0.4787338401157883,0.8779600847008883,29.4,29.6,22.2,79.0,0.0,27.033333333333335,26.9,77.57142857142857,0.0,1.996663884249705,-3.299999999999997
2021-12-02,Delhi,11.0,63,0.0,2.7,3,12,4,-0.4787338401157883,0.8779600847008883,17.1,17.6,16.9,44.0,0.0,15.399999999999991,17.12857142857143,52.0,0.0,3.127679803365859,-6.100000000000001
2021-12-02,Hyderabad,21.5,62,0.0,2.8,3,12,4,-0.4787338401157883,0.8779600847008883,25.2,19.9,24.4,55.0,0.0,22.8,21.67142857142857,56.857142857142854,0.0,2.0862360730227034,-3.6999999999999993
2021-12-02,Bangalore,18.5,66,0.0,2.6,3,12,4,-0.4787338401157883,0.8779600847008883,20.0,15.5,17.5,64.0,0.0,19.7,18.185714285714287,66.0,0.0,2.021079391009299,-1.5
2021-12-03,Hyderabad,24.2,56,0.0,2.8,4,12,4,-0.4635502709028512,0.8860706215341378,21.5,21.7,18.6,62.0,0.0,23.633333333333336,22.47142857142857,57.142857142857146,0.0,1.7604112073739588,2.6999999999999993
2021-12-03,Mumbai,19.9,82,0.0,2.6,4,12,4,-0.4635502709028512,0.8860706215341378,24.1,24.6,24.0,82.0,0.0,23.833333333333332,24.02857142857143,81.71428571428571,0.0,2.814672441400692,-4.200000000000003
2021-12-03,Bangalore,18.1,73,0.0,2.6,4,12,4,-0.4635502709028512,0.8860706215341378,18.5,20.6,17.8,66.0,0.0,18.866666666666667,18.22857142857143,67.14285714285714,0.0,2.014707824734949,-0.3999999999999986
2021-12-04,Delhi,13.8,52,0.0,2.3,5,12,4,-0.4482293417404106,0.893918596519257,11.0,18.1,16.3,63.0,0.0,13.96666666666666,16.771428571428572,51.57142857142857,0.0,3.371307503879772,2.8000000000000007
2021-12-04,Bangalore,17.6,80,0.0,3.9,5,12,4,-0.4482293417404106,0.893918596519257,18.1,20.0,15.6,73.0,0.0,18.066666666666666,18.514285714285712,69.85714285714286,0.0,1.696494986168784,-0.5
2021-12-04,Chennai,26.2,76,0.0,2.1,5,12,4,-0.4482293417404106,0.893918596519257,26.1,25.6,24.4,83.0,0.0,27.23333333333333,27.157142857142862,77.57142857142857,0.0,1.7174177737301626,0.09999999999999787
2021-12-05,Bangalore,20.8,70,0.0,0.5,6,12,4,-0.4327755925504317,0.9015016841318838,17.6,18.5,19.3,80.0,0.0,18.833333333333332,18.728571428571428,69.42857142857143,0.0,1.895357737310168,3.1999999999999993
2021-12-05,Chennai,26.8,75,0.0,2.6,6,12,4,-0.4327755925504317,0.9015016841318838,26.2,29.4,25.7,76.0,0.0,26.36666666666667,27.314285714285713,77.71428571428571,0.0,1.608755804370477,0.6000000000000014
2021-12-05,Hyderabad,22.2,55,0.0,2.9,6,12,4,-0.4327755925504317,0.9015016841318838,24.2,25.2,22.4,56.0,0.0,22.633333333333336,22.442857142857143,57.285714285714285,0.0,1.763384192263283,-2.0
2021-12-05,Delhi,16.7,50,0.0,5.0,6,12,4,-0.4327755925504317,0.9015016841318838,13.8,17.1,18.5,52.0,0.0,13.833333333333323,16.514285714285716,52.0,0.0,3.285030984850883,2.8999999999999986
2021-12-05,Mumbai,23.4,75,0.0,2.3,6,12,4,-0.4327755925504317,0.9015016841318838,19.9,27.5,22.1,82.0,0.0,22.46666666666667,24.214285714285715,80.42857142857143,0.0,2.7070454813495166,3.5
2021-12-06,Chennai,25.1,77,0.0,3.0,0,12,4,-0.41719360261231697,0.9088176373395028,26.8,26.1,27.5,75.0,0.0,26.03333333333333,26.971428571428568,77.85714285714286,0.0,1.8062062319628414,-1.6999999999999993
2021-12-06,Bangalore,17.4,66,0.0,4.3,0,12,4,-0.41719360261231697,0.9088176373395028,20.8,18.1,15.5,70.0,0.0,18.599999999999998,19.0,69.71428571428571,0.0,1.4364307617612064,-3.400000000000002
2021-12-06,Delhi,15.7,52,0.0,3.2,0,12,4,-0.41719360261231697,0.9088176373395028,16.7,11.0,21.3,50.0,0.0,15.399999999999991,15.714285714285717,51.857142857142854,0.0,2.5175573951942156,-1.0
2021-12-06,Mumbai,22.1,71,0.0,5.0,0,12,4,-0.41719360261231697,0.9088176373395028,23.4,24.1,27.5,75.0,0.0,21.8,23.442857142857147,78.57142857142857,0.0,2.3621015663013587,-1.2999999999999972
2021-12-06,Hyderabad,20.5,57,0.0,4.1,0,12,4,-0.41719360261231697,0.9088176373395028,22.2,21.5,22.4,55.0,0.0,22.3,22.17142857142857,57.285714285714285,0.0,1.91112033958649,-1.6999999999999993
2021-12-07,Hyderabad,20.1,53,0.0,2.5,1,12,4,-0.4014879892059737,0.9158642882672868,20.5,24.2,19.9,57.0,0.0,20.933333333333337,22.199999999999996,57.142857142857146,0.0,1.8726095873584787,-0.3999999999999986
2021-12-07,Chennai,23.9,80,0.0,2.4,1,12,4,-0.4014879892059737,0.9158642882672868,25.1,26.2,29.6,77.0,0.0,25.266666666666666,26.157142857142855,77.28571428571429,0.0,1.7057326313124934,-1.2000000000000028
2021-12-07,Mumbai,26.9,85,0.0,2.8,1,12,4,-0.4014879892059737,0.9158642882672868,22.1,19.9,22.5,71.0,0.0,24.133333333333336,24.071428571428573,79.28571428571429,0.0,2.6386324019045424,4.799999999999997
2021-12-07,Bangalore,17.1,70,0.0,5.1,1,12,4,-0.4014879892059737,0.9158642882672868,17.4,17.6,20.6,66.0,0.0,18.433333333333334,18.5,69.85714285714286,0.0,1.3952299690972998,-0.29999999999999716
2021-12-07,Delhi,15.4,57,0.0,5.0,1,12,4,-0.4014879892059737,0.9158642882672868,15.7,13.8,17.6,52.0,0.0,15.933333333333325,15.4,53.42857142857143,0.0,2.3762715894166084,-0.29999999999999893
2021-12-08,Hyderabad,19.2,64,0.0,3.5,2,12,4,-0.38566340624360745,0.9226395488404875,20.1,22.2,21.7,53.0,0.0,19.933333333333334,21.842857142857145,57.42857142857143,0.0,2.194582073240987,-0.9000000000000021
2021-12-08,Chennai,26.8,78,0.0,3.7,2,12,4,-0.38566340624360745,0.9226395488404875,23.9,26.8,25.6,80.0,0.0,25.26666666666667,26.32857142857143,78.28571428571429,0.0,1.7007001359385463,2.900000000000002
2021-12-08,Mumbai,25.7,82,0.0,2.8,2,12,4,-0.38566340624360745,0.9226395488404875,26.9,23.4,24.6,85.0,0.0,24.900000000000002,24.228571428571428,78.71428571428571,0.0,2.7072213834570706,-1.1999999999999993
2021-12-08,Delhi,14.9,60,0.0,2.9,2,12,4,-0.38566340624360745,0.9226395488404875,15.4,16.7,18.1,57.0,0.0,15.333333333333323,14.942857142857141,54.0,0.0,2.05658061099625,-0.5
2021-12-08,Bangalore,20.5,73,0.0,3.0,2,12,4,-0.38566340624360745,0.9226395488404875,17.1,20.8,20.0,70.0,0.0,18.333333333333332,18.571428571428573,71.14285714285714,0.0,1.4941154414507372,3.3999999999999986
2021-12-09,Chennai,24.8,78,0.0,2.8,3,12,4,-0.3697245428906732,0.9291414114031743,26.8,25.1,29.4,78.0,0.0,25.166666666666668,25.67142857142857,78.14285714285714,0.0,1.0980502200330866,-2.0
2021-12-09,Bangalore,20.3,70,0.0,1.4,3,12,4,-0.3697245428906732,0.9291414114031743,20.5,17.4,18.5,73.0,0.0,19.3,18.82857142857143,71.71428571428571,0.0,1.6286131991303239,-0.1999999999999993
2021-12-09,Hyderabad,20.3,64,0.0,4.4,3,12,4,-0.3697245428906732,0.9291414114031743,19.2,20.5,25.2,64.0,0.0,19.86666666666667,21.142857142857142,58.714285714285715,0.0,1.6621844491082793,1.1000000000000014
2021-12-09,Delhi,14.3,62,0.0,4.2,3,12,4,-0.3697245428906732,0.9291414114031743,14.9,15.7,17.1,60.0,0.0,14.866666666666658,14.542857142857143,56.57142857142857,0.0,1.8265241515491664,-0.5999999999999996
2021-12-09,Mumbai,22.3,84,0.0,2.8,3,12,4,-0.3697245428906732,0.9291414114031743,25.7,22.1,27.5,82.0,0.0,24.96666666666667,23.485714285714288,80.14285714285714,0.0,2.3497720254161023,-3.3999999999999986
2021-12-10,Chennai,26.9,78,0.0,4.4,4,12,4,-0.3536761221763721,0.935367949313148,24.8,23.9,26.1,78.0,0.0,26.166666666666668,25.785714285714285,77.42857142857143,0.0,1.188035593502567,2.099999999999998
2021-12-10,Delhi,18.1,61,0.0,2.4,4,12,4,-0.3536761221763721,0.935367949313148,14.3,15.4,11.0,62.0,0.0,15.766666666666659,15.557142857142859,56.285714285714285,0.0,1.4672617840245818,3.8000000000000007
2021-12-10,Hyderabad,21.4,44,0.0,2.4,4,12,4,-0.3536761221763721,0.935367949313148,20.3,20.1,21.5,64.0,0.0,20.3,21.12857142857143,56.142857142857146,0.0,1.6590301240125822,1.0999999999999979
2021-12-10,Bangalore,16.8,71,0.0,2.5,4,12,4,-0.3536761221763721,0.935367949313148,20.3,17.1,18.1,70.0,0.0,19.2,18.642857142857142,71.42857142857143,0.0,1.7915143899852946,-3.5
2021-12-11,Delhi,19.0,51,0.0,1.7,5,12,4,-0.33752289959411347,0.941317317512847,18.1,14.9,13.8,61.0,0.0,17.133333333333326,16.3,56.142857142857146,0.0,1.7233687939619322,0.8999999999999986
2021-12-11,Chennai,22.0,82,0.0,4.9,5,12,4,-0.33752289959411347,0.941317317512847,26.9,26.8,26.2,78.0,0.0,24.566666666666666,25.185714285714287,78.28571428571429,0.0,1.8306907361509719,-4.899999999999999
2021-12-11,Hyderabad,21.0,56,0.0,3.3,5,12,4,-0.33752289959411347,0.941317317512847,21.4,19.2,24.2,44.0,0.0,20.900000000000002,20.671428571428574,56.142857142857146,0.0,0.9690446940404163,-0.3999999999999986
2021-12-11,Bangalore,14.4,73,0.0,3.9,5,12,4,-0.33752289959411347,0.941317317512847,16.8,20.5,17.6,71.0,0.0,17.166666666666668,18.185714285714287,70.42857142857143,0.0,2.4051531977740046,-2.4000000000000004
2021-12-11,Mumbai,25.3,81,0.0,2.8,5,12,4,-0.33752289959411347,0.941317317512847,22.3,26.9,24.1,84.0,0.0,24.433333333333334,23.657142857142855,80.0,0.0,2.4439429500004044,3.0
2021-12-12,Delhi,13.2,65,0.0,2.6,6,12,4,-0.32126966169236515,0.9469877530760751,19.0,14.3,16.7,51.0,0.0,16.766666666666655,15.799999999999999,58.285714285714285,0.0,2.062361106434848,-5.800000000000001
2021-12-12,Bangalore,17.6,72,0.0,2.1,6,12,4,-0.32126966169236515,0.9469877530760751,14.4,20.3,20.8,73.0,0.0,16.26666666666667,17.728571428571428,70.71428571428571,0.0,2.1116457134302324,3.200000000000001
2021-12-12,Chennai,24.0,78,0.0,3.5,6,12,4,-0.32126966169236515,0.9469877530760751,22.0,24.8,26.8,82.0,0.0,24.3,24.785714285714285,78.71428571428571,0.0,1.7218483977291135,2.0
2021-12-12,Hyderabad,20.4,57,0.0,2.6,6,12,4,-0.32126966169236515,0.9469877530760751,21.0,20.3,22.2,56.0,0.0,20.933333333333337,20.414285714285715,56.42857142857143,0.0,0.6962484504558543,-0.6000000000000014
2021-12-12,Mumbai,23.4,79,0.0,2.3,6,12,4,-0.32126966169236515,0.9469877530760751,25.3,25.7,19.9,81.0,0.0,23.666666666666668,24.157142857142855,79.57142857142857,0.0,1.8274364036877981,-1.9000000000000021
2021-12-13,Mumbai,26.1,80,0.0,1.7,0,12,4,-0.3049212246562894,0.9523775757303973,23.4,22.3,23.4,79.0,0.0,24.933333333333334,24.542857142857144,80.28571428571429,0.0,1.9234146223639432,2.700000000000003
2021-12-13,Bangalore,17.2,75,0.0,1.6,0,12,4,-0.3049212246562894,0.9523775757303973,17.6,16.8,17.4,72.0,0.0,16.400000000000002,17.7,72.0,0.0,2.1181753153757894,-0.40000000000000213
2021-12-13,Hyderabad,20.0,46,0.0,3.6,0,12,4,-0.3049212246562894,0.9523775757303973,20.4,21.4,20.5,57.0,0.0,20.46666666666667,20.342857142857145,54.857142857142854,0.0,0.7114706432388843,-0.3999999999999986
2021-12-13,Delhi,14.8,55,0.0,2.2,0,12,4,-0.3049212246562894,0.9523775757303973,13.2,18.1,15.7,65.0,0.0,15.666666666666657,15.671428571428573,58.714285714285715,0.0,2.097390669152856,1.6000000000000014
2021-12-13,Chennai,28.0,75,0.0,2.5,0,12,4,-0.3049212246562894,0.9523775757303973,24.0,26.9,25.1,78.0,0.0,24.666666666666668,25.2,78.42857142857143,0.0,2.1142374511866953,4.0
2021-12-14,Delhi,13.3,44,0.0,2.1,1,12,4,-0.2884824328806098,0.9574851883550389,14.8,19.0,15.4,55.0,0.0,13.766666666666657,15.371428571428572,56.857142857142854,0.0,2.2845234993428027,-1.5
2021-12-14,Mumbai,24.9,91,0.0,4.7,1,12,4,-0.2884824328806098,0.9574851883550389,26.1,25.3,22.1,80.0,0.0,24.8,24.942857142857143,83.14285714285714,0.0,1.5935883438088614,-1.2000000000000028
2021-12-14,Bangalore,16.0,68,0.0,2.7,1,12,4,-0.2884824328806098,0.9574851883550389,17.2,14.4,17.1,75.0,0.0,16.933333333333334,17.54285714285714,71.71428571428571,0.0,2.2089644201581162,-1.1999999999999993
2021-12-14,Hyderabad,20.2,48,0.0,4.6,1,12,4,-0.2884824328806098,0.9574851883550389,20.0,21.0,20.1,46.0,0.0,20.2,20.357142857142858,54.142857142857146,0.0,0.7067699834628554,0.1999999999999993
2021-12-14,Chennai,28.5,83,0.0,3.2,1,12,4,-0.2884824328806098,0.9574851883550389,28.0,22.0,23.9,75.0,0.0,26.833333333333332,25.857142857142858,78.85714285714286,0.0,2.3451063535635717,0.5
2021-12-15,Chennai,25.1,76,0.0,3.0,2,12,4,-0.27195815753410524,0.9623090774541487,28.5,24.0,26.8,83.0,0.0,27.2,25.61428571428571,78.57142857142857,0.0,2.3190720640151863,-3.3999999999999986
2021-12-15,Delhi,15.3,48,0.0,2.8,2,12,4,-0.27195815753410524,0.9623090774541487,13.3,13.2,14.9,44.0,0.0,14.46666666666666,15.428571428571429,55.142857142857146,0.0,2.275752099647385,2.0
2021-12-15,Hyderabad,22.5,57,0.0,3.6,2,12,4,-0.27195815753410524,0.9623090774541487,20.2,20.4,19.2,48.0,0.0,20.900000000000002,20.82857142857143,53.142857142857146,0.0,0.8845230083956075,2.3000000000000007
2021-12-15,Bangalore,20.2,68,0.0,3.3,2,12,4,-0.27195815753410524,0.9623090774541487,16.0,17.6,20.5,68.0,0.0,17.8,17.5,71.0,0.0,2.1439838307849577,4.199999999999999
2021-12-15,Mumbai,23.2,87,0.0,2.4,2,12,4,-0.27195815753410524,0.9623090774541487,24.9,23.4,26.9,91.0,0.0,24.73333333333333,24.414285714285715,83.42857142857143,0.0,1.4427156932078424,-1.6999999999999993
2021-12-16,Delhi,15.0,49,0.0,2.2,3,12,4,-0.2553532951161881,0.9668478136052773,15.3,14.8,14.3,48.0,0.0,14.533333333333324,15.528571428571428,53.285714285714285,0.0,2.232871309707781,-0.3000000000000007
2021-12-16,Mumbai,23.6,85,0.0,3.7,3,12,4,-0.2553532951161881,0.9668478136052773,23.2,26.1,25.7,87.0,0.0,23.900000000000002,24.11428571428571,83.85714285714286,0.0,1.345893224378575,0.40000000000000213
2021-12-16,Chennai,27.1,89,0.0,2.7,3,12,4,-0.2553532951161881,0.9668478136052773,25.1,28.0,24.8,76.0,0.0,26.900000000000002,25.942857142857147,80.14285714285714,0.0,2.347237484687954,2.0
2021-12-16,Hyderabad,22.7,58,0.0,2.4,3,12,4,-0.2553532951161881,0.9668478136052773,22.5,20.0,20.3,57.0,0.0,21.8,21.17142857142857,52.285714285714285,0.0,1.0873734190153848,0.1999999999999993
2021-12-17,Delhi,18.6,50,0.0,3.1,4,12,4,-0.23867276600594997,0.9711000518829505,15.0,13.3,18.1,49.0,0.0,16.299999999999994,15.6,51.714285714285715,0.0,2.3345235059861467,3.6000000000000014
2021-12-17,Hyderabad,22.6,56,0.0,4.0,4,12,4,-0.23867276600594997,0.9711000518829505,22.7,20.2,21.4,58.0,0.0,22.600000000000005,21.342857142857145,54.0,0.0,1.216356777234402,-0.09999999999999787
2021-12-17,Chennai,23.1,84,0.0,3.1,4,12,4,-0.23867276600594997,0.9711000518829505,27.1,28.5,26.9,89.0,0.0,25.099999999999998,25.400000000000002,81.0,0.0,2.52190404258378,-4.0
2021-12-17,Bangalore,17.5,67,0.0,2.8,4,12,4,-0.23867276600594997,0.9711000518829505,20.2,17.2,20.3,68.0,0.0,17.900000000000002,17.1,70.57142857142857,0.0,1.7616280348967093,-2.6999999999999993
2021-12-17,Mumbai,22.4,87,0.0,2.5,4,12,4,-0.23867276600594997,0.9711000518829505,23.6,24.9,22.3,85.0,0.0,23.066666666666663,24.12857142857143,84.28571428571429,0.0,1.3237752650584396,-1.2000000000000028
2021-12-18,Chennai,26.1,71,0.0,2.4,5,12,4,-0.22192151300416674,0.9750645322571945,23.1,25.1,22.0,84.0,0.0,25.433333333333337,25.985714285714288,79.42857142857143,0.0,2.0284875904876345,3.0
2021-12-18,Hyderabad,18.6,66,0.0,2.4,5,12,4,-0.22192151300416674,0.9750645322571945,22.6,22.5,21.0,56.0,0.0,21.3,21.0,55.42857142857143,0.0,1.6051998837113488,-4.0
2021-12-18,Delhi,18.0,56,0.0,1.7,5,12,4,-0.22192151300416674,0.9750645322571945,18.6,15.3,19.0,50.0,0.0,17.199999999999992,15.457142857142857,52.42857142857143,0.0,2.1117584638224303,-0.6000000000000014
2021-12-18,Mumbai,25.4,86,0.0,4.6,5,12,4,-0.22192151300416674,0.9750645322571945,22.4,23.2,25.3,87.0,0.0,23.8,24.142857142857142,85.0,0.0,1.3389761547005732,3.0
2021-12-19,Mumbai,25.0,89,0.0,1.7,6,12,4,-0.20510449986861926,0.9787400799669153,25.4,23.6,23.4,86.0,0.0,24.266666666666666,24.37142857142857,86.42857142857143,0.0,1.3275469680506837,-0.3999999999999986
2021-12-19,Chennai,26.5,71,0.0,3.2,6,12,4,-0.20510449986861926,0.9787400799669153,26.1,27.1,24.0,71.0,0.0,25.233333333333334,26.342857142857145,78.42857142857143,0.0,1.8310808673724857,0.3999999999999986
2021-12-19,Bangalore,18.9,71,0.0,2.9,6,12,4,-0.20510449986861926,0.9787400799669153,17.5,16.0,16.8,67.0,0.0,18.866666666666667,17.400000000000002,70.57142857142857,0.0,1.8770544300403276,1.3999999999999986
2021-12-19,Hyderabad,22.6,57,0.0,2.9,6,12,4,-0.20510449986861926,0.9787400799669153,18.6,22.7,20.4,66.0,0.0,21.26666666666667,21.314285714285713,55.42857142857143,0.0,1.681694157121172,4.0
2021-12-19,Delhi,15.7,47,0.0,3.0,6,12,4,-0.20510449986861926,0.9787400799669153,18.0,15.0,13.2,56.0,0.0,17.433333333333326,15.814285714285713,49.857142857142854,0.0,1.8631770102248502,-2.3000000000000007
2021-12-20,Delhi,13.5,57,0.0,2.8,0,12,4,-0.1882267098432439,0.9821256058680006,15.7,18.6,14.8,47.0,0.0,15.733333333333325,15.62857142857143,50.142857142857146,0.0,2.0377391767306245,-2.1999999999999993
2021-12-20,Hyderabad,21.3,56,0.0,3.3,0,12,4,-0.1882267098432439,0.9821256058680006,22.6,22.6,20.0,57.0,0.0,20.83333333333334,21.5,56.857142857142854,0.0,1.5811388300842675,-1.3000000000000007
2021-12-20,Mumbai,23.2,88,0.0,3.6,0,12,4,-0.1882267098432439,0.9821256058680006,25.0,22.4,26.1,89.0,0.0,24.53333333333333,23.957142857142856,87.57142857142857,0.0,1.1370387604900345,-1.8000000000000007
2021-12-20,Chennai,28.0,83,0.0,2.5,0,12,4,-0.1882267098432439,0.9821256058680006,26.5,23.1,28.0,71.0,0.0,26.86666666666667,26.342857142857145,79.57142857142857,0.0,1.8310808673724857,1.5
2021-12-20,Bangalore,18.4,63,0.0,2.5,0,12,4,-0.1882267098432439,0.9821256058680006,18.9,20.2,14.4,71.0,0.0,18.266666666666666,17.97142857142857,69.14285714285714,0.0,1.3450084085418443,-0.5
2021-12-21,Chennai,25.4,75,0.0,2.6,1,12,4,-0.1712931441814778,0.9852201067560606,28.0,26.1,28.5,83.0,0.0,26.63333333333333,25.900000000000002,78.42857142857143,0.0,1.5800843859323115,-2.6000000000000014
2021-12-21,Hyderabad,22.8,57,0.0,3.4,1,12,4,-0.1712931441814778,0.9852201067560606,21.3,18.6,20.2,56.0,0.0,22.233333333333334,21.871428571428574,58.142857142857146,0.0,1.5293945269445202,1.5
2021-12-21,Bangalore,19.7,71,0.0,2.0,1,12,4,-0.1712931441814778,0.9852201067560606,18.4,17.5,17.6,63.0,0.0,19.0,18.27142857142857,69.0,0.0,1.4761597539047882,1.3000000000000007
2021-12-21,Mumbai,28.9,81,0.0,3.4,1,12,4,-0.1712931441814778,0.9852201067560606,23.2,25.4,24.9,88.0,0.0,25.7,24.52857142857143,86.14285714285714,0.0,2.1990257583106905,5.699999999999999
2021-12-21,Delhi,16.6,55,0.0,4.4,1,12,4,-0.1712931441814778,0.9852201067560606,13.5,18.0,13.3,57.0,0.0,15.266666666666657,16.1,51.714285714285715,0.0,1.7738846260871906,3.1000000000000014
2021-12-22,Delhi,13.3,50,0.0,3.0,2,12,4,-0.154308820664281,0.9880226656636976,16.6,15.7,15.3,55.0,0.0,14.46666666666666,15.814285714285715,52.0,0.0,2.061899263162585,-3.3000000000000007
2021-12-22,Bangalore,19.8,63,0.0,3.9,2,12,4,-0.154308820664281,0.9880226656636976,19.7,18.9,17.2,71.0,0.0,19.3,18.642857142857142,67.28571428571429,0.0,1.488687501187229,0.10000000000000142
2021-12-22,Chennai,27.6,71,0.0,4.2,2,12,4,-0.154308820664281,0.9880226656636976,25.4,26.5,25.1,75.0,0.0,27.0,26.25714285714286,77.71428571428571,0.0,1.6501082215592935,2.200000000000003
2021-12-22,Hyderabad,15.7,63,0.0,4.0,2,12,4,-0.154308820664281,0.9880226656636976,22.8,22.6,22.5,57.0,0.0,19.933333333333337,20.900000000000002,59.0,0.0,2.7422618401604657,-7.100000000000001
2021-12-22,Mumbai,23.6,81,0.0,3.6,2,12,4,-0.154308820664281,0.9880226656636976,28.9,25.0,23.2,81.0,0.0,25.233333333333334,24.585714285714285,85.28571428571429,0.0,2.1636609187735947,-5.299999999999997
2021-12-23,Mumbai,23.9,82,0.0,3.0,3,12,4,-0.13727877211326517,0.9905324521322227,23.6,23.2,23.6,81.0,0.0,25.466666666666665,24.62857142857143,84.85714285714286,0.0,2.1437617138371317,0.29999999999999716
2021-12-23,Bangalore,18.8,72,0.0,3.1,3,12,4,-0.13727877211326517,0.9905324521322227,19.8,18.4,16.0,63.0,0.0,19.433333333333334,19.042857142857144,67.85714285714286,0.0,0.9324826054808633,-1.0
2021-12-23,Chennai,23.6,84,0.0,3.0,3,12,4,-0.13727877211326517,0.9905324521322227,27.6,28.0,27.1,71.0,0.0,25.53333333333333,25.757142857142856,77.0,0.0,1.8680267154203736,-4.0
2021-12-23,Hyderabad,20.0,58,0.0,3.5,3,12,4,-0.13727877211326517,0.9905324521322227,15.7,21.3,22.7,63.0,0.0,19.500000000000004,20.514285714285716,59.0,0.0,2.634659099661443,4.300000000000001
2021-12-23,Delhi,15.2,47,0.0,4.3,3,12,4,-0.13727877211326517,0.9905324521322227,13.3,13.5,15.0,50.0,0.0,15.033333333333324,15.842857142857143,51.714285714285715,0.0,2.0500871061637795,1.8999999999999986
2021-12-24,Delhi,15.6,52,0.0,2.2,4,12,4,-0.12020804489935275,0.9927487224577402,15.2,16.6,18.6,47.0,0.0,14.69999999999999,15.414285714285713,52.0,0.0,1.6527034130267984,0.40000000000000036
2021-12-24,Bangalore,13.0,68,0.0,3.9,4,12,4,-0.12020804489935275,0.9927487224577402,18.8,19.7,20.2,72.0,0.0,17.2,18.014285714285712,67.85714285714286,0.0,2.344801748143303,-5.800000000000001
2021-12-24,Hyderabad,18.7,61,0.0,2.7,4,12,4,-0.12020804489935275,0.9927487224577402,20.0,22.8,22.6,58.0,0.0,18.133333333333336,19.957142857142856,59.714285714285715,0.0,2.5303867575644308,-1.3000000000000007
2021-12-24,Chennai,26.8,72,0.0,3.9,4,12,4,-0.12020804489935275,0.9927487224577402,23.6,25.4,23.1,84.0,0.0,26.0,26.285714285714285,75.28571428571429,0.0,1.4724453260123684,3.1999999999999993
2021-12-24,Mumbai,23.0,86,0.0,1.2,4,12,4,-0.12020804489935275,0.9927487224577402,23.9,28.9,22.4,82.0,0.0,23.5,24.714285714285715,84.71428571428571,0.0,2.0497386592998166,-0.8999999999999986
2021-12-25,Hyderabad,23.3,58,0.0,2.6,5,12,4,-0.10310169744743544,0.9946708199115211,18.7,15.7,18.6,61.0,0.0,20.666666666666668,20.62857142857143,58.57142857142857,0.0,2.726239342460824,4.600000000000001
2021-12-25,Mumbai,23.3,82,0.0,2.9,5,12,4,-0.10310169744743544,0.9946708199115211,23.0,23.6,25.4,86.0,0.0,23.399999999999995,24.41428571428571,84.14285714285714,0.0,2.086007807135002,0.3000000000000007
2021-12-25,Delhi,16.0,52,0.0,2.7,5,12,4,-0.10310169744743544,0.9946708199115211,15.6,13.3,18.0,52.0,0.0,15.599999999999989,15.12857142857143,51.42857142857143,0.0,1.2566016150910717,0.40000000000000036
2021-12-25,Bangalore,17.7,69,0.0,1.4,5,12,4,-0.10310169744743544,0.9946708199115211,13.0,19.8,17.5,68.0,0.0,16.5,18.04285714285714,68.14285714285714,0.0,2.3387013083171735,4.699999999999999
2021-12-26,Delhi,14.7,49,0.0,3.2,6,12,4,-0.0859647987374467,0.9962981749346077,16.0,15.2,15.7,52.0,0.0,15.433333333333323,14.985714285714286,51.714285714285715,0.0,1.2375090187269144,-1.3000000000000007
2021-12-26,Mumbai,21.6,84,0.0,4.9,6,12,4,-0.0859647987374467,0.9962981749346077,23.3,23.9,25.0,82.0,0.0,22.633333333333336,23.928571428571427,83.42857142857143,0.0,2.3106379246968087,-1.6999999999999993
2021-12-26,Chennai,27.1,67,0.0,4.7,6,12,4,-0.0859647987374467,0.9962981749346077,26.8,27.6,26.1,72.0,0.0,25.833333333333332,26.428571428571427,74.71428571428571,0.0,1.4996825060818888,0.3000000000000007
2021-12-26,Hyderabad,19.7,60,0.0,2.6,6,12,4,-0.0859647987374467,0.9962981749346077,23.3,20.0,22.6,58.0,0.0,20.566666666666666,20.214285714285715,59.0,0.0,2.5938572123568253,-3.6000000000000014
2021-12-26,Bangalore,17.3,61,0.0,2.1,6,12,4,-0.0859647987374467,0.9962981749346077,17.7,18.8,18.9,69.0,0.0,16.0,17.814285714285713,66.71428571428571,0.0,2.3190720640152405,-0.3999999999999986
2021-12-27,Delhi,13.4,57,0.0,3.2,0,12,4,-0.06880242680232064,0.9976303053065857,14.7,15.6,13.5,49.0,0.0,14.699999999999989,14.971428571428573,51.714285714285715,0.0,1.2579272444711704,-1.299999999999999
2021-12-27,Bangalore,16.4,65,0.0,2.1,0,12,4,-0.06880242680232064,0.9976303053065857,17.3,13.0,18.4,61.0,0.0,17.133333333333333,17.52857142857143,67.0,0.0,2.3577632661164927,-0.9000000000000021
2021-12-27,Mumbai,24.0,87,0.0,3.4,0,12,4,-0.06880242680232064,0.9976303053065857,21.6,23.0,23.2,84.0,0.0,22.96666666666667,24.042857142857144,83.28571428571429,0.0,2.2882723780594927,2.3999999999999986
2021-12-27,Chennai,21.4,83,0.0,4.0,0,12,4,-0.06880242680232064,0.9976303053065857,27.1,23.6,26.5,67.0,0.0,25.100000000000005,25.7,76.42857142857143,0.0,2.4172987679088735,-5.700000000000003
2021-12-27,Hyderabad,17.6,66,0.0,3.0,0,12,4,-0.06880242680232064,0.9976303053065857,19.7,18.7,21.3,60.0,0.0,20.200000000000003,19.685714285714287,60.42857142857143,0.0,2.7101221198983265,-2.099999999999998
2021-12-28,Hyderabad,20.3,51,0.0,3.2,1,12,4,-0.05161966722325418,0.9986668162884759,17.6,23.3,22.8,66.0,0.0,19.200000000000003,19.32857142857143,59.57142857142857,0.0,2.3753696454196884,2.6999999999999993
2021-12-28,Bangalore,19.3,73,0.0,3.5,1,12,4,-0.05161966722325418,0.9986668162884759,16.4,17.7,19.7,65.0,0.0,17.666666666666668,17.47142857142857,67.28571428571429,0.0,2.300517540116061,2.900000000000002
2021-12-28,Chennai,26.2,80,0.0,3.9,1,12,4,-0.05161966722325418,0.9986668162884759,21.4,26.8,28.0,83.0,0.0,24.900000000000002,25.442857142857143,76.0,0.0,2.219502303713807,4.800000000000001
2021-12-28,Mumbai,25.1,82,0.0,3.2,1,12,4,-0.05161966722325418,0.9986668162884759,24.0,23.3,28.9,87.0,0.0,23.566666666666666,23.5,83.42857142857143,0.0,1.0708252269470417,1.1000000000000014
2021-12-29,Mumbai,25.2,85,0.0,3.6,2,12,4,-0.034421611622745804,0.9994074007397048,25.1,21.6,23.6,82.0,0.0,24.766666666666666,23.728571428571428,84.0,0.0,1.2512850537402846,0.09999999999999787
2021-12-29,Chennai,30.1,82,0.0,2.4,2,12,4,-0.034421611622745804,0.9994074007397048,26.2,27.1,25.4,80.0,0.0,25.900000000000002,26.114285714285717,77.0,0.0,2.831035482780522,3.900000000000002
2021-12-29,Delhi,15.7,56,0.0,1.1,2,12,4,-0.034421611622745804,0.9994074007397048,13.4,16.0,16.6,57.0,0.0,14.599999999999989,14.842857142857143,51.857142857142854,0.0,1.0997835284844446,2.299999999999999
2021-12-29,Bangalore,19.3,58,0.0,3.5,2,12,4,-0.034421611622745804,0.9994074007397048,19.3,17.3,19.8,73.0,0.0,18.333333333333332,17.4,66.57142857142857,0.0,2.2226110770894456,0.0
2021-12-29,Hyderabad,18.1,56,0.0,4.2,2,12,4,-0.034421611622745804,0.9994074007397048,20.3,19.7,15.7,51.0,0.0,18.666666666666668,19.67142857142857,58.57142857142857,0.0,1.8874270720696058,-2.1999999999999993
2021-12-30,Bangalore,17.7,68,0.0,2.9,3,12,4,-0.01721335615583528,0.9998518392091162,19.3,16.4,18.8,58.0,0.0,18.766666666666666,17.242857142857144,66.0,0.0,2.144650043602575,-1.6000000000000014
2021-12-30,Hyderabad,20.1,60,0.0,4.1,3,12,4,-0.01721335615583528,0.9998518392091162,18.1,17.6,20.0,56.0,0.0,19.500000000000004,19.685714285714287,58.857142857142854,0.0,1.8907040764652192,2.0
2021-12-30,Mumbai,23.3,84,0.0,4.0,3,12,4,-0.01721335615583528,0.9998518392091162,25.2,24.0,23.9,85.0,0.0,24.53333333333333,23.642857142857142,84.28571428571429,0.0,1.2581165060743282,-1.8999999999999986
2021-12-30,Delhi,14.7,53,0.0,2.6,3,12,4,-0.01721335615583528,0.9998518392091162,15.7,14.7,13.3,56.0,0.0,14.599999999999989,15.042857142857143,52.285714285714285,0.0,0.8772250620711225,-1.0
2021-12-30,Chennai,24.3,82,0.0,2.9,3,12,4,-0.01721335615583528,0.9998518392091162,30.1,21.4,27.6,82.0,0.0,26.866666666666664,25.642857142857142,78.57142857142857,0.0,2.8171245049147013,-5.800000000000001
2021-12-31,Hyderabad,18.9,53,0.0,2.7,4,12,4,6.432490598706546e-16,1.0,20.1,20.3,18.7,60.0,0.0,19.033333333333335,19.714285714285715,57.714285714285715,0.0,1.8747698271420405,-1.2000000000000028
2021-12-31,Delhi,18.6,53,0.0,2.6,4,12,4,6.432490598706546e-16,1.0,14.7,13.4,15.2,53.0,0.0,16.333333333333325,15.528571428571428,53.142857142857146,0.0,1.6121562018146591,3.900000000000002
2021-12-31,Chennai,22.3,74,0.0,3.8,4,12,4,6.432490598706546e-16,1.0,24.3,26.2,23.6,82.0,0.0,25.566666666666666,25.45714285714286,77.14285714285714,0.0,3.0104579623136347,-2.0
2021-12-31,Bangalore,16.6,65,0.0,0.5,4,12,4,6.432490598706546e-16,1.0,17.7,19.3,13.0,68.0,0.0,17.86666666666667,17.75714285714286,65.57142857142857,0.0,1.1659861961123241,-1.0999999999999979
2021-12-31,Mumbai,24.9,86,0.0,2.3,4,12,4,6.432490598706546e-16,1.0,23.3,25.1,23.0,84.0,0.0,24.46666666666667,23.914285714285715,84.28571428571429,0.0,1.3005493344845216,1.5999999999999979
2022-01-01,Hyderabad,22.3,54,0.0,4.2,5,1,1,0.017213356155834685,0.9998518392091162,18.9,18.1,23.3,53.0,0.0,20.433333333333337,19.571428571428573,57.142857142857146,0.0,1.5691975504636908,3.400000000000002
2022-01-01,Chennai,23.0,83,0.0,3.2,5,1,1,0.017213356155834685,0.9998518392091162,22.3,30.1,26.8,74.0,0.0,23.200000000000003,24.914285714285715,78.71428571428571,0.0,3.069977508836556,0.6999999999999993
2022-01-01,Mumbai,22.7,88,0.0,3.6,5,1,1,0.017213356155834685,0.9998518392091162,24.9,25.2,23.3,86.0,0.0,23.63333333333333,23.82857142857143,85.14285714285714,0.0,1.36591152192001,-2.1999999999999993
2022-01-01,Delhi,17.7,50,0.0,2.1,5,1,1,0.017213356155834685,0.9998518392091162,18.6,15.7,15.6,53.0,0.0,16.99999999999999,15.828571428571431,52.857142857142854,0.0,1.8108140763340255,-0.9000000000000021
2022-01-01,Bangalore,22.9,71,0.0,4.9,5,1,1,0.017213356155834685,0.9998518392091162,16.6,19.3,17.7,65.0,0.0,19.066666666666666,18.5,65.85714285714286,0.0,2.2634781495154637,6.299999999999997
2022-01-02,Mumbai,26.4,75,0.0,4.2,6,1,1,0.03442161162274574,0.9994074007397048,22.7,23.3,21.6,88.0,0.0,24.666666666666668,24.514285714285712,83.85714285714286,0.0,1.2615183595287853,3.6999999999999993
2022-01-02,Chennai,26.2,79,0.0,1.5,6,1,1,0.03442161162274574,0.9994074007397048,23.0,24.3,27.1,83.0,0.0,23.833333333333332,24.785714285714285,80.42857142857143,0.0,2.9807317733674568,3.1999999999999993
2022-01-02,Bangalore,16.4,68,0.0,4.3,6,1,1,0.03442161162274574,0.9994074007397048,22.9,17.7,17.3,71.0,0.0,18.63333333333333,18.37142857142857,66.85714285714286,0.0,2.3662306774801656,-6.5
2022-01-02,Delhi,13.4,52,0.0,2.7,6,1,1,0.03442161162274574,0.9994074007397048,17.7,14.7,16.0,50.0,0.0,16.56666666666666,15.457142857142857,52.857142857142854,0.0,2.0239047596644286,-4.299999999999999
2022-01-02,Hyderabad,18.6,62,0.0,3.6,6,1,1,0.03442161162274574,0.9994074007397048,22.3,20.1,19.7,54.0,0.0,19.933333333333337,19.414285714285715,57.42857142857143,0.0,1.6087558043704264,-3.6999999999999993
2022-01-03,Delhi,15.7,59,0.0,4.4,0,1,1,0.051619667223253764,0.998666816288476,13.4,18.6,14.7,52.0,0.0,15.599999999999989,15.6,54.285714285714285,0.0,1.9966638842500533,2.299999999999999
2022-01-03,Mumbai,23.6,83,0.0,2.5,0,1,1,0.051619667223253764,0.998666816288476,26.4,24.9,24.0,75.0,0.0,24.233333333333334,24.457142857142856,83.28571428571429,0.0,1.2972498382565953,-2.799999999999997
2022-01-03,Hyderabad,21.7,55,0.0,4.2,0,1,1,0.051619667223253764,0.998666816288476,18.6,18.9,17.6,62.0,0.0,20.86666666666667,20.0,55.857142857142854,0.0,1.5842979517755746,3.099999999999998
2022-01-03,Chennai,23.3,83,0.0,3.2,0,1,1,0.051619667223253764,0.998666816288476,26.2,22.3,21.4,79.0,0.0,24.166666666666668,25.057142857142857,80.42857142857143,0.0,2.693731700854946,-2.8999999999999986
2022-01-03,Bangalore,20.4,63,2.7,3.7,0,1,1,0.051619667223253764,0.998666816288476,16.4,16.6,16.4,68.0,0.0,19.900000000000002,18.942857142857143,66.57142857142857,0.38571428571428573,2.292638322150063,4.0
2022-01-04,Bangalore,15.5,74,0.0,1.9,1,1,1,0.06880242680231986,0.9976303053065857,20.4,22.9,19.3,63.0,2.7,17.433333333333334,18.400000000000002,66.71428571428571,0.38571428571428573,2.620432534271258,-4.899999999999999
2022-01-04,Hyderabad,21.6,53,0.0,3.0,1,1,1,0.06880242680231986,0.9976303053065857,21.7,22.3,20.3,55.0,0.0,20.633333333333336,20.185714285714287,56.142857142857146,0.0,1.6974771195597442,-0.09999999999999787
2022-01-04,Delhi,15.4,60,0.0,3.6,1,1,1,0.06880242680231986,0.9976303053065857,15.7,17.7,13.4,59.0,0.0,14.833333333333323,15.885714285714286,54.714285714285715,0.0,1.7582458791165696,-0.29999999999999893
2022-01-04,Mumbai,23.9,86,0.0,2.6,1,1,1,0.06880242680231986,0.9976303053065857,23.6,22.7,25.1,83.0,0.0,24.63333333333333,24.285714285714285,83.85714285714286,0.0,1.27727388270025,0.29999999999999716
2022-01-05,Delhi,15.4,45,0.0,3.3,2,1,1,0.08596479873744647,0.9962981749346078,15.4,13.4,15.7,60.0,0.0,15.499999999999991,15.842857142857142,53.142857142857146,0.0,1.7671607575031119,0.0
2022-01-05,Hyderabad,20.6,51,0.0,2.9,2,1,1,0.08596479873744647,0.9962981749346078,21.6,18.6,18.1,53.0,0.0,21.300000000000004,20.542857142857144,55.42857142857143,0.0,1.4269514624508919,-1.0
2022-01-05,Chennai,21.2,83,0.0,3.1,2,1,1,0.08596479873744647,0.9962981749346078,23.3,23.0,26.2,83.0,0.0,23.566666666666666,24.342857142857145,80.85714285714286,0.0,2.987115187410343,-2.1000000000000014
2022-01-05,Bangalore,19.4,72,0.0,5.0,2,1,1,0.08596479873744647,0.9962981749346078,15.5,16.4,19.3,74.0,0.0,18.433333333333334,18.414285714285715,68.71428571428571,0.38571428571428573,2.626422517055445,3.8999999999999986
2022-01-05,Mumbai,25.5,91,0.0,3.2,2,1,1,0.08596479873744647,0.9962981749346078,23.9,26.4,25.2,86.0,0.0,24.333333333333332,24.32857142857143,84.71428571428571,0.0,1.31746509848037,1.6000000000000014
2022-01-06,Hyderabad,19.9,63,0.0,4.1,3,1,1,0.10310169744743485,0.9946708199115211,20.6,21.7,20.1,51.0,0.0,20.700000000000003,20.514285714285716,55.857142857142854,0.0,1.4392458342579408,-0.7000000000000028
2022-01-06,Chennai,26.0,73,0.0,3.8,3,1,1,0.10310169744743485,0.9946708199115211,21.2,26.2,30.1,83.0,0.0,23.5,23.757142857142856,79.57142857142857,0.0,1.85908323541224,4.800000000000001
2022-01-06,Mumbai,22.4,88,0.0,3.4,3,1,1,0.10310169744743485,0.9946708199115211,25.5,23.6,23.3,91.0,0.0,23.933333333333334,24.2,85.28571428571429,0.0,1.4696938456697681,-3.1000000000000014
2022-01-07,Hyderabad,17.5,69,0.0,0.7,4,1,1,0.1202080448993527,0.9927487224577402,19.9,21.6,18.9,63.0,0.0,19.333333333333336,20.314285714285713,58.142857142857146,0.0,1.7620334573333665,-2.3999999999999986
2022-01-07,Delhi,16.4,64,0.0,1.0,4,1,1,0.1202080448993527,0.9927487224577402,15.4,15.7,14.7,45.0,0.0,15.733333333333322,16.085714285714285,54.714285714285715,0.0,1.699439683571339,0.9999999999999982
2022-01-07,Mumbai,22.7,89,0.0,3.9,4,1,1,0.1202080448993527,0.9927487224577402,22.4,23.9,24.9,88.0,0.0,23.53333333333333,23.885714285714283,85.71428571428571,0.0,1.5290831364235224,0.3000000000000007
2022-01-07,Chennai,26.0,85,0.0,2.7,4,1,1,0.1202080448993527,0.9927487224577402,26.0,23.3,24.3,73.0,0.0,24.400000000000002,24.0,80.0,0.0,2.043689474129335,0.0
2022-01-07,Bangalore,16.9,63,0.0,2.1,4,1,1,0.1202080448993527,0.9927487224577402,19.4,20.4,17.7,72.0,0.0,17.266666666666666,18.3,68.0,0.38571428571428573,2.6795522013949697,-2.5
2022-01-08,Chennai,29.7,78,2.4,3.2,5,1,1,0.13727877211326478,0.9905324521322229,26.0,21.2,22.3,85.0,0.0,27.233333333333334,25.057142857142857,80.57142857142857,0.34285714285714286,2.7939560619649826,3.6999999999999993
2022-01-08,Bangalore,19.5,67,0.0,2.2,5,1,1,0.13727877211326478,0.9905324521322229,16.9,15.5,16.6,63.0,0.0,18.599999999999998,18.714285714285715,68.28571428571429,0.38571428571428573,2.5957841277918003,2.6000000000000014
2022-01-08,Hyderabad,16.2,56,0.0,2.6,5,1,1,0.13727877211326478,0.9905324521322229,17.5,20.6,22.3,69.0,0.0,17.86666666666667,19.442857142857143,58.42857142857143,0.0,2.093527440196915,-1.3000000000000007
2022-01-08,Delhi,11.0,44,0.0,3.6,5,1,1,0.13727877211326478,0.9905324521322229,16.4,15.4,18.6,64.0,0.0,14.266666666666657,15.0,53.42857142857143,0.0,2.1840329667845846,-5.399999999999999
2022-01-08,Mumbai,26.8,86,0.0,2.5,5,1,1,0.13727877211326478,0.9905324521322229,22.7,25.5,22.7,89.0,0.0,23.96666666666667,24.47142857142857,85.42857142857143,0.0,1.7660825629191976,4.100000000000001
2022-01-09,Chennai,24.4,76,0.0,3.2,6,1,1,0.15430882066428117,0.9880226656636976,29.7,26.0,23.0,78.0,2.4,26.7,25.257142857142856,79.57142857142857,0.34285714285714286,2.6694925503156735,-5.300000000000001
2022-01-09,Mumbai,24.5,86,0.0,5.0,6,1,1,0.15430882066428117,0.9880226656636976,26.8,22.4,26.4,86.0,0.0,24.666666666666668,24.2,87.0,0.0,1.553490693030675,-2.3000000000000007
2022-01-09,Bangalore,16.9,65,0.0,2.0,6,1,1,0.15430882066428117,0.9880226656636976,19.5,19.4,22.9,67.0,0.0,17.766666666666666,17.857142857142858,67.42857142857143,0.38571428571428573,1.8733723093727193,-2.6000000000000014
2022-01-09,Hyderabad,21.9,66,0.0,2.9,6,1,1,0.15430882066428117,0.9880226656636976,16.2,19.9,18.6,56.0,0.0,18.533333333333335,19.914285714285715,59.0,0.0,2.238622025137084,5.699999999999999
2022-01-10,Bangalore,17.3,70,0.0,5.0,0,1,1,0.1712931441814776,0.9852201067560606,16.9,16.9,16.4,65.0,0.0,17.9,17.985714285714284,67.71428571428571,0.38571428571428573,1.7855237993641793,0.40000000000000213
2022-01-10,Hyderabad,23.4,52,0.0,3.8,0,1,1,0.1712931441814776,0.9852201067560606,21.9,17.5,21.7,66.0,0.0,20.5,20.157142857142855,58.57142857142857,0.0,2.5369648157179383,1.5
2022-01-10,Delhi,12.1,47,0.0,2.3,0,1,1,0.1712931441814776,0.9852201067560606,11.0,15.4,17.7,44.0,0.0,13.166666666666657,14.2,53.0,0.0,2.0518284528687865,1.0999999999999996
2022-01-11,Delhi,15.1,52,0.0,2.7,1,1,1,0.1882267098432442,0.9821256058680006,12.1,16.4,13.4,47.0,0.0,12.733333333333325,14.442857142857145,53.0,0.0,2.0419411865981143,3.0
2022-01-11,Mumbai,23.8,94,0.0,2.9,1,1,1,0.1882267098432442,0.9821256058680006,24.5,22.7,23.6,86.0,0.0,25.03333333333333,24.228571428571428,88.57142857142857,0.0,1.5424161627288584,-0.6999999999999993
2022-01-11,Hyderabad,17.3,55,0.0,3.2,1,1,1,0.1882267098432442,0.9821256058680006,23.4,16.2,21.6,52.0,0.0,20.866666666666667,19.542857142857144,58.857142857142854,0.0,2.6475505301172455,-6.099999999999998
2022-01-11,Chennai,23.3,69,0.0,3.8,1,1,1,0.1882267098432442,0.9821256058680006,24.4,26.0,26.2,76.0,0.0,25.8,24.842857142857145,78.14285714285714,0.34285714285714286,2.723268344506444,-1.0999999999999979
2022-01-12,Chennai,22.9,77,0.0,3.4,2,1,1,0.2051044998686192,0.9787400799669153,23.3,29.7,23.3,69.0,0.0,23.53333333333333,24.785714285714285,77.28571428571429,0.34285714285714286,2.7649162563741956,-0.40000000000000213
2022-01-12,Mumbai,21.4,84,0.0,2.9,2,1,1,0.2051044998686192,0.9787400799669153,23.8,26.8,23.9,94.0,0.0,23.233333333333334,23.87142857142857,88.28571428571429,0.0,1.88300671419776,-2.400000000000002
2022-01-12,Delhi,13.8,54,0.0,3.1,2,1,1,0.2051044998686192,0.9787400799669153,15.1,11.0,15.7,52.0,0.0,13.666666666666657,14.171428571428573,52.285714285714285,0.0,1.9720668393970677,-1.299999999999999
2022-01-12,Hyderabad,20.1,63,0.0,1.1,2,1,1,0.2051044998686192,0.9787400799669153,17.3,21.9,20.6,55.0,0.0,20.26666666666667,19.47142857142857,60.57142857142857,0.0,2.6208868001208905,2.8000000000000007
2022-01-13,Hyderabad,19.6,56,0.0,2.7,3,1,1,0.2219215130041655,0.9750645322571948,20.1,23.4,19.9,63.0,0.0,19.000000000000004,19.428571428571427,59.57142857142857,0.0,2.615157283806831,-0.5
2022-01-13,Mumbai,22.4,83,0.0,4.2,3,1,1,0.2219215130041655,0.9750645322571948,21.4,24.5,25.5,84.0,0.0,22.53333333333333,23.428571428571427,87.14285714285714,0.0,1.7988091298728155,1.0
2022-01-13,Delhi,15.0,45,0.0,1.7,3,1,1,0.2219215130041655,0.9750645322571948,13.8,12.1,15.4,54.0,0.0,14.633333333333324,14.114285714285714,50.142857142857146,0.0,1.935999803227563,1.1999999999999993
2022-01-13,Chennai,25.2,75,0.0,3.9,3,1,1,0.2219215130041655,0.9750645322571948,22.9,24.4,21.2,77.0,0.0,23.8,25.357142857142858,76.14285714285714,0.34285714285714286,2.2692562238593106,2.3000000000000007
2022-01-13,Bangalore,19.2,68,0.0,3.7,3,1,1,0.2219215130041655,0.9750645322571948,17.3,19.5,20.4,70.0,0.0,17.8,17.814285714285713,68.42857142857143,0.0,1.5582346543752346,1.8999999999999986
2022-01-14,Mumbai,23.3,86,0.0,3.2,4,1,1,0.2386727660059501,0.9711000518829505,22.4,23.8,22.4,83.0,0.0,22.366666666666664,23.557142857142853,86.85714285714286,0.0,1.7443787268986821,0.9000000000000021
2022-01-14,Chennai,24.1,83,0.0,2.8,4,1,1,0.2386727660059501,0.9711000518829505,25.2,23.3,26.0,75.0,0.0,24.066666666666666,25.085714285714285,77.57142857142857,0.34285714285714286,2.2930536928069603,-1.0999999999999979
2022-01-14,Delhi,16.1,66,0.0,1.3,4,1,1,0.2386727660059501,0.9711000518829505,15.0,15.1,15.4,45.0,0.0,14.96666666666666,14.214285714285714,53.142857142857146,0.0,2.0293090543574572,1.1000000000000014
2022-01-14,Hyderabad,21.2,55,0.0,1.0,4,1,1,0.2386727660059501,0.9711000518829505,19.6,17.3,17.5,56.0,0.0,20.3,19.957142857142856,57.57142857142857,0.0,2.53302003075198,1.5999999999999979
2022-01-14,Bangalore,19.9,66,0.0,3.5,4,1,1,0.2386727660059501,0.9711000518829505,19.2,16.9,15.5,68.0,0.0,18.799999999999997,18.442857142857143,67.28571428571429,0.0,1.3414633090489032,0.6999999999999993
2022-01-15,Delhi,14.7,58,0.0,4.1,5,1,1,0.255353295116187,0.9668478136052775,16.1,13.8,16.4,66.0,0.0,15.266666666666657,13.971428571428572,52.285714285714285,0.0,1.8144919267891182,-1.4000000000000021
2022-01-15,Chennai,24.0,75,0.0,3.1,5,1,1,0.255353295116187,0.9668478136052775,24.1,22.9,26.0,83.0,0.0,24.433333333333334,24.8,76.14285714285714,0.34285714285714286,2.284731931759258,-0.10000000000000142
2022-01-15,Hyderabad,20.8,62,0.0,4.3,5,1,1,0.255353295116187,0.9668478136052775,21.2,20.1,16.2,55.0,0.0,20.533333333333335,20.614285714285717,58.42857142857143,0.0,1.9178360821758211,-0.3999999999999986
2022-01-15,Mumbai,19.6,84,0.0,4.9,5,1,1,0.255353295116187,0.9668478136052775,23.3,21.4,22.7,86.0,0.0,21.766666666666666,23.114285714285717,86.14285714285714,0.0,2.3024831316272536,-3.6999999999999993
2022-01-16,Bangalore,19.2,69,0.0,3.1,6,1,1,0.2719581575341055,0.9623090774541486,19.9,17.3,19.4,66.0,0.0,19.433333333333334,18.41428571428571,66.85714285714286,0.0,1.3196319833306547,-0.6999999999999993
2022-01-16,Mumbai,23.9,90,0.0,1.2,6,1,1,0.2719581575341055,0.9623090774541486,19.6,22.4,26.8,84.0,0.0,22.266666666666666,22.699999999999996,86.71428571428571,0.0,1.714642819948058,4.299999999999997
2022-01-16,Delhi,16.0,49,0.0,0.5,6,1,1,0.2719581575341055,0.9623090774541486,14.7,15.0,11.0,58.0,0.0,15.599999999999989,14.685714285714285,53.0,0.0,1.3825442385075666,1.3000000000000007
2022-01-16,Chennai,25.7,77,0.0,2.3,6,1,1,0.2719581575341055,0.9623090774541486,24.0,25.2,29.7,75.0,0.0,24.599999999999998,24.228571428571428,76.0,0.0,0.9860937847797877,1.6999999999999993
2022-01-17,Bangalore,19.6,67,0.0,2.1,0,1,1,0.288482432880609,0.9574851883550393,19.2,19.2,16.9,69.0,0.0,19.566666666666666,18.8,67.42857142857143,0.0,1.1916375287815504,0.40000000000000213
2022-01-17,Mumbai,24.3,81,0.0,2.8,0,1,1,0.288482432880609,0.9574851883550393,23.9,23.3,24.5,90.0,0.0,22.600000000000005,22.67142857142857,86.0,0.0,1.680986105151887,0.40000000000000213
2022-01-17,Hyderabad,20.1,58,0.0,2.8,0,1,1,0.288482432880609,0.9574851883550393,20.8,19.6,21.9,62.0,0.0,20.700000000000003,20.357142857142858,57.285714285714285,0.0,1.83562627174599,-0.6999999999999993
2022-01-17,Chennai,24.2,80,0.0,4.0,0,1,1,0.288482432880609,0.9574851883550393,25.7,24.1,24.4,77.0,0.0,24.633333333333336,24.2,76.57142857142857,0.0,0.9831920802503648,-1.5
2022-01-17,Delhi,14.3,63,0.0,4.9,0,1,1,0.288482432880609,0.9574851883550393,16.0,16.1,12.1,49.0,0.0,14.999999999999991,15.0,55.285714285714285,0.0,0.8406346808623502,-1.6999999999999993
2022-01-18,Bangalore,19.8,68,0.0,3.0,1,1,1,0.30492122465628907,0.9523775757303974,19.6,19.9,19.5,67.0,0.0,19.53333333333333,18.842857142857145,67.57142857142857,0.0,1.225910740167383,0.1999999999999993
2022-01-18,Delhi,13.8,61,0.0,2.3,1,1,1,0.30492122465628907,0.9523775757303974,14.3,14.7,15.1,63.0,0.0,14.69999999999999,14.814285714285715,56.57142857142857,0.0,0.9511897312123343,-0.5
2022-01-18,Hyderabad,21.5,59,0.0,2.0,1,1,1,0.30492122465628907,0.9523775757303974,20.1,21.2,23.4,58.0,0.0,20.8,20.085714285714285,58.285714285714285,0.0,1.3993195625358497,1.3999999999999986
2022-01-18,Mumbai,23.1,92,0.0,3.6,1,1,1,0.30492122465628907,0.9523775757303974,24.3,19.6,23.8,81.0,0.0,23.766666666666666,22.571428571428573,85.71428571428571,0.0,1.6224613870229292,-1.1999999999999993
2022-01-18,Chennai,30.0,80,0.0,2.8,1,1,1,0.30492122465628907,0.9523775757303974,24.2,24.0,23.3,80.0,0.0,26.633333333333336,25.157142857142855,78.14285714285714,0.0,2.317223297294461,5.800000000000001
2022-01-19,Mumbai,23.7,91,0.0,4.0,2,1,1,0.3212696616923644,0.9469877530760753,23.1,23.9,21.4,92.0,0.0,23.700000000000003,22.900000000000002,86.71428571428571,0.0,1.5779733838057763,0.5999999999999979
2022-01-19,Chennai,24.4,78,0.0,2.6,2,1,1,0.3212696616923644,0.9469877530760753,30.0,25.7,22.9,80.0,0.0,26.2,25.37142857142857,78.28571428571429,0.0,2.1359730692078873,-5.600000000000001
2022-01-19,Delhi,15.4,56,0.0,3.1,2,1,1,0.3212696616923644,0.9469877530760753,13.8,16.0,13.8,61.0,0.0,14.499999999999991,15.042857142857143,56.857142857142854,0.0,0.8541216596748299,1.5999999999999996
2022-01-19,Hyderabad,16.2,59,0.0,1.5,2,1,1,0.3212696616923644,0.9469877530760753,21.5,20.8,17.3,59.0,0.0,19.26666666666667,19.928571428571427,58.857142857142854,0.0,1.7754945655735592,-5.300000000000001
2022-01-20,Chennai,22.8,68,0.0,1.6,3,1,1,0.3375228995941133,0.9413173175128471,24.4,24.2,25.2,78.0,0.0,25.73333333333333,25.02857142857143,77.28571428571429,0.0,2.349974670582929,-1.5999999999999979
2022-01-20,Mumbai,24.9,77,0.0,2.3,3,1,1,0.3375228995941133,0.9413173175128471,23.7,24.3,22.4,91.0,0.0,23.900000000000002,23.257142857142856,85.85714285714286,0.0,1.7222631843565515,1.1999999999999993
2022-01-20,Delhi,16.2,55,0.0,3.1,3,1,1,0.3375228995941133,0.9413173175128471,15.4,14.3,15.0,56.0,0.0,15.133333333333326,15.214285714285714,58.285714285714285,0.0,0.958172864412839,0.7999999999999989
2022-01-20,Bangalore,18.2,79,0.0,4.4,3,1,1,0.3375228995941133,0.9413173175128471,19.8,19.2,16.9,68.0,0.0,19.2,19.02857142857143,69.57142857142857,0.0,0.9499373412923284,-1.6000000000000014
2022-01-20,Hyderabad,20.2,59,0.0,4.1,3,1,1,0.3375228995941133,0.9413173175128471,16.2,20.1,20.1,59.0,0.0,19.3,19.942857142857147,58.285714285714285,0.0,1.7775049393810693,4.0
2022-01-21,Hyderabad,19.9,64,0.0,4.7,4,1,1,0.3536761221763716,0.9353679493131483,20.2,21.5,19.6,59.0,0.0,18.76666666666667,19.985714285714288,59.42857142857143,0.0,1.7714669734701596,-0.3000000000000007
2022-01-21,Delhi,18.8,54,0.0,5.4,4,1,1,0.3536761221763716,0.9353679493131483,16.2,13.8,16.1,55.0,0.0,16.799999999999994,15.6,56.57142857142857,0.0,1.6603212540555252,2.6000000000000014
2022-01-21,Mumbai,26.4,92,0.0,2.9,4,1,1,0.3536761221763716,0.9353679493131483,24.9,23.1,23.3,77.0,0.0,25.0,23.7,86.71428571428571,0.0,2.0936411663255186,1.5
2022-01-21,Bangalore,19.8,66,0.0,3.0,4,1,1,0.3536761221763716,0.9353679493131483,18.2,19.6,17.3,79.0,0.0,19.266666666666666,19.385714285714283,69.0,0.0,0.5956189257927147,1.6000000000000014
2022-01-21,Chennai,24.7,82,0.0,4.5,4,1,1,0.3536761221763716,0.9353679493131483,22.8,30.0,24.1,68.0,0.0,23.966666666666665,25.114285714285717,77.14285714285714,0.0,2.321227097484354,1.8999999999999986
2022-01-22,Chennai,22.5,85,0.0,3.2,5,1,1,0.3697245428906731,0.9291414114031743,24.7,24.4,24.0,82.0,0.0,23.333333333333332,24.900000000000002,78.57142857142857,0.0,2.5033311140692227,-2.1999999999999993
2022-01-22,Mumbai,21.6,86,0.0,4.4,5,1,1,0.3697245428906731,0.9291414114031743,26.4,23.7,19.6,92.0,0.0,24.299999999999997,23.985714285714284,87.0,0.0,1.4904457626589944,-4.799999999999997
2022-01-22,Hyderabad,19.1,57,0.0,1.4,5,1,1,0.3697245428906731,0.9291414114031743,19.9,16.2,21.2,64.0,0.0,19.733333333333338,19.685714285714287,59.714285714285715,0.0,1.7082433193475501,-0.7999999999999972
2022-01-22,Bangalore,18.9,72,0.0,2.3,5,1,1,0.3697245428906731,0.9291414114031743,19.8,19.8,19.2,66.0,0.0,18.96666666666667,19.342857142857145,69.57142857142857,0.0,0.6214422549127486,-0.9000000000000021
2022-01-22,Delhi,13.7,55,0.0,2.7,5,1,1,0.3697245428906731,0.9291414114031743,18.8,15.4,14.7,54.0,0.0,16.233333333333324,15.457142857142857,56.142857142857146,0.0,1.7887212777639963,-5.100000000000001
2022-01-23,Delhi,18.6,60,0.0,4.1,6,1,1,0.38566340624360707,0.9226395488404876,13.7,16.2,16.0,55.0,0.0,17.033333333333324,15.828571428571431,57.714285714285715,0.0,2.1530708965837886,4.900000000000002
2022-01-23,Chennai,21.9,86,0.0,3.9,6,1,1,0.38566340624360707,0.9226395488404876,22.5,22.8,25.7,85.0,0.0,23.03333333333333,24.357142857142858,79.85714285714286,0.0,2.704845739814166,-0.6000000000000014
2022-01-23,Mumbai,24.4,86,0.0,3.6,6,1,1,0.38566340624360707,0.9226395488404876,21.6,24.9,23.9,86.0,0.0,24.133333333333336,24.057142857142857,86.42857142857143,0.0,1.4976171549687627,2.799999999999997
2022-01-23,Bangalore,14.3,67,0.0,3.2,6,1,1,0.38566340624360707,0.9226395488404876,18.9,18.2,19.9,72.0,0.0,17.666666666666668,18.542857142857144,69.71428571428571,0.0,1.9560650490694553,-4.599999999999998
2022-01-23,Hyderabad,17.1,54,0.0,2.4,6,1,1,0.38566340624360707,0.9226395488404876,19.1,20.2,20.8,57.0,0.0,18.700000000000003,19.157142857142855,58.57142857142857,0.0,1.8707014217998885,-2.0
2022-01-24,Mumbai,22.9,79,0.0,2.9,0,1,1,0.401487989205973,0.9158642882672872,24.4,26.4,24.3,86.0,0.0,22.966666666666665,23.857142857142858,86.14285714285714,0.0,1.5522640914236776,-1.5
2022-01-24,Chennai,22.8,81,0.0,3.3,0,1,1,0.401487989205973,0.9158642882672872,21.9,24.7,24.2,86.0,0.0,22.399999999999995,24.157142857142855,80.0,0.0,2.7693905122831928,0.9000000000000021
2022-01-24,Delhi,16.5,51,0.0,2.0,0,1,1,0.401487989205973,0.9158642882672872,18.6,18.8,14.3,60.0,0.0,16.266666666666655,16.142857142857142,56.0,0.0,2.0508999186192116,-2.1000000000000014
2022-01-24,Bangalore,22.2,75,0.0,2.9,0,1,1,0.401487989205973,0.9158642882672872,14.3,19.8,19.2,67.0,0.0,18.46666666666667,18.97142857142857,70.57142857142857,0.0,2.401884181022933,7.899999999999999
2022-01-25,Mumbai,23.6,92,0.0,4.0,1,1,1,0.4171936026123168,0.9088176373395029,22.9,21.6,23.1,79.0,0.0,23.633333333333336,23.928571428571427,86.14285714285714,0.0,1.5228419547172953,0.7000000000000028
2022-01-25,Delhi,14.5,57,0.0,2.7,1,1,1,0.4171936026123168,0.9088176373395029,16.5,13.7,13.8,51.0,0.0,16.533333333333324,16.24285714285714,55.42857142857143,0.0,1.9311975066071356,-2.0
2022-01-25,Chennai,25.9,80,0.0,2.5,1,1,1,0.4171936026123168,0.9088176373395029,22.8,22.5,30.0,81.0,0.0,23.53333333333333,23.571428571428573,80.0,0.0,1.4442002235544118,3.099999999999998
2022-01-25,Hyderabad,18.6,57,0.0,2.5,1,1,1,0.4171936026123168,0.9088176373395029,17.1,19.9,20.1,54.0,0.0,18.26666666666667,18.942857142857147,58.42857142857143,0.0,1.8301704318243512,1.5
2022-01-25,Bangalore,15.4,72,0.0,2.7,1,1,1,0.4171936026123168,0.9088176373395029,22.2,18.9,19.6,75.0,0.0,17.3,18.37142857142857,71.28571428571429,0.0,2.7219565791996465,-6.799999999999999
2022-01-26,Delhi,16.2,59,0.0,2.9,2,1,1,0.4327755925504312,0.901501684131884,14.5,18.6,15.4,57.0,0.0,15.733333333333325,16.357142857142858,55.857142857142854,0.0,1.8963624327096011,1.6999999999999993
2022-01-26,Chennai,25.9,77,0.0,2.9,2,1,1,0.4327755925504312,0.901501684131884,25.9,21.9,24.4,80.0,0.0,24.866666666666664,23.785714285714285,79.85714285714286,0.0,1.6797108594722214,0.0
2022-01-26,Hyderabad,18.8,60,0.0,3.2,2,1,1,0.4327755925504312,0.901501684131884,18.6,19.1,21.5,57.0,0.0,18.16666666666667,18.557142857142857,58.57142857142857,0.0,1.4455185261781134,0.1999999999999993
2022-01-26,Mumbai,23.5,86,0.0,3.0,2,1,1,0.4327755925504312,0.901501684131884,23.6,24.4,23.7,92.0,0.0,23.333333333333332,23.9,85.42857142857143,0.0,1.529705854077695,-0.10000000000000142
2022-01-26,Bangalore,21.1,64,0.0,0.9,2,1,1,0.4327755925504312,0.901501684131884,15.4,14.3,19.8,72.0,0.0,19.566666666666666,18.557142857142853,70.71428571428571,0.0,2.8756779738914475,5.700000000000001
2022-01-27,Bangalore,18.3,62,0.0,3.2,3,1,1,0.4482293417404106,0.893918596519257,21.1,22.2,18.2,64.0,0.0,18.266666666666666,18.571428571428573,68.28571428571429,0.0,2.8738558800065515,-2.8000000000000007
2022-01-27,Chennai,25.8,73,0.0,4.2,3,1,1,0.4482293417404106,0.893918596519257,25.9,22.8,22.8,77.0,0.0,25.866666666666664,24.21428571428571,80.57142857142857,0.0,1.7667565116418649,-0.09999999999999787
2022-01-27,Hyderabad,18.8,71,0.0,2.9,3,1,1,0.4482293417404106,0.893918596519257,18.8,17.1,16.2,60.0,0.0,18.733333333333338,18.928571428571427,60.285714285714285,0.0,1.0061714328986264,0.0
2022-01-27,Delhi,17.3,53,0.0,3.0,3,1,1,0.4482293417404106,0.893918596519257,16.2,16.5,16.2,59.0,0.0,15.999999999999991,16.514285714285712,55.57142857142857,0.0,1.9265068313998683,1.1000000000000014
2022-01-27,Mumbai,24.8,82,3.0,2.2,3,1,1,0.4482293417404106,0.893918596519257,23.5,22.9,24.9,86.0,0.0,23.96666666666667,23.88571428571429,86.14285714285714,0.4285714285714287,1.5192416654682717,1.3000000000000007
2022-01-28,Bangalore,18.0,62,0.0,3.4,4,1,1,0.4635502709028509,0.886070621534138,18.3,15.4,19.8,62.0,0.0,19.133333333333336,18.314285714285713,67.71428571428571,0.0,2.8257321006709977,-0.3000000000000007
2022-01-28,Hyderabad,21.3,54,0.0,4.2,4,1,1,0.4635502709028509,0.886070621534138,18.8,18.6,20.2,71.0,0.0,19.633333333333336,19.085714285714285,59.57142857142857,0.0,1.285079208231496,2.5
2022-01-28,Chennai,25.5,74,0.0,3.6,4,1,1,0.4635502709028509,0.886070621534138,25.8,25.9,24.7,73.0,0.0,25.733333333333334,24.328571428571426,79.42857142857143,0.0,1.8282179717914702,-0.3000000000000007
2022-01-28,Delhi,16.9,55,0.0,1.3,4,1,1,0.4635502709028509,0.886070621534138,17.3,14.5,18.8,53.0,0.0,16.79999999999999,16.242857142857144,55.714285714285715,0.0,1.6671903939039527,-0.40000000000000213
2022-01-29,Hyderabad,22.6,62,0.0,3.3,5,1,1,0.47873384011578846,0.8779600847008882,21.3,18.8,19.9,54.0,0.0,20.900000000000006,19.47142857142857,59.285714285714285,0.0,1.8508685219957113,1.3000000000000007
2022-01-29,Delhi,15.4,47,0.0,2.6,5,1,1,0.47873384011578846,0.8779600847008882,16.9,16.2,13.7,55.0,0.0,16.533333333333324,16.485714285714288,54.57142857142857,0.0,1.323415494631358,-1.4999999999999982
2022-01-29,Chennai,30.2,75,0.0,3.0,5,1,1,0.47873384011578846,0.8779600847008882,25.5,25.9,22.5,74.0,0.0,27.166666666666668,25.428571428571427,78.0,0.0,2.668154346931232,4.699999999999999
2022-01-29,Mumbai,25.7,80,0.0,4.0,5,1,1,0.47873384011578846,0.8779600847008882,24.8,23.6,26.4,82.0,3.0,24.666666666666668,23.785714285714285,84.42857142857143,0.4285714285714287,1.3384425917566025,0.8999999999999986
2022-01-29,Bangalore,17.6,59,0.0,2.1,5,1,1,0.47873384011578846,0.8779600847008882,18.0,21.1,18.9,62.0,0.0,17.96666666666667,18.12857142857143,65.85714285714286,0.0,2.823540499511489,-0.3999999999999986
2022-01-30,Mumbai,26.9,82,0.0,3.1,6,1,1,0.49377555015997715,0.869589389346611,25.7,23.5,21.6,80.0,0.0,25.799999999999997,24.542857142857144,83.85714285714286,0.4285714285714287,1.3938641048742133,1.1999999999999993
2022-01-30,Chennai,23.6,71,0.0,2.5,6,1,1,0.49377555015997715,0.869589389346611,30.2,25.8,21.9,75.0,0.0,26.433333333333337,25.67142857142857,75.85714285714286,0.0,2.3521013907528245,-6.599999999999998
2022-01-30,Delhi,14.2,63,0.0,4.1,6,1,1,0.49377555015997715,0.869589389346611,15.4,17.3,18.6,47.0,0.0,15.499999999999991,15.857142857142858,55.0,0.0,1.1900380145996643,-1.200000000000001
2022-01-30,Hyderabad,21.4,59,0.0,2.2,6,1,1,0.49377555015997715,0.869589389346611,22.6,18.8,19.1,62.0,0.0,21.76666666666667,19.8,59.57142857142857,0.0,1.9739976359324642,-1.2000000000000028
2022-01-30,Bangalore,19.8,76,0.0,2.1,6,1,1,0.49377555015997715,0.869589389346611,17.6,18.3,14.3,59.0,0.0,18.46666666666667,18.914285714285715,67.14285714285714,0.0,2.296684981612084,2.1999999999999993
2022-01-31,Delhi,14.3,46,0.0,3.6,0,1,1,0.5086709438521044,0.8609610158889943,14.2,16.9,16.5,63.0,0.0,14.633333333333324,15.542857142857144,54.285714285714285,0.0,1.279136613576647,0.10000000000000142
2022-01-31,Hyderabad,19.6,64,0.0,2.5,0,1,1,0.5086709438521044,0.8609610158889943,21.4,21.3,17.1,59.0,0.0,21.200000000000003,20.157142857142862,61.0,0.0,1.5935883438090557,-1.7999999999999972
2022-01-31,Bangalore,20.0,63,0.0,3.9,0,1,1,0.5086709438521044,0.8609610158889943,19.8,18.0,22.2,76.0,0.0,19.133333333333336,18.599999999999998,65.42857142857143,0.0,1.8859126879755805,0.1999999999999993
2022-02-01,Chennai,22.4,79,0.0,2.7,1,2,1,0.5234156073655503,0.8520775211013093,23.6,25.5,22.8,71.0,0.0,25.400000000000002,25.614285714285717,75.57142857142857,0.0,2.4368207234213304,-1.2000000000000028
2022-02-01,Hyderabad,21.5,47,0.0,1.9,1,2,1,0.5234156073655503,0.8520775211013093,19.6,22.6,18.6,64.0,0.0,20.833333333333332,20.571428571428573,59.57142857142857,0.0,1.4952305125680623,1.8999999999999986
2022-02-01,Delhi,20.2,56,0.0,1.5,1,2,1,0.5234156073655503,0.8520775211013093,14.3,15.4,14.5,46.0,0.0,16.233333333333324,16.357142857142858,54.142857142857146,0.0,2.072725374040728,5.899999999999999
2022-02-02,Bangalore,17.4,71,0.0,2.7,2,2,1,0.5380051715382996,0.8429415373547828,20.0,17.6,15.4,63.0,0.0,19.066666666666666,18.885714285714283,65.28571428571429,0.0,1.4123604018672078,-2.6000000000000014
2022-02-02,Hyderabad,18.4,59,0.0,3.9,2,2,1,0.5380051715382996,0.8429415373547828,21.5,21.4,18.8,47.0,0.0,19.83333333333334,20.514285714285712,59.42857142857143,0.0,1.5794815303643703,-3.1000000000000014
2022-02-02,Mumbai,20.9,76,0.0,3.7,2,2,1,0.5380051715382996,0.8429415373547828,26.9,24.8,24.4,82.0,0.0,24.5,24.042857142857144,82.42857142857143,0.4285714285714287,1.9645670794155643,-6.0
2022-02-02,Delhi,16.0,51,0.0,2.5,2,2,1,0.5380051715382996,0.8429415373547828,20.2,14.2,16.2,56.0,0.0,16.833333333333325,16.32857142857143,53.0,0.0,2.0766273022337813,-4.199999999999999
2022-02-03,Bangalore,20.8,74,0.0,3.1,3,2,1,0.5524353131676196,0.8335557718385699,17.4,19.8,21.1,71.0,0.0,19.400000000000002,18.842857142857145,66.71428571428571,0.0,1.3364843718469268,3.400000000000002
2022-02-03,Chennai,26.2,78,0.0,2.4,3,2,1,0.5524353131676196,0.8335557718385699,22.4,30.2,25.9,79.0,0.0,24.066666666666666,25.657142857142855,75.28571428571429,0.0,2.4453064858058653,3.8000000000000007
2022-02-03,Mumbai,23.5,84,0.0,2.9,3,2,1,0.5524353131676196,0.8335557718385699,20.9,25.7,22.9,76.0,0.0,23.766666666666666,24.12857142857143,83.14285714285714,0.4285714285714287,1.9189530875924385,2.6000000000000014
2022-02-03,Delhi,20.9,54,0.0,5.3,3,2,1,0.5524353131676196,0.8335557718385699,16.0,14.3,17.3,51.0,0.0,19.033333333333324,16.84285714285714,53.142857142857146,0.0,2.707309330225413,4.899999999999999
2022-02-03,Hyderabad,20.6,53,0.0,4.0,3,2,1,0.5524353131676196,0.8335557718385699,18.4,19.6,18.8,59.0,0.0,20.166666666666668,20.771428571428572,56.857142857142854,0.0,1.3889015872436312,2.200000000000003
2022-02-04,Hyderabad,20.8,52,0.0,2.4,4,2,1,0.5667017562911176,0.8239230057575542,20.6,21.5,21.3,53.0,0.0,19.933333333333334,20.7,56.57142857142857,0.0,1.3699148392023965,0.1999999999999993
2022-02-04,Delhi,14.9,44,0.0,3.4,4,2,1,0.5667017562911176,0.8239230057575542,20.9,20.2,16.9,54.0,0.0,17.266666666666655,16.557142857142857,51.57142857142857,0.0,2.804078662031243,-5.999999999999998
2022-02-04,Chennai,28.3,86,0.0,3.1,4,2,1,0.5667017562911176,0.8239230057575542,26.2,23.6,25.9,78.0,0.0,25.633333333333336,26.0,76.57142857142857,0.0,2.645121295265513,2.1000000000000014
2022-02-04,Bangalore,16.3,72,0.0,5.3,4,2,1,0.5667017562911176,0.8239230057575542,20.8,20.0,18.3,74.0,0.0,18.166666666666668,18.557142857142857,68.14285714285714,0.0,1.6490978774846639,-4.5
2022-02-05,Delhi,15.0,42,0.0,2.8,5,2,1,0.5808002734538009,0.8140460935082178,14.9,16.0,15.4,44.0,0.0,16.933333333333323,16.5,50.857142857142854,0.0,2.83548937575188,0.09999999999999964
2022-02-05,Hyderabad,21.3,57,0.0,3.0,5,2,1,0.5808002734538009,0.8140460935082178,20.8,18.4,22.6,52.0,0.0,20.900000000000002,20.514285714285712,55.857142857142854,0.0,1.1378760498236056,0.5
2022-02-05,Mumbai,23.8,80,0.0,4.8,5,2,1,0.5808002734538009,0.8140460935082178,23.5,26.9,23.6,84.0,0.0,22.733333333333334,24.157142857142855,81.42857142857143,0.4285714285714287,1.9112449196418408,0.3000000000000007
2022-02-05,Bangalore,17.4,70,0.0,2.7,5,2,1,0.5808002734538009,0.8140460935082178,16.3,17.4,18.0,72.0,0.0,18.166666666666668,18.47142857142857,69.28571428571429,0.0,1.6977576247455262,1.0999999999999979
2022-02-05,Chennai,25.0,81,0.0,4.6,5,2,1,0.5808002734538009,0.8140460935082178,28.3,22.4,25.8,86.0,0.0,26.5,25.88571428571429,77.71428571428571,0.0,2.6723451445180135,-3.3000000000000007
2022-02-06,Chennai,23.3,81,0.0,1.4,6,2,1,0.5947266869607634,0.8039279618328213,25.0,26.2,25.5,81.0,0.0,25.53333333333333,25.571428571428573,78.71428571428571,0.0,2.8488092750682172,-1.6999999999999993
2022-02-06,Mumbai,25.6,77,0.0,2.5,6,2,1,0.5947266869607634,0.8039279618328213,23.8,20.9,23.5,80.0,0.0,24.3,24.457142857142856,80.14285714285714,0.4285714285714287,1.9552128126771222,1.8000000000000007
2022-02-06,Delhi,11.7,51,0.0,3.3,6,2,1,0.5947266869607634,0.8039279618328213,15.0,20.9,14.2,42.0,0.0,13.866666666666658,16.142857142857142,49.142857142857146,0.0,3.2938615346619575,-3.3000000000000007
2022-02-06,Bangalore,17.7,69,0.0,4.4,6,2,1,0.5947266869607634,0.8039279618328213,17.4,20.8,17.6,70.0,0.0,17.133333333333336,18.485714285714288,70.71428571428571,0.0,1.6896040674556048,0.3000000000000007
2022-02-07,Hyderabad,20.9,55,0.0,3.4,0,2,1,0.6084768701151261,0.7935716089521474,21.3,20.6,21.4,57.0,0.0,21.000000000000004,20.442857142857143,55.285714285714285,0.0,1.0875923606100837,-0.40000000000000213
2022-02-07,Chennai,25.4,82,0.0,3.9,0,2,1,0.6084768701151261,0.7935716089521474,23.3,28.3,30.2,81.0,0.0,24.566666666666666,24.885714285714283,79.71428571428571,0.0,2.000357110975175,2.099999999999998
2022-02-07,Mumbai,24.3,83,0.0,0.8,0,2,1,0.6084768701151261,0.7935716089521474,25.6,23.5,24.8,77.0,0.0,24.566666666666666,24.385714285714283,80.28571428571429,0.0,1.9497252553701518,-1.3000000000000007
2022-02-07,Bangalore,18.4,65,0.0,1.0,0,2,1,0.6084768701151261,0.7935716089521474,17.7,16.3,19.8,69.0,0.0,17.833333333333332,18.285714285714285,69.14285714285714,0.0,1.5879006805934686,0.6999999999999993
2022-02-07,Delhi,19.5,53,0.0,4.9,0,2,1,0.6084768701151261,0.7935716089521474,11.7,14.9,14.3,51.0,0.0,15.399999999999991,16.885714285714283,50.142857142857146,0.0,3.3938319401668964,7.800000000000001
2022-02-08,Mumbai,22.2,83,0.0,3.0,1,2,1,0.6220467484408675,0.7829801036770629,24.3,23.8,25.7,83.0,0.0,24.03333333333333,23.885714285714283,80.71428571428571,0.0,2.004518704850322,-2.1000000000000014
2022-02-08,Bangalore,16.5,70,0.0,3.4,1,2,1,0.6220467484408675,0.7829801036770629,18.4,17.4,20.0,65.0,0.0,17.53333333333333,17.785714285714285,70.14285714285714,0.0,1.5071259308462677,-1.8999999999999986
2022-02-08,Delhi,12.1,48,0.0,1.0,1,2,1,0.6220467484408675,0.7829801036770629,19.5,15.0,20.2,53.0,0.0,14.433333333333325,15.72857142857143,49.0,0.0,3.455775014722863,-7.4
2022-02-08,Chennai,24.9,80,0.0,0.9,1,2,1,0.6220467484408675,0.7829801036770629,25.4,25.0,23.6,82.0,0.0,24.53333333333333,25.071428571428573,81.0,0.0,1.9198214202666544,-0.5
2022-02-09,Delhi,16.6,51,0.0,2.9,2,2,1,0.6354323008901774,0.7721565844991642,12.1,11.7,16.0,48.0,0.0,16.06666666666666,15.814285714285713,49.0,0.0,3.471036622984131,4.500000000000002
2022-02-09,Hyderabad,21.0,58,0.0,3.0,2,2,1,0.6354323008901774,0.7721565844991642,20.9,20.8,19.6,55.0,0.0,21.066666666666666,20.642857142857142,54.42857142857143,0.0,1.0341778423095678,0.10000000000000142
2022-02-09,Chennai,26.8,91,0.0,0.8,2,2,1,0.6354323008901774,0.7721565844991642,24.9,23.3,22.4,80.0,0.0,25.7,25.699999999999996,82.71428571428571,0.0,1.591644851508575,1.9000000000000021
2022-02-09,Mumbai,23.8,83,0.0,4.3,2,2,1,0.6354323008901774,0.7721565844991642,22.2,25.6,26.9,83.0,0.0,23.433333333333334,23.442857142857143,80.85714285714286,0.0,1.5087049003002546,1.6000000000000014
2022-02-09,Bangalore,15.7,77,0.0,2.7,2,2,1,0.6354323008901774,0.7721565844991642,16.5,17.7,17.4,70.0,0.0,16.866666666666664,17.54285714285714,71.0,0.0,1.703777316100263,-0.8000000000000007
2022-02-10,Delhi,18.1,51,0.9,1.7,3,2,1,0.6486295610349814,0.7611042586607747,16.6,19.5,20.9,51.0,0.0,15.599999999999993,15.414285714285715,48.57142857142857,0.1285714285714286,2.9019697743826436,1.5
2022-02-10,Hyderabad,19.0,60,0.0,4.6,3,2,1,0.6486295610349814,0.7611042586607747,21.0,21.3,21.5,58.0,0.0,20.3,20.285714285714285,56.285714285714285,0.0,1.1171818285738078,-2.0
2022-02-10,Chennai,26.8,78,0.0,3.2,3,2,1,0.6486295610349814,0.7611042586607747,26.8,25.4,26.2,91.0,0.0,26.166666666666668,25.785714285714285,82.71428571428571,0.0,1.6385243070404327,0.0
2022-02-10,Mumbai,25.9,83,0.0,3.4,3,2,1,0.6486295610349814,0.7611042586607747,23.8,24.3,20.9,83.0,0.0,23.96666666666667,24.157142857142855,81.85714285714286,0.0,1.268670094832937,2.099999999999998
2022-02-10,Bangalore,17.4,70,0.0,3.9,3,2,1,0.6486295610349814,0.7611042586607747,15.7,18.4,20.8,77.0,0.0,16.533333333333335,17.057142857142857,70.42857142857143,0.0,0.9289010404008842,1.6999999999999993
2022-02-11,Mumbai,23.3,80,0.0,2.7,4,2,1,0.6616346182422783,0.7498264012045686,25.9,22.2,23.5,83.0,0.0,24.333333333333332,24.128571428571426,81.28571428571429,0.0,1.2880402241573126,-2.599999999999998
2022-02-11,Delhi,16.2,50,0.0,3.0,4,2,1,0.6616346182422783,0.7498264012045686,18.1,12.1,14.9,51.0,0.9,16.966666666666658,15.6,49.42857142857143,0.1285714285714286,2.9051678092671107,-1.9000000000000021
2022-02-11,Hyderabad,21.1,55,0.0,1.9,4,2,1,0.6616346182422783,0.7498264012045686,19.0,20.9,18.4,60.0,0.0,20.36666666666667,20.67142857142857,55.714285714285715,0.0,0.7696628822940698,2.1000000000000014
2022-02-11,Bangalore,22.4,66,0.0,1.3,4,2,1,0.6616346182422783,0.7498264012045686,17.4,16.5,16.3,70.0,0.0,18.499999999999996,17.928571428571427,69.57142857142857,0.0,2.1538448456303123,5.0
2022-02-11,Chennai,25.2,82,0.0,3.4,4,2,1,0.6616346182422783,0.7498264012045686,26.8,24.9,28.3,78.0,0.0,26.26666666666667,25.342857142857138,82.14285714285714,0.0,1.2081075322686348,-1.6000000000000014
2022-02-12,Hyderabad,19.5,58,0.0,2.6,5,2,1,0.6744436188329455,0.7383263540031065,21.1,21.0,20.6,55.0,0.0,19.86666666666667,20.514285714285712,56.42857142857143,0.0,0.8896227129681661,-1.6000000000000014
2022-02-12,Mumbai,21.2,76,0.0,4.1,5,2,1,0.6744436188329455,0.7383263540031065,23.3,23.8,23.8,80.0,0.0,23.46666666666667,23.75714285714286,80.71428571428571,0.0,1.7057326313122376,-2.1000000000000014
2022-02-12,Delhi,13.0,58,0.0,2.4,5,2,1,0.6744436188329455,0.7383263540031065,16.2,16.6,15.0,50.0,0.0,15.766666666666657,15.314285714285715,51.714285714285715,0.1285714285714286,3.067805171687156,-3.1999999999999993
2022-02-12,Chennai,24.8,80,0.0,1.6,5,2,1,0.6744436188329455,0.7383263540031065,25.2,26.8,25.0,82.0,0.0,25.599999999999998,25.314285714285713,82.0,0.0,1.2198750911858303,-0.3999999999999986
2022-02-12,Bangalore,19.5,78,0.0,4.2,5,2,1,0.6744436188329455,0.7383263540031065,22.4,15.7,17.4,66.0,0.0,19.766666666666666,18.228571428571428,70.71428571428571,0.0,2.2133792307348155,-2.8999999999999986
2022-02-13,Mumbai,22.6,83,0.0,1.9,6,2,1,0.6870527672236669,0.7266075247685656,21.2,25.9,25.6,76.0,0.0,22.366666666666664,23.328571428571426,81.57142857142857,0.0,1.533747356111972,1.4000000000000021
2022-02-13,Bangalore,20.2,72,0.0,3.9,6,2,1,0.6870527672236669,0.7266075247685656,19.5,17.4,17.7,78.0,0.0,20.7,18.585714285714285,71.14285714285714,0.0,2.3133154932756517,0.6999999999999993
2022-02-13,Hyderabad,22.3,64,0.0,3.1,6,2,1,0.6870527672236669,0.7266075247685656,19.5,19.0,20.8,58.0,0.0,20.96666666666667,20.728571428571428,58.142857142857146,0.0,1.1205865810880236,2.8000000000000007
2022-02-13,Delhi,19.1,46,0.0,3.1,6,2,1,0.6870527672236669,0.7266075247685656,13.0,18.1,11.7,58.0,0.0,16.09999999999999,16.371428571428574,51.0,0.1285714285714286,2.8842759263027204,6.100000000000001
2022-02-13,Chennai,27.7,86,0.0,3.4,6,2,1,0.6870527672236669,0.7266075247685656,24.8,26.8,23.3,80.0,0.0,25.900000000000002,25.942857142857147,82.71428571428571,0.0,1.1399665826348777,2.8999999999999986
2022-02-14,Mumbai,25.8,81,0.0,4.9,0,2,1,0.699458327051647,0.7146733860429609,22.6,23.3,24.3,83.0,0.0,23.2,23.542857142857144,81.28571428571429,0.0,1.777504939380857,3.1999999999999993
2022-02-14,Bangalore,20.5,63,0.0,2.9,0,2,1,0.699458327051647,0.7146733860429609,20.2,22.4,18.4,72.0,0.0,20.066666666666666,18.885714285714283,70.85714285714286,0.0,2.4189726272591745,0.3000000000000007
2022-02-14,Chennai,24.7,82,0.0,4.2,0,2,1,0.699458327051647,0.7146733860429609,27.7,25.2,25.4,86.0,0.0,25.733333333333334,25.842857142857145,82.71428571428571,0.0,1.2231886511045236,-3.0
2022-02-14,Delhi,17.1,58,0.0,3.1,0,2,1,0.699458327051647,0.7146733860429609,19.1,16.2,19.5,46.0,0.0,16.39999999999999,16.02857142857143,51.714285714285715,0.1285714285714286,2.5766349409742633,-2.0
2022-02-14,Hyderabad,22.4,58,0.0,4.2,0,2,1,0.699458327051647,0.7146733860429609,22.3,21.1,21.3,64.0,0.0,21.400000000000006,20.885714285714283,58.285714285714285,0.0,1.2798809468444676,0.09999999999999787
2022-02-15,Chennai,23.6,88,0.0,1.9,1,2,1,0.7116566222817746,0.7025274741691571,24.7,24.8,24.9,82.0,0.0,25.333333333333332,25.657142857142855,83.85714285714286,0.0,1.4649882170826138,-1.0999999999999979
2022-02-15,Bangalore,19.3,73,0.0,2.4,1,2,1,0.7116566222817746,0.7025274741691571,20.5,19.5,16.5,63.0,0.0,20.0,19.285714285714285,71.28571428571429,0.0,2.178247438828394,-1.1999999999999993
2022-02-15,Delhi,17.0,60,0.0,3.0,1,2,1,0.7116566222817746,0.7025274741691571,17.1,13.0,12.1,58.0,0.0,17.733333333333324,16.72857142857143,53.42857142857143,0.1285714285714286,1.9111203395868912,-0.10000000000000142
2022-02-15,Hyderabad,22.3,53,0.0,3.1,1,2,1,0.7116566222817746,0.7025274741691571,22.4,19.5,20.9,58.0,0.0,22.33333333333334,21.085714285714285,58.0,0.0,1.3873578863300375,-0.09999999999999787
2022-02-15,Mumbai,26.2,76,0.0,1.9,1,2,1,0.7116566222817746,0.7025274741691571,25.8,21.2,22.2,81.0,0.0,24.866666666666664,24.114285714285717,80.28571428571429,0.0,1.911743158680448,0.3999999999999986
2022-02-16,Chennai,27.0,73,0.0,2.3,2,2,1,0.7236440382959124,0.6901733882429719,23.6,27.7,26.8,88.0,0.0,25.099999999999998,25.685714285714287,81.28571428571429,0.0,1.4926805546049222,3.3999999999999986
2022-02-16,Hyderabad,21.2,60,0.0,5.0,2,2,1,0.7236440382959124,0.6901733882429719,22.3,22.3,21.0,53.0,0.0,21.96666666666667,21.114285714285717,58.285714285714285,0.0,1.387357886330037,-1.1000000000000014
2022-02-16,Delhi,14.7,55,0.0,3.4,2,2,1,0.7236440382959124,0.6901733882429719,17.0,19.1,16.6,60.0,0.0,16.26666666666666,16.457142857142856,54.0,0.1285714285714286,2.061437316419201,-2.3000000000000007
2022-02-16,Bangalore,18.0,65,0.0,3.4,2,2,1,0.7236440382959124,0.6901733882429719,19.3,20.2,15.7,73.0,0.0,19.266666666666666,19.614285714285717,69.57142857142857,0.0,1.6587430697456143,-1.3000000000000007
2022-02-16,Mumbai,30.5,84,0.0,2.5,2,2,1,0.7236440382959124,0.6901733882429719,26.2,22.6,23.8,76.0,0.0,27.5,25.071428571428573,80.42857142857143,0.0,3.0603454520223656,4.300000000000001
2022-02-17,Delhi,17.5,55,0.0,3.0,3,2,1,0.7354170229639855,0.6776147890466889,14.7,17.1,18.1,55.0,0.0,16.39999999999999,16.37142857142857,54.57142857142857,0.0,1.9930832778343068,2.8000000000000007
2022-02-17,Bangalore,15.4,69,0.0,2.7,3,2,1,0.7354170229639855,0.6776147890466889,18.0,20.5,17.4,65.0,0.0,17.566666666666666,19.32857142857143,69.42857142857143,0.0,2.1906728690172272,-2.5999999999999996
2022-02-17,Chennai,22.8,76,0.0,2.3,3,2,1,0.7354170229639855,0.6776147890466889,27.0,24.7,26.8,73.0,0.0,24.46666666666667,25.114285714285717,81.0,0.0,1.7401423039785089,-4.199999999999999
2022-02-17,Mumbai,26.9,80,0.0,0.9,3,2,1,0.7354170229639855,0.6776147890466889,30.5,25.8,25.9,84.0,0.0,27.866666666666664,25.214285714285715,80.0,0.0,3.128060406188092,-3.6000000000000014
2022-02-17,Hyderabad,20.0,61,0.0,3.6,3,2,1,0.7354170229639855,0.6776147890466889,21.2,22.4,19.0,60.0,0.0,21.166666666666668,21.25714285714286,58.42857142857143,0.0,1.1674147261609222,-1.1999999999999993
2022-02-18,Bangalore,21.0,73,0.0,3.5,4,2,1,0.7469720876965552,0.6648553979642865,15.4,19.3,22.4,69.0,0.0,18.133333333333333,19.128571428571426,70.42857142857143,0.0,1.9093753653262762,5.6
2022-02-18,Mumbai,23.3,84,0.0,3.1,4,2,1,0.7469720876965552,0.6648553979642865,26.9,26.2,23.3,80.0,0.0,26.899999999999995,25.214285714285715,80.57142857142857,0.0,3.128060406188092,-3.599999999999998
2022-02-18,Chennai,28.1,79,0.0,4.4,4,2,1,0.7469720876965552,0.6648553979642865,22.8,23.6,25.2,76.0,0.0,25.96666666666667,25.528571428571432,80.57142857142857,0.0,2.0766273022334474,5.300000000000001
2022-02-18,Hyderabad,21.2,62,0.0,4.8,4,2,1,0.7469720876965552,0.6648553979642865,20.0,22.3,21.1,61.0,0.0,20.8,21.271428571428572,59.42857142857143,0.0,1.1657819774931573,1.1999999999999993
2022-02-18,Delhi,16.1,47,0.0,1.9,4,2,1,0.7469720876965552,0.6648553979642865,17.5,17.0,16.2,55.0,0.0,16.09999999999999,16.357142857142858,54.142857142857146,0.0,1.994874384397575,-1.3999999999999986
2022-02-19,Hyderabad,23.8,55,0.0,3.6,5,2,1,0.7583058084785624,0.6518989958787126,21.2,21.2,19.5,62.0,0.0,21.666666666666668,21.885714285714283,59.0,0.0,1.2088955998880913,2.6000000000000014
2022-02-19,Chennai,26.1,69,0.0,3.7,5,2,1,0.7583058084785624,0.6518989958787126,28.1,27.0,24.8,79.0,0.0,25.666666666666668,25.714285714285715,79.0,0.0,2.0586634591636535,-2.0
2022-02-19,Mumbai,25.0,83,0.0,2.5,5,2,1,0.7583058084785624,0.6518989958787126,23.3,30.5,21.2,84.0,0.0,25.066666666666663,25.75714285714286,81.57142857142857,0.0,2.6005493925047656,1.6999999999999993
2022-02-19,Delhi,20.4,53,0.0,2.2,5,2,1,0.7583058084785624,0.6518989958787126,16.1,14.7,13.0,47.0,0.0,17.99999999999999,17.414285714285715,53.42857142857143,0.0,1.8765469808747834,4.299999999999997
2022-02-19,Bangalore,18.8,72,0.0,3.4,5,2,1,0.7583058084785624,0.6518989958787126,21.0,18.0,19.5,73.0,0.0,18.400000000000002,19.02857142857143,69.57142857142857,0.0,1.9050059367488046,-2.1999999999999993
2022-02-20,Chennai,26.6,74,0.0,1.6,6,2,1,0.7694148268839378,0.6387494220515272,26.1,22.8,27.7,69.0,0.0,26.933333333333337,25.55714285714286,77.28571428571429,0.0,1.919077159172491,0.5
2022-02-20,Bangalore,17.5,60,0.0,3.2,6,2,1,0.7694148268839378,0.6387494220515272,18.8,15.4,20.2,72.0,0.0,19.099999999999998,18.642857142857142,67.85714285714286,0.0,1.9016283748911293,-1.3000000000000007
2022-02-20,Delhi,15.6,50,0.0,0.6,6,2,1,0.7694148268839378,0.6387494220515272,20.4,17.5,19.1,53.0,0.0,17.366666666666656,16.914285714285715,54.0,0.0,1.8179004111236798,-4.799999999999999
2022-02-20,Hyderabad,20.9,53,0.0,1.7,6,2,1,0.7694148268839378,0.6387494220515272,23.8,20.0,22.3,55.0,0.0,21.96666666666667,21.685714285714283,57.42857142857143,0.0,1.2442247538509519,-2.900000000000002
2022-02-20,Mumbai,25.9,80,0.0,3.1,6,2,1,0.7694148268839378,0.6387494220515272,25.0,26.9,22.6,83.0,0.0,24.733333333333334,26.228571428571428,81.14285714285714,0.0,2.201298318200898,0.8999999999999986
2022-02-21,Delhi,16.0,57,0.0,2.4,0,2,1,0.7802958510707755,0.6254105729852463,15.6,16.1,17.1,50.0,0.0,17.333333333333325,16.757142857142856,53.857142857142854,0.0,1.846489590960524,0.40000000000000036
2022-02-21,Mumbai,25.7,77,0.0,1.6,0,2,1,0.7802958510707755,0.6254105729852463,25.9,23.3,25.8,80.0,0.0,25.53333333333333,26.214285714285715,80.57142857142857,0.0,2.204864751278043,-0.1999999999999993
2022-02-21,Hyderabad,21.8,64,0.0,2.1,0,2,1,0.7802958510707755,0.6254105729852463,20.9,21.2,22.4,53.0,0.0,22.166666666666668,21.6,58.285714285714285,0.0,1.206924466015539,0.9000000000000021
2022-02-21,Bangalore,16.5,63,0.0,4.3,0,2,1,0.7802958510707755,0.6254105729852463,17.5,21.0,20.5,60.0,0.0,17.599999999999998,18.071428571428573,67.85714285714286,0.0,1.8508685219958037,-1.0
2022-02-21,Chennai,25.0,76,0.0,2.7,0,2,1,0.7802958510707755,0.6254105729852463,26.6,28.1,24.7,74.0,0.0,25.900000000000002,25.599999999999998,76.42857142857143,0.0,1.9000000000001096,-1.6000000000000014
2022-02-22,Mumbai,25.3,75,0.0,3.0,1,2,1,0.7909456567567772,0.6118864012687243,25.7,25.0,26.2,77.0,0.0,25.633333333333336,26.085714285714285,80.42857142857143,0.0,2.231911416572883,-0.3999999999999986
2022-02-22,Hyderabad,18.9,63,0.0,3.8,1,2,1,0.7909456567567772,0.6118864012687243,21.8,23.8,22.3,64.0,0.0,20.533333333333335,21.11428571428571,59.714285714285715,0.0,1.5214341605084827,-2.900000000000002
2022-02-22,Bangalore,22.1,63,0.0,2.4,1,2,1,0.7909456567567772,0.6118864012687243,16.5,18.8,19.3,63.0,0.0,18.700000000000003,18.471428571428568,66.42857142857143,0.0,2.3858711097587744,5.600000000000001
2022-02-22,Delhi,19.5,47,0.0,2.8,1,2,1,0.7909456567567772,0.6118864012687243,16.0,20.4,17.0,57.0,0.0,17.03333333333332,17.114285714285714,52.0,0.0,2.1224424385041933,3.5
2022-02-22,Chennai,28.6,78,0.0,2.3,1,2,1,0.7909456567567772,0.6118864012687243,25.0,26.1,23.6,76.0,0.0,26.733333333333334,26.314285714285717,75.0,0.0,1.9616562487081401,3.6000000000000014
2022-02-23,Delhi,16.2,51,0.0,2.1,2,2,1,0.8013610881746766,0.5981809144059165,19.5,15.6,14.7,47.0,0.0,17.233333333333324,17.32857142857143,51.42857142857143,0.0,1.902379462423131,-3.3000000000000007
2022-02-23,Bangalore,18.5,67,0.0,2.0,2,2,1,0.8013610881746766,0.5981809144059165,22.1,17.5,18.0,63.0,0.0,19.033333333333335,18.54285714285714,66.71428571428571,0.0,2.3768726952709134,-3.6000000000000014
2022-02-23,Mumbai,24.8,81,0.0,3.1,2,2,1,0.8013610881746766,0.5981809144059165,25.3,25.9,30.5,75.0,0.0,25.266666666666666,25.271428571428572,80.0,0.0,1.1116268644261877,-0.5
2022-02-23,Hyderabad,19.4,60,0.0,3.8,2,2,1,0.8013610881746766,0.5981809144059165,18.9,20.9,21.2,63.0,0.0,20.033333333333335,20.857142857142858,59.714285714285715,0.0,1.6511179473892026,0.5
2022-02-24,Delhi,22.3,52,0.0,2.4,3,2,1,0.8115390590073611,0.5842981736283684,16.2,16.0,17.5,51.0,0.0,19.333333333333325,18.014285714285716,51.0,0.0,2.6804406176529154,6.100000000000001
2022-02-24,Bangalore,22.4,58,0.0,3.2,3,2,1,0.8115390590073611,0.5842981736283684,18.5,16.5,15.4,67.0,0.0,21.0,19.542857142857144,65.14285714285714,0.0,2.305686552025449,3.8999999999999986
2022-02-24,Chennai,22.0,79,0.0,2.9,3,2,1,0.8115390590073611,0.5842981736283684,28.6,26.6,27.0,78.0,0.0,25.2,25.6,75.85714285714286,0.0,2.5053276565485567,-6.600000000000001
2022-02-24,Mumbai,24.7,77,0.0,3.1,3,2,1,0.8115390590073611,0.5842981736283684,24.8,25.7,26.9,81.0,0.0,24.933333333333334,24.957142857142856,79.57142857142857,0.0,0.8560707580900193,-0.10000000000000142
2022-02-24,Hyderabad,24.3,47,0.0,2.8,3,2,1,0.8115390590073611,0.5842981736283684,19.4,21.8,20.0,60.0,0.0,20.86666666666667,21.47142857142857,57.714285714285715,0.0,2.0344649466254894,4.900000000000002
2022-02-25,Delhi,17.5,52,0.0,2.4,4,2,1,0.8214765533024142,0.5702422926917871,22.3,19.5,16.1,52.0,0.0,18.666666666666657,18.214285714285715,51.714285714285715,0.0,2.563479777846939,-4.800000000000001
2022-02-25,Chennai,23.0,86,0.0,4.3,4,2,1,0.8214765533024142,0.5702422926917871,22.0,25.0,22.8,79.0,0.0,24.53333333333333,25.62857142857143,77.28571428571429,0.0,2.4689500371037694,1.0
2022-02-25,Hyderabad,19.5,57,0.0,3.0,4,2,1,0.8214765533024142,0.5702422926917871,24.3,18.9,21.2,47.0,0.0,21.066666666666666,21.228571428571428,57.0,0.0,2.169265840258987,-4.800000000000001
2022-02-25,Mumbai,30.5,91,0.0,2.9,4,2,1,0.8214765533024142,0.5702422926917871,24.7,25.3,23.3,77.0,0.0,26.666666666666668,25.985714285714284,80.57142857142857,0.0,2.0399579827605185,5.800000000000001
2022-02-25,Bangalore,18.1,71,0.0,4.3,4,2,1,0.8214765533024142,0.5702422926917871,22.4,22.1,21.0,58.0,0.0,19.666666666666668,19.12857142857143,64.85714285714286,0.0,2.260320247011069,-4.299999999999997
2022-02-26,Mumbai,27.3,81,0.0,1.6,5,2,1,0.8311706263658079,0.5560174366570446,30.5,24.8,25.0,91.0,0.0,27.5,26.314285714285713,80.28571428571429,0.0,2.039957982760528,-3.1999999999999993
2022-02-26,Chennai,26.7,65,0.0,3.5,5,2,1,0.8311706263658079,0.5560174366570446,23.0,28.6,28.1,86.0,0.0,23.900000000000002,25.428571428571427,75.28571428571429,0.0,2.285252929629751,3.6999999999999993
2022-02-26,Delhi,17.7,56,0.0,3.4,5,2,1,0.8311706263658079,0.5560174366570446,17.5,16.2,20.4,52.0,0.0,19.166666666666654,17.82857142857143,52.142857142857146,0.0,2.376071187005125,0.1999999999999993
2022-02-26,Bangalore,21.3,70,0.0,3.2,5,2,1,0.8311706263658079,0.5560174366570446,18.1,18.5,18.8,71.0,0.0,20.599999999999998,19.485714285714288,64.57142857142857,0.0,2.393343944796855,3.1999999999999993
2022-02-26,Hyderabad,21.3,54,0.0,2.1,5,2,1,0.8311706263658079,0.5560174366570446,19.5,19.4,23.8,57.0,0.0,21.700000000000003,20.87142857142857,56.857142857142854,0.0,1.8589551596836702,1.8000000000000007
2022-02-27,Hyderabad,20.9,61,0.0,4.0,6,2,1,0.8406184056344782,0.5416278206559814,21.3,24.3,20.9,54.0,0.0,20.566666666666666,20.87142857142857,58.0,0.0,1.8589551596836702,-0.40000000000000213
2022-02-27,Chennai,26.6,70,0.0,2.5,6,2,1,0.8406184056344782,0.5416278206559814,26.7,22.0,26.1,65.0,0.0,25.433333333333334,25.5,75.42857142857143,0.0,2.3173260452513817,-0.09999999999999787
2022-02-27,Delhi,16.7,61,0.0,1.4,6,2,1,0.8406184056344782,0.5416278206559814,17.7,22.3,15.6,56.0,0.0,17.299999999999986,17.985714285714288,53.714285714285715,0.0,2.2363873929688958,-1.0
2022-02-27,Mumbai,21.9,77,0.0,3.7,6,2,1,0.8406184056344782,0.5416278206559814,27.3,24.7,25.9,81.0,0.0,26.566666666666666,25.742857142857144,79.85714285714286,0.0,2.6456613179928343,-5.400000000000002
2022-02-27,Bangalore,17.1,62,0.0,2.4,6,2,1,0.8406184056344782,0.5416278206559814,21.3,22.4,17.5,70.0,0.0,18.833333333333336,19.428571428571427,64.85714285714286,0.0,2.4526953104115523,-4.199999999999999
2022-02-28,Bangalore,22.3,66,0.0,3.3,0,2,1,0.8498170915275278,0.5270777086423722,17.1,18.1,16.5,62.0,0.0,20.233333333333334,20.25714285714286,65.28571428571429,0.0,2.271458520317789,5.199999999999999
2022-02-28,Chennai,27.0,75,0.0,2.8,0,2,1,0.8498170915275278,0.5270777086423722,26.6,23.0,26.6,70.0,0.0,26.766666666666666,25.557142857142853,75.57142857142857,0.0,2.353619300040731,0.3999999999999986
2022-02-28,Mumbai,23.5,81,0.0,3.5,0,2,1,0.8498170915275278,0.5270777086423722,21.9,30.5,25.7,77.0,0.0,24.233333333333334,25.428571428571427,80.42857142857143,0.0,2.7789172266155555,1.6000000000000014
2022-02-28,Hyderabad,20.2,61,0.0,3.1,0,2,1,0.8498170915275278,0.5270777086423722,20.9,19.5,21.8,61.0,0.0,20.8,20.642857142857142,57.57142857142857,0.0,1.8237846572966714,-0.6999999999999993
2022-02-28,Delhi,19.3,48,0.0,3.7,0,2,1,0.8498170915275278,0.5270777086423722,16.7,17.5,16.0,61.0,0.0,17.899999999999988,18.457142857142856,52.42857142857143,0.0,2.0911377627642675,2.6000000000000014
2022-03-01,Mumbai,25.1,82,0.0,2.2,1,3,1,0.8587639582758029,0.5123714121284237,23.5,27.3,25.3,81.0,0.0,23.5,25.400000000000002,81.42857142857143,0.0,2.781486413173072,1.6000000000000014
2022-03-01,Delhi,17.9,44,0.0,1.7,1,3,1,0.8587639582758029,0.5123714121284237,19.3,17.7,19.5,48.0,0.0,17.966666666666658,18.228571428571428,52.0,0.0,2.0450870280705846,-1.4000000000000021
2022-03-01,Hyderabad,20.9,57,0.0,3.3,1,3,1,0.8587639582758029,0.5123714121284237,20.2,21.3,18.9,61.0,0.0,20.666666666666668,20.928571428571427,56.714285714285715,0.0,1.6539994817757762,0.6999999999999993
2022-03-01,Chennai,28.1,76,0.0,2.1,1,3,1,0.8587639582758029,0.5123714121284237,27.0,26.7,25.0,75.0,0.0,27.233333333333334,26.0,75.57142857142857,0.0,2.5172736574848398,1.1000000000000014
2022-03-02,Hyderabad,25.1,49,0.0,4.4,2,3,1,0.8674563547295969,0.49751328890718066,20.9,20.9,19.4,57.0,0.0,22.066666666666674,21.74285714285714,55.142857142857146,0.0,2.1149130343485436,4.200000000000003
2022-03-02,Chennai,28.4,72,0.0,1.4,2,3,1,0.8674563547295969,0.49751328890718066,28.1,26.6,28.6,76.0,0.0,27.833333333333332,25.971428571428568,74.71428571428571,0.0,2.483756755209344,0.29999999999999716
2022-03-02,Bangalore,17.4,72,0.0,2.8,2,3,1,0.8674563547295969,0.49751328890718066,22.3,21.3,22.1,66.0,0.0,18.933333333333334,19.585714285714285,66.57142857142857,0.0,2.3298272979119634,-4.900000000000002
2022-03-02,Delhi,17.4,59,0.0,3.7,2,3,1,0.8674563547295969,0.49751328890718066,17.9,16.7,16.2,44.0,0.0,18.19999999999999,18.4,53.142857142857146,0.0,1.8912077270009964,-0.5
2022-03-03,Chennai,32.2,72,0.0,3.4,3,3,1,0.8758917051442429,0.48250774176121847,28.4,27.0,22.0,72.0,0.0,29.566666666666666,27.428571428571427,73.71428571428571,0.0,2.7439110078586966,3.8000000000000043
2022-03-03,Bangalore,17.2,66,0.0,1.9,3,3,1,0.8758917051442429,0.48250774176121847,17.4,17.1,18.5,72.0,0.0,18.966666666666665,19.400000000000002,66.42857142857143,0.0,2.477902338672882,-0.1999999999999993
2022-03-03,Hyderabad,18.9,55,1.8,3.0,3,3,1,0.8758917051442429,0.48250774176121847,25.1,20.2,24.3,49.0,0.0,21.633333333333336,20.971428571428568,56.285714285714285,0.2571428571428572,2.0089087300608095,-6.200000000000003
2022-03-03,Delhi,16.6,51,0.0,2.7,3,3,1,0.8758917051442429,0.48250774176121847,17.4,19.3,22.3,59.0,0.0,17.29999999999999,17.585714285714285,53.0,0.0,0.8989411761049305,-0.7999999999999972
2022-03-03,Mumbai,26.6,77,0.0,5.2,3,3,1,0.8758917051442429,0.48250774176121847,25.1,21.9,24.8,82.0,0.0,25.066666666666666,25.657142857142855,80.85714285714286,0.0,2.7999149646951014,1.5
2022-03-04,Mumbai,23.5,83,0.0,1.7,4,3,1,0.8840675099433636,0.4673592171580022,26.6,23.5,24.7,77.0,0.0,25.066666666666666,25.485714285714288,81.71428571428571,0.0,2.903118192236579,-3.1000000000000014
2022-03-04,Bangalore,21.4,71,0.0,2.6,4,3,1,0.8840675099433636,0.4673592171580022,17.2,22.3,22.4,66.0,0.0,18.666666666666664,19.25714285714286,68.28571428571429,0.0,2.298446680446969,4.199999999999999
2022-03-04,Hyderabad,22.9,52,0.0,3.7,4,3,1,0.8840675099433636,0.4673592171580022,18.9,20.9,19.5,55.0,1.8,22.3,21.457142857142856,55.57142857142857,0.2571428571428572,2.0048750109480746,4.0
2022-03-04,Delhi,17.1,48,0.0,3.3,4,3,1,0.8840675099433636,0.4673592171580022,16.6,17.9,17.5,51.0,0.0,17.033333333333324,17.52857142857143,52.42857142857143,0.0,0.917813135873874,0.5
2022-03-05,Hyderabad,21.7,48,0.0,1.7,5,3,1,0.8919813464595485,0.45207220393230435,22.9,25.1,21.3,52.0,0.0,21.166666666666668,21.514285714285712,54.714285714285715,0.2571428571428572,2.0053499872662632,-1.1999999999999993
2022-03-05,Bangalore,18.3,65,0.0,1.4,5,3,1,0.8919813464595485,0.45207220393230435,21.4,17.4,18.1,71.0,0.0,18.966666666666665,19.285714285714285,67.42857142857143,0.0,2.28285535490734,-3.099999999999998
2022-03-05,Delhi,18.1,44,0.0,3.5,5,3,1,0.8919813464595485,0.45207220393230435,17.1,17.4,17.7,48.0,0.0,17.26666666666666,17.585714285714285,50.714285714285715,0.0,0.9423880506972251,1.0
2022-03-05,Mumbai,23.8,86,0.0,2.1,5,3,1,0.8919813464595485,0.45207220393230435,23.5,25.1,30.5,83.0,0.0,24.633333333333336,24.528571428571432,81.0,0.0,1.9085022798992424,0.3000000000000007
2022-03-06,Hyderabad,24.3,55,0.0,2.3,6,3,1,0.8996308696522433,0.43665123195606403,21.7,18.9,20.9,48.0,0.0,22.96666666666667,22.0,53.857142857142854,0.2571428571428572,2.2308443842336656,2.6000000000000014
2022-03-06,Mumbai,20.6,76,0.0,2.2,6,3,1,0.8996308696522433,0.43665123195606403,23.8,26.6,27.3,86.0,0.0,22.633333333333336,23.571428571428573,80.28571428571429,0.0,1.9661419800497237,-3.1999999999999993
2022-03-06,Chennai,28.2,75,0.0,1.7,6,3,1,0.8996308696522433,0.43665123195606403,32.2,28.1,23.0,72.0,0.0,29.599999999999998,28.17142857142857,72.14285714285714,0.0,1.9276188123472016,-4.0000000000000036
2022-03-06,Bangalore,17.8,57,0.0,3.3,6,3,1,0.8996308696522433,0.43665123195606403,18.3,17.2,21.3,65.0,0.0,19.166666666666668,18.785714285714285,65.57142857142857,0.0,2.1474237056131136,-0.5
2022-03-06,Delhi,20.3,48,0.0,3.3,6,3,1,0.8996308696522433,0.43665123195606403,18.1,16.6,16.7,44.0,0.0,18.49999999999999,18.1,48.857142857142854,0.0,1.2948616399709676,2.1999999999999993
2022-03-07,Bangalore,21.6,65,0.0,1.1,0,3,1,0.9070138128026359,0.4211008707960896,17.8,21.4,17.1,57.0,0.0,19.233333333333334,19.428571428571427,66.0,0.0,2.2306309165155094,3.8000000000000007
2022-03-07,Mumbai,25.5,78,0.0,2.4,0,3,1,0.9070138128026359,0.4211008707960896,20.6,23.5,21.9,76.0,0.0,23.3,24.085714285714285,80.42857142857143,0.0,1.9265068313993032,4.899999999999999
2022-03-07,Delhi,20.4,52,0.0,2.1,0,3,1,0.9070138128026359,0.4211008707960896,20.3,17.1,19.3,48.0,0.0,19.59999999999999,18.257142857142856,49.42857142857143,0.0,1.5131172491004898,0.09999999999999787
2022-03-07,Hyderabad,20.5,50,0.0,3.9,0,3,1,0.9070138128026359,0.4211008707960896,24.3,22.9,20.2,55.0,0.0,22.166666666666668,22.042857142857144,52.285714285714285,0.2571428571428572,2.1930626551751833,-3.8000000000000007
2022-03-07,Chennai,26.0,67,1.2,4.5,0,3,1,0.9070138128026359,0.4211008707960896,28.2,28.4,26.7,75.0,0.0,28.8,28.071428571428573,72.42857142857143,0.17142857142857143,2.032005811765351,-2.1999999999999993
2022-03-08,Bangalore,15.0,65,0.0,2.9,1,3,1,0.9141279881853337,0.40542572835999735,21.6,18.3,22.3,65.0,0.0,18.133333333333336,18.385714285714283,65.85714285714286,0.0,2.3667337347976405,-6.600000000000001
2022-03-08,Mumbai,23.6,65,0.0,4.6,1,3,1,0.9141279881853337,0.40542572835999735,25.5,23.8,23.5,78.0,0.0,23.233333333333334,24.099999999999998,78.14285714285714,0.0,1.9218047073865092,-1.8999999999999986
2022-03-08,Delhi,20.0,49,0.0,1.1,1,3,1,0.9141279881853337,0.40542572835999735,20.4,18.1,17.9,52.0,0.0,20.233333333333324,18.557142857142857,50.142857142857146,0.0,1.6338677454204829,-0.3999999999999986
2022-03-08,Hyderabad,21.6,59,0.0,3.7,1,3,1,0.9141279881853337,0.40542572835999735,20.5,21.7,20.9,50.0,0.0,22.133333333333336,22.142857142857142,52.57142857142857,0.2571428571428572,2.1477563043458523,1.1000000000000014
2022-03-08,Chennai,24.1,72,0.0,2.9,1,3,1,0.9141279881853337,0.40542572835999735,26.0,32.2,26.6,67.0,1.2,26.099999999999998,27.71428571428572,72.71428571428571,0.17142857142857143,2.4996190185897857,-1.8999999999999986
2022-03-09,Bangalore,18.5,68,0.0,3.5,2,3,1,0.9209712877166346,0.38963044953078796,15.0,17.8,17.4,65.0,0.0,18.366666666666667,18.542857142857144,65.28571428571429,0.0,2.3265547796812664,3.5
2022-03-09,Hyderabad,22.1,55,0.0,2.3,2,3,1,0.9209712877166346,0.38963044953078796,21.6,24.3,25.1,59.0,0.0,21.400000000000006,21.714285714285715,53.42857142857143,0.2571428571428572,1.715059349243867,0.5
2022-03-09,Delhi,22.5,48,0.0,1.6,2,3,1,0.9209712877166346,0.38963044953078796,20.0,20.3,17.4,49.0,0.0,20.966666666666654,19.285714285714285,48.57142857142857,0.0,2.101926553925419,2.5
2022-03-10,Chennai,27.0,61,0.0,4.1,3,3,1,0.9275416835791966,0.37371971479046906,24.1,28.2,27.0,72.0,0.0,25.7,27.71428571428572,70.71428571428571,0.17142857142857143,2.4996190185897857,2.8999999999999986
2022-03-10,Bangalore,23.2,64,0.0,4.3,3,3,1,0.9275416835791966,0.37371971479046906,18.5,21.6,17.2,68.0,0.0,18.900000000000002,19.400000000000002,65.0,0.0,2.8053520278212027,4.699999999999999
2022-03-10,Hyderabad,23.6,54,0.0,5.9,3,3,1,0.9275416835791966,0.37371971479046906,22.1,20.5,18.9,55.0,0.0,22.433333333333337,22.38571428571429,53.285714285714285,0.0,1.299267192726513,1.5
2022-03-10,Mumbai,21.8,82,0.0,2.8,3,3,1,0.9275416835791966,0.37371971479046906,23.6,20.6,25.1,65.0,0.0,23.633333333333336,23.62857142857143,78.14285714285714,0.0,2.0369211126224758,-1.8000000000000007
2022-03-10,Delhi,19.3,50,0.0,3.3,3,3,1,0.9275416835791966,0.37371971479046906,22.5,20.4,16.6,48.0,0.0,20.59999999999999,19.671428571428574,48.42857142857143,0.0,1.7442422287006112,-3.1999999999999993
2022-03-11,Bangalore,19.1,63,0.0,4.5,4,3,1,0.9338372288229252,0.35769823883312546,23.2,15.0,21.4,64.0,0.0,20.266666666666666,19.071428571428573,63.857142857142854,0.0,2.6631524463277567,-4.099999999999998
2022-03-11,Mumbai,27.1,73,0.0,4.4,4,3,1,0.9338372288229252,0.35769823883312546,21.8,25.5,26.6,82.0,0.0,24.166666666666668,23.7,77.57142857142857,0.0,2.163330765278295,5.300000000000001
2022-03-11,Chennai,26.7,71,0.0,2.9,4,3,1,0.9338372288229252,0.35769823883312546,27.0,26.0,28.1,61.0,0.0,25.933333333333334,27.514285714285712,70.0,0.17142857142857143,2.5195426644722163,-0.3000000000000007
2022-03-11,Delhi,21.4,52,0.0,4.1,4,3,1,0.9338372288229252,0.35769823883312546,19.3,20.0,17.1,50.0,0.0,21.066666666666656,20.285714285714285,49.0,0.0,1.4135399669258442,2.099999999999998
2022-03-11,Hyderabad,21.5,46,0.0,4.1,4,3,1,0.9338372288229252,0.35769823883312546,23.6,21.6,22.9,54.0,0.0,22.400000000000006,22.185714285714287,52.42857142857143,0.0,1.3145703625502296,-2.1000000000000014
2022-03-12,Delhi,22.3,45,0.0,1.7,5,3,1,0.9398560579418954,0.3415707691678556,21.4,22.5,18.1,52.0,0.0,20.99999999999999,20.885714285714283,49.142857142857146,0.0,1.2075161440314894,0.9000000000000021
2022-03-12,Hyderabad,21.7,47,0.0,3.6,5,3,1,0.9398560579418954,0.3415707691678556,21.5,22.1,21.7,46.0,0.0,22.26666666666667,22.185714285714287,52.285714285714285,0.0,1.3145703625502296,0.1999999999999993
2022-03-12,Bangalore,19.4,69,0.0,2.6,5,3,1,0.9398560579418954,0.3415707691678556,19.1,18.5,18.3,63.0,0.0,20.566666666666666,19.228571428571428,64.42857142857143,0.0,2.642419526188357,0.29999999999999716
2022-03-12,Chennai,26.4,70,0.0,2.5,5,3,1,0.9398560579418954,0.3415707691678556,26.7,24.1,28.4,71.0,0.0,26.7,27.22857142857143,69.71428571428571,0.17142857142857143,2.5157598492400113,-0.3000000000000007
2022-03-12,Mumbai,26.0,77,0.0,3.1,5,3,1,0.9398560579418954,0.3415707691678556,27.1,23.6,23.5,73.0,0.0,24.96666666666667,24.057142857142857,76.71428571428571,0.0,2.325121604602668,-1.1000000000000014
2022-03-13,Delhi,21.5,49,0.0,2.3,6,3,1,0.9455963874271426,0.3253420847119801,22.3,19.3,20.3,45.0,0.0,21.733333333333324,21.057142857142853,49.285714285714285,0.0,1.1956269524919705,-0.8000000000000007
2022-03-13,Hyderabad,21.1,52,0.0,3.9,6,3,1,0.9455963874271426,0.3253420847119801,21.7,23.6,24.3,47.0,0.0,21.433333333333337,21.728571428571428,51.857142857142854,0.0,0.9673232581275559,-0.5999999999999979
2022-03-13,Bangalore,21.6,64,0.0,3.3,6,3,1,0.9455963874271426,0.3253420847119801,19.4,23.2,17.8,69.0,0.0,20.03333333333333,19.771428571428572,65.42857142857143,0.0,2.6899283049395195,2.200000000000003
2022-03-13,Mumbai,26.4,79,0.0,2.9,6,3,1,0.9455963874271426,0.3253420847119801,26.0,21.8,23.8,77.0,0.0,26.5,24.428571428571427,75.71428571428571,0.0,2.4797273275598797,0.3999999999999986
2022-03-13,Chennai,25.3,66,0.0,2.5,6,3,1,0.9455963874271426,0.3253420847119801,26.4,27.0,32.2,70.0,0.0,26.133333333333336,26.24285714285714,68.85714285714286,0.17142857142857143,1.3023787760060175,-1.0999999999999979
2022-03-14,Delhi,19.7,59,0.0,2.6,0,3,1,0.9510565162951535,0.30901699437494745,21.5,21.4,20.4,49.0,0.0,21.166666666666654,20.957142857142856,50.285714285714285,0.0,1.2856349181857876,-1.8000000000000007
2022-03-14,Hyderabad,22.8,56,0.0,2.9,0,3,1,0.9510565162951535,0.30901699437494745,21.1,21.5,20.5,52.0,0.0,21.86666666666667,22.057142857142857,52.714285714285715,0.0,0.8657504314316095,1.6999999999999993
2022-03-14,Mumbai,23.6,76,0.0,4.5,0,3,1,0.9510565162951535,0.30901699437494745,26.4,27.1,20.6,79.0,0.0,25.333333333333332,24.857142857142858,75.71428571428571,0.0,1.8989972291159782,-2.799999999999997
2022-03-14,Chennai,25.9,71,0.0,3.8,0,3,1,0.9510565162951535,0.30901699437494745,25.3,26.7,28.2,66.0,0.0,25.866666666666664,25.914285714285715,68.28571428571429,0.17142857142857143,0.9754120008637439,0.5999999999999979
2022-03-15,Hyderabad,24.7,54,0.0,3.0,1,3,1,0.9562348265919056,0.29260033563334836,22.8,21.7,21.6,56.0,0.0,22.86666666666667,22.5,52.0,0.0,1.2845232578665853,1.8999999999999986
2022-03-15,Mumbai,24.8,77,0.0,4.1,1,3,1,0.9562348265919056,0.29260033563334836,23.6,26.0,25.5,76.0,0.0,24.933333333333334,24.75714285714286,75.57142857142857,0.0,1.877815346670208,1.1999999999999993
2022-03-15,Delhi,17.6,46,0.0,3.5,1,3,1,0.9562348265919056,0.29260033563334836,19.7,22.3,20.0,59.0,0.0,19.59999999999999,20.614285714285717,49.857142857142854,0.0,1.8003967816650934,-2.099999999999998
2022-03-15,Chennai,25.8,74,0.0,4.1,1,3,1,0.9562348265919056,0.29260033563334836,25.9,26.4,26.0,71.0,0.0,25.666666666666668,25.88571428571429,69.28571428571429,0.0,0.9754120008637432,-0.09999999999999787
2022-03-15,Bangalore,21.4,61,0.0,4.4,1,3,1,0.9562348265919056,0.29260033563334836,21.6,19.1,21.6,64.0,0.0,20.8,19.742857142857144,64.85714285714286,0.0,2.6682435813703966,-0.20000000000000284
2022-03-16,Chennai,30.5,66,0.0,1.5,2,3,1,0.9611297838723007,0.27609697309746883,25.8,25.3,24.1,74.0,0.0,27.400000000000002,26.8,68.42857142857143,0.0,1.7301252363149375,4.699999999999999
2022-03-16,Bangalore,19.8,64,0.0,3.3,2,3,1,0.9611297838723007,0.27609697309746883,21.4,19.4,15.0,61.0,0.0,20.933333333333334,20.428571428571427,64.71428571428571,0.0,1.6799943310563312,-1.5999999999999979
2022-03-16,Hyderabad,22.8,48,0.0,2.8,2,3,1,0.9611297838723007,0.27609697309746883,24.7,21.1,22.1,54.0,0.0,23.433333333333337,22.599999999999998,51.0,0.0,1.275408431314004,-1.8999999999999986
2022-03-17,Delhi,19.6,38,0.0,1.8,3,3,1,0.9657399376548549,0.2595117970697999,17.6,21.5,22.5,46.0,0.0,18.966666666666658,20.2,48.42857142857143,0.0,1.6186414056243223,2.0
2022-03-17,Mumbai,25.6,88,0.0,3.5,3,3,1,0.9657399376548549,0.2595117970697999,24.8,26.4,23.6,77.0,0.0,24.666666666666668,25.042857142857144,78.85714285714286,0.0,1.823784657296519,0.8000000000000007
2022-03-17,Hyderabad,21.1,54,0.0,3.3,3,3,1,0.9657399376548549,0.2595117970697999,22.8,22.8,23.6,48.0,0.0,22.86666666666667,22.24285714285714,51.0,0.0,1.2985339719047304,-1.6999999999999993
2022-03-17,Chennai,28.2,78,0.0,5.0,3,3,1,0.9657399376548549,0.2595117970697999,30.5,25.9,27.0,66.0,0.0,28.166666666666668,26.971428571428568,70.85714285714286,0.0,1.8108140763336558,-2.3000000000000007
2022-03-17,Bangalore,20.0,62,0.0,3.5,3,3,1,0.9657399376548549,0.2595117970697999,19.8,21.6,18.5,64.0,0.0,20.400000000000002,20.642857142857142,63.857142857142854,0.0,1.4763210387731565,0.1999999999999993
2022-03-18,Delhi,24.6,52,0.0,2.6,4,3,1,0.9700639218515071,0.2428497220959356,19.6,19.7,19.3,38.0,0.0,20.59999999999999,20.95714285714286,48.714285714285715,0.0,2.24563067819679,5.0
2022-03-18,Mumbai,27.5,78,0.0,4.9,4,3,1,0.9700639218515071,0.2428497220959356,25.6,23.6,21.8,88.0,0.0,25.96666666666667,25.857142857142858,78.28571428571429,0.0,1.343945860587494,1.8999999999999986
2022-03-18,Chennai,25.8,67,0.0,3.1,4,3,1,0.9700639218515071,0.2428497220959356,28.2,25.8,26.7,78.0,0.0,28.166666666666668,26.842857142857145,70.28571428571429,0.0,1.864454471471739,-2.3999999999999986
2022-03-18,Bangalore,20.0,69,0.0,2.1,4,3,1,0.9700639218515071,0.2428497220959356,20.0,21.4,23.2,62.0,0.0,19.933333333333334,20.185714285714287,64.57142857142857,0.0,0.9564318610138317,0.0
2022-03-18,Hyderabad,22.8,54,0.0,2.3,4,3,1,0.9700639218515071,0.2428497220959356,21.1,24.7,21.5,54.0,0.0,22.233333333333334,22.428571428571427,52.142857142857146,0.0,1.2671678206593138,1.6999999999999993
2022-03-19,Delhi,19.5,44,0.0,3.6,5,3,1,0.9741004551724205,0.22611568550828828,24.6,17.6,21.4,52.0,0.0,21.233333333333324,20.685714285714287,47.57142857142857,0.0,2.2974105506192597,-5.100000000000001
2022-03-19,Hyderabad,25.5,59,0.0,2.7,5,3,1,0.9741004551724205,0.22611568550828828,22.8,22.8,21.7,54.0,0.0,23.133333333333336,22.97142857142857,53.857142857142854,0.0,1.6570196998570799,2.6999999999999993
2022-03-19,Mumbai,27.0,85,0.0,2.9,5,3,1,0.9741004551724205,0.22611568550828828,27.5,24.8,27.1,78.0,0.0,26.7,25.842857142857145,80.0,0.0,1.328980991658744,-0.5
2022-03-19,Chennai,23.8,76,0.0,4.3,5,3,1,0.9741004551724205,0.22611568550828828,25.8,30.5,26.4,67.0,0.0,25.933333333333334,26.471428571428568,71.14285714285714,0.0,2.196750847436903,-2.0
2022-03-19,Bangalore,23.3,67,0.0,3.0,5,3,1,0.9741004551724205,0.22611568550828828,20.0,19.8,19.1,69.0,0.0,21.099999999999998,20.785714285714285,65.14285714285714,0.0,1.3837492203294408,3.3000000000000007
2022-03-20,Delhi,21.4,46,0.0,3.8,6,3,1,0.9778483415056568,0.20931464596304847,19.5,19.6,22.3,44.0,0.0,21.833333333333325,20.557142857142857,47.714285714285715,0.0,2.2157445271342247,1.8999999999999986
2022-03-20,Hyderabad,25.9,48,0.0,2.6,6,3,1,0.9778483415056568,0.20931464596304847,25.5,21.1,21.1,59.0,0.0,24.733333333333334,23.657142857142862,53.285714285714285,0.0,1.7443787268988542,0.3999999999999986
2022-03-20,Mumbai,28.9,77,0.0,4.3,6,3,1,0.9778483415056568,0.20931464596304847,27.0,25.6,26.0,85.0,0.0,27.8,26.25714285714286,80.0,0.0,1.766217373236837,1.8999999999999986
2022-03-20,Chennai,29.5,68,0.0,3.2,6,3,1,0.9778483415056568,0.20931464596304847,23.8,28.2,25.3,76.0,0.0,26.366666666666664,27.071428571428573,71.42857142857143,0.0,2.3886637029340863,5.699999999999999
2022-03-20,Bangalore,21.2,65,0.0,2.3,6,3,1,0.9778483415056568,0.20931464596304847,23.3,20.0,19.4,67.0,0.0,21.5,21.042857142857144,64.57142857142857,0.0,1.2434590770069134,-2.1000000000000014
2022-03-21,Delhi,21.8,56,0.0,1.6,0,3,1,0.9813064702716093,0.19245158197082998,21.4,24.6,21.5,46.0,0.0,20.89999999999999,20.599999999999998,48.714285714285715,0.0,2.2397916569779706,0.40000000000000213
2022-03-21,Hyderabad,21.3,62,0.0,4.6,0,3,1,0.9813064702716093,0.19245158197082998,25.9,22.8,22.8,48.0,0.0,24.233333333333338,23.442857142857143,54.142857142857146,0.0,1.9475259030003371,-4.599999999999998
2022-03-21,Bangalore,20.5,62,0.0,2.4,0,3,1,0.9813064702716093,0.19245158197082998,21.2,20.0,21.6,65.0,0.0,21.666666666666668,20.885714285714283,64.28571428571429,0.0,1.2307566391298996,-0.6999999999999993
2022-03-21,Chennai,26.8,76,0.0,3.1,0,3,1,0.9813064702716093,0.19245158197082998,29.5,25.8,25.9,68.0,0.0,26.7,27.2,72.14285714285714,0.0,2.3388031127054068,-2.6999999999999993
2022-03-22,Hyderabad,23.0,53,0.0,2.4,1,3,1,0.9844738167520922,0.1755314904214282,21.3,25.5,24.7,62.0,0.0,23.400000000000006,23.2,54.0,0.0,1.8690461025168645,1.6999999999999993
2022-03-22,Bangalore,18.7,59,0.0,2.9,1,3,1,0.9844738167520922,0.1755314904214282,20.5,23.3,21.4,62.0,0.0,20.133333333333336,20.5,64.0,0.0,1.4468356276142043,-1.8000000000000007
2022-03-22,Chennai,25.7,72,0.0,2.9,1,3,1,0.9844738167520922,0.1755314904214282,26.8,23.8,25.8,76.0,0.0,27.333333333333332,27.185714285714283,71.85714285714286,0.0,2.34906262966651,-1.1000000000000014
2022-03-22,Delhi,19.8,46,2.0,2.6,1,3,1,0.9844738167520922,0.1755314904214282,21.8,19.5,19.7,56.0,0.0,20.99999999999999,20.614285714285717,46.857142857142854,0.2857142857142857,2.233404405408186,-2.0
2022-03-23,Hyderabad,21.4,53,0.0,3.7,2,3,1,0.9873494423939864,0.15855938510313475,23.0,25.9,22.8,53.0,0.0,21.900000000000002,23.0,54.714285714285715,0.0,1.98997487421328,-1.6000000000000014
2022-03-23,Chennai,25.2,70,0.0,3.3,2,3,1,0.9873494423939864,0.15855938510313475,25.7,29.5,30.5,72.0,0.0,25.900000000000002,26.428571428571427,72.42857142857143,0.0,1.9172152424062243,-0.5
2022-03-23,Delhi,21.5,50,0.0,3.5,2,3,1,0.9873494423939864,0.15855938510313475,19.8,21.4,17.6,46.0,2.0,21.03333333333332,21.171428571428574,47.42857142857143,0.2857142857142857,1.800661254201458,1.6999999999999993
2022-03-23,Mumbai,22.8,88,0.0,3.2,2,3,1,0.9873494423939864,0.15855938510313475,28.9,27.5,26.4,77.0,0.0,26.233333333333334,25.74285714285714,81.28571428571429,0.0,2.1907815522145473,-6.099999999999998
2022-03-23,Bangalore,23.1,70,0.0,2.0,2,3,1,0.9873494423939864,0.15855938510313475,18.7,21.2,19.8,59.0,0.0,20.766666666666666,20.971428571428568,64.85714285714286,0.0,1.696775653717378,4.400000000000002
2022-03-24,Chennai,27.0,66,0.0,5.0,3,3,1,0.989932495087353,0.141540295217043,25.2,26.8,28.2,70.0,0.0,25.96666666666667,26.25714285714286,70.71428571428571,0.0,1.7812515664154822,1.8000000000000007
2022-03-24,Hyderabad,25.7,57,0.0,2.8,3,3,1,0.989932495087353,0.141540295217043,21.4,21.3,21.1,53.0,0.0,23.36666666666667,23.657142857142855,55.142857142857146,0.0,2.017306077303079,4.300000000000001
2022-03-24,Delhi,22.4,51,0.0,4.5,3,3,1,0.989932495087353,0.141540295217043,21.5,21.8,19.6,50.0,0.0,21.233333333333324,21.571428571428573,49.285714285714285,0.2857142857142857,1.7016798423074986,0.8999999999999986
2022-03-24,Bangalore,21.8,68,0.0,4.1,3,3,1,0.989932495087353,0.141540295217043,23.1,20.5,20.0,70.0,0.0,21.2,21.228571428571428,65.71428571428571,0.0,1.6610381148691362,-1.3000000000000007
2022-03-24,Mumbai,25.3,80,0.0,4.1,3,3,1,0.989932495087353,0.141540295217043,22.8,27.0,23.6,88.0,0.0,25.666666666666668,25.985714285714288,81.85714285714286,0.0,1.9995237528209147,2.5
2022-03-25,Chennai,28.3,79,0.0,2.3,4,3,1,0.9922222094179323,0.12447926388678915,27.0,25.7,25.8,66.0,0.0,26.833333333333332,26.61428571428571,72.42857142857143,0.0,1.9195733652982332,1.3000000000000007
2022-03-25,Delhi,21.2,39,0.0,2.1,4,3,1,0.9922222094179323,0.12447926388678915,22.4,19.8,24.6,51.0,0.0,21.69999999999999,21.085714285714285,47.42857142857143,0.2857142857142857,1.055822856715711,-1.1999999999999993
2022-03-25,Bangalore,19.8,66,0.0,2.7,4,3,1,0.9922222094179323,0.12447926388678915,21.8,18.7,20.0,68.0,0.0,21.566666666666666,21.2,65.28571428571429,0.0,1.6872067646459528,-2.0
2022-03-25,Mumbai,19.2,84,0.0,5.0,4,3,1,0.9922222094179323,0.12447926388678915,25.3,28.9,24.8,80.0,0.0,22.433333333333334,25.185714285714283,82.85714285714286,0.0,3.2697750031811514,-6.100000000000001
2022-03-25,Hyderabad,23.3,42,0.0,3.8,4,3,1,0.9922222094179323,0.12447926388678915,25.7,23.0,22.8,57.0,0.0,23.46666666666667,23.728571428571428,53.42857142857143,0.0,1.9905730211125325,-2.3999999999999986
2022-03-26,Chennai,26.3,75,0.0,3.5,5,3,1,0.994217906893952,0.10738134666416309,28.3,25.2,23.8,79.0,0.0,27.2,26.97142857142857,72.28571428571429,0.0,1.494115441450708,-2.0
2022-03-26,Hyderabad,29.8,48,0.0,2.4,5,3,1,0.994217906893952,0.10738134666416309,23.3,21.4,25.5,42.0,0.0,26.26666666666667,24.342857142857145,51.857142857142854,0.0,3.023715784073833,6.5
2022-03-26,Delhi,22.7,56,0.0,3.6,5,3,1,0.994217906893952,0.10738134666416309,21.2,21.5,19.5,39.0,0.0,22.099999999999984,21.542857142857144,49.142857142857146,0.2857142857142857,0.9413769044287535,1.5
2022-03-26,Mumbai,25.0,78,0.0,2.9,5,3,1,0.994217906893952,0.10738134666416309,19.2,22.8,25.6,84.0,0.0,23.166666666666668,25.099999999999998,81.42857142857143,0.0,3.2649655434628584,5.800000000000001
2022-03-27,Bangalore,19.9,49,0.0,4.9,6,3,1,0.995918996147179,0.09025161003104117,19.8,23.1,23.3,66.0,0.0,20.5,20.714285714285715,62.714285714285715,0.0,1.4553677329443833,0.09999999999999787
2022-03-27,Mumbai,25.3,81,0.0,4.5,6,3,1,0.995918996147179,0.09025161003104117,25.0,25.3,27.5,78.0,0.0,23.166666666666668,24.785714285714285,81.85714285714286,0.0,3.0970031597381786,0.3000000000000007
2022-03-27,Delhi,22.9,46,0.0,2.3,6,3,1,0.995918996147179,0.09025161003104117,22.7,22.4,21.4,56.0,0.0,22.266666666666655,21.757142857142856,49.142857142857146,0.2857142857142857,1.0659223593638736,0.1999999999999993
2022-03-27,Chennai,25.5,70,0.0,3.1,6,3,1,0.995918996147179,0.09025161003104117,26.3,27.0,29.5,75.0,0.0,26.7,26.400000000000002,72.57142857142857,0.0,1.070825226947486,-0.8000000000000007
2022-03-28,Chennai,27.7,65,0.0,3.2,0,3,1,0.9973249731081555,0.07309512989807777,25.5,28.3,26.8,70.0,0.0,26.5,26.52857142857143,71.0,0.0,1.175746976343731,2.1999999999999993
2022-03-28,Bangalore,23.4,70,0.0,0.7,0,3,1,0.9973249731081555,0.07309512989807777,19.9,21.8,21.2,49.0,0.0,21.03333333333333,21.028571428571432,63.42857142857143,0.0,1.7792454259361457,3.5
2022-03-28,Mumbai,27.7,76,0.0,3.7,0,3,1,0.9973249731081555,0.07309512989807777,25.3,19.2,27.0,81.0,0.0,26.0,24.885714285714283,80.57142857142857,0.0,3.1903127179157433,2.3999999999999986
2022-03-28,Delhi,23.2,51,0.0,2.2,0,3,1,0.9973249731081555,0.07309512989807777,22.9,21.2,21.8,46.0,0.0,22.933333333333323,21.95714285714286,48.42857142857143,0.2857142857142857,1.1984116472196988,0.3000000000000007
2022-03-28,Hyderabad,30.5,48,0.0,3.9,0,3,1,0.9973249731081555,0.07309512989807777,29.8,25.7,25.9,48.0,0.0,27.86666666666667,25.0,51.857142857142854,0.0,3.8148831349509775,0.6999999999999993
2022-03-29,Bangalore,16.8,59,0.0,3.1,1,3,1,0.9984354211555643,0.055916990100603484,23.4,19.8,20.5,70.0,0.0,20.033333333333335,20.5,63.0,0.0,2.40277617212544,-6.599999999999998
2022-03-29,Hyderabad,23.3,54,0.0,3.5,1,3,1,0.9984354211555643,0.055916990100603484,30.5,23.3,21.3,48.0,0.0,27.86666666666667,25.285714285714285,50.714285714285715,0.0,3.5578216984687816,-7.199999999999999
2022-03-29,Chennai,29.1,71,0.0,2.0,1,3,1,0.9984354211555643,0.055916990100603484,27.7,26.3,25.7,65.0,0.0,27.433333333333334,27.014285714285716,70.85714285714286,0.0,1.4473292316409554,1.4000000000000021
2022-03-29,Delhi,21.9,48,0.0,3.3,1,3,1,0.9984354211555643,0.055916990100603484,23.2,22.7,19.8,51.0,0.0,22.666666666666654,22.25714285714286,48.714285714285715,0.0,0.7457817885895387,-1.3000000000000007
2022-03-29,Mumbai,27.8,79,0.0,2.9,1,3,1,0.9984354211555643,0.055916990100603484,27.7,25.0,28.9,76.0,0.0,26.933333333333334,24.728571428571428,80.85714285714286,0.0,2.979773081804604,0.10000000000000142
2022-03-30,Hyderabad,21.2,51,0.0,2.3,2,3,1,0.9992500112396835,0.03872228089217446,23.3,29.8,23.0,54.0,0.0,25.000000000000004,25.028571428571432,50.42857142857143,0.0,3.8068859915134063,-2.1000000000000014
2022-03-30,Chennai,26.2,70,0.0,3.0,2,3,1,0.9992500112396835,0.03872228089217446,29.1,25.5,25.2,71.0,0.0,27.666666666666668,27.157142857142855,70.85714285714286,0.0,1.2778329870752443,-2.900000000000002
2022-03-30,Mumbai,26.0,73,0.0,2.0,2,3,1,0.9992500112396835,0.03872228089217446,27.8,25.3,22.8,79.0,0.0,27.166666666666668,25.185714285714287,78.71428571428571,0.0,2.8783262332059643,-1.8000000000000007
2022-03-30,Bangalore,18.3,63,0.0,3.8,2,3,1,0.9992500112396835,0.03872228089217446,16.8,19.9,18.7,59.0,0.0,19.5,20.442857142857143,63.57142857142857,0.0,2.4568659866160645,1.5
2022-03-30,Delhi,24.8,47,0.0,3.0,2,3,1,0.9992500112396835,0.03872228089217446,21.9,22.9,21.5,48.0,0.0,23.299999999999994,22.728571428571428,48.285714285714285,0.0,1.1309498746845155,2.900000000000002
2022-03-31,Delhi,21.5,49,0.0,2.1,3,3,1,0.9997685019798909,0.021516097436222254,24.8,23.2,22.4,47.0,0.0,22.73333333333332,22.599999999999998,48.0,0.0,1.222020185322094,-3.3000000000000007
2022-03-31,Mumbai,24.0,84,0.0,3.7,3,3,1,0.9997685019798909,0.021516097436222254,26.0,27.7,25.3,73.0,0.0,25.933333333333334,25.0,79.28571428571429,0.0,2.911471563774302,-2.0
2022-03-31,Bangalore,19.1,60,0.0,3.6,3,3,1,0.9997685019798909,0.021516097436222254,18.3,23.4,23.1,63.0,0.0,18.066666666666666,19.87142857142857,62.142857142857146,0.0,2.1861032956034143,0.8000000000000007
2022-04-01,Chennai,28.5,73,0.0,3.4,4,4,2,0.9999907397361901,0.004303538296244289,26.2,27.7,27.0,70.0,0.0,27.933333333333334,27.37142857142857,71.85714285714286,0.0,1.3695671891932837,2.3000000000000007
2022-04-01,Delhi,22.7,44,0.0,2.5,4,4,2,0.9999907397361901,0.004303538296244289,21.5,21.9,21.2,49.0,0.0,22.99999999999999,22.814285714285713,48.714285714285715,0.0,1.0558228567156518,1.1999999999999993
2022-04-01,Bangalore,20.0,64,0.0,2.3,4,4,2,0.9999907397361901,0.004303538296244289,19.1,16.8,21.8,60.0,0.0,19.133333333333336,19.614285714285717,61.57142857142857,0.0,2.021079391009273,0.8999999999999986
2022-04-01,Mumbai,25.9,75,0.0,6.2,4,4,2,0.9999907397361901,0.004303538296244289,24.0,27.8,19.2,84.0,0.0,25.3,25.95714285714286,78.0,0.0,1.391470616358918,1.8999999999999986
2022-04-02,Delhi,25.9,46,0.0,5.2,5,4,2,0.9999166586547379,-0.01291029607500882,22.7,24.8,22.7,44.0,0.0,23.366666666666656,23.27142857142857,47.285714285714285,0.0,1.5670718827531636,3.1999999999999993
2022-04-02,Chennai,26.1,66,0.0,3.4,5,4,2,0.9999166586547379,-0.01291029607500882,28.5,29.1,28.3,73.0,0.0,26.933333333333337,27.057142857142857,70.0,0.0,1.3733864992022347,-2.3999999999999986
2022-04-02,Bangalore,20.7,57,0.0,3.5,5,4,2,0.9999166586547379,-0.01291029607500882,20.0,18.3,19.8,64.0,0.0,19.933333333333334,19.74285714285714,60.285714285714285,0.0,2.063053677486598,0.6999999999999993
2022-04-02,Hyderabad,26.8,52,0.0,2.3,5,4,2,0.9999166586547379,-0.01291029607500882,21.2,30.5,21.4,51.0,0.0,23.76666666666667,25.8,50.285714285714285,0.0,3.482336380458771,5.600000000000001
2022-04-02,Mumbai,25.5,73,0.0,1.1,5,4,2,0.9999166586547379,-0.01291029607500882,25.9,26.0,25.0,75.0,0.0,25.133333333333336,26.028571428571432,77.28571428571429,0.0,1.346246987881774,-0.3999999999999986
2022-04-03,Delhi,23.6,34,0.0,4.5,6,4,2,0.9995462806873573,-0.030120304846908114,25.9,21.5,22.9,46.0,0.0,24.06666666666666,23.371428571428574,45.57142857142857,0.0,1.5617450557145587,-2.299999999999997
2022-04-03,Hyderabad,24.0,48,0.0,2.4,6,4,2,0.9995462806873573,-0.030120304846908114,26.8,23.3,25.7,52.0,0.0,24.0,25.557142857142857,49.0,0.0,3.5491112234178446,-2.8000000000000007
2022-04-03,Mumbai,31.2,77,0.0,1.0,6,4,2,0.9995462806873573,-0.030120304846908114,25.5,24.0,25.3,73.0,0.0,27.53333333333333,26.87142857142857,76.71428571428571,0.0,2.31352133173239,5.699999999999999
2022-04-03,Bangalore,24.2,64,0.0,3.7,6,4,2,0.9995462806873573,-0.030120304846908114,20.7,19.1,19.9,57.0,0.0,21.633333333333336,20.357142857142858,62.42857142857143,0.0,2.66886813890413,3.5
2022-04-04,Bangalore,19.6,53,0.0,4.1,0,4,2,0.9988797155850336,-0.04732138832243185,24.2,20.0,23.4,64.0,0.0,21.5,19.814285714285717,60.0,0.0,2.3089886468818044,-4.599999999999998
2022-04-04,Delhi,25.5,54,0.0,4.0,0,4,2,0.9988797155850336,-0.04732138832243185,23.6,22.7,23.2,34.0,0.0,24.99999999999999,23.699999999999996,46.0,0.0,1.7502380790436933,1.8999999999999986
2022-04-04,Chennai,27.0,82,0.0,2.4,0,4,2,0.9988797155850336,-0.04732138832243185,26.1,26.2,26.3,66.0,0.0,27.2,27.157142857142855,71.0,0.0,1.3339879345497496,0.8999999999999986
2022-04-04,Hyderabad,25.3,50,0.0,1.6,0,4,2,0.9988797155850336,-0.04732138832243185,24.0,21.2,23.3,48.0,0.0,25.36666666666667,25.842857142857145,50.142857142857146,0.0,3.415092552604858,1.3000000000000007
2022-04-05,Delhi,22.8,45,0.0,2.5,1,4,2,0.9979171608653922,-0.06450844944931623,25.5,25.9,21.9,54.0,0.0,23.966666666666658,23.82857142857143,45.57142857142857,0.0,1.6245145795125484,-2.6999999999999993
2022-04-05,Mumbai,26.8,70,0.0,2.3,1,4,2,0.9979171608653922,-0.06450844944931623,31.2,25.9,27.7,77.0,0.0,27.833333333333332,26.742857142857144,75.85714285714286,0.0,2.2846277179277283,-4.399999999999999
2022-04-05,Bangalore,23.7,70,0.0,1.8,1,4,2,0.9979171608653922,-0.06450844944931623,19.6,20.7,16.8,53.0,0.0,22.5,20.8,61.57142857142857,0.0,2.2803508501983694,4.099999999999998
2022-04-05,Hyderabad,25.1,32,0.0,2.8,1,4,2,0.9979171608653922,-0.06450844944931623,25.3,26.8,29.8,50.0,0.0,24.8,25.17142857142857,47.857142857142854,0.0,2.9358214555806477,-0.1999999999999993
2022-04-06,Hyderabad,27.2,55,0.0,4.9,2,4,2,0.9966589017541702,-0.08167639533042241,25.1,24.0,30.5,32.0,0.0,25.86666666666667,24.699999999999996,48.857142857142854,0.0,2.076856599126047,2.099999999999998
2022-04-06,Delhi,20.7,40,0.0,3.9,2,4,2,0.9966589017541702,-0.08167639533042241,22.8,23.6,24.8,45.0,0.0,22.99999999999999,23.24285714285714,44.57142857142857,0.0,1.926877563017018,-2.1000000000000014
2022-04-06,Chennai,29.8,70,0.0,2.7,2,4,2,0.9966589017541702,-0.08167639533042241,27.0,28.5,25.5,82.0,0.0,27.633333333333336,27.771428571428572,71.0,0.0,1.4302846869469048,2.8000000000000007
2022-04-06,Bangalore,19.5,60,0.0,2.7,2,4,2,0.9966589017541702,-0.08167639533042241,23.7,24.2,18.3,70.0,0.0,20.933333333333334,20.97142857142857,61.142857142857146,0.0,2.0989793438037214,-4.199999999999999
2022-04-06,Mumbai,23.4,65,0.0,2.0,2,4,2,0.9966589017541702,-0.08167639533042241,26.8,25.5,27.8,70.0,0.0,27.133333333333336,26.114285714285717,73.85714285714286,0.0,2.536683248803782,-3.400000000000002
2022-04-07,Bangalore,20.3,57,0.0,4.0,3,4,2,0.9951053111006976,-0.09882013873287143,19.5,19.6,19.1,60.0,0.0,21.166666666666668,21.142857142857142,60.714285714285715,0.0,1.9654152596480843,0.8000000000000007
2022-04-07,Mumbai,28.8,81,0.0,2.5,3,4,2,0.9951053111006976,-0.09882013873287143,23.4,31.2,26.0,65.0,0.0,26.333333333333332,26.514285714285712,75.0,0.0,2.729119865102131,5.400000000000002
2022-04-07,Delhi,23.9,45,0.0,3.5,3,4,2,0.9951053111006976,-0.09882013873287143,20.7,25.5,21.5,40.0,0.0,22.466666666666654,23.585714285714285,44.0,0.0,1.7724075635783674,3.1999999999999993
2022-04-07,Hyderabad,27.1,44,0.0,4.2,3,4,2,0.9951053111006976,-0.09882013873287143,27.2,25.3,23.3,55.0,0.0,26.46666666666667,25.242857142857144,47.42857142857143,0.0,2.1454270304200964,-0.09999999999999787
2022-04-07,Chennai,28.0,72,0.0,1.6,3,4,2,0.9951053111006976,-0.09882013873287143,29.8,26.1,27.7,70.0,0.0,28.266666666666666,27.814285714285717,72.0,0.0,1.4322808982281,-1.8000000000000007
2022-04-08,Hyderabad,25.9,48,0.0,0.6,4,4,2,0.9932568492674143,-0.11593459959550041,27.1,25.1,21.2,44.0,0.0,26.733333333333334,25.91428571428571,47.0,0.0,1.1936339073442572,-1.2000000000000028
2022-04-08,Chennai,31.1,65,0.0,2.3,4,4,2,0.9932568492674143,-0.11593459959550041,28.0,27.0,29.1,72.0,0.0,29.633333333333336,28.099999999999998,71.14285714285714,0.0,1.865475810617906,3.1000000000000014
2022-04-08,Bangalore,24.2,56,0.0,1.2,4,4,2,0.9932568492674143,-0.11593459959550041,20.3,23.7,20.0,57.0,0.0,21.333333333333332,21.74285714285714,59.57142857142857,0.0,2.186974426658325,3.8999999999999986
2022-04-08,Delhi,26.2,49,0.0,2.2,4,4,2,0.9932568492674143,-0.11593459959550041,23.9,22.8,22.7,45.0,0.0,23.59999999999999,24.085714285714285,44.714285714285715,0.0,1.9642034614816342,2.3000000000000007
2022-04-08,Mumbai,23.2,81,0.0,4.1,4,4,2,0.9932568492674143,-0.11593459959550041,28.8,26.8,24.0,81.0,0.0,25.133333333333336,26.400000000000002,74.57142857142857,0.0,2.8653097563788505,-5.600000000000001
2022-04-09,Hyderabad,24.4,46,0.0,2.3,5,4,2,0.9911140639934547,-0.1330147065341959,25.9,27.2,26.8,48.0,0.0,25.8,25.571428571428573,46.142857142857146,0.0,1.2405835800330625,-1.5
2022-04-09,Chennai,29.3,64,0.0,2.8,5,4,2,0.9911140639934547,-0.1330147065341959,31.1,29.8,26.2,65.0,0.0,29.46666666666667,28.542857142857144,70.28571428571429,0.0,1.699859938207957,-1.8000000000000007
2022-04-09,Bangalore,21.7,64,0.0,2.6,5,4,2,0.9911140639934547,-0.1330147065341959,24.2,19.5,20.7,56.0,0.0,22.066666666666666,21.88571428571429,60.57142857142857,0.0,2.1396483912305766,-2.5
2022-04-09,Mumbai,29.9,77,0.0,3.2,5,4,2,0.9911140639934547,-0.1330147065341959,23.2,23.4,25.9,81.0,0.0,27.3,26.971428571428568,74.85714285714286,0.0,3.135131196464908,6.699999999999999
2022-04-09,Delhi,25.2,44,0.0,3.2,5,4,2,0.9911140639934547,-0.1330147065341959,26.2,20.7,25.9,49.0,0.0,25.09999999999999,23.985714285714288,44.42857142857143,0.0,1.8721009333802248,-1.0
2022-04-10,Mumbai,27.6,73,0.0,4.6,6,4,2,0.9886775902323405,-0.1500553983446526,29.9,28.8,25.5,77.0,0.0,26.900000000000002,27.27142857142857,74.85714285714286,0.0,3.0706754336867816,-2.299999999999997
2022-04-10,Delhi,24.3,48,0.0,4.2,6,4,2,0.9886775902323405,-0.1500553983446526,25.2,23.9,23.6,44.0,0.0,25.23333333333332,24.08571428571429,46.42857142857143,0.0,1.866751698743864,-0.8999999999999986
2022-04-10,Chennai,28.8,70,0.0,3.9,6,4,2,0.9886775902323405,-0.1500553983446526,29.3,28.0,28.5,64.0,0.0,29.733333333333334,28.585714285714285,69.85714285714286,0.0,1.7023792873786352,-0.5
2022-04-10,Bangalore,25.0,58,0.0,3.0,6,4,2,0.9886775902323405,-0.1500553983446526,21.7,20.3,24.2,64.0,0.0,23.633333333333336,22.0,59.714285714285715,0.0,2.2992752481308143,3.3000000000000007
2022-04-10,Hyderabad,29.3,51,0.0,1.6,6,4,2,0.9886775902323405,-0.1500553983446526,24.4,27.1,24.0,46.0,0.0,26.533333333333335,26.32857142857143,46.57142857142857,0.0,1.6660475040389098,4.900000000000002
2022-04-11,Delhi,25.0,45,0.0,2.2,0,4,2,0.9859481499638304,-0.16705162550211924,24.3,26.2,25.5,48.0,0.0,24.833333333333325,24.014285714285716,45.142857142857146,0.0,1.8123912118422743,0.6999999999999993
2022-04-11,Chennai,28.4,62,0.0,4.0,0,4,2,0.9859481499638304,-0.16705162550211924,28.8,31.1,26.1,70.0,0.0,28.833333333333332,28.914285714285715,69.28571428571429,0.0,1.322155527196329,-0.40000000000000213
2022-04-11,Mumbai,25.1,71,0.0,4.0,0,4,2,0.9859481499638304,-0.16705162550211924,27.6,23.2,31.2,73.0,0.0,27.53333333333333,26.400000000000002,74.0,0.0,2.5993588953175544,-2.5
2022-04-11,Bangalore,24.7,60,0.0,3.1,0,4,2,0.9859481499638304,-0.16705162550211924,25.0,24.2,19.6,58.0,0.0,23.8,22.728571428571428,60.714285714285715,0.0,2.2186439444807866,-0.3000000000000007
2022-04-11,Hyderabad,26.5,50,0.0,2.5,0,4,2,0.9859481499638304,-0.16705162550211924,29.3,25.9,25.3,51.0,0.0,26.733333333333334,26.5,46.57142857142857,0.0,1.6031219541881356,-2.8000000000000007
2022-04-12,Hyderabad,24.1,52,0.0,1.1,1,4,2,0.9829265519799822,-0.18399835165768005,26.5,24.4,25.1,50.0,0.0,26.633333333333336,26.357142857142858,49.42857142857143,0.0,1.7831219278343822,-2.3999999999999986
2022-04-12,Bangalore,21.0,58,0.0,2.2,1,4,2,0.9829265519799822,-0.18399835165768005,24.7,21.7,23.7,60.0,0.0,23.566666666666663,22.342857142857138,59.0,0.0,2.2559972982085204,-3.6999999999999993
2022-04-12,Mumbai,29.5,69,0.0,3.8,1,4,2,0.9829265519799822,-0.18399835165768005,25.1,29.9,26.8,71.0,0.0,27.400000000000002,26.785714285714285,73.85714285714286,0.0,2.8562379519387195,4.399999999999999
2022-04-12,Chennai,31.9,76,0.0,3.9,1,4,2,0.9829265519799822,-0.18399835165768005,28.4,29.3,27.0,62.0,0.0,29.7,29.614285714285717,68.42857142857143,0.0,1.4322808982281228,3.5
2022-04-12,Delhi,26.4,42,0.0,1.6,1,4,2,0.9829265519799822,-0.18399835165768005,25.0,25.2,22.8,45.0,0.0,25.23333333333332,24.52857142857143,44.714285714285715,0.0,1.9180843618174843,1.3999999999999986
2022-04-13,Chennai,29.3,67,0.0,1.9,2,4,2,0.9796136916454901,-0.20089055513063506,31.9,28.8,29.8,76.0,0.0,29.866666666666664,29.542857142857144,68.0,0.0,1.4339422848186953,-2.599999999999998
2022-04-13,Bangalore,22.5,66,0.0,2.3,2,4,2,0.9796136916454901,-0.20089055513063506,21.0,25.0,19.5,58.0,0.0,22.73333333333333,22.77142857142857,59.857142857142854,0.0,1.8794629425400389,1.5
2022-04-13,Delhi,23.9,49,0.0,4.3,2,4,2,0.9796136916454901,-0.20089055513063506,26.4,24.3,20.7,42.0,0.0,25.09999999999999,24.985714285714288,46.0,0.0,1.0286375640119187,-2.5
2022-04-13,Mumbai,24.6,72,0.0,2.1,2,4,2,0.9796136916454901,-0.20089055513063506,29.5,27.6,23.4,69.0,0.0,26.400000000000002,26.95714285714286,74.85714285714286,0.0,2.647550530117163,-4.899999999999999
2022-04-13,Hyderabad,26.9,47,0.0,3.4,2,4,2,0.9796136916454901,-0.20089055513063506,24.1,29.3,27.2,52.0,0.0,25.83333333333334,26.314285714285717,48.285714285714285,0.0,1.762979080447421,2.799999999999997
2022-04-14,Bangalore,23.5,58,0.0,4.0,3,4,2,0.9760105506323683,-0.21772323039653177,22.5,24.7,20.3,66.0,0.0,22.333333333333332,23.228571428571428,60.0,0.0,1.5359191446973706,1.0
2022-04-14,Hyderabad,26.0,54,0.0,2.1,3,4,2,0.9760105506323683,-0.21772323039653177,26.9,26.5,27.1,47.0,0.0,25.66666666666667,26.157142857142855,49.714285714285715,0.0,1.7299876134981855,-0.8999999999999986
2022-04-14,Delhi,27.0,53,0.0,2.4,3,4,2,0.9760105506323683,-0.21772323039653177,23.9,25.0,23.9,49.0,0.0,25.766666666666655,25.428571428571427,47.142857142857146,0.0,1.144136189030277,3.1000000000000014
2022-04-15,Delhi,25.6,32,0.0,4.3,4,4,2,0.9721181966290613,-0.23449138957040985,27.0,26.4,26.2,53.0,0.0,25.49999999999999,25.342857142857138,44.714285714285715,0.0,1.098267033189829,-1.3999999999999986
2022-04-15,Mumbai,26.7,75,0.0,3.4,4,4,2,0.9721181966290613,-0.23449138957040985,24.6,25.1,28.8,72.0,0.0,26.933333333333334,26.657142857142855,74.0,0.0,2.5198261466862455,2.099999999999998
2022-04-15,Chennai,29.2,68,0.0,3.9,4,4,2,0.9721181966290613,-0.23449138957040985,29.3,28.4,28.0,67.0,0.0,30.13333333333333,29.714285714285715,67.42857142857143,0.0,1.2824827112918504,-0.10000000000000142
2022-04-15,Bangalore,19.1,63,0.0,3.9,4,4,2,0.9721181966290613,-0.23449138957040985,23.5,21.0,24.2,58.0,0.0,21.7,22.5,61.0,0.0,2.103172207246391,-4.399999999999999
2022-04-15,Hyderabad,28.6,43,0.0,2.0,4,4,2,0.9721181966290613,-0.23449138957040985,26.0,24.1,25.9,54.0,0.0,27.166666666666668,26.54285714285714,49.0,0.0,1.9500915729414157,2.6000000000000014
2022-04-16,Chennai,29.8,71,0.0,3.9,5,4,2,0.9679377830240642,-0.25119006388481935,29.2,31.9,31.1,68.0,0.0,29.433333333333337,29.52857142857143,68.28571428571429,0.0,1.1338934190279393,0.6000000000000014
2022-04-16,Hyderabad,25.1,52,0.0,2.1,5,4,2,0.9679377830240642,-0.25119006388481935,28.6,26.9,24.4,43.0,0.0,26.566666666666674,26.642857142857142,49.857142857142854,0.0,1.836534002641148,-3.5
2022-04-16,Bangalore,23.0,49,0.0,1.3,5,4,2,0.9679377830240642,-0.25119006388481935,19.1,22.5,21.7,63.0,0.0,21.866666666666664,22.685714285714287,58.857142857142854,0.0,2.07800270406358,3.8999999999999986
2022-04-17,Hyderabad,27.3,46,0.0,2.6,6,4,2,0.9634705485641488,-0.2678143051621742,25.1,26.0,29.3,52.0,0.0,27.000000000000004,26.357142857142858,49.142857142857146,0.0,1.4740614447359834,2.1999999999999993
2022-04-17,Bangalore,22.4,69,0.0,3.5,6,4,2,0.9634705485641488,-0.2678143051621742,23.0,23.5,25.0,49.0,0.0,21.5,22.314285714285713,60.42857142857143,0.0,1.810551086850512,-0.6000000000000014
2022-04-17,Mumbai,27.9,73,0.0,2.4,6,4,2,0.9634705485641488,-0.2678143051621742,26.7,29.5,23.2,75.0,0.0,26.400000000000002,27.328571428571426,72.85714285714286,0.0,2.0221393668705185,1.1999999999999993
2022-04-17,Chennai,29.3,64,0.0,3.5,6,4,2,0.9634705485641488,-0.2678143051621742,29.8,29.3,29.3,71.0,0.0,29.433333333333334,29.52857142857143,68.28571428571429,0.0,1.1338934190279393,-0.5
2022-04-18,Hyderabad,28.3,47,0.0,1.7,0,4,2,0.9587178169872964,-0.2843591872810034,27.3,28.6,26.5,46.0,0.0,26.900000000000002,26.614285714285717,48.714285714285715,0.0,1.649675292725374,1.0
2022-04-18,Chennai,28.1,69,0.0,3.6,0,4,2,0.9587178169872964,-0.2843591872810034,29.3,29.2,28.8,64.0,0.0,29.066666666666666,29.428571428571427,68.14285714285714,0.0,1.235198075498366,-1.1999999999999993
2022-04-18,Delhi,25.7,37,0.0,2.6,0,4,2,0.9587178169872964,-0.2843591872810034,25.6,23.9,25.2,32.0,0.0,26.09999999999999,25.414285714285715,43.714285714285715,0.0,1.1036735197042402,0.09999999999999787
2022-04-18,Bangalore,23.1,63,0.0,2.1,0,4,2,0.9587178169872964,-0.2843591872810034,22.4,19.1,24.7,69.0,0.0,22.833333333333332,22.08571428571429,60.857142857142854,0.0,1.5399443403671818,0.7000000000000028
2022-04-18,Mumbai,28.3,79,0.0,3.9,0,4,2,0.9587178169872964,-0.2843591872810034,27.9,24.6,29.9,73.0,0.0,27.633333333333336,27.1,73.14285714285714,0.0,1.755942292142086,0.40000000000000213
2022-04-19,Hyderabad,22.5,50,0.0,4.7,1,4,2,0.9536809966304457,-0.30081980763566735,28.3,25.1,24.1,47.0,0.0,26.033333333333335,26.38571428571429,48.42857142857143,0.0,2.104303979489473,-5.800000000000001
2022-04-19,Chennai,30.8,69,0.0,3.0,1,4,2,0.9536809966304457,-0.30081980763566735,28.1,29.8,28.4,69.0,0.0,29.400000000000002,29.771428571428572,69.14285714285714,0.0,1.2351980754983694,2.6999999999999993
2022-04-19,Delhi,28.1,39,0.0,2.7,1,4,2,0.9536809966304457,-0.30081980763566735,25.7,27.0,24.3,37.0,0.0,26.466666666666658,25.957142857142856,42.42857142857143,0.0,1.367305309550461,2.400000000000002
2022-04-19,Bangalore,24.4,53,0.0,2.8,1,4,2,0.9536809966304457,-0.30081980763566735,23.1,23.0,21.0,63.0,0.0,23.3,22.571428571428573,60.142857142857146,0.0,1.6710418763098882,1.2999999999999972
2022-04-19,Mumbai,26.0,76,0.0,2.0,1,4,2,0.9536809966304457,-0.30081980763566735,28.3,26.7,27.6,79.0,0.0,27.399999999999995,26.871428571428574,73.57142857142857,0.0,1.7839229109972232,-2.3000000000000007
2022-04-20,Chennai,31.7,68,0.0,2.9,2,4,2,0.9483615800121715,-0.3171912885891061,30.8,29.3,31.9,69.0,0.0,30.200000000000003,29.74285714285714,68.0,0.0,1.1787806452111433,0.8999999999999986
2022-04-20,Bangalore,19.8,51,0.0,3.1,2,4,2,0.9483615800121715,-0.3171912885891061,24.4,22.4,22.5,53.0,0.0,22.433333333333334,22.185714285714287,58.0,0.0,1.9743594500737636,-4.599999999999998
2022-04-20,Delhi,26.1,52,0.0,2.8,2,4,2,0.9483615800121715,-0.3171912885891061,28.1,25.6,25.0,39.0,0.0,26.633333333333322,26.11428571428571,43.42857142857143,0.0,1.3005493344850985,-2.0
2022-04-20,Hyderabad,27.4,52,0.0,2.3,2,4,2,0.9483615800121715,-0.3171912885891061,22.5,27.3,26.9,50.0,0.0,26.066666666666666,26.457142857142856,49.142857142857146,0.0,2.132961277080247,4.899999999999999
2022-04-20,Mumbai,26.4,74,0.0,4.3,2,4,2,0.9483615800121715,-0.3171912885891061,26.0,27.9,25.1,76.0,0.0,26.900000000000002,27.057142857142853,74.0,0.0,1.6297823401271547,0.3999999999999986
2022-04-21,Chennai,28.3,74,0.0,2.5,3,4,2,0.9427611433904207,-0.3334687789181868,31.7,28.1,29.3,68.0,0.0,30.266666666666666,29.599999999999998,69.0,0.0,1.2961481396817984,-3.3999999999999986
2022-04-21,Delhi,29.9,43,0.0,1.9,3,4,2,0.9427611433904207,-0.3334687789181868,26.1,25.7,26.4,52.0,0.0,28.03333333333332,26.614285714285717,43.57142857142857,0.0,1.94287464978133,3.799999999999997
2022-04-21,Mumbai,26.9,70,0.0,1.8,3,4,2,0.9427611433904207,-0.3334687789181868,26.4,28.3,29.5,74.0,0.0,26.433333333333334,26.685714285714283,74.14285714285714,0.0,1.2266873704256307,0.5
2022-04-21,Bangalore,21.2,67,0.0,2.5,3,4,2,0.9427611433904207,-0.3334687789181868,19.8,23.1,23.5,51.0,0.0,21.8,21.857142857142858,59.285714285714285,0.0,1.9095000592277622,1.3999999999999986
2022-04-22,Bangalore,23.4,61,0.0,2.0,4,4,2,0.9368813462954315,-0.3496474552512284,21.2,24.4,19.1,67.0,0.0,21.46666666666667,22.471428571428568,59.0,0.0,1.5283043825477345,2.1999999999999993
2022-04-22,Mumbai,25.1,76,0.0,2.4,4,4,2,0.9368813462954315,-0.3496474552512284,26.9,26.0,24.6,70.0,0.0,26.133333333333336,26.75714285714286,74.71428571428571,0.0,1.0921799956312108,-1.7999999999999972
2022-04-22,Chennai,33.3,67,0.0,3.6,4,4,2,0.9368813462954315,-0.3496474552512284,28.3,30.8,29.2,74.0,0.0,31.099999999999998,30.185714285714287,68.85714285714286,0.0,1.8800962488028372,4.9999999999999964
2022-04-22,Hyderabad,25.8,40,0.0,3.1,4,4,2,0.9368813462954315,-0.3496474552512284,27.4,28.3,26.0,52.0,0.0,25.233333333333338,26.428571428571427,47.142857142857146,0.0,2.141428094920368,-1.5999999999999979
2022-04-23,Hyderabad,26.3,50,0.0,3.2,5,4,2,0.9307239310379795,-0.36572252349726897,25.8,22.5,28.6,40.0,0.0,26.500000000000004,26.1,48.142857142857146,0.0,1.9174636024359566,0.5
2022-04-23,Bangalore,22.7,63,0.0,4.9,5,4,2,0.9307239310379795,-0.36572252349726897,23.4,19.8,23.0,61.0,0.0,22.433333333333334,22.428571428571427,61.0,0.0,1.5151614718288653,-0.6999999999999993
2022-04-23,Mumbai,27.5,80,0.0,2.8,5,4,2,0.9307239310379795,-0.36572252349726897,25.1,26.4,26.7,76.0,0.0,26.5,26.871428571428574,75.42857142857143,0.0,1.1265201369915563,2.3999999999999986
2022-04-23,Delhi,23.1,40,0.0,3.6,5,4,2,0.9307239310379795,-0.36572252349726897,29.9,28.1,23.9,43.0,0.0,26.366666666666656,26.5,42.285714285714285,0.0,2.142428528563095,-6.799999999999997
2022-04-23,Chennai,30.7,69,0.0,2.4,5,4,2,0.9307239310379795,-0.36572252349726897,33.3,31.7,29.8,67.0,0.0,30.766666666666666,30.314285714285713,68.57142857142857,0.0,1.8800962488028379,-2.599999999999998
2022-04-24,Delhi,28.6,46,0.0,2.8,6,4,2,0.9242907221930933,-0.3816892202666588,23.1,26.1,27.0,40.0,0.0,27.19999999999999,26.72857142857143,41.285714285714285,0.0,2.285252929629883,5.5
2022-04-24,Chennai,26.4,66,0.0,1.9,6,4,2,0.9242907221930933,-0.3816892202666588,30.7,28.3,29.3,69.0,0.0,30.13333333333333,29.900000000000002,68.85714285714286,0.0,2.39095517872403,-4.300000000000001
2022-04-24,Bangalore,20.8,67,0.0,2.4,6,4,2,0.9242907221930933,-0.3816892202666588,22.7,21.2,22.4,63.0,0.0,22.3,22.2,60.714285714285715,0.0,1.6360521589078396,-1.8999999999999986
2022-04-24,Mumbai,26.5,80,0.0,2.3,6,4,2,0.9242907221930933,-0.3816892202666588,27.5,26.9,27.9,80.0,0.0,26.366666666666664,26.67142857142857,76.42857142857143,0.0,1.0339475900873618,-1.0
2022-04-24,Hyderabad,26.6,49,0.0,2.7,6,4,2,0.9242907221930933,-0.3816892202666588,26.3,27.4,25.1,50.0,0.0,26.233333333333334,26.314285714285717,47.714285714285715,0.0,1.87031955507481,0.3000000000000007
2022-04-25,Chennai,32.1,56,0.0,2.7,0,4,2,0.9175836260593937,-0.39754281428255595,26.4,33.3,28.1,66.0,0.0,29.733333333333334,30.47142857142857,67.0,0.0,2.366934927787741,5.700000000000003
2022-04-25,Hyderabad,25.9,47,0.0,2.4,0,4,2,0.9175836260593937,-0.39754281428255595,26.6,25.8,27.3,49.0,0.0,26.26666666666667,26.114285714285717,47.857142857142854,0.0,1.8215639538855743,-0.7000000000000028
2022-04-25,Delhi,28.9,39,0.0,3.4,0,4,2,0.9175836260593937,-0.39754281428255595,28.6,29.9,25.6,46.0,0.0,26.866666666666656,27.2,42.285714285714285,0.0,2.3530122538286204,0.29999999999999716
2022-04-25,Mumbai,25.8,84,0.0,2.6,0,4,2,0.9175836260593937,-0.39754281428255595,26.5,25.1,28.3,80.0,0.0,26.599999999999998,26.314285714285713,77.14285714285714,0.0,0.777664390827899,-0.6999999999999993
2022-04-25,Bangalore,25.0,58,0.0,2.8,0,4,2,0.9175836260593937,-0.39754281428255595,20.8,23.4,23.1,67.0,0.0,22.833333333333332,22.47142857142857,60.0,0.0,1.9396857870235786,4.199999999999999
2022-04-26,Chennai,28.3,63,0.0,3.3,1,4,2,0.9106046300942162,-0.4132786077829042,32.1,30.7,30.8,56.0,0.0,28.933333333333334,30.114285714285717,66.14285714285714,0.0,2.4942791687036894,-3.8000000000000007
2022-04-26,Mumbai,31.1,77,0.0,2.6,1,4,2,0.9106046300942162,-0.4132786077829042,25.8,27.5,26.0,84.0,0.0,27.8,27.04285714285714,77.28571428571429,0.0,1.945813576936482,5.300000000000001
2022-04-26,Hyderabad,27.5,46,0.0,2.7,1,4,2,0.9106046300942162,-0.4132786077829042,25.9,26.3,28.3,47.0,0.0,26.66666666666667,26.0,47.714285714285715,0.0,1.6812693617224697,1.6000000000000014
2022-04-26,Delhi,28.4,45,0.0,3.4,1,4,2,0.9106046300942162,-0.4132786077829042,28.9,23.1,25.7,39.0,0.0,28.633333333333322,27.585714285714285,43.42857142857143,0.0,2.286502840167968,-0.5
2022-04-26,Bangalore,22.0,54,0.0,5.1,1,4,2,0.9106046300942162,-0.4132786077829042,25.0,22.7,24.4,58.0,0.0,22.599999999999998,22.12857142857143,60.142857142857146,0.0,1.744242228700272,-3.0
2022-04-27,Chennai,28.3,65,0.0,2.7,2,4,2,0.9033558023246845,-0.4288919379124835,28.3,26.4,31.7,63.0,0.0,29.566666666666674,29.62857142857143,65.71428571428571,0.0,2.464896404661841,0.0
2022-04-27,Delhi,27.8,42,0.0,3.3,2,4,2,0.9033558023246845,-0.4288919379124835,28.4,28.6,28.1,45.0,0.0,28.366666666666656,27.542857142857144,43.857142857142854,0.0,2.2780526353718784,-0.5999999999999979
2022-04-27,Mumbai,31.3,71,0.0,4.1,2,4,2,0.9033558023246845,-0.4288919379124835,31.1,26.5,26.4,77.0,0.0,29.400000000000002,27.74285714285714,76.85714285714286,0.0,2.483181523004387,0.1999999999999993
2022-04-27,Hyderabad,26.9,50,0.0,3.3,2,4,2,0.9033558023246845,-0.4288919379124835,27.5,26.6,22.5,46.0,0.0,26.766666666666666,26.628571428571426,47.714285714285715,0.0,0.6775305299745508,-0.6000000000000014
2022-04-27,Bangalore,22.9,59,0.0,4.9,2,4,2,0.9033558023246845,-0.4288919379124835,22.0,20.8,19.8,54.0,0.0,23.3,22.571428571428573,61.285714285714285,0.0,1.4174087692151278,0.8999999999999986
2022-04-28,Mumbai,27.8,68,0.0,0.8,3,4,2,0.895839290734909,-0.4443781781046132,31.3,25.8,26.9,71.0,0.0,30.066666666666666,27.871428571428574,76.57142857142857,0.0,2.455411904151224,-3.5
2022-04-28,Chennai,29.1,77,0.0,3.3,3,4,2,0.895839290734909,-0.4443781781046132,28.3,32.1,28.3,65.0,0.0,28.566666666666666,29.74285714285714,66.14285714285714,0.0,2.4109867570888333,0.8000000000000007
2022-04-28,Hyderabad,33.3,51,0.0,2.7,3,4,2,0.895839290734909,-0.4443781781046132,26.9,25.9,27.4,50.0,0.0,29.233333333333334,27.47142857142857,47.57142857142857,0.0,2.6361046297610295,6.399999999999999
2022-04-28,Bangalore,23.1,44,0.0,6.4,3,4,2,0.895839290734909,-0.4443781781046132,22.9,25.0,21.2,59.0,0.0,22.666666666666668,22.842857142857145,58.0,0.0,1.2869306415618482,0.20000000000000284
2022-04-28,Delhi,31.4,40,0.0,4.7,3,4,2,0.895839290734909,-0.4443781781046132,27.8,28.9,26.1,42.0,0.0,29.19999999999999,28.3,42.142857142857146,0.0,2.5794056162872545,3.599999999999998
2022-04-29,Chennai,28.7,74,0.0,3.0,4,4,2,0.8880573226294932,-0.45973273945210397,29.1,28.3,33.3,77.0,0.0,28.700000000000003,29.085714285714285,67.14285714285714,0.0,1.8388661102508648,-0.40000000000000213
2022-04-29,Delhi,26.6,39,0.0,3.0,4,4,2,0.8880573226294932,-0.45973273945210397,31.4,28.4,29.9,40.0,0.0,28.59999999999999,27.82857142857143,41.57142857142857,0.0,2.5394975131014697,-4.799999999999997
2022-04-29,Hyderabad,31.1,51,0.0,1.3,4,4,2,0.8880573226294932,-0.45973273945210397,33.3,27.5,25.8,51.0,0.0,30.433333333333337,28.228571428571428,49.142857142857146,0.0,2.8300260809836164,-2.1999999999999957
2022-04-29,Bangalore,25.8,53,0.0,2.5,4,4,2,0.8880573226294932,-0.45973273945210397,23.1,22.0,23.4,44.0,0.0,23.933333333333334,23.185714285714287,56.857142857142854,0.0,1.710193528452907,2.6999999999999993
2022-04-30,Chennai,30.7,65,0.0,2.2,5,4,2,0.8800122039735357,-0.47495107206704995,28.7,28.3,30.7,74.0,0.0,29.5,29.085714285714285,66.57142857142857,0.0,1.8388661102508648,2.0
2022-04-30,Delhi,30.3,44,0.0,3.0,5,4,2,0.8800122039735357,-0.47495107206704995,26.6,27.8,23.1,39.0,0.0,29.433333333333323,28.857142857142858,42.142857142857146,0.0,1.5830952201909212,3.6999999999999993
2022-04-30,Mumbai,24.5,75,0.0,3.5,5,4,2,0.8800122039735357,-0.47495107206704995,27.8,31.1,25.1,68.0,0.0,27.866666666666664,27.785714285714285,76.42857142857143,0.0,2.5758031572233584,-3.3000000000000007
2022-04-30,Hyderabad,26.3,47,0.0,1.8,5,4,2,0.8800122039735357,-0.47495107206704995,31.1,26.9,26.3,51.0,0.0,30.233333333333334,28.228571428571428,48.714285714285715,0.0,2.8300260809836164,-4.800000000000001
2022-04-30,Bangalore,23.9,57,0.0,4.8,5,4,2,0.8800122039735357,-0.47495107206704995,25.8,22.9,22.7,53.0,0.0,24.266666666666666,23.357142857142858,56.0,0.0,1.7135315801556645,-1.9000000000000021
2022-05-01,Bangalore,25.4,51,0.0,3.1,6,5,2,0.8717063187093218,-0.4900286664290592,23.9,23.1,20.8,57.0,0.0,25.03333333333333,24.014285714285712,53.714285714285715,0.0,1.4276187299470064,1.5
2022-05-01,Mumbai,28.4,75,0.0,3.8,6,5,2,0.8717063187093218,-0.4900286664290592,24.5,31.3,27.5,75.0,0.0,26.900000000000002,27.91428571428571,75.71428571428571,0.0,2.581620015564225,3.8999999999999986
2022-05-01,Chennai,30.6,63,0.0,3.5,6,5,2,0.8717063187093218,-0.4900286664290592,30.7,29.1,26.4,65.0,0.0,30.0,29.685714285714287,66.14285714285714,0.0,1.4633620780344008,-0.09999999999999787
2022-05-01,Delhi,29.8,44,0.0,2.4,6,5,2,0.8717063187093218,-0.4900286664290592,30.3,31.4,28.6,44.0,0.0,28.899999999999988,29.02857142857143,41.857142857142854,0.0,1.6152546607419132,-0.5
2022-05-01,Hyderabad,27.6,55,0.0,2.2,6,5,2,0.8717063187093218,-0.4900286664290592,26.3,33.3,26.6,47.0,0.0,28.333333333333332,28.37142857142857,49.57142857142857,0.0,2.758450220512866,1.3000000000000007
2022-05-02,Mumbai,26.7,74,0.0,2.6,0,5,2,0.8631421280499114,-0.5049610547215204,28.4,27.8,26.5,75.0,0.0,26.53333333333333,27.942857142857143,74.85714285714286,0.0,2.5644084066681736,-1.6999999999999993
2022-05-02,Hyderabad,32.0,47,0.0,4.4,0,5,2,0.8631421280499114,-0.5049610547215204,27.6,31.1,25.9,55.0,0.0,28.633333333333336,29.24285714285714,49.57142857142857,0.0,2.8106091527502737,4.399999999999999
2022-05-02,Chennai,31.2,74,0.0,4.3,0,5,2,0.8631421280499114,-0.5049610547215204,30.6,28.7,32.1,63.0,0.0,30.833333333333332,29.557142857142857,68.71428571428571,0.0,1.2380860805524498,0.5999999999999979
2022-05-02,Delhi,29.2,30,0.0,2.6,0,5,2,0.8631421280499114,-0.5049610547215204,29.8,26.6,28.9,44.0,0.0,29.766666666666655,29.071428571428573,40.57142857142857,0.0,1.6152546607419123,-0.6000000000000014
2022-05-02,Bangalore,18.5,50,0.0,4.0,0,5,2,0.8631421280499114,-0.5049610547215204,25.4,25.8,25.0,51.0,0.0,22.599999999999998,23.085714285714285,52.57142857142857,0.0,2.4368207234213064,-6.899999999999999
2022-05-03,Mumbai,30.1,80,0.0,3.1,1,5,2,0.854322169749827,-0.5197438121555155,26.7,24.5,25.8,74.0,0.0,28.400000000000002,28.557142857142857,74.28571428571429,0.0,2.479151160415685,3.400000000000002
2022-05-03,Delhi,28.8,32,0.0,5.2,1,5,2,0.854322169749827,-0.5197438121555155,29.2,30.3,28.4,30.0,0.0,29.266666666666655,29.12857142857143,38.714285714285715,0.0,1.5944845412802846,-0.3999999999999986
2022-05-03,Bangalore,23.1,46,0.0,2.9,1,5,2,0.854322169749827,-0.5197438121555155,18.5,23.9,22.0,50.0,0.0,22.333333333333332,23.24285714285714,51.42857142857143,0.0,2.3901583928387335,4.600000000000001
2022-05-03,Chennai,32.7,72,0.0,3.2,1,5,2,0.854322169749827,-0.5197438121555155,31.2,30.7,28.3,74.0,0.0,31.5,30.185714285714287,70.0,0.0,1.5667679805135497,1.5000000000000036
2022-05-03,Hyderabad,24.6,46,0.0,2.2,1,5,2,0.854322169749827,-0.5197438121555155,32.0,26.3,27.5,47.0,0.0,28.066666666666666,28.828571428571426,49.57142857142857,0.0,3.284161123592159,-7.399999999999999
2022-05-04,Delhi,31.6,36,0.0,3.6,2,5,2,0.8452490573530633,-0.5343725582809786,28.8,29.8,27.8,32.0,0.0,29.866666666666656,29.67142857142857,37.857142857142854,0.0,1.7094972806008697,2.8000000000000007
2022-05-04,Chennai,28.2,68,0.0,2.1,2,5,2,0.8452490573530633,-0.5343725582809786,32.7,30.6,28.3,72.0,0.0,30.700000000000003,30.171428571428574,70.42857142857143,0.0,1.5871507864876049,-4.5000000000000036
2022-05-04,Hyderabad,27.6,47,0.0,4.9,2,5,2,0.8452490573530633,-0.5343725582809786,24.6,27.6,26.9,46.0,0.0,28.066666666666663,28.928571428571427,49.142857142857146,0.0,3.225788940044606,3.0
2022-05-04,Bangalore,30.4,53,0.0,2.8,2,5,2,0.8452490573530633,-0.5343725582809786,23.1,25.4,22.9,46.0,0.0,24.0,24.314285714285713,50.57142857142857,0.0,3.5904635594068925,7.299999999999997
2022-05-05,Delhi,29.2,40,0.0,3.2,3,5,2,0.8359254794186372,-0.548842958284719,31.6,29.2,31.4,36.0,0.0,29.866666666666656,29.357142857142858,37.857142857142854,0.0,1.5317279380462154,-2.400000000000002
2022-05-05,Chennai,31.2,66,0.0,4.4,3,5,2,0.8359254794186372,-0.548842958284719,28.2,31.2,29.1,68.0,0.0,30.7,30.47142857142857,68.85714285714286,0.0,1.5488859283524492,3.0
2022-05-05,Mumbai,26.9,71,0.0,2.6,3,5,2,0.8359254794186372,-0.548842958284719,30.1,28.4,31.1,80.0,0.0,27.899999999999995,27.95714285714286,73.42857142857143,0.0,2.2596881369318202,-3.200000000000003
2022-05-05,Hyderabad,30.3,45,0.0,3.0,3,5,2,0.8359254794186372,-0.548842958284719,27.6,32.0,33.3,47.0,0.0,27.5,28.5,48.285714285714285,0.0,2.7055498516937098,2.6999999999999993
2022-05-06,Chennai,31.3,70,0.0,0.7,4,5,2,0.8263541987239096,-0.5631507242749186,31.2,32.7,28.7,66.0,0.0,30.233333333333334,30.842857142857145,68.28571428571429,0.0,1.3525989093313748,0.10000000000000142
2022-05-06,Hyderabad,28.9,45,0.0,4.0,4,5,2,0.8263541987239096,-0.5631507242749186,30.3,24.6,31.1,45.0,0.0,28.933333333333334,28.185714285714287,47.42857142857143,0.0,2.470781638421691,-1.4000000000000021
2022-05-06,Bangalore,25.8,58,0.0,3.1,4,5,2,0.8263541987239096,-0.5631507242749186,30.4,18.5,23.1,53.0,0.0,26.433333333333337,24.7,52.57142857142857,0.0,3.583294573433815,-4.599999999999998
2022-05-06,Mumbai,26.3,66,0.0,2.9,4,5,2,0.8263541987239096,-0.5631507242749186,26.9,26.7,31.3,71.0,0.0,27.766666666666666,27.24285714285714,72.71428571428571,0.0,1.7624387865087277,-0.5999999999999979
2022-05-06,Delhi,31.1,43,0.0,1.2,4,5,2,0.8263541987239096,-0.5631507242749186,29.2,28.8,26.6,40.0,0.0,30.633333333333326,30.0,38.42857142857143,0.0,1.0503967504396292,1.9000000000000021
2022-05-07,Delhi,28.2,41,0.0,2.8,5,5,2,0.8165380514459161,-0.5772916165517272,31.1,31.6,30.3,43.0,0.0,29.49999999999999,29.7,38.0,0.0,1.234233905438572,-2.900000000000002
2022-05-07,Mumbai,31.3,70,0.0,3.0,5,5,2,0.8165380514459161,-0.5772916165517272,26.3,30.1,27.8,66.0,0.0,28.166666666666668,27.74285714285714,73.0,0.0,2.3465273227027184,5.0
2022-05-07,Hyderabad,33.0,36,0.0,2.2,5,5,2,0.8165380514459161,-0.5772916165517272,28.9,27.6,26.3,45.0,0.0,30.73333333333333,29.142857142857142,45.857142857142854,0.0,2.882046230751737,4.100000000000001
2022-05-07,Chennai,29.6,67,0.0,0.7,5,5,2,0.8165380514459161,-0.5772916165517272,31.3,28.2,30.7,70.0,0.0,30.7,30.685714285714287,68.57142857142857,0.0,1.43344407102702,-1.6999999999999993
2022-05-07,Bangalore,27.5,57,0.0,3.5,5,5,2,0.8165380514459161,-0.5772916165517272,25.8,23.1,25.8,58.0,0.0,27.899999999999995,24.942857142857143,53.142857142857146,0.0,3.725075902071082,1.6999999999999993
2022-05-08,Delhi,32.3,35,0.0,2.1,6,5,2,0.8064799463209448,-0.5912614448635781,28.2,29.2,29.8,41.0,0.0,30.53333333333332,30.057142857142853,36.714285714285715,0.0,1.580988238262576,4.099999999999998
2022-05-08,Mumbai,27.7,66,0.0,2.5,6,5,2,0.8064799463209448,-0.5912614448635781,31.3,26.9,24.5,70.0,0.0,28.433333333333334,28.199999999999996,71.71428571428571,0.0,1.8734993995195024,-3.6000000000000014
2022-05-08,Hyderabad,29.9,46,0.0,3.0,6,5,2,0.8064799463209448,-0.5912614448635781,33.0,30.3,27.6,36.0,0.0,30.599999999999994,29.47142857142857,44.57142857142857,0.0,2.806964128564421,-3.1000000000000014
2022-05-08,Bangalore,23.2,56,0.0,3.2,6,5,2,0.8064799463209448,-0.5912614448635781,27.5,30.4,23.9,57.0,0.0,25.5,24.842857142857145,53.0,0.0,3.7668984336618405,-4.300000000000001
2022-05-08,Chennai,30.7,68,0.0,1.1,6,5,2,0.8064799463209448,-0.5912614448635781,29.6,31.2,30.6,67.0,0.0,30.53333333333333,30.699999999999996,69.28571428571429,0.0,1.4329456840138586,1.0999999999999979
2022-05-09,Bangalore,24.2,50,0.0,1.9,0,5,2,0.7961828637826158,-0.6050560696488488,23.2,25.8,25.4,56.0,0.0,24.96666666666667,24.67142857142857,52.857142857142854,0.0,3.764622285486444,1.0
2022-05-09,Delhi,25.8,42,0.0,3.9,0,5,2,0.7961828637826158,-0.6050560696488488,32.3,31.1,29.2,35.0,0.0,28.766666666666655,29.571428571428573,38.42857142857143,0.0,2.2632677597628104,-6.4999999999999964
2022-05-09,Mumbai,29.1,70,0.0,1.8,0,5,2,0.7961828637826158,-0.6050560696488488,27.7,26.3,28.4,66.0,0.0,29.36666666666667,28.300000000000004,71.0,0.0,1.904380914278078,1.4000000000000021
2022-05-09,Hyderabad,30.9,49,0.0,3.4,0,5,2,0.7961828637826158,-0.6050560696488488,29.9,28.9,32.0,46.0,0.0,31.266666666666662,29.314285714285713,44.857142857142854,0.0,2.6692249633108323,1.0
2022-05-09,Chennai,28.6,62,0.0,2.6,0,5,2,0.7961828637826158,-0.6050560696488488,30.7,31.3,31.2,68.0,0.0,29.633333333333336,30.32857142857143,67.57142857142857,0.0,1.6080156360293536,-2.099999999999998
2022-05-10,Mumbai,27.9,63,0.0,3.4,1,5,2,0.7856498550787147,-0.6186714032625031,29.1,31.3,26.7,70.0,0.0,28.233333333333334,28.471428571428568,69.42857142857143,0.0,1.7867235243262742,-1.2000000000000028
2022-05-10,Hyderabad,30.9,46,0.0,2.4,1,5,2,0.7856498550787147,-0.6186714032625031,30.9,33.0,24.6,49.0,0.0,30.566666666666663,30.214285714285715,44.857142857142854,0.0,1.7013999837668021,0.0
2022-05-10,Delhi,29.4,38,0.0,2.8,1,5,2,0.7856498550787147,-0.6186714032625031,25.8,28.2,28.8,42.0,0.0,29.166666666666654,29.657142857142855,39.285714285714285,0.0,2.240429380615382,3.599999999999998
2022-05-10,Chennai,29.4,66,0.0,3.1,1,5,2,0.7856498550787147,-0.6186714032625031,28.6,29.6,32.7,62.0,0.0,29.566666666666663,29.857142857142858,66.71428571428571,0.0,1.2380860805524514,0.7999999999999972
2022-05-10,Bangalore,23.2,56,0.0,2.3,1,5,2,0.7856498550787147,-0.6186714032625031,24.2,27.5,18.5,50.0,0.0,23.53333333333333,25.342857142857145,53.714285714285715,0.0,2.7675844719762397,-1.0
2022-05-11,Hyderabad,29.0,40,0.0,2.7,2,5,2,0.7748840413670407,-0.6321034111873487,30.9,29.9,27.6,46.0,0.0,30.266666666666662,30.41428571428571,43.857142857142854,0.0,1.398128000135062,-1.8999999999999986
2022-05-11,Delhi,27.7,40,0.0,2.7,2,5,2,0.7748840413670407,-0.6321034111873487,29.4,32.3,31.6,38.0,0.0,27.633333333333322,29.099999999999998,39.857142857142854,0.0,2.160246899469482,-1.6999999999999993
2022-05-11,Bangalore,25.1,48,0.0,3.3,2,5,2,0.7748840413670407,-0.6321034111873487,23.2,23.2,23.1,56.0,0.0,24.166666666666668,25.62857142857143,54.0,0.0,2.5953254681666547,1.9000000000000021
2022-05-11,Mumbai,28.8,65,0.0,2.4,2,5,2,0.7748840413670407,-0.6321034111873487,27.9,27.7,30.1,63.0,0.0,28.599999999999998,28.285714285714285,67.28571428571429,0.0,1.6516946564347714,0.9000000000000021
2022-05-11,Chennai,30.6,56,0.0,3.7,2,5,2,0.7748840413670407,-0.6321034111873487,29.4,30.7,28.2,66.0,0.0,29.53333333333333,30.2,65.0,0.0,1.0148891565095155,1.2000000000000028
2022-05-12,Delhi,31.7,40,0.0,4.1,3,5,2,0.7638886127905428,-0.6453481132295501,27.7,25.8,29.2,40.0,0.0,29.59999999999999,29.45714285714286,39.857142857142854,0.0,2.375469878331015,4.0
2022-05-12,Hyderabad,28.3,51,0.0,2.8,3,5,2,0.7638886127905428,-0.6453481132295501,29.0,30.9,30.3,40.0,0.0,29.399999999999995,30.12857142857143,44.714285714285715,0.0,1.6131896827034096,-0.6999999999999993
2022-05-12,Bangalore,24.9,51,0.0,1.7,3,5,2,0.7638886127905428,-0.6453481132295501,25.1,24.2,30.4,48.0,0.0,24.400000000000002,24.842857142857145,53.714285714285715,0.0,1.5197117521174952,-0.20000000000000284
2022-05-12,Mumbai,29.1,68,0.0,3.1,3,5,2,0.7638886127905428,-0.6453481132295501,28.8,29.1,26.9,65.0,0.0,28.600000000000005,28.599999999999998,66.85714285714286,0.0,1.5502687938977837,0.3000000000000007
2022-05-12,Chennai,32.1,69,0.0,4.9,3,5,2,0.7638886127905428,-0.6453481132295501,30.6,28.6,31.2,56.0,0.0,30.7,30.32857142857143,65.42857142857143,0.0,1.2023785950002954,1.5
2022-05-13,Hyderabad,30.3,46,0.0,2.1,4,5,2,0.7526668275320085,-0.6584015846980488,28.3,30.9,28.9,51.0,0.0,29.2,30.32857142857143,44.857142857142854,0.0,1.5195550727260214,2.0
2022-05-13,Mumbai,25.8,70,0.0,3.6,4,5,2,0.7526668275320085,-0.6584015846980488,29.1,27.9,26.3,68.0,0.0,27.900000000000002,28.528571428571432,67.42857142857143,0.0,1.6799943310561805,-3.3000000000000007
2022-05-13,Delhi,29.5,43,0.0,2.1,4,5,2,0.7526668275320085,-0.6584015846980488,31.7,29.4,31.1,40.0,0.0,29.633333333333322,29.228571428571428,39.857142857142854,0.0,2.265475877687023,-2.1999999999999993
2022-05-13,Bangalore,24.4,44,0.0,3.1,4,5,2,0.7526668275320085,-0.6584015846980488,24.9,23.2,25.8,51.0,0.0,24.799999999999997,24.642857142857142,51.714285714285715,0.0,1.4638501094228775,-0.5
2022-05-14,Bangalore,25.5,54,0.0,3.9,5,5,2,0.7412220108485958,-0.6712599575675313,24.4,25.1,27.5,44.0,0.0,24.933333333333334,24.357142857142858,51.285714285714285,0.0,0.8997354108425715,1.1000000000000014
2022-05-14,Hyderabad,28.6,38,0.0,2.9,5,5,2,0.7412220108485958,-0.6712599575675313,30.3,29.0,33.0,46.0,0.0,29.066666666666663,29.7,45.142857142857146,0.0,1.0754843869933504,-1.6999999999999993
2022-05-14,Delhi,29.5,37,0.0,2.0,5,5,2,0.7412220108485958,-0.6712599575675313,29.5,27.7,28.2,43.0,0.0,30.23333333333332,29.414285714285715,39.285714285714285,0.0,2.2199313588703737,0.0
2022-05-14,Mumbai,27.8,74,0.0,3.0,5,5,2,0.7412220108485958,-0.6712599575675313,25.8,28.8,31.3,70.0,0.0,27.566666666666666,28.02857142857143,68.0,0.0,1.157172251243323,2.0
2022-05-15,Bangalore,22.8,61,0.0,2.0,6,5,2,0.7295575540864875,-0.6839194216246106,25.5,24.9,23.2,54.0,0.0,24.23333333333333,24.3,52.0,0.0,0.9933109617168786,-2.6999999999999993
2022-05-15,Hyderabad,26.0,44,0.0,3.8,6,5,2,0.7295575540864875,-0.6839194216246106,28.6,28.3,29.9,38.0,0.0,28.3,29.142857142857142,44.857142857142854,0.0,1.7520056533937423,-2.6000000000000014
2022-05-15,Delhi,32.7,41,0.0,3.2,6,5,2,0.7295575540864875,-0.6839194216246106,29.5,31.7,32.3,37.0,0.0,30.566666666666652,29.47142857142857,40.142857142857146,0.0,2.309916510550785,3.200000000000003
2022-05-15,Mumbai,26.2,70,0.0,3.7,6,5,2,0.7295575540864875,-0.6839194216246106,27.8,29.1,27.7,74.0,0.0,26.599999999999998,27.814285714285717,68.57142857142857,0.0,1.3508374827349934,-1.6000000000000014
2022-05-15,Chennai,32.8,62,0.0,2.9,6,5,2,0.7295575540864875,-0.6839194216246106,32.1,29.4,31.3,69.0,0.0,31.833333333333332,30.542857142857144,64.28571428571429,0.0,1.5009520788012334,0.6999999999999957
2022-05-16,Bangalore,26.4,56,0.0,4.4,0,5,2,0.717676913675962,-0.6963762255968722,22.8,24.4,24.2,61.0,0.0,24.900000000000002,24.61428571428571,52.857142857142854,0.0,1.2667919737518596,3.599999999999998
2022-05-16,Hyderabad,30.4,38,0.0,3.3,0,5,2,0.717676913675962,-0.6963762255968722,26.0,30.3,30.9,44.0,0.0,28.333333333333332,29.071428571428573,43.285714285714285,0.0,1.6770154896066942,4.399999999999999
2022-05-16,Delhi,33.4,43,0.0,1.8,0,5,2,0.717676913675962,-0.6963762255968722,32.7,29.5,25.8,41.0,0.0,31.866666666666656,30.557142857142857,40.285714285714285,0.0,2.0703116857592367,0.6999999999999957
2022-05-16,Mumbai,25.5,63,0.0,1.8,0,5,2,0.717676913675962,-0.6963762255968722,26.2,25.8,29.1,70.0,0.0,26.5,27.3,67.57142857142857,0.0,1.4605934866804005,-0.6999999999999993
2022-05-17,Hyderabad,25.8,40,0.0,4.5,1,5,2,0.705583610107178,-0.7086266782644596,30.4,28.6,30.9,38.0,0.0,27.399999999999995,28.342857142857145,42.42857142857143,0.0,1.8491954492491247,-4.599999999999998
2022-05-17,Mumbai,29.2,64,2.6,1.7,1,5,2,0.705583610107178,-0.7086266782644596,25.5,27.8,27.9,63.0,0.0,26.96666666666667,27.485714285714288,67.71428571428571,0.37142857142857155,1.6231949681913729,3.6999999999999993
2022-05-17,Chennai,30.9,68,0.0,2.0,1,5,2,0.705583610107178,-0.7086266782644596,32.8,30.6,29.6,62.0,0.0,31.933333333333337,30.728571428571428,64.42857142857143,0.0,1.4442002235545082,-1.8999999999999986
2022-05-17,Delhi,29.7,35,0.0,1.4,1,5,2,0.705583610107178,-0.7086266782644596,33.4,29.5,29.4,43.0,0.0,31.93333333333332,30.599999999999998,39.857142857142854,0.0,2.0453198608858485,-3.6999999999999993
2022-05-17,Bangalore,28.5,57,0.0,2.1,1,5,2,0.705583610107178,-0.7086266782644596,26.4,25.5,23.2,56.0,0.0,25.900000000000002,25.37142857142857,53.0,0.0,1.7660825629193588,2.1000000000000014
2022-05-18,Mumbai,34.2,71,0.0,3.9,2,5,2,0.6932812268869777,-0.7206671495538609,29.2,26.2,28.8,64.0,2.6,29.633333333333336,28.25714285714286,68.57142857142857,0.37142857142857155,3.0275717128072155,5.0000000000000036
2022-05-18,Chennai,32.6,57,0.0,3.2,2,5,2,0.6932812268869777,-0.7206671495538609,30.9,32.1,30.7,68.0,0.0,32.1,31.0,62.857142857142854,0.0,1.60727512683235,1.7000000000000028
2022-05-18,Hyderabad,31.5,43,0.0,4.3,2,5,2,0.6932812268869777,-0.7206671495538609,25.8,26.0,29.0,40.0,0.0,29.23333333333333,28.7,42.857142857142854,0.0,2.2045407685048253,5.699999999999999
2022-05-18,Bangalore,27.0,50,0.0,3.6,2,5,2,0.6932812268869777,-0.7206671495538609,28.5,22.8,25.1,57.0,0.0,27.3,25.642857142857142,53.285714285714285,0.0,1.8608753700496232,-1.5
2022-05-18,Delhi,33.7,43,0.0,2.9,2,5,2,0.6932812268869777,-0.7206671495538609,29.7,32.7,27.7,35.0,0.0,32.26666666666665,31.457142857142856,40.285714285714285,0.0,1.877815346670488,4.0000000000000036
2022-05-19,Mumbai,29.0,63,0.0,2.7,3,5,2,0.6807734094770161,-0.7324940716135789,34.2,25.5,29.1,71.0,0.0,30.8,28.242857142857144,67.85714285714286,0.37142857142857155,3.023164535635424,-5.200000000000003
2022-05-19,Chennai,31.9,54,0.0,3.3,3,5,2,0.6807734094770161,-0.7324940716135789,32.6,32.8,28.6,57.0,0.0,31.8,31.471428571428568,61.714285714285715,0.0,1.2243560017610258,-0.7000000000000028
2022-05-19,Hyderabad,27.9,41,0.0,3.3,3,5,2,0.6807734094770161,-0.7324940716135789,31.5,30.4,28.3,43.0,0.0,28.399999999999995,28.642857142857142,41.42857142857143,0.0,2.221753918909636,-3.6000000000000014
2022-05-19,Bangalore,20.8,60,0.0,3.4,3,5,2,0.6807734094770161,-0.7324940716135789,27.0,26.4,24.9,50.0,0.0,25.433333333333334,25.057142857142857,54.57142857142857,0.0,2.6228846351915704,-6.199999999999999
2022-05-19,Delhi,28.7,41,0.0,4.2,3,5,2,0.6807734094770161,-0.7324940716135789,33.7,33.4,31.7,43.0,0.0,30.699999999999985,31.02857142857143,40.42857142857143,0.0,2.137533068527449,-5.0000000000000036
2022-05-20,Hyderabad,31.5,42,0.0,3.3,4,5,2,0.6680638642135335,-0.7441039398713607,27.9,25.8,30.3,41.0,0.0,30.299999999999997,28.814285714285713,40.857142857142854,0.0,2.4093073495844703,3.6000000000000014
2022-05-20,Delhi,29.3,42,0.0,1.8,4,5,2,0.6680638642135335,-0.7441039398713607,28.7,29.7,29.5,41.0,0.0,30.566666666666652,31.0,40.285714285714285,0.0,2.1625602111079867,0.6000000000000014
2022-05-20,Bangalore,27.8,60,0.0,3.6,4,5,2,0.6680638642135335,-0.7441039398713607,20.8,28.5,24.4,60.0,0.0,25.2,25.54285714285714,56.857142857142854,0.0,2.790374612160643,7.0
2022-05-20,Chennai,35.3,60,0.0,3.7,4,5,2,0.6680638642135335,-0.7441039398713607,31.9,30.9,29.4,54.0,0.0,33.26666666666666,32.31428571428571,60.857142857142854,0.0,1.5485784571974002,3.3999999999999986
2022-05-20,Mumbai,27.4,64,0.0,2.4,4,5,2,0.6680638642135335,-0.7441039398713607,29.0,29.2,25.8,63.0,0.0,30.2,28.47142857142857,67.0,0.37142857142857155,2.86397991480054,-1.6000000000000014
2022-05-21,Mumbai,26.4,70,0.0,2.7,5,5,2,0.6551563572090853,-0.7554933140726803,27.4,34.2,27.8,64.0,0.0,27.599999999999998,28.27142857142857,66.42857142857143,0.37142857142857155,2.9657569498720266,-1.0
2022-05-21,Hyderabad,31.2,37,0.0,2.8,5,5,2,0.6551563572090853,-0.7554933140726803,31.5,31.5,28.6,42.0,0.0,30.2,29.185714285714283,40.714285714285715,0.0,2.566079091680872,-0.3000000000000007
2022-05-21,Bangalore,24.4,59,0.0,0.5,5,5,2,0.6551563572090853,-0.7554933140726803,27.8,27.0,25.5,60.0,0.0,24.333333333333332,25.385714285714283,57.57142857142857,0.0,2.82396209336494,-3.400000000000002
2022-05-21,Chennai,28.5,58,0.0,3.1,5,5,2,0.6551563572090853,-0.7554933140726803,35.3,32.6,30.6,60.0,0.0,31.899999999999995,32.01428571428571,61.142857142857146,0.0,2.05623326451448,-6.799999999999997
2022-05-21,Delhi,27.9,40,0.0,3.4,5,5,2,0.6551563572090853,-0.7554933140726803,29.3,33.7,29.5,42.0,0.0,28.633333333333315,30.77142857142857,40.714285714285715,0.0,2.417101767071821,-1.4000000000000021
2022-05-22,Mumbai,26.5,70,0.0,2.7,6,5,2,0.6420547132365637,-0.766658819300159,26.4,29.0,26.2,70.0,0.0,26.766666666666666,28.314285714285713,66.42857142857143,0.37142857142857155,2.932819219015812,0.10000000000000142
2022-05-22,Delhi,30.6,39,0.0,2.6,6,5,2,0.6420547132365637,-0.766658819300159,27.9,28.7,32.7,40.0,0.0,29.26666666666665,30.47142857142857,40.42857142857143,0.0,2.263267759762802,2.700000000000003
2022-05-22,Bangalore,25.6,47,0.0,2.3,6,5,2,0.6420547132365637,-0.766658819300159,24.4,20.8,22.8,59.0,0.0,25.933333333333337,25.785714285714285,55.57142857142857,0.0,2.5848459473300807,1.2000000000000028
2022-05-22,Hyderabad,28.1,38,0.0,2.5,6,5,2,0.6420547132365637,-0.766658819300159,31.2,27.9,26.0,37.0,0.0,30.266666666666662,29.485714285714284,39.857142857142854,0.0,2.2326580357864287,-3.099999999999998
2022-05-22,Chennai,28.4,61,0.0,3.2,6,5,2,0.6420547132365637,-0.766658819300159,28.5,31.9,32.1,58.0,0.0,30.73333333333333,31.485714285714284,60.0,0.0,2.4653793294533535,-0.10000000000000142
2022-05-23,Mumbai,28.6,70,0.0,1.8,0,5,2,0.6287628145958344,-0.7775971469736269,26.5,27.4,25.5,70.0,0.0,27.166666666666668,28.75714285714286,67.42857142857143,0.37142857142857155,2.658230704094445,2.1000000000000014
2022-05-23,Bangalore,23.9,48,0.0,4.2,0,5,2,0.6287628145958344,-0.7775971469736269,25.6,27.8,26.4,47.0,0.0,24.633333333333336,25.428571428571427,54.42857142857143,0.0,2.6575140549733955,-1.7000000000000028
2022-05-23,Hyderabad,29.7,48,0.0,2.5,0,5,2,0.6287628145958344,-0.7775971469736269,28.1,31.5,30.4,38.0,0.0,29.66666666666666,29.38571428571429,41.285714285714285,0.0,2.2003246513704258,1.5999999999999979
2022-05-23,Chennai,32.4,67,0.0,2.4,0,5,2,0.6287628145958344,-0.7775971469736269,28.4,35.3,32.8,61.0,0.0,29.766666666666666,31.428571428571423,60.714285714285715,0.0,2.4342790073684886,4.0
2022-05-23,Delhi,29.3,39,0.0,4.0,0,5,2,0.6287628145958344,-0.7775971469736269,30.6,29.3,33.4,39.0,0.0,29.26666666666665,29.885714285714283,39.857142857142854,0.0,1.8765469808745483,-1.3000000000000007
2022-05-24,Chennai,28.3,63,0.0,3.3,1,5,2,0.6152845999633276,-0.7883050558305255,32.4,28.5,30.9,67.0,0.0,29.7,31.057142857142857,60.0,0.0,2.7110005181711845,-4.099999999999998
2022-05-24,Hyderabad,29.1,29,0.0,2.0,1,5,2,0.6152845999633276,-0.7883050558305255,29.7,31.2,25.8,48.0,0.0,28.966666666666665,29.857142857142858,39.714285714285715,0.0,1.5661599991242698,-0.5999999999999979
2022-05-24,Delhi,33.1,24,0.0,1.8,1,5,2,0.6152845999633276,-0.7883050558305255,29.3,27.9,29.7,39.0,0.0,30.999999999999982,30.371428571428574,38.285714285714285,0.0,2.2276402205880865,3.8000000000000007
2022-05-24,Mumbai,28.0,74,0.0,4.1,1,5,2,0.6152845999633276,-0.7883050558305255,28.6,26.4,29.2,70.0,0.0,27.7,28.58571428571429,68.85714285714286,0.0,2.6635994264832443,-0.6000000000000014
2022-05-24,Bangalore,28.1,48,0.0,4.1,1,5,2,0.6152845999633276,-0.7883050558305255,23.9,24.4,28.5,48.0,0.0,25.866666666666664,25.37142857142857,53.142857142857146,0.0,2.5837403673191464,4.200000000000003
2022-05-25,Hyderabad,27.8,49,0.0,3.7,2,5,2,0.6016240632249226,-0.7987793728863649,29.1,28.1,31.5,29.0,0.0,28.866666666666664,29.32857142857143,40.57142857142857,0.0,1.5434963402550612,-1.3000000000000007
2022-05-25,Delhi,33.2,34,0.0,3.3,2,5,2,0.6016240632249226,-0.7987793728863649,33.1,30.6,33.7,24.0,0.0,31.86666666666665,30.300000000000004,37.0,0.0,2.107921567168504,0.10000000000000142
2022-05-25,Bangalore,26.0,46,0.0,3.2,2,5,2,0.6016240632249226,-0.7987793728863649,28.1,25.6,27.0,48.0,0.0,26.0,25.228571428571428,52.57142857142857,0.0,2.5051375782009426,-2.1000000000000014
2022-05-25,Mumbai,28.7,66,0.0,4.5,2,5,2,0.6016240632249226,-0.7987793728863649,28.0,26.5,34.2,74.0,0.0,28.433333333333334,27.8,68.14285714285714,0.0,1.0598742063722641,0.6999999999999993
2022-05-25,Chennai,35.2,69,0.0,3.7,2,5,2,0.6016240632249226,-0.7987793728863649,28.3,28.4,32.6,63.0,0.0,31.96666666666667,31.428571428571427,61.714285714285715,0.0,3.106828117611527,6.900000000000002
2022-05-26,Bangalore,23.4,53,0.0,2.5,3,5,2,0.5877852522924732,-0.8090169943749473,26.0,23.9,20.8,46.0,0.0,25.833333333333332,25.599999999999998,51.57142857142857,0.0,1.8448125469362775,-2.6000000000000014
2022-05-26,Hyderabad,31.7,42,0.0,3.3,3,5,2,0.5877852522924732,-0.8090169943749473,27.8,29.7,27.9,49.0,0.0,29.53333333333333,29.87142857142857,40.714285714285715,0.0,1.6234883078464326,3.8999999999999986
2022-05-26,Delhi,33.6,42,0.0,3.8,3,5,2,0.5877852522924732,-0.8090169943749473,33.2,29.3,28.7,34.0,0.0,33.29999999999998,31.0,37.142857142857146,0.0,2.2934689882361052,0.3999999999999986
2022-05-26,Mumbai,31.3,70,0.0,4.1,3,5,2,0.5877852522924732,-0.8090169943749473,28.7,28.6,29.0,66.0,0.0,29.333333333333332,28.128571428571426,69.14285714285714,0.0,1.6730354506248655,2.6000000000000014
2022-05-26,Chennai,29.7,65,0.0,3.7,3,5,2,0.5877852522924732,-0.8090169943749473,35.2,32.4,31.9,69.0,0.0,31.066666666666666,31.114285714285717,63.285714285714285,0.0,3.1619764765247487,-5.5000000000000036
2022-05-27,Delhi,35.3,36,0.0,2.3,4,5,2,0.5737722679043246,-0.8190148866680801,33.6,33.1,29.3,42.0,0.0,34.03333333333331,31.857142857142858,36.285714285714285,0.0,2.6462912052262553,1.6999999999999957
2022-05-27,Hyderabad,32.8,39,0.0,3.8,4,5,2,0.5737722679043246,-0.8190148866680801,31.7,29.1,31.5,42.0,0.0,30.766666666666666,30.057142857142853,40.285714285714285,0.0,1.8928436657201568,1.0999999999999979
2022-05-27,Mumbai,29.2,67,0.0,2.8,4,5,2,0.5737722679043246,-0.8190148866680801,31.3,28.0,27.4,70.0,0.0,29.733333333333334,28.38571428571429,69.57142857142857,0.0,1.6807028008431029,-2.1000000000000014
2022-05-27,Chennai,31.1,60,0.0,3.3,4,5,2,0.5737722679043246,-0.8190148866680801,29.7,28.3,35.3,65.0,0.0,32.0,30.514285714285712,63.285714285714285,0.0,2.580328513599743,1.4000000000000021
2022-05-27,Bangalore,25.4,49,0.0,3.7,4,5,2,0.5737722679043246,-0.8190148866680801,23.4,28.1,27.8,53.0,0.0,24.933333333333334,25.25714285714286,50.0,0.0,1.5704109259014574,2.0
2022-05-28,Hyderabad,31.4,35,0.0,3.0,5,5,2,0.5595892624101765,-0.8287700871745038,32.8,27.8,31.2,39.0,0.0,31.96666666666667,30.085714285714285,40.0,0.0,1.9143567861717108,-1.3999999999999986
2022-05-28,Delhi,30.2,29,0.0,3.8,5,5,2,0.5595892624101765,-0.8287700871745038,35.3,33.2,27.9,36.0,0.0,33.03333333333331,32.18571428571429,34.714285714285715,0.0,2.17365174413073,-5.099999999999998
2022-05-28,Bangalore,24.6,52,0.0,3.2,5,5,2,0.5595892624101765,-0.8287700871745038,25.4,26.0,24.4,49.0,0.0,24.46666666666667,25.285714285714285,49.0,0.0,1.5539504190166746,-0.7999999999999972
2022-05-28,Chennai,32.6,67,0.0,4.1,5,5,2,0.5595892624101765,-0.8287700871745038,31.1,35.2,28.5,60.0,0.0,31.133333333333336,31.099999999999998,64.57142857142857,0.0,2.5113077602451077,1.5
2022-05-28,Mumbai,28.8,66,0.0,1.1,5,5,2,0.5595892624101765,-0.8287700871745038,29.2,28.7,26.4,67.0,0.0,29.766666666666666,28.72857142857143,69.0,0.0,1.4349381934590735,-0.3999999999999986
2022-05-29,Hyderabad,29.5,38,0.0,3.8,6,5,2,0.545240438540651,-0.8382797052177744,31.4,31.7,28.1,35.0,0.0,31.23333333333333,30.285714285714285,40.0,0.0,1.7372665996026655,-1.8999999999999986
2022-05-29,Chennai,28.3,60,0.0,3.3,6,5,2,0.545240438540651,-0.8382797052177744,32.6,29.7,28.4,67.0,0.0,30.666666666666668,31.08571428571429,64.42857142857143,0.0,2.529445638493911,-4.300000000000001
2022-05-29,Mumbai,29.8,71,0.0,2.3,6,5,2,0.545240438540651,-0.8382797052177744,28.8,31.3,26.5,66.0,0.0,29.266666666666666,29.2,69.14285714285714,0.0,1.0785793124908984,1.0
2022-05-29,Delhi,31.0,46,0.0,2.8,6,5,2,0.545240438540651,-0.8382797052177744,30.2,33.6,30.6,29.0,0.0,32.16666666666665,32.24285714285714,35.714285714285715,0.0,2.1298334386029185,0.8000000000000007
2022-05-30,Bangalore,26.1,52,0.0,2.4,0,5,2,0.5307300481619334,-0.8475409228928311,24.6,23.4,25.6,52.0,0.0,25.366666666666664,25.357142857142858,49.714285714285715,0.0,1.5820420799894466,1.5
2022-05-30,Hyderabad,30.1,37,0.0,3.5,0,5,2,0.5307300481619334,-0.8475409228928311,29.5,32.8,29.7,38.0,0.0,30.333333333333332,30.342857142857138,38.42857142857143,0.0,1.7212951934101572,0.6000000000000014
2022-05-30,Mumbai,32.1,62,0.0,3.3,0,5,2,0.5307300481619334,-0.8475409228928311,29.8,29.2,28.6,71.0,0.0,30.233333333333334,29.700000000000006,68.0,0.0,1.4877275736281086,2.3000000000000007
2022-05-30,Chennai,32.3,66,0.0,3.3,0,5,2,0.5307300481619334,-0.8475409228928311,28.3,31.1,32.4,60.0,0.0,31.066666666666666,31.071428571428573,64.28571428571429,0.0,2.5210542012648034,3.9999999999999964
2022-05-31,Bangalore,24.1,45,0.0,5.2,1,5,2,0.5160623910158528,-0.8565509959010036,26.1,25.4,23.9,52.0,0.0,24.933333333333337,25.385714285714283,49.285714285714285,0.0,1.5528775133373398,-2.0
2022-05-31,Mumbai,27.3,70,1.4,4.2,1,5,2,0.5160623910158528,-0.8565509959010036,32.1,28.8,28.0,62.0,0.0,29.733333333333334,29.6,67.42857142857143,0.20000000000000012,1.6370705543745012,-4.800000000000001
2022-05-31,Delhi,36.2,40,0.0,5.0,1,5,2,0.5160623910158528,-0.8565509959010036,31.0,35.3,29.3,46.0,0.0,32.46666666666665,33.228571428571435,35.857142857142854,0.0,2.1375330685274134,5.200000000000003
2022-06-01,Chennai,30.8,71,0.0,5.1,2,6,2,0.5012418134457758,-0.865307254363206,32.3,32.6,28.3,66.0,0.0,30.466666666666665,31.428571428571427,65.42857142857143,0.0,2.222396818538097,-1.4999999999999964
2022-06-01,Hyderabad,27.8,41,0.0,6.0,2,6,2,0.5012418134457758,-0.865307254363206,30.1,31.4,29.1,37.0,0.0,29.133333333333336,30.157142857142855,40.142857142857146,0.0,1.9346465162548214,-2.3000000000000007
2022-06-02,Chennai,35.5,63,0.0,4.7,3,6,2,0.48627270710868997,-0.8738071036110808,30.8,28.3,35.2,71.0,0.0,32.86666666666667,31.47142857142857,64.57142857142857,0.0,2.3084730059171696,4.699999999999999
2022-06-02,Delhi,30.7,40,2.4,2.9,3,6,2,0.48627270710868997,-0.8738071036110808,36.2,30.2,33.1,40.0,0.0,32.63333333333331,32.885714285714286,38.142857142857146,0.34285714285714286,2.344090848231468,-5.5000000000000036
2022-06-02,Mumbai,31.0,68,0.0,4.3,3,6,2,0.48627270710868997,-0.8738071036110808,27.3,29.8,28.7,70.0,1.4,30.133333333333336,29.928571428571427,67.71428571428571,0.20000000000000012,1.65701969985705,3.6999999999999993
2022-06-03,Mumbai,32.2,68,0.0,5.5,4,6,2,0.4711595076738638,-0.8820480249558537,31.0,32.1,31.3,68.0,0.0,30.166666666666668,30.057142857142853,67.42857142857143,0.20000000000000012,1.8091039613182038,1.2000000000000028
2022-06-03,Delhi,30.0,38,0.0,4.3,4,6,2,0.4711595076738638,-0.8820480249558537,30.7,31.0,33.2,40.0,2.4,32.299999999999976,32.42857142857143,38.714285714285715,0.34285714285714286,2.5733987161692595,-0.6999999999999993
2022-06-03,Chennai,36.5,63,0.0,5.2,4,6,2,0.4711595076738638,-0.8820480249558537,35.5,32.3,29.7,63.0,0.0,34.266666666666666,32.44285714285714,64.28571428571429,0.0,2.8141648511635666,1.0
2022-06-03,Hyderabad,30.8,45,0.0,4.3,4,6,2,0.4711595076738638,-0.8820480249558537,27.8,29.5,27.8,41.0,0.0,29.566666666666666,30.585714285714285,39.57142857142857,0.0,1.6344505411386208,3.0
2022-06-04,Hyderabad,31.4,41,3.1,4.7,5,6,2,0.4559066935084588,-0.8900275764346767,30.8,30.1,31.7,45.0,0.0,30.0,30.542857142857144,39.42857142857143,0.4428571428571429,1.60401282502881,0.5999999999999979
2022-06-04,Delhi,35.4,43,0.0,5.0,5,6,2,0.4559066935084588,-0.8900275764346767,30.0,36.2,33.6,38.0,0.0,32.03333333333331,32.68571428571429,38.857142857142854,0.34285714285714286,2.790715900641959,5.399999999999999
2022-06-05,Hyderabad,31.6,34,0.0,6.7,6,6,2,0.440518784350495,-0.8977433935342337,31.4,27.8,32.8,41.0,3.1,31.26666666666667,30.37142857142857,38.714285714285715,0.4428571428571429,1.369567189193015,0.20000000000000284
2022-06-05,Delhi,31.3,31,0.0,3.3,6,6,2,0.440518784350495,-0.8977433935342337,35.4,30.7,35.3,43.0,0.0,32.23333333333331,32.114285714285714,38.142857142857146,0.34285714285714286,2.566728508840757,-4.099999999999998
2022-06-06,Bangalore,22.8,55,0.0,4.9,0,6,2,0.42500033996955416,-0.9051931898913974,24.1,24.6,28.1,45.0,0.0,24.333333333333332,24.62857142857143,50.285714285714285,0.0,1.276341497816254,-1.3000000000000007
2022-06-06,Hyderabad,30.3,35,0.0,3.7,0,6,2,0.42500033996955416,-0.9051931898913974,31.6,30.8,31.4,34.0,0.0,31.099999999999998,30.214285714285715,38.714285714285715,0.4428571428571429,1.2928374110569156,-1.3000000000000007
2022-06-06,Delhi,32.0,26,0.0,3.9,0,6,2,0.42500033996955416,-0.9051931898913974,31.3,30.0,30.2,31.0,0.0,32.89999999999998,32.371428571428574,37.714285714285715,0.34285714285714286,2.4294816221534985,0.6999999999999993
2022-06-06,Mumbai,31.0,69,1.5,3.7,0,6,2,0.42500033996955416,-0.9051931898913974,32.2,27.3,29.2,68.0,0.0,31.400000000000002,30.314285714285713,67.71428571428571,0.4142857142857144,1.7948338562186374,-1.2000000000000028
2022-06-07,Bangalore,20.9,56,0.0,4.5,1,6,2,0.4093559588156213,-0.9123747579707273,22.8,26.1,26.0,55.0,0.0,22.599999999999998,23.900000000000002,51.714285714285715,0.0,1.7358955421722784,-1.9000000000000021
2022-06-07,Delhi,34.8,23,0.0,4.3,1,6,2,0.4093559588156213,-0.9123747579707273,32.0,35.4,31.0,26.0,0.0,32.69999999999998,32.91428571428571,34.42857142857143,0.34285714285714286,2.495615202329045,2.799999999999997
2022-06-08,Hyderabad,29.2,45,0.0,5.1,2,6,2,0.39359027665646673,-0.9192859697186104,30.3,31.4,29.5,35.0,0.0,30.366666666666664,30.171428571428574,39.714285714285715,0.4428571428571429,1.3250336922939223,-1.1000000000000014
2022-06-08,Delhi,35.4,40,0.0,3.5,2,6,2,0.39359027665646673,-0.9192859697186104,34.8,31.3,36.2,23.0,0.0,34.06666666666664,32.8,34.42857142857143,0.34285714285714286,2.333095225946412,0.6000000000000014
2022-06-08,Chennai,31.2,61,0.0,4.5,2,6,2,0.39359027665646673,-0.9192859697186104,36.5,30.8,31.1,63.0,0.0,34.4,32.457142857142856,64.42857142857143,0.0,2.8064551441616037,-5.300000000000001
2022-06-09,Hyderabad,31.3,40,3.1,6.3,3,6,2,0.3777079652039649,-0.9259247771938498,29.2,31.6,30.1,45.0,0.0,30.266666666666666,30.342857142857145,40.142857142857146,0.8857142857142858,1.3902723268687016,2.1000000000000014
2022-06-09,Delhi,34.6,34,0.0,4.6,3,6,2,0.3777079652039649,-0.9259247771938498,35.4,32.0,30.7,40.0,0.0,34.933333333333316,33.357142857142854,33.57142857142857,0.0,2.210472907816569,-0.7999999999999972
2022-06-09,Bangalore,26.2,50,0.0,5.8,3,6,2,0.3777079652039649,-0.9259247771938498,20.9,24.1,23.4,56.0,0.0,23.3,24.3,51.285714285714285,0.0,1.9148542155127382,5.300000000000001
2022-06-09,Chennai,30.7,64,1.1,4.4,3,6,2,0.3777079652039649,-0.9259247771938498,31.2,35.5,32.6,61.0,0.0,32.800000000000004,32.18571428571428,64.0,0.15714285714285717,2.881219979701171,-0.5
2022-06-10,Hyderabad,30.0,43,0.0,6.1,4,6,2,0.36171373072976765,-0.9322892131745133,31.3,30.3,27.8,40.0,3.1,30.166666666666668,30.657142857142855,40.42857142857143,0.8857142857142858,0.8715066319446837,-1.3000000000000007
2022-06-10,Delhi,31.5,40,0.0,4.0,4,6,2,0.36171373072976765,-0.9322892131745133,34.6,34.8,30.0,34.0,0.0,33.833333333333314,33.57142857142857,33.857142857142854,0.0,1.878575955091559,-3.1000000000000014
2022-06-11,Bangalore,22.9,54,0.0,4.3,5,6,2,0.3456123126707335,-0.9383773917408641,26.2,22.8,25.4,50.0,0.0,23.333333333333332,23.942857142857143,52.0,0.0,1.9086270308411217,-3.3000000000000007
2022-06-11,Hyderabad,33.2,29,2.9,6.6,5,6,2,0.3456123126707335,-0.9383773917408641,30.0,29.2,30.8,43.0,0.0,31.5,31.0,38.142857142857146,1.3,1.3025615788385636,3.200000000000003
2022-06-11,Delhi,33.2,35,0.0,4.6,5,6,2,0.3456123126707335,-0.9383773917408641,31.5,35.4,35.4,40.0,0.0,33.09999999999998,33.25714285714286,32.714285714285715,0.0,1.6969159700834866,1.7000000000000028
