date,city,temperature,humidity,rainfall,wind_speed
2019-01-01,Delhi,15.0,46,0.0,3.5
2019-01-02,Delhi,17.9,57,0.0,2.1
2019-01-03,Delhi,11.5,60,0.0,3.9
2019-01-04,Delhi,16.8,54,0.0,2.9
2019-01-05,Delhi,12.5,62,11.0,3.0
2019-01-06,Delhi,13.2,52,0.0,1.1
2019-01-07,Delhi,15.0,59,0.0,3.2
2019-01-08,Delhi,18.6,57,0.0,4.1
2019-01-09,Delhi,14.4,54,0.0,2.3
2019-01-10,Delhi,13.9,57,0.0,3.2
2019-01-11,Delhi,15.6,55,0.0,5.2
2019-01-12,Delhi,12.8,56,0.0,3.6
2019-01-13,Delhi,14.0,63,0.0,4.4
2019-01-14,Delhi,16.7,51,0.0,4.4
2019-01-15,Delhi,15.8,50,0.0,4.4
2019-01-16,Delhi,12.9,57,0.0,4.3
2019-01-17,Delhi,13.4,62,0.0,3.7
2019-01-18,Delhi,19.5,62,0.0,2.3
2019-01-19,Delhi,14.6,61,0.0,2.0
2019-01-20,Delhi,16.1,57,0.0,3.1
2019-01-21,Delhi,15.2,59,0.0,2.2
2019-01-22,Delhi,15.4,51,0.0,1.8
2019-01-23,Delhi,17.5,57,0.0,1.8
2019-01-24,Delhi,18.0,52,0.0,3.5
2019-01-25,Delhi,14.5,52,0.0,3.5
2019-01-26,Delhi,14.6,57,0.0,3.3
2019-01-27,Delhi,17.1,60,0.0,5.1
2019-01-28,Delhi,18.8,52,0.0,1.3
2019-01-29,Delhi,15.4,54,0.0,2.2
2019-01-30,Delhi,16.9,55,0.0,5.6
2019-01-31,Delhi,17.3,54,0.0,5.5
2019-02-01,Delhi,14.9,50,0.0,4.7
2019-02-02,Delhi,16.3,48,0.0,2.3
2019-02-03,Delhi,14.9,57,0.0,3.9
2019-02-04,Delhi,13.8,59,0.0,2.6
2019-02-05,Delhi,15.2,49,0.0,3.2
2019-02-06,Delhi,17.0,63,0.0,4.6
2019-02-07,Delhi,20.8,52,11.3,3.5
2019-02-08,Delhi,20.5,53,0.0,2.4
2019-02-09,Delhi,16.5,53,0.0,4.2
2019-02-10,Delhi,17.0,53,0.0,1.5
2019-02-11,Delhi,17.3,55,8.5,2.6
2019-02-12,Delhi,16.4,52,0.0,3.5
2019-02-13,Delhi,17.0,63,0.0,2.6
2019-02-14,Delhi,16.5,50,0.0,3.9
2019-02-15,Delhi,21.3,52,0.0,2.1
2019-02-16,Delhi,16.2,50,0.0,2.1
2019-02-17,Delhi,16.7,52,0.0,2.7
2019-02-18,Delhi,16.8,55,0.0,3.1
2019-02-19,Delhi,13.3,55,0.0,1.5
2019-02-20,Delhi,16.9,49,0.0,2.2
2019-02-21,Delhi,19.9,47,0.0,2.8
2019-02-22,Delhi,17.9,52,0.0,2.6
2019-02-23,Delhi,20.5,49,0.0,2.9
2019-02-24,Delhi,20.7,52,0.0,3.0
2019-02-25,Delhi,15.6,60,0.0,1.6
2019-02-26,Delhi,18.2,53,0.0,3.8
2019-02-27,Delhi,18.4,45,0.0,2.8
2019-02-28,Delhi,16.0,44,0.0,3.4
2019-03-01,Delhi,20.5,55,0.0,3.2
2019-03-02,Delhi,16.4,55,0.0,2.5
2019-03-03,Delhi,19.4,55,0.0,3.3
2019-03-04,Delhi,15.6,57,0.0,4.7
2019-03-05,Delhi,18.5,45,0.0,0.5
2019-03-06,Delhi,20.3,46,0.0,1.3
2019-03-07,Delhi,21.7,45,8.5,3.3
2019-03-08,Delhi,19.9,45,0.0,1.4
2019-03-09,Delhi,20.8,52,0.0,3.4
2019-03-10,Delhi,19.6,46,0.0,3.5
2019-03-11,Delhi,20.6,47,0.0,1.3
2019-03-12,Delhi,18.1,55,0.0,2.0
2019-03-13,Delhi,20.3,54,0.0,4.0
2019-03-14,Delhi,19.2,43,0.0,2.3
2019-03-15,Delhi,20.6,45,0.0,2.6
2019-03-16,Delhi,16.1,47,9.0,2.7
2019-03-17,Delhi,20.2,43,0.0,1.6
2019-03-18,Delhi,21.0,53,0.0,3.3
2019-03-19,Delhi,19.5,48,0.0,3.1
2019-03-20,Delhi,26.3,51,0.0,2.0
2019-03-21,Delhi,23.5,42,0.0,2.4
2019-03-22,Delhi,22.3,48,0.0,3.6
2019-03-23,Delhi,27.0,45,0.0,2.3
2019-03-24,Delhi,23.3,45,0.0,2.5
2019-03-25,Delhi,25.4,45,0.0,3.4
2019-03-26,Delhi,20.1,47,0.0,3.8
2019-03-27,Delhi,24.8,47,0.0,2.8
2019-03-28,Delhi,19.8,44,0.0,3.7
2019-03-29,Delhi,21.0,48,0.0,3.4
2019-03-30,Delhi,21.7,46,0.0,2.4
2019-03-31,Delhi,22.0,44,0.0,2.5
2019-04-01,Delhi,24.2,44,0.0,4.2
2019-04-02,Delhi,21.4,52,0.0,3.8
2019-04-03,Delhi,20.9,44,0.0,3.1
2019-04-04,Delhi,24.4,36,0.0,3.3
2019-04-05,Delhi,22.0,55,0.0,4.7
2019-04-06,Delhi,24.1,46,0.0,1.9
2019-04-07,Delhi,25.6,49,0.0,4.1
2019-04-08,Delhi,20.9,38,0.0,1.5
2019-04-09,Delhi,26.2,43,0.0,3.5
2019-04-10,Delhi,19.4,44,0.0,3.4
2019-04-11,Delhi,23.8,54,0.0,3.4
2019-04-12,Delhi,25.5,46,0.0,4.7
2019-04-13,Delhi,27.2,41,6.1,2.9
2019-04-14,Delhi,28.0,51,13.9,1.2
2019-04-15,Delhi,21.0,44,0.0,2.0
2019-04-16,Delhi,26.6,51,0.0,2.1
2019-04-17,Delhi,27.7,47,0.0,5.4
2019-04-18,Delhi,29.1,44,0.0,3.9
2019-04-19,Delhi,29.3,47,0.0,3.3
2019-04-20,Delhi,28.1,44,0.0,3.3
2019-04-21,Delhi,25.8,50,0.0,1.1
2019-04-22,Delhi,25.3,37,0.0,2.9
2019-04-23,Delhi,28.2,37,0.0,3.9
2019-04-24,Delhi,25.8,35,0.0,2.1
2019-04-25,Delhi,27.2,34,0.0,3.6
2019-04-26,Delhi,28.8,39,0.0,3.7
2019-04-27,Delhi,26.4,40,0.0,3.5
2019-04-28,Delhi,29.7,43,0.0,2.6
2019-04-29,Delhi,28.1,46,0.0,4.3
2019-04-30,Delhi,27.0,44,0.0,2.1
2019-05-01,Delhi,30.0,47,0.0,2.7
2019-05-02,Delhi,29.9,39,0.0,1.9
2019-05-03,Delhi,31.3,43,0.0,1.6
2019-05-04,Delhi,30.5,43,0.0,2.5
2019-05-05,Delhi,26.9,41,0.0,2.8
2019-05-06,Delhi,28.0,41,0.0,2.5
2019-05-07,Delhi,31.1,39,0.0,3.9
2019-05-08,Delhi,27.0,34,0.0,1.9
2019-05-09,Delhi,33.0,33,0.0,3.3
2019-05-10,Delhi,30.5,38,0.0,2.9
2019-05-11,Delhi,28.6,46,0.0,2.3
2019-05-12,Delhi,31.2,34,0.0,2.4
2019-05-13,Delhi,33.9,33,0.0,3.9
2019-05-14,Delhi,30.0,42,0.0,3.0
2019-05-15,Delhi,30.4,36,0.0,4.2
2019-05-16,Delhi,27.4,34,0.0,2.9
2019-05-17,Delhi,32.0,32,0.0,5.0
2019-05-18,Delhi,35.7,34,0.0,4.5
2019-05-19,Delhi,29.3,37,0.0,3.3
2019-05-20,Delhi,32.6,37,0.0,2.9
2019-05-21,Delhi,34.0,39,0.0,3.1
2019-05-22,Delhi,28.2,47,0.0,4.3
2019-05-23,Delhi,31.4,29,0.0,3.1
2019-05-24,Delhi,33.7,40,0.0,3.1
2019-05-25,Delhi,31.2,36,0.0,3.0
2019-05-26,Delhi,32.6,39,0.0,4.8
2019-05-27,Delhi,34.1,33,0.0,2.3
2019-05-28,Delhi,32.8,40,0.0,3.9
2019-05-29,Delhi,32.4,38,0.0,2.6
2019-05-30,Delhi,32.3,41,0.0,3.8
2019-05-31,Delhi,35.1,29,0.0,7.5
2019-06-01,Delhi,32.2,39,0.0,4.8
2019-06-02,Delhi,31.8,26,0.0,7.5
2019-06-03,Delhi,30.4,36,10.6,4.0
2019-06-04,Delhi,33.1,43,10.8,6.6
2019-06-05,Delhi,32.3,40,3.4,4.0
2019-06-06,Delhi,32.3,31,0.0,4.9
2019-06-07,Delhi,35.5,33,6.4,5.3
2019-06-08,Delhi,34.4,42,0.0,4.1
2019-06-09,Delhi,28.2,43,0.0,4.3
2019-06-10,Delhi,32.7,33,0.0,6.1
2019-06-11,Delhi,36.5,38,0.0,4.4
2019-06-12,Delhi,33.2,35,0.0,5.2
2019-06-13,Delhi,35.1,33,0.0,5.7
2019-06-14,Delhi,33.0,43,0.0,3.3
2019-06-15,Delhi,33.7,33,6.7,5.8
2019-06-16,Delhi,32.0,30,3.6,4.6
2019-06-17,Delhi,32.6,35,0.0,2.8
2019-06-18,Delhi,33.1,31,12.4,5.3
2019-06-19,Delhi,32.4,32,11.3,4.9
2019-06-20,Delhi,35.4,36,0.0,5.3
2019-06-21,Delhi,30.9,35,46.4,4.2
2019-06-22,Delhi,33.0,39,0.0,5.6
2019-06-23,Delhi,35.7,35,0.0,4.1
2019-06-24,Delhi,36.1,29,12.8,4.4
2019-06-25,Delhi,33.2,35,13.5,5.2
2019-06-26,Delhi,33.7,49,0.0,5.4
2019-06-27,Delhi,36.5,30,0.0,4.4
2019-06-28,Delhi,34.9,35,0.0,4.4
2019-06-29,Delhi,37.5,32,0.0,5.9
2019-06-30,Delhi,33.1,40,7.1,5.7
2019-07-01,Delhi,33.6,34,0.0,6.0
2019-07-02,Delhi,36.9,34,0.0,6.0
2019-07-03,Delhi,33.1,35,0.0,4.6
2019-07-04,Delhi,36.3,33,0.0,4.2
2019-07-05,Delhi,36.3,38,0.0,4.8
2019-07-06,Delhi,33.6,31,8.6,4.7
2019-07-07,Delhi,36.4,38,0.0,6.0
2019-07-08,Delhi,34.9,38,0.0,6.8
2019-07-09,Delhi,34.9,31,0.0,5.0
2019-07-10,Delhi,36.9,37,0.0,7.4
2019-07-11,Delhi,33.1,34,0.0,4.3
2019-07-12,Delhi,33.8,32,0.0,3.7
2019-07-13,Delhi,35.0,36,12.3,4.7
2019-07-14,Delhi,32.4,34,0.0,5.5
2019-07-15,Delhi,31.0,42,0.0,5.2
2019-07-16,Delhi,35.3,33,0.0,4.9
2019-07-17,Delhi,36.3,41,0.0,4.8
2019-07-18,Delhi,30.8,44,10.8,5.9
2019-07-19,Delhi,32.6,41,11.1,2.9
2019-07-20,Delhi,34.9,34,0.0,5.0
2019-07-21,Delhi,36.9,24,0.0,6.4
2019-07-22,Delhi,31.6,38,0.9,4.9
2019-07-23,Delhi,37.5,38,0.0,4.7
2019-07-24,Delhi,35.2,30,0.0,5.4
2019-07-25,Delhi,35.2,40,0.0,4.9
2019-07-26,Delhi,34.0,24,0.0,4.3
2019-07-27,Delhi,35.3,35,0.0,5.9
2019-07-28,Delhi,34.2,26,6.1,5.1
2019-07-29,Delhi,34.9,44,0.0,4.4
2019-07-30,Delhi,33.3,30,4.7,5.4
2019-07-31,Delhi,36.0,33,0.0,3.6
2019-08-01,Delhi,34.4,27,12.0,5.6
2019-08-02,Delhi,34.6,43,9.1,5.4
2019-08-03,Delhi,33.7,25,11.7,5.8
2019-08-04,Delhi,38.4,28,0.0,6.3
2019-08-05,Delhi,35.9,42,0.0,5.3
2019-08-06,Delhi,33.6,31,0.0,4.4
2019-08-07,Delhi,34.7,25,0.0,5.8
2019-08-08,Delhi,35.1,27,0.0,4.2
2019-08-09,Delhi,29.8,38,0.0,4.2
2019-08-10,Delhi,34.7,34,0.0,4.5
2019-08-11,Delhi,35.5,41,20.0,6.1
2019-08-12,Delhi,29.8,36,0.0,6.2
2019-08-13,Delhi,31.5,43,0.0,6.6
2019-08-14,Delhi,34.4,40,6.6,5.6
2019-08-15,Delhi,32.7,30,0.0,5.1
2019-08-16,Delhi,32.2,30,0.0,4.8
2019-08-17,Delhi,30.9,35,0.0,4.4
2019-08-18,Delhi,35.5,44,0.0,4.8
2019-08-19,Delhi,33.7,39,0.0,5.7
2019-08-20,Delhi,35.4,38,0.0,5.9
2019-08-21,Delhi,32.9,32,0.0,4.0
2019-08-22,Delhi,30.3,39,0.0,5.4
2019-08-23,Delhi,29.4,32,5.8,6.1
2019-08-24,Delhi,31.7,30,0.0,4.2
2019-08-25,Delhi,33.4,35,6.5,4.0
2019-08-26,Delhi,30.4,38,0.0,5.7
2019-08-27,Delhi,32.8,40,2.6,3.7
2019-08-28,Delhi,33.8,45,13.5,5.3
2019-08-29,Delhi,31.5,29,0.0,4.3
2019-08-30,Delhi,34.1,32,0.0,4.0
2019-08-31,Delhi,35.0,35,0.0,4.8
2019-09-01,Delhi,35.0,43,0.0,6.8
2019-09-02,Delhi,33.2,34,0.0,5.4
2019-09-03,Delhi,31.4,40,0.0,5.3
2019-09-04,Delhi,32.2,39,4.1,4.7
2019-09-05,Delhi,28.4,45,5.2,4.9
2019-09-06,Delhi,25.9,45,0.0,5.3
2019-09-07,Delhi,25.3,42,0.0,6.2
2019-09-08,Delhi,28.1,34,0.0,4.8
2019-09-09,Delhi,30.7,39,8.5,3.2
2019-09-10,Delhi,29.1,42,0.0,4.8
2019-09-11,Delhi,33.5,35,5.3,5.0
2019-09-12,Delhi,28.8,42,0.0,5.5
2019-09-13,Delhi,28.2,41,0.0,6.4
2019-09-14,Delhi,28.0,47,0.0,5.3
2019-09-15,Delhi,30.2,33,9.1,4.5
2019-09-16,Delhi,27.5,31,0.0,4.9
2019-09-17,Delhi,25.7,44,0.0,6.6
2019-09-18,Delhi,24.9,41,0.0,3.8
2019-09-19,Delhi,30.8,49,0.0,4.6
2019-09-20,Delhi,25.7,41,0.0,4.3
2019-09-21,Delhi,28.2,44,18.3,5.1
2019-09-22,Delhi,25.9,46,0.0,5.1
2019-09-23,Delhi,30.6,39,0.0,4.4
2019-09-24,Delhi,29.8,48,0.0,4.9
2019-09-25,Delhi,27.1,42,0.0,4.4
2019-09-26,Delhi,23.2,46,0.0,5.4
2019-09-27,Delhi,28.5,47,0.0,4.3
2019-09-28,Delhi,28.7,42,0.0,3.1
2019-09-29,Delhi,25.9,46,0.0,3.4
2019-09-30,Delhi,29.2,45,0.0,3.8
2019-10-01,Delhi,27.3,40,0.0,2.8
2019-10-02,Delhi,27.7,45,0.0,1.2
2019-10-03,Delhi,23.1,39,0.0,2.0
2019-10-04,Delhi,23.2,47,0.0,3.0
2019-10-05,Delhi,26.0,44,0.0,2.7
2019-10-06,Delhi,24.1,42,0.0,5.0
2019-10-07,Delhi,25.4,40,13.4,1.4
2019-10-08,Delhi,24.7,41,0.0,3.3
2019-10-09,Delhi,26.0,36,0.0,3.5
2019-10-10,Delhi,25.0,51,0.0,2.3
2019-10-11,Delhi,26.3,47,0.0,3.1
2019-10-12,Delhi,24.4,48,0.0,3.2
2019-10-13,Delhi,28.5,40,0.0,3.0
2019-10-14,Delhi,22.1,40,0.0,4.0
2019-10-15,Delhi,22.7,39,0.0,1.9
2019-10-16,Delhi,25.4,41,0.0,3.6
2019-10-17,Delhi,21.4,46,0.0,2.1
2019-10-18,Delhi,22.5,37,0.0,3.5
2019-10-19,Delhi,20.0,42,0.0,1.7
2019-10-20,Delhi,25.1,48,0.0,3.6
2019-10-21,Delhi,25.2,43,0.0,3.4
2019-10-22,Delhi,22.1,36,0.0,2.7
2019-10-23,Delhi,25.3,62,0.0,3.1
2019-10-24,Delhi,19.7,55,0.0,1.9
2019-10-25,Delhi,25.9,52,3.6,3.9
2019-10-26,Delhi,23.3,51,0.0,1.7
2019-10-27,Delhi,22.5,49,0.0,3.2
2019-10-28,Delhi,24.0,42,0.0,2.7
2019-10-29,Delhi,26.3,50,0.0,1.2
2019-10-30,Delhi,23.7,48,0.0,4.6
2019-10-31,Delhi,22.7,39,0.0,3.8
2019-11-01,Delhi,19.6,42,0.0,3.5
2019-11-02,Delhi,19.0,37,0.0,2.0
2019-11-03,Delhi,20.5,52,0.0,3.1
2019-11-04,Delhi,21.0,62,0.0,3.4
2019-11-05,Delhi,20.4,51,17.9,3.5
2019-11-06,Delhi,19.1,45,0.0,4.7
2019-11-07,Delhi,20.1,54,0.0,2.4
2019-11-08,Delhi,20.4,49,0.0,4.7
2019-11-09,Delhi,20.1,42,0.0,2.4
2019-11-10,Delhi,17.0,46,0.0,2.6
2019-11-11,Delhi,17.2,55,0.0,2.6
2019-11-12,Delhi,18.2,48,0.0,2.9
2019-11-13,Delhi,21.0,51,0.0,3.9
2019-11-14,Delhi,18.1,56,0.0,2.6
2019-11-15,Delhi,17.8,54,0.0,4.1
2019-11-16,Delhi,19.0,51,5.4,0.9
2019-11-17,Delhi,16.6,52,0.0,3.2
2019-11-18,Delhi,20.9,53,0.0,2.9
2019-11-19,Delhi,22.4,49,0.0,1.8
2019-11-20,Delhi,19.0,57,0.0,3.8
2019-11-21,Delhi,19.6,58,0.0,3.7
2019-11-22,Delhi,16.3,53,0.0,3.7
2019-11-23,Delhi,19.5,47,0.0,1.9
2019-11-24,Delhi,17.3,61,0.0,3.4
2019-11-25,Delhi,17.0,54,0.0,2.2
2019-11-26,Delhi,18.1,55,0.0,4.0
2019-11-27,Delhi,17.7,49,0.0,2.4
2019-11-28,Delhi,15.2,51,0.0,2.5
2019-11-29,Delhi,17.7,47,0.0,2.1
2019-11-30,Delhi,19.1,54,0.0,3.3
2019-12-01,Delhi,14.5,55,0.0,4.8
2019-12-02,Delhi,18.1,57,0.0,3.6
2019-12-03,Delhi,16.8,42,0.0,3.3
2019-12-04,Delhi,16.7,51,0.0,3.5
2019-12-05,Delhi,14.0,58,0.0,1.8
2019-12-06,Delhi,20.7,53,0.0,2.7
2019-12-07,Delhi,18.3,48,0.0,2.0
2019-12-08,Delhi,12.8,52,0.0,5.5
2019-12-09,Delhi,16.1,58,0.0,4.5
2019-12-10,Delhi,19.8,53,0.0,1.0
2019-12-11,Delhi,19.4,58,0.0,3.5
2019-12-12,Delhi,19.0,51,0.0,3.4
2019-12-13,Delhi,15.3,55,0.0,3.7
2019-12-14,Delhi,12.7,51,22.0,3.4
2019-12-15,Delhi,14.8,57,0.0,3.1
2019-12-16,Delhi,17.2,42,0.0,0.6
2019-12-17,Delhi,14.3,49,0.0,2.6
2019-12-18,Delhi,16.6,47,0.0,0.5
2019-12-19,Delhi,18.1,44,0.0,3.0
2019-12-20,Delhi,16.3,52,0.0,3.2
2019-12-21,Delhi,16.3,59,0.0,2.5
2019-12-22,Delhi,18.1,52,0.0,2.3
2019-12-23,Delhi,14.5,51,0.0,3.5
2019-12-24,Delhi,12.6,51,0.0,2.0
2019-12-25,Delhi,18.4,60,0.0,4.4
2019-12-26,Delhi,17.9,49,0.0,2.0
2019-12-27,Delhi,14.7,58,0.0,1.6
2019-12-28,Delhi,16.8,60,0.0,3.5
2019-12-29,Delhi,16.3,51,0.0,5.4
2019-12-30,Delhi,14.5,51,0.0,3.9
2019-12-31,Delhi,17.4,54,0.0,3.0
2020-01-01,Delhi,11.7,56,0.0,2.6
2020-01-02,Delhi,18.2,48,0.0,3.8
2020-01-03,Delhi,17.6,58,0.0,0.6
2020-01-04,Delhi,16.8,46,0.0,2.5
2020-01-05,Delhi,17.1,63,0.0,1.6
2020-01-06,Delhi,14.5,60,0.0,4.3
2020-01-07,Delhi,12.5,60,0.0,1.8
2020-01-08,Delhi,16.1,53,0.0,2.8
2020-01-09,Delhi,14.0,53,0.0,3.5
2020-01-10,Delhi,11.7,53,0.0,2.6
2020-01-11,Delhi,12.2,51,0.0,0.9
2020-01-12,Delhi,12.9,48,0.0,3.7
2020-01-13,Delhi,12.7,55,0.0,4.3
2020-01-14,Delhi,15.4,52,0.0,3.6
2020-01-15,Delhi,14.3,55,0.0,4.0
2020-01-16,Delhi,19.5,53,0.0,4.0
2020-01-17,Delhi,16.2,55,0.0,2.2
2020-01-18,Delhi,15.1,50,0.0,4.2
2020-01-19,Delhi,18.1,57,0.0,4.1
2020-01-20,Delhi,15.9,46,0.0,2.7
2020-01-21,Delhi,18.5,50,0.0,2.8
2020-01-22,Delhi,17.7,54,0.0,3.9
2020-01-23,Delhi,15.4,56,0.0,3.3
2020-01-24,Delhi,14.9,55,0.0,3.7
2020-01-25,Delhi,15.6,50,10.6,3.2
2020-01-26,Delhi,14.4,58,0.0,1.5
2020-01-27,Delhi,13.4,43,0.0,4.0
2020-01-28,Delhi,19.1,60,0.0,2.8
2020-01-29,Delhi,14.2,48,0.0,3.6
2020-01-30,Delhi,15.7,54,0.0,4.2
2020-01-31,Delhi,16.6,57,0.0,2.9
2020-02-01,Delhi,16.2,52,0.0,2.0
2020-02-02,Delhi,15.7,52,0.0,4.0
2020-02-03,Delhi,15.5,50,0.0,1.8
2020-02-04,Delhi,16.6,59,0.0,3.9
2020-02-05,Delhi,15.5,63,0.0,1.1
2020-02-06,Delhi,19.1,43,0.0,3.0
2020-02-07,Delhi,15.3,55,0.0,2.1
2020-02-08,Delhi,13.1,49,0.0,3.1
2020-02-09,Delhi,18.9,57,0.0,1.6
2020-02-10,Delhi,15.0,48,0.0,2.3
2020-02-11,Delhi,15.6,45,0.0,3.8
2020-02-12,Delhi,20.3,45,0.0,1.9
2020-02-13,Delhi,15.9,56,0.0,3.1
2020-02-14,Delhi,17.5,60,14.8,3.7
2020-02-15,Delhi,21.6,55,0.0,3.6
2020-02-16,Delhi,17.6,59,0.0,2.6
2020-02-17,Delhi,19.9,44,0.0,2.9
2020-02-18,Delhi,17.3,45,0.0,4.5
2020-02-19,Delhi,16.5,52,0.0,3.3
2020-02-20,Delhi,14.0,57,0.0,2.8
2020-02-21,Delhi,16.4,46,0.0,3.2
2020-02-22,Delhi,18.2,54,0.0,1.9
2020-02-23,Delhi,18.1,45,0.0,4.4
2020-02-24,Delhi,15.7,47,0.0,2.1
2020-02-25,Delhi,15.5,54,0.0,2.5
2020-02-26,Delhi,18.6,52,34.5,2.2
2020-02-27,Delhi,17.3,42,0.0,3.5
2020-02-28,Delhi,19.5,62,0.0,2.9
2020-02-29,Delhi,14.5,55,0.0,1.6
2020-03-01,Delhi,17.2,43,0.0,3.0
2020-03-02,Delhi,19.7,54,0.0,2.7
2020-03-03,Delhi,19.4,50,0.0,1.7
2020-03-04,Delhi,20.3,59,0.0,2.6
2020-03-05,Delhi,19.2,55,0.0,3.4
2020-03-06,Delhi,20.0,51,0.0,2.6
2020-03-07,Delhi,21.7,52,0.0,1.9
2020-03-08,Delhi,18.2,51,0.0,1.3
2020-03-09,Delhi,17.4,50,0.0,2.2
2020-03-10,Delhi,22.3,52,0.0,1.4
2020-03-11,Delhi,22.5,54,0.0,2.8
2020-03-12,Delhi,21.8,46,0.0,2.8
2020-03-13,Delhi,21.0,52,0.0,3.5
2020-03-14,Delhi,16.9,49,0.0,4.2
2020-03-15,Delhi,19.0,45,0.0,3.3
2020-03-16,Delhi,18.4,51,0.0,4.1
2020-03-17,Delhi,24.1,41,7.7,3.1
2020-03-18,Delhi,21.1,56,0.0,3.9
2020-03-19,Delhi,22.7,49,0.0,5.1
2020-03-20,Delhi,18.9,42,0.0,1.6
2020-03-21,Delhi,19.8,42,0.0,3.4
2020-03-22,Delhi,23.6,42,0.0,2.6
2020-03-23,Delhi,18.6,55,0.0,4.2
2020-03-24,Delhi,24.9,45,0.0,2.4
2020-03-25,Delhi,25.7,49,0.0,2.0
2020-03-26,Delhi,27.3,55,0.0,5.0
2020-03-27,Delhi,23.4,42,0.0,5.5
2020-03-28,Delhi,20.3,47,0.0,2.9
2020-03-29,Delhi,23.9,57,0.0,5.5
2020-03-30,Delhi,25.2,48,0.0,2.6
2020-03-31,Delhi,24.5,48,0.0,1.7
2020-04-01,Delhi,24.4,36,0.0,4.4
2020-04-02,Delhi,24.0,45,0.0,0.5
2020-04-03,Delhi,26.2,50,0.0,1.9
2020-04-04,Delhi,22.1,49,0.0,1.8
2020-04-05,Delhi,20.7,56,0.0,3.4
2020-04-06,Delhi,24.4,37,0.0,4.6
2020-04-07,Delhi,23.1,45,0.0,2.9
2020-04-08,Delhi,27.2,45,0.0,3.6
2020-04-09,Delhi,28.0,43,0.0,5.0
2020-04-10,Delhi,25.7,58,0.0,1.5
2020-04-11,Delhi,25.0,46,0.0,3.1
2020-04-12,Delhi,25.0,48,0.0,1.3
2020-04-13,Delhi,26.6,44,0.0,1.8
2020-04-14,Delhi,23.6,36,0.0,3.8
2020-04-15,Delhi,24.2,42,15.3,3.0
2020-04-16,Delhi,28.3,50,0.0,3.1
2020-04-17,Delhi,26.9,43,0.0,2.2
2020-04-18,Delhi,27.8,52,0.0,4.3
2020-04-19,Delhi,28.0,50,0.0,4.2
2020-04-20,Delhi,28.9,51,0.0,4.7
2020-04-21,Delhi,29.6,51,0.0,4.1
2020-04-22,Delhi,29.2,36,0.0,4.0
2020-04-23,Delhi,28.3,47,0.0,1.4
2020-04-24,Delhi,27.0,45,0.7,2.9
2020-04-25,Delhi,29.5,43,0.0,2.3
2020-04-26,Delhi,26.6,45,0.0,4.3
2020-04-27,Delhi,31.2,40,0.0,3.7
2020-04-28,Delhi,30.3,38,0.0,3.4
2020-04-29,Delhi,30.5,48,0.0,3.6
2020-04-30,Delhi,28.0,44,0.0,3.8
2020-05-01,Delhi,29.2,47,0.0,3.8
2020-05-02,Delhi,28.7,38,0.0,2.1
2020-05-03,Delhi,31.1,38,0.0,2.8
2020-05-04,Delhi,29.7,33,0.0,3.1
2020-05-05,Delhi,29.7,38,0.0,4.2
2020-05-06,Delhi,26.7,47,0.0,2.3
2020-05-07,Delhi,31.6,38,0.0,2.5
2020-05-08,Delhi,35.2,37,0.0,3.0
2020-05-09,Delhi,31.3,41,0.0,2.8
2020-05-10,Delhi,28.0,28,0.0,6.1
2020-05-11,Delhi,27.0,39,0.0,2.4
2020-05-12,Delhi,34.5,46,0.0,3.0
2020-05-13,Delhi,32.9,34,0.0,2.7
2020-05-14,Delhi,34.8,42,0.0,4.0
2020-05-15,Delhi,29.9,38,0.9,2.6
2020-05-16,Delhi,30.9,43,9.4,2.2
2020-05-17,Delhi,31.8,38,0.0,4.7
2020-05-18,Delhi,32.9,41,0.0,3.8
2020-05-19,Delhi,33.3,31,0.0,3.3
2020-05-20,Delhi,31.9,31,0.0,4.2
2020-05-21,Delhi,33.2,49,0.0,3.5
2020-05-22,Delhi,32.4,37,0.0,2.0
2020-05-23,Delhi,31.7,32,0.0,1.9
2020-05-24,Delhi,34.4,31,0.0,3.6
2020-05-25,Delhi,33.7,37,0.0,4.6
2020-05-26,Delhi,33.0,37,0.0,2.1
2020-05-27,Delhi,30.5,36,0.0,5.1
2020-05-28,Delhi,30.7,33,0.0,3.7
2020-05-29,Delhi,34.1,35,0.0,3.4
2020-05-30,Delhi,31.2,34,0.0,6.3
2020-05-31,Delhi,29.7,27,8.2,3.5
2020-06-01,Delhi,32.5,34,0.0,5.3
2020-06-02,Delhi,31.8,31,0.0,4.1
2020-06-03,Delhi,33.1,32,0.0,5.7
2020-06-04,Delhi,36.6,36,0.0,3.5
2020-06-05,Delhi,35.3,38,4.9,5.9
2020-06-06,Delhi,31.4,37,0.0,6.8
2020-06-07,Delhi,34.5,32,0.0,6.5
2020-06-08,Delhi,33.0,44,0.0,5.6
2020-06-09,Delhi,33.8,31,0.0,4.9
2020-06-10,Delhi,32.4,35,0.0,5.6
2020-06-11,Delhi,34.0,37,0.0,4.9
2020-06-12,Delhi,32.9,31,0.0,3.4
2020-06-13,Delhi,28.3,40,0.0,6.0
2020-06-14,Delhi,35.3,37,22.2,7.8
2020-06-15,Delhi,35.4,40,0.0,6.0
2020-06-16,Delhi,32.3,34,0.0,7.8
2020-06-17,Delhi,30.8,27,0.0,6.8
2020-06-18,Delhi,34.2,39,0.0,4.7
2020-06-19,Delhi,34.7,31,5.3,4.9
2020-06-20,Delhi,30.5,32,30.6,2.2
2020-06-21,Delhi,34.8,34,9.4,5.9
2020-06-22,Delhi,35.3,42,16.3,4.9
2020-06-23,Delhi,36.3,47,0.0,4.8
2020-06-24,Delhi,33.8,37,0.0,6.7
2020-06-25,Delhi,36.6,40,5.1,5.2
2020-06-26,Delhi,34.2,35,0.0,5.3
2020-06-27,Delhi,32.2,31,0.0,4.3
2020-06-28,Delhi,34.4,36,0.7,5.1
2020-06-29,Delhi,35.0,34,0.0,5.2
2020-06-30,Delhi,36.3,34,17.2,5.3
2020-07-01,Delhi,33.0,32,8.9,4.7
2020-07-02,Delhi,36.5,43,0.0,5.8
2020-07-03,Delhi,38.4,38,1.3,5.7
2020-07-04,Delhi,37.6,32,11.5,4.8
2020-07-05,Delhi,36.6,33,0.0,6.1
2020-07-06,Delhi,34.1,40,5.7,4.3
2020-07-07,Delhi,33.9,31,15.1,5.1
2020-07-08,Delhi,37.9,43,9.3,5.8
2020-07-09,Delhi,36.5,41,0.0,7.0
2020-07-10,Delhi,37.4,32,4.4,5.7
2020-07-11,Delhi,34.5,43,0.0,2.3
2020-07-12,Delhi,34.8,39,0.0,5.3
2020-07-13,Delhi,36.6,21,9.7,6.7
2020-07-14,Delhi,35.7,41,3.2,6.4
2020-07-15,Delhi,35.4,41,0.0,5.0
2020-07-16,Delhi,33.1,36,15.9,5.0
2020-07-17,Delhi,35.2,40,8.5,5.7
2020-07-18,Delhi,39.8,33,1.9,5.9
2020-07-19,Delhi,37.1,41,8.8,6.3
2020-07-20,Delhi,39.3,28,0.0,6.0
2020-07-21,Delhi,34.5,34,0.0,5.0
2020-07-22,Delhi,33.1,32,0.0,5.7
2020-07-23,Delhi,35.3,37,0.0,6.0
2020-07-24,Delhi,35.6,46,0.0,4.4
2020-07-25,Delhi,34.6,29,0.0,5.2
2020-07-26,Delhi,41.6,34,0.0,5.4
2020-07-27,Delhi,33.0,42,0.0,4.6
2020-07-28,Delhi,37.5,29,0.0,5.6
2020-07-29,Delhi,35.8,34,14.9,4.4
2020-07-30,Delhi,32.2,36,0.0,3.6
2020-07-31,Delhi,31.2,29,0.0,3.3
2020-08-01,Delhi,33.9,35,0.0,4.9
2020-08-02,Delhi,37.4,33,0.0,5.4
2020-08-03,Delhi,30.7,37,0.0,3.3
2020-08-04,Delhi,31.6,31,0.0,4.1
2020-08-05,Delhi,33.6,31,0.0,5.0
2020-08-06,Delhi,36.8,35,0.0,5.9
2020-08-07,Delhi,32.4,32,0.0,4.7
2020-08-08,Delhi,35.9,40,6.7,4.7
2020-08-09,Delhi,34.4,27,10.1,6.4
2020-08-10,Delhi,35.7,33,14.7,5.5
2020-08-11,Delhi,31.5,44,6.0,3.9
2020-08-12,Delhi,33.4,47,5.0,6.1
2020-08-13,Delhi,32.7,31,17.4,3.8
2020-08-14,Delhi,31.7,37,0.0,4.5
2020-08-15,Delhi,34.4,38,0.0,4.5
2020-08-16,Delhi,32.5,35,0.0,6.4
2020-08-17,Delhi,31.8,51,0.0,5.7
2020-08-18,Delhi,32.7,37,2.8,3.3
2020-08-19,Delhi,32.9,31,36.4,4.9
2020-08-20,Delhi,33.5,43,5.6,4.7
2020-08-21,Delhi,32.8,45,0.0,6.5
2020-08-22,Delhi,30.4,41,16.0,3.6
2020-08-23,Delhi,31.6,44,8.5,4.6
2020-08-24,Delhi,34.9,38,2.6,4.3
2020-08-25,Delhi,34.8,38,20.9,4.1
2020-08-26,Delhi,34.3,36,0.0,7.0
2020-08-27,Delhi,30.7,32,0.0,6.3
2020-08-28,Delhi,27.3,41,0.0,6.2
2020-08-29,Delhi,32.7,39,1.9,5.6
2020-08-30,Delhi,28.7,33,0.0,6.1
2020-08-31,Delhi,29.3,34,0.0,4.9
2020-09-01,Delhi,34.5,35,0.0,4.2
2020-09-02,Delhi,28.1,38,0.0,3.8
2020-09-03,Delhi,31.0,37,0.0,5.4
2020-09-04,Delhi,31.2,39,15.6,4.9
2020-09-05,Delhi,32.0,44,13.7,5.1
2020-09-06,Delhi,31.0,36,5.3,4.4
2020-09-07,Delhi,29.7,46,0.0,5.3
2020-09-08,Delhi,29.3,38,0.0,4.3
2020-09-09,Delhi,30.4,42,0.0,6.8
2020-09-10,Delhi,29.5,49,0.0,5.9
2020-09-11,Delhi,28.9,39,0.0,3.3
2020-09-12,Delhi,21.5,45,0.0,5.6
2020-09-13,Delhi,28.4,38,13.2,4.0
2020-09-14,Delhi,30.7,42,6.4,4.0
2020-09-15,Delhi,26.4,43,0.0,4.5
2020-09-16,Delhi,27.9,41,0.0,6.0
2020-09-17,Delhi,23.6,49,0.0,5.5
2020-09-18,Delhi,30.0,38,0.0,5.4
2020-09-19,Delhi,27.4,41,0.0,4.4
2020-09-20,Delhi,28.2,44,0.0,4.8
2020-09-21,Delhi,26.0,51,0.0,2.5
2020-09-22,Delhi,28.5,41,15.2,4.6
2020-09-23,Delhi,25.4,36,0.0,5.5
2020-09-24,Delhi,27.9,44,0.0,5.6
2020-09-25,Delhi,27.1,47,0.0,4.8
2020-09-26,Delhi,27.9,43,0.0,3.5
2020-09-27,Delhi,28.5,39,0.0,3.2
2020-09-28,Delhi,26.5,39,0.0,2.0
2020-09-29,Delhi,25.3,52,0.0,4.8
2020-09-30,Delhi,29.0,45,0.0,3.4
2020-10-01,Delhi,24.1,34,0.0,0.8
2020-10-02,Delhi,22.9,49,0.0,2.8
2020-10-03,Delhi,25.2,41,0.0,2.4
2020-10-04,Delhi,24.0,41,0.0,2.7
2020-10-05,Delhi,26.1,40,0.0,3.8
2020-10-06,Delhi,26.7,36,0.0,3.7
2020-10-07,Delhi,22.9,39,24.1,2.2
2020-10-08,Delhi,27.0,50,0.0,2.6
2020-10-09,Delhi,23.1,38,0.0,2.9
2020-10-10,Delhi,21.7,48,0.0,2.4
2020-10-11,Delhi,25.8,33,0.0,3.9
2020-10-12,Delhi,23.1,37,0.0,2.5
2020-10-13,Delhi,22.9,43,13.9,2.6
2020-10-14,Delhi,23.3,46,0.0,2.7
2020-10-15,Delhi,23.9,43,0.0,3.8
2020-10-16,Delhi,23.9,48,0.0,1.9
2020-10-17,Delhi,25.2,48,0.0,0.6
2020-10-18,Delhi,22.2,51,0.0,3.6
2020-10-19,Delhi,25.9,45,25.9,2.8
2020-10-20,Delhi,24.6,44,0.0,3.2
2020-10-21,Delhi,25.3,35,0.0,2.3
2020-10-22,Delhi,24.9,52,0.0,3.4
2020-10-23,Delhi,22.5,47,0.0,2.0
2020-10-24,Delhi,26.9,46,0.0,2.4
2020-10-25,Delhi,24.0,47,0.0,4.0
2020-10-26,Delhi,23.3,43,0.0,4.0
2020-10-27,Delhi,22.0,48,0.0,1.8
2020-10-28,Delhi,23.1,50,0.0,3.9
2020-10-29,Delhi,20.2,52,0.0,1.7
2020-10-30,Delhi,22.5,46,0.0,1.9
2020-10-31,Delhi,23.7,42,0.0,3.1
2020-11-01,Delhi,22.4,40,0.0,1.5
2020-11-02,Delhi,20.9,53,0.0,4.1
2020-11-03,Delhi,18.4,42,0.0,3.5
2020-11-04,Delhi,19.4,55,0.0,3.3
2020-11-05,Delhi,20.3,56,0.0,1.6
2020-11-06,Delhi,21.8,51,0.0,2.4
2020-11-07,Delhi,22.7,49,0.0,4.8
2020-11-08,Delhi,14.8,51,0.0,2.5
2020-11-09,Delhi,20.7,49,0.0,1.9
2020-11-10,Delhi,19.1,46,0.0,2.0
2020-11-11,Delhi,20.0,45,0.0,1.9
2020-11-12,Delhi,20.5,55,0.0,3.3
2020-11-13,Delhi,21.2,55,0.0,2.4
2020-11-14,Delhi,18.4,47,0.0,4.2
2020-11-15,Delhi,18.5,51,0.0,3.3
2020-11-16,Delhi,20.7,49,0.0,3.4
2020-11-17,Delhi,19.3,53,0.0,3.3
2020-11-18,Delhi,18.1,54,0.0,2.8
2020-11-19,Delhi,21.7,52,0.0,4.0
2020-11-20,Delhi,15.6,53,0.0,2.6
2020-11-21,Delhi,16.8,51,0.0,4.3
2020-11-22,Delhi,20.7,53,0.0,4.4
2020-11-23,Delhi,19.8,52,0.0,3.9
2020-11-24,Delhi,16.3,58,0.0,2.6
2020-11-25,Delhi,15.6,49,0.0,2.3
2020-11-26,Delhi,18.8,49,0.0,3.4
2020-11-27,Delhi,16.2,53,0.0,3.2
2020-11-28,Delhi,17.0,43,0.0,2.6
2020-11-29,Delhi,17.9,45,0.0,2.8
2020-11-30,Delhi,18.0,42,0.0,1.7
2020-12-01,Delhi,17.5,48,0.0,2.7
2020-12-02,Delhi,17.7,49,0.0,2.5
2020-12-03,Delhi,19.1,61,0.0,2.0
2020-12-04,Delhi,17.9,50,0.0,4.7
2020-12-05,Delhi,19.7,48,7.7,3.7
2020-12-06,Delhi,15.2,52,0.0,2.6
2020-12-07,Delhi,15.7,64,0.0,2.6
2020-12-08,Delhi,16.4,55,0.0,3.2
2020-12-09,Delhi,19.4,59,0.0,3.6
2020-12-10,Delhi,13.7,52,0.0,3.3
2020-12-11,Delhi,17.9,49,0.0,2.8
2020-12-12,Delhi,16.0,54,0.0,4.0
2020-12-13,Delhi,14.4,49,0.0,1.9
2020-12-14,Delhi,20.2,55,0.0,1.2
2020-12-15,Delhi,20.0,56,0.0,2.7
2020-12-16,Delhi,17.9,59,0.0,3.1
2020-12-17,Delhi,17.7,62,0.0,3.3
2020-12-18,Delhi,13.3,49,0.0,3.0
2020-12-19,Delhi,15.4,43,0.0,2.5
2020-12-20,Delhi,17.3,60,0.0,3.3
2020-12-21,Delhi,9.9,48,0.0,3.5
2020-12-22,Delhi,14.9,47,0.0,3.2
2020-12-23,Delhi,14.2,52,0.0,3.4
2020-12-24,Delhi,14.1,59,0.0,2.0
2020-12-25,Delhi,16.2,47,0.0,3.8
2020-12-26,Delhi,15.7,54,0.0,4.6
2020-12-27,Delhi,19.5,61,4.5,3.5
2020-12-28,Delhi,16.7,56,0.0,1.7
2020-12-29,Delhi,13.8,66,0.0,2.8
2020-12-30,Delhi,18.0,48,0.0,3.2
2020-12-31,Delhi,15.4,56,0.0,3.0
2021-01-01,Delhi,15.0,58,0.0,4.8
2021-01-02,Delhi,15.3,46,0.0,2.6
2021-01-03,Delhi,15.6,53,0.0,3.9
2021-01-04,Delhi,14.5,53,0.0,2.9
2021-01-05,Delhi,17.3,60,0.0,1.4
2021-01-06,Delhi,17.4,55,0.0,2.9
2021-01-07,Delhi,13.8,68,0.0,3.3
2021-01-08,Delhi,14.8,55,0.0,1.1
2021-01-09,Delhi,18.0,60,0.0,1.7
2021-01-10,Delhi,15.7,49,0.0,1.0
2021-01-11,Delhi,14.5,50,0.0,1.0
2021-01-12,Delhi,14.9,56,0.0,4.2
2021-01-13,Delhi,17.9,56,0.0,3.6
2021-01-14,Delhi,14.9,50,0.0,3.1
2021-01-15,Delhi,12.7,52,0.0,3.6
2021-01-16,Delhi,13.5,55,0.0,2.3
2021-01-17,Delhi,17.5,49,0.0,3.2
2021-01-18,Delhi,11.6,54,0.0,2.5
2021-01-19,Delhi,13.0,53,0.0,3.7
2021-01-20,Delhi,16.4,50,0.0,3.8
2021-01-21,Delhi,12.3,48,0.0,3.9
2021-01-22,Delhi,12.1,61,0.0,3.5
2021-01-23,Delhi,14.4,54,0.0,3.6
2021-01-24,Delhi,15.0,65,0.0,3.0
2021-01-25,Delhi,16.3,60,0.0,4.2
2021-01-26,Delhi,16.1,55,0.0,4.6
2021-01-27,Delhi,17.3,52,0.0,1.3
2021-01-28,Delhi,18.8,58,0.0,1.4
2021-01-29,Delhi,14.0,54,6.5,3.3
2021-01-30,Delhi,14.4,51,0.0,3.6
2021-01-31,Delhi,15.1,51,0.0,0.8
2021-02-01,Delhi,12.7,56,0.0,4.4
2021-02-02,Delhi,15.5,59,0.0,4.1
2021-02-03,Delhi,17.7,59,0.0,2.5
2021-02-04,Delhi,11.7,52,0.0,3.6
2021-02-05,Delhi,16.5,51,0.0,4.7
2021-02-06,Delhi,17.9,51,0.0,2.2
2021-02-07,Delhi,18.2,55,0.0,4.1
2021-02-08,Delhi,19.0,67,0.0,5.2
2021-02-09,Delhi,16.0,53,0.0,3.2
2021-02-10,Delhi,13.4,53,0.0,2.3
2021-02-11,Delhi,16.7,67,0.0,2.9
2021-02-12,Delhi,13.8,47,0.0,2.4
2021-02-13,Delhi,12.1,55,0.0,2.0
2021-02-14,Delhi,17.6,50,0.0,3.3
2021-02-15,Delhi,20.6,55,0.0,3.8
2021-02-16,Delhi,17.8,57,0.0,4.0
2021-02-17,Delhi,16.9,49,0.0,4.2
2021-02-18,Delhi,16.6,49,0.0,2.6
2021-02-19,Delhi,15.6,59,0.0,2.6
2021-02-20,Delhi,20.9,50,13.2,4.3
2021-02-21,Delhi,17.9,50,0.0,3.3
2021-02-22,Delhi,17.3,60,0.0,3.6
2021-02-23,Delhi,17.4,44,0.0,3.5
2021-02-24,Delhi,13.7,56,0.0,5.3
2021-02-25,Delhi,15.3,59,0.0,2.4
2021-02-26,Delhi,21.0,53,0.0,0.9
2021-02-27,Delhi,19.3,55,0.0,2.9
2021-02-28,Delhi,18.0,51,0.0,2.9
2021-03-01,Delhi,18.0,55,0.0,2.0
2021-03-02,Delhi,22.3,50,0.0,2.8
2021-03-03,Delhi,21.7,53,0.0,4.0
2021-03-04,Delhi,17.9,59,0.0,1.2
2021-03-05,Delhi,19.6,41,0.0,3.7
2021-03-06,Delhi,20.1,40,0.0,3.6
2021-03-07,Delhi,15.2,57,0.0,1.9
2021-03-08,Delhi,19.2,49,0.0,3.4
2021-03-09,Delhi,20.4,51,0.0,1.8
2021-03-10,Delhi,18.6,44,0.0,4.0
2021-03-11,Delhi,18.2,61,0.0,2.9
2021-03-12,Delhi,17.8,47,0.0,1.5
2021-03-13,Delhi,20.9,55,0.0,4.6
2021-03-14,Delhi,20.2,52,0.0,4.0
2021-03-15,Delhi,19.9,42,0.0,2.1
2021-03-16,Delhi,20.6,49,0.0,3.4
2021-03-17,Delhi,21.2,43,0.0,1.7
2021-03-18,Delhi,22.2,52,0.0,2.8
2021-03-19,Delhi,22.7,50,0.0,4.3
2021-03-20,Delhi,21.4,44,0.0,1.1
2021-03-21,Delhi,20.1,50,0.0,2.6
2021-03-22,Delhi,23.4,51,0.0,2.0
2021-03-23,Delhi,20.8,43,0.0,1.4
2021-03-24,Delhi,23.3,43,0.0,2.5
2021-03-25,Delhi,22.8,39,0.0,1.9
2021-03-26,Delhi,21.6,52,0.0,4.4
2021-03-27,Delhi,25.3,46,11.3,3.1
2021-03-28,Delhi,22.0,50,0.0,4.0
2021-03-29,Delhi,25.5,50,0.0,3.3
2021-03-30,Delhi,23.0,40,0.0,3.9
2021-03-31,Delhi,24.7,47,0.0,1.9
2021-04-01,Delhi,27.5,47,0.0,2.1
2021-04-02,Delhi,24.6,42,0.0,2.8
2021-04-03,Delhi,22.3,44,0.0,0.6
2021-04-04,Delhi,25.2,39,0.0,3.3
2021-04-05,Delhi,24.8,52,0.0,2.5
2021-04-06,Delhi,24.2,46,0.0,1.7
2021-04-07,Delhi,24.1,36,0.0,3.8
2021-04-08,Delhi,22.6,44,0.0,3.9
2021-04-09,Delhi,25.9,35,0.0,2.9
2021-04-10,Delhi,24.8,34,0.0,3.0
2021-04-11,Delhi,25.6,44,0.0,2.2
2021-04-12,Delhi,22.5,45,0.0,2.5
2021-04-13,Delhi,25.4,39,0.0,2.0
2021-04-14,Delhi,28.2,49,0.0,1.7
2021-04-15,Delhi,26.4,45,0.0,2.2
2021-04-16,Delhi,27.1,36,0.0,2.2
2021-04-17,Delhi,27.4,47,0.0,2.0
2021-04-18,Delhi,28.0,43,0.0,2.7
2021-04-19,Delhi,27.9,48,0.0,3.7
2021-04-20,Delhi,24.6,37,0.0,4.2
2021-04-21,Delhi,24.7,38,0.0,2.8
2021-04-22,Delhi,24.6,44,0.0,1.9
2021-04-23,Delhi,24.7,50,0.0,3.5
2021-04-24,Delhi,27.7,35,0.0,4.2
2021-04-25,Delhi,29.4,52,0.0,2.2
2021-04-26,Delhi,29.6,45,0.0,4.7
2021-04-27,Delhi,31.0,38,0.0,2.1
2021-04-28,Delhi,30.4,37,0.0,3.0
2021-04-29,Delhi,29.4,50,0.0,3.8
2021-04-30,Delhi,30.6,42,0.0,3.2
2021-05-01,Delhi,29.4,44,0.0,4.3
2021-05-02,Delhi,28.8,45,0.0,3.3
2021-05-03,Delhi,28.0,42,0.0,2.3
2021-05-04,Delhi,29.6,40,0.0,4.4
2021-05-05,Delhi,27.5,50,0.0,3.1
2021-05-06,Delhi,33.8,44,0.0,1.8
2021-05-07,Delhi,26.5,46,0.0,1.8
2021-05-08,Delhi,29.5,47,0.0,2.5
2021-05-09,Delhi,28.3,43,0.0,4.1
2021-05-10,Delhi,32.3,41,0.0,3.3
2021-05-11,Delhi,30.4,36,0.0,2.7
2021-05-12,Delhi,32.6,45,0.0,2.8
2021-05-13,Delhi,32.7,49,0.0,4.1
2021-05-14,Delhi,28.5,39,0.0,2.6
2021-05-15,Delhi,30.9,36,15.5,2.0
2021-05-16,Delhi,32.9,36,0.0,3.5
2021-05-17,Delhi,29.0,43,0.0,2.1
2021-05-18,Delhi,32.0,29,0.0,3.2
2021-05-19,Delhi,30.7,42,0.0,3.4
2021-05-20,Delhi,31.6,33,0.0,3.8
2021-05-21,Delhi,33.2,45,0.0,3.5
2021-05-22,Delhi,29.5,35,0.0,4.1
2021-05-23,Delhi,27.7,38,0.0,2.1
2021-05-24,Delhi,32.4,39,0.0,2.0
2021-05-25,Delhi,31.8,41,0.0,2.0
2021-05-26,Delhi,31.3,37,0.0,1.7
2021-05-27,Delhi,33.2,33,0.0,1.8
2021-05-28,Delhi,35.0,34,0.0,1.3
2021-05-29,Delhi,34.2,44,0.0,2.0
2021-05-30,Delhi,31.9,38,0.0,3.6
2021-05-31,Delhi,35.0,35,11.4,5.9
2021-06-01,Delhi,31.5,35,0.0,4.0
2021-06-02,Delhi,33.1,39,0.0,5.3
2021-06-03,Delhi,32.2,27,23.9,5.7
2021-06-04,Delhi,36.0,46,0.0,6.2
2021-06-05,Delhi,32.2,37,0.0,4.3
2021-06-06,Delhi,34.9,37,0.0,4.7
2021-06-07,Delhi,33.7,34,12.0,4.0
2021-06-08,Delhi,35.2,30,10.6,5.3
2021-06-09,Delhi,33.4,39,0.0,4.7
2021-06-10,Delhi,33.2,42,20.9,5.9
2021-06-11,Delhi,30.9,36,0.0,5.4
2021-06-12,Delhi,30.8,36,0.0,3.2
2021-06-13,Delhi,39.5,36,0.0,4.1
2021-06-14,Delhi,35.3,40,0.0,5.6
2021-06-15,Delhi,33.5,41,0.0,6.0
2021-06-16,Delhi,34.2,43,0.0,5.7
2021-06-17,Delhi,34.1,34,0.0,5.5
2021-06-18,Delhi,33.9,38,0.0,4.6
2021-06-19,Delhi,31.3,33,0.0,3.6
2021-06-20,Delhi,35.0,34,16.0,5.0
2021-06-21,Delhi,34.8,40,0.0,5.7
2021-06-22,Delhi,35.3,40,0.0,6.2
2021-06-23,Delhi,36.6,36,0.0,3.9
2021-06-24,Delhi,35.2,32,0.0,4.3
2021-06-25,Delhi,35.4,43,0.0,5.7
2021-06-26,Delhi,35.1,32,0.0,3.1
2021-06-27,Delhi,34.6,27,0.0,3.8
2021-06-28,Delhi,37.3,32,10.6,4.8
2021-06-29,Delhi,35.8,35,0.0,4.7
2021-06-30,Delhi,39.0,39,0.0,6.9
2021-07-01,Delhi,34.5,42,0.0,4.8
2021-07-02,Delhi,37.7,38,0.0,3.3
2021-07-03,Delhi,30.8,31,0.0,4.1
2021-07-04,Delhi,33.5,29,0.0,3.8
2021-07-05,Delhi,31.4,38,0.0,3.8
2021-07-06,Delhi,32.0,33,0.0,4.7
2021-07-07,Delhi,36.2,27,0.0,5.1
2021-07-08,Delhi,30.0,32,0.0,4.0
2021-07-09,Delhi,39.0,22,0.0,4.6
2021-07-10,Delhi,33.8,36,0.0,6.2
2021-07-11,Delhi,35.6,36,2.1,4.2
2021-07-12,Delhi,36.5,40,33.5,6.3
2021-07-13,Delhi,36.8,48,6.1,5.3
2021-07-14,Delhi,35.9,41,0.0,4.9
2021-07-15,Delhi,36.3,37,0.0,6.3
2021-07-16,Delhi,36.5,41,0.0,4.6
2021-07-17,Delhi,31.8,29,0.0,5.5
2021-07-18,Delhi,32.4,28,0.0,5.6
2021-07-19,Delhi,32.8,36,0.0,5.0
2021-07-20,Delhi,32.8,27,9.8,2.5
2021-07-21,Delhi,33.0,32,25.0,4.9
2021-07-22,Delhi,35.7,34,0.0,3.5
2021-07-23,Delhi,31.4,31,0.0,6.1
2021-07-24,Delhi,35.5,32,2.1,3.5
2021-07-25,Delhi,34.4,41,18.6,5.2
2021-07-26,Delhi,33.6,34,0.0,4.6
2021-07-27,Delhi,37.8,39,12.6,4.7
2021-07-28,Delhi,35.8,39,0.0,6.0
2021-07-29,Delhi,33.6,36,0.0,7.0
2021-07-30,Delhi,33.5,37,0.0,7.2
2021-07-31,Delhi,37.5,40,0.0,6.1
2021-08-01,Delhi,32.6,38,0.0,5.4
2021-08-02,Delhi,34.5,44,0.0,5.1
2021-08-03,Delhi,31.5,32,0.0,5.2
2021-08-04,Delhi,33.6,30,0.0,5.4
2021-08-05,Delhi,33.9,43,0.0,6.0
2021-08-06,Delhi,36.6,33,8.1,3.7
2021-08-07,Delhi,32.9,39,0.0,6.3
2021-08-08,Delhi,37.2,36,0.0,4.6
2021-08-09,Delhi,35.8,34,4.7,5.4
2021-08-10,Delhi,29.3,30,0.0,4.5
2021-08-11,Delhi,32.5,32,0.0,5.0
2021-08-12,Delhi,36.0,37,3.2,5.0
2021-08-13,Delhi,32.8,37,0.0,5.5
2021-08-14,Delhi,33.1,37,8.7,6.7
2021-08-15,Delhi,30.0,38,7.2,5.8
2021-08-16,Delhi,32.5,45,0.0,5.2
2021-08-17,Delhi,33.2,34,5.1,4.6
2021-08-18,Delhi,30.4,26,0.0,5.0
2021-08-19,Delhi,34.1,35,0.0,3.6
2021-08-20,Delhi,33.0,36,0.0,3.6
2021-08-21,Delhi,31.5,41,0.0,4.1
2021-08-22,Delhi,30.7,39,0.0,5.7
2021-08-23,Delhi,33.1,28,0.0,6.4
2021-08-24,Delhi,33.5,32,4.7,3.4
2021-08-25,Delhi,31.5,36,5.3,5.0
2021-08-26,Delhi,31.6,38,7.0,4.9
2021-08-27,Delhi,31.3,44,0.0,5.4
2021-08-28,Delhi,32.9,37,4.3,4.3
2021-08-29,Delhi,31.8,43,0.0,5.8
2021-08-30,Delhi,33.3,40,0.0,5.8
2021-08-31,Delhi,32.1,55,0.0,5.0
2021-09-01,Delhi,33.5,26,0.0,5.9
2021-09-02,Delhi,35.3,29,0.0,5.6
2021-09-03,Delhi,32.6,32,0.0,3.9
2021-09-04,Delhi,31.4,33,0.0,5.5
2021-09-05,Delhi,29.0,43,7.7,3.0
2021-09-06,Delhi,31.4,41,0.0,4.1
2021-09-07,Delhi,27.6,36,0.0,5.1
2021-09-08,Delhi,30.9,38,0.0,6.2
2021-09-09,Delhi,29.8,37,0.0,4.8
2021-09-10,Delhi,30.5,43,0.0,4.1
2021-09-11,Delhi,28.7,43,0.0,5.6
2021-09-12,Delhi,29.5,39,0.0,6.4
2021-09-13,Delhi,29.9,42,0.0,4.3
2021-09-14,Delhi,26.8,34,23.3,3.6
2021-09-15,Delhi,28.3,41,0.0,4.3
2021-09-16,Delhi,29.0,37,0.0,4.3
2021-09-17,Delhi,29.8,37,0.0,5.1
2021-09-18,Delhi,28.1,49,0.0,4.1
2021-09-19,Delhi,24.1,47,0.0,4.4
2021-09-20,Delhi,30.4,48,0.0,3.2
2021-09-21,Delhi,24.9,39,0.0,4.8
2021-09-22,Delhi,29.7,36,6.6,3.9
2021-09-23,Delhi,28.7,35,3.9,6.3
2021-09-24,Delhi,29.3,40,6.8,6.1
2021-09-25,Delhi,27.4,39,3.2,4.3
2021-09-26,Delhi,26.1,36,0.0,5.5
2021-09-27,Delhi,28.9,45,0.0,2.8
2021-09-28,Delhi,30.7,38,0.0,3.3
2021-09-29,Delhi,25.8,53,0.0,4.2
2021-09-30,Delhi,25.9,36,0.0,3.3
2021-10-01,Delhi,27.6,51,0.0,2.8
2021-10-02,Delhi,25.6,39,0.0,2.7
2021-10-03,Delhi,26.3,41,0.0,2.4
2021-10-04,Delhi,24.3,47,0.0,4.3
2021-10-05,Delhi,26.2,42,0.0,4.2
2021-10-06,Delhi,26.3,35,0.0,3.7
2021-10-07,Delhi,23.5,39,0.0,4.4
2021-10-08,Delhi,25.6,48,0.0,1.9
2021-10-09,Delhi,25.1,43,0.0,2.9
2021-10-10,Delhi,27.6,48,0.0,3.4
2021-10-11,Delhi,24.0,46,0.0,2.1
2021-10-12,Delhi,23.0,52,0.0,4.2
2021-10-13,Delhi,26.4,46,0.0,1.9
2021-10-14,Delhi,21.5,44,0.0,2.1
2021-10-15,Delhi,24.8,48,0.0,2.8
2021-10-16,Delhi,23.2,44,0.0,2.9
2021-10-17,Delhi,25.8,41,0.0,3.5
2021-10-18,Delhi,23.4,52,0.0,2.1
2021-10-19,Delhi,21.6,46,0.0,3.4
2021-10-20,Delhi,24.8,43,0.0,4.3
2021-10-21,Delhi,26.6,46,0.0,3.0
2021-10-22,Delhi,25.8,51,0.0,5.3
2021-10-23,Delhi,21.5,52,0.0,1.1
2021-10-24,Delhi,20.6,41,0.0,2.9
2021-10-25,Delhi,24.6,48,6.3,3.1
2021-10-26,Delhi,18.3,48,0.0,2.3
2021-10-27,Delhi,22.7,43,0.0,2.7
2021-10-28,Delhi,23.0,47,0.0,3.2
2021-10-29,Delhi,24.4,44,0.0,4.6
2021-10-30,Delhi,21.0,43,0.0,4.0
2021-10-31,Delhi,21.6,43,0.0,4.3
2021-11-01,Delhi,20.9,41,0.0,3.9
2021-11-02,Delhi,22.3,45,0.0,3.2
2021-11-03,Delhi,19.2,50,0.0,3.2
2021-11-04,Delhi,20.7,42,0.0,2.1
2021-11-05,Delhi,19.1,50,0.0,3.0
2021-11-06,Delhi,22.1,47,0.0,5.0
2021-11-07,Delhi,20.6,60,0.0,4.4
2021-11-08,Delhi,22.5,45,0.0,3.3
2021-11-09,Delhi,20.0,58,0.0,3.3
2021-11-10,Delhi,22.8,49,0.0,3.9
2021-11-11,Delhi,18.9,43,0.0,3.6
2021-11-12,Delhi,20.9,56,0.0,2.8
2021-11-13,Delhi,20.5,51,0.0,4.5
2021-11-14,Delhi,19.3,49,0.0,2.7
2021-11-15,Delhi,17.8,43,0.0,2.6
2021-11-16,Delhi,19.6,53,0.0,3.0
2021-11-17,Delhi,21.3,58,0.0,2.6
2021-11-18,Delhi,16.8,63,0.0,4.1
2021-11-19,Delhi,16.3,50,0.0,2.9
2021-11-20,Delhi,20.6,58,0.0,2.2
2021-11-21,Delhi,18.5,50,0.0,1.6
2021-11-22,Delhi,16.9,44,0.0,3.9
2021-11-23,Delhi,19.0,51,0.0,4.0
2021-11-24,Delhi,19.5,52,0.0,3.0
2021-11-25,Delhi,16.9,52,0.0,3.2
2021-11-26,Delhi,16.3,55,0.0,3.4
2021-11-27,Delhi,18.5,47,0.0,2.8
2021-11-28,Delhi,21.3,53,0.0,1.5
2021-11-29,Delhi,17.6,46,0.0,1.7
2021-11-30,Delhi,18.1,56,0.0,4.0
2021-12-01,Delhi,17.1,44,0.0,3.3
2021-12-02,Delhi,11.0,63,0.0,2.7
2021-12-03,Delhi,16.2,53,13.0,4.8
2021-12-04,Delhi,13.8,52,0.0,2.3
2021-12-05,Delhi,16.7,50,0.0,5.0
2021-12-06,Delhi,15.7,52,0.0,3.2
2021-12-07,Delhi,15.4,57,0.0,5.0
2021-12-08,Delhi,14.9,60,0.0,2.9
2021-12-09,Delhi,14.3,62,0.0,4.2
2021-12-10,Delhi,18.1,61,0.0,2.4
2021-12-11,Delhi,19.0,51,0.0,1.7
2021-12-12,Delhi,13.2,65,0.0,2.6
2021-12-13,Delhi,14.8,55,0.0,2.2
2021-12-14,Delhi,13.3,44,0.0,2.1
2021-12-15,Delhi,15.3,48,0.0,2.8
2021-12-16,Delhi,15.0,49,0.0,2.2
2021-12-17,Delhi,18.6,50,0.0,3.1
2021-12-18,Delhi,18.0,56,0.0,1.7
2021-12-19,Delhi,15.7,47,0.0,3.0
2021-12-20,Delhi,13.5,57,0.0,2.8
2021-12-21,Delhi,16.6,55,0.0,4.4
2021-12-22,Delhi,13.3,50,0.0,3.0
2021-12-23,Delhi,15.2,47,0.0,4.3
2021-12-24,Delhi,15.6,52,0.0,2.2
2021-12-25,Delhi,16.0,52,0.0,2.7
2021-12-26,Delhi,14.7,49,0.0,3.2
2021-12-27,Delhi,13.4,57,0.0,3.2
2021-12-28,Delhi,16.8,61,6.5,0.7
2021-12-29,Delhi,15.7,56,0.0,1.1
2021-12-30,Delhi,14.7,53,0.0,2.6
2021-12-31,Delhi,18.6,53,0.0,2.6
2022-01-01,Delhi,17.7,50,0.0,2.1
2022-01-02,Delhi,13.4,52,0.0,2.7
2022-01-03,Delhi,15.7,59,0.0,4.4
2022-01-04,Delhi,15.4,60,0.0,3.6
2022-01-05,Delhi,15.4,45,0.0,3.3
2022-01-06,Delhi,10.0,54,21.9,2.5
2022-01-07,Delhi,16.4,64,0.0,1.0
2022-01-08,Delhi,11.0,44,0.0,3.6
2022-01-09,Delhi,15.2,56,10.1,1.6
2022-01-10,Delhi,12.1,47,0.0,2.3
2022-01-11,Delhi,15.1,52,0.0,2.7
2022-01-12,Delhi,13.8,54,0.0,3.1
2022-01-13,Delhi,15.0,45,0.0,1.7
2022-01-14,Delhi,16.1,66,0.0,1.3
2022-01-15,Delhi,14.7,58,0.0,4.1
2022-01-16,Delhi,16.0,49,0.0,0.5
2022-01-17,Delhi,14.3,63,0.0,4.9
2022-01-18,Delhi,13.8,61,0.0,2.3
2022-01-19,Delhi,15.4,56,0.0,3.1
2022-01-20,Delhi,16.2,55,0.0,3.1
2022-01-21,Delhi,18.8,54,0.0,5.4
2022-01-22,Delhi,13.7,55,0.0,2.7
2022-01-23,Delhi,18.6,60,0.0,4.1
2022-01-24,Delhi,16.5,51,0.0,2.0
2022-01-25,Delhi,14.5,57,0.0,2.7
2022-01-26,Delhi,16.2,59,0.0,2.9
2022-01-27,Delhi,17.3,53,0.0,3.0
2022-01-28,Delhi,16.9,55,0.0,1.3
2022-01-29,Delhi,15.4,47,0.0,2.6
2022-01-30,Delhi,14.2,63,0.0,4.1
2022-01-31,Delhi,14.3,46,0.0,3.6
2022-02-01,Delhi,20.2,56,0.0,1.5
2022-02-02,Delhi,16.0,51,0.0,2.5
2022-02-03,Delhi,20.9,54,0.0,5.3
2022-02-04,Delhi,14.9,44,0.0,3.4
2022-02-05,Delhi,15.0,42,0.0,2.8
2022-02-06,Delhi,11.7,51,0.0,3.3
2022-02-07,Delhi,19.5,53,0.0,4.9
2022-02-08,Delhi,12.1,48,0.0,1.0
2022-02-09,Delhi,16.6,51,0.0,2.9
2022-02-10,Delhi,18.1,51,0.9,1.7
2022-02-11,Delhi,16.2,50,0.0,3.0
2022-02-12,Delhi,13.0,58,0.0,2.4
2022-02-13,Delhi,19.1,46,0.0,3.1
2022-02-14,Delhi,17.1,58,0.0,3.1
2022-02-15,Delhi,17.0,60,0.0,3.0
2022-02-16,Delhi,14.7,55,0.0,3.4
2022-02-17,Delhi,17.5,55,0.0,3.0
2022-02-18,Delhi,16.1,47,0.0,1.9
2022-02-19,Delhi,20.4,53,0.0,2.2
2022-02-20,Delhi,15.6,50,0.0,0.6
2022-02-21,Delhi,16.0,57,0.0,2.4
2022-02-22,Delhi,19.5,47,0.0,2.8
2022-02-23,Delhi,16.2,51,0.0,2.1
2022-02-24,Delhi,22.3,52,0.0,2.4
2022-02-25,Delhi,17.5,52,0.0,2.4
2022-02-26,Delhi,17.7,56,0.0,3.4
2022-02-27,Delhi,16.7,61,0.0,1.4
2022-02-28,Delhi,19.3,48,0.0,3.7
2022-03-01,Delhi,17.9,44,0.0,1.7
2022-03-02,Delhi,17.4,59,0.0,3.7
2022-03-03,Delhi,16.6,51,0.0,2.7
2022-03-04,Delhi,17.1,48,0.0,3.3
2022-03-05,Delhi,18.1,44,0.0,3.5
2022-03-06,Delhi,20.3,48,0.0,3.3
2022-03-07,Delhi,20.4,52,0.0,2.1
2022-03-08,Delhi,20.0,49,0.0,1.1
2022-03-09,Delhi,22.5,48,0.0,1.6
2022-03-10,Delhi,19.3,50,0.0,3.3
2022-03-11,Delhi,21.4,52,0.0,4.1
2022-03-12,Delhi,22.3,45,0.0,1.7
2022-03-13,Delhi,21.5,49,0.0,2.3
2022-03-14,Delhi,19.7,59,0.0,2.6
2022-03-15,Delhi,17.6,46,0.0,3.5
2022-03-16,Delhi,19.1,45,8.8,2.0
2022-03-17,Delhi,19.6,38,0.0,1.8
2022-03-18,Delhi,24.6,52,0.0,2.6
2022-03-19,Delhi,19.5,44,0.0,3.6
2022-03-20,Delhi,21.4,46,0.0,3.8
2022-03-21,Delhi,21.8,56,0.0,1.6
2022-03-22,Delhi,19.8,46,2.0,2.6
2022-03-23,Delhi,21.5,50,0.0,3.5
2022-03-24,Delhi,22.4,51,0.0,4.5
2022-03-25,Delhi,21.2,39,0.0,2.1
2022-03-26,Delhi,22.7,56,0.0,3.6
2022-03-27,Delhi,22.9,46,0.0,2.3
2022-03-28,Delhi,23.2,51,0.0,2.2
2022-03-29,Delhi,21.9,48,0.0,3.3
2022-03-30,Delhi,24.8,47,0.0,3.0
2022-03-31,Delhi,21.5,49,0.0,2.1
2022-04-01,Delhi,22.7,44,0.0,2.5
2022-04-02,Delhi,25.9,46,0.0,5.2
2022-04-03,Delhi,23.6,34,0.0,4.5
2022-04-04,Delhi,25.5,54,0.0,4.0
2022-04-05,Delhi,22.8,45,0.0,2.5
2022-04-06,Delhi,20.7,40,0.0,3.9
2022-04-07,Delhi,23.9,45,0.0,3.5
2022-04-08,Delhi,26.2,49,0.0,2.2
2022-04-09,Delhi,25.2,44,0.0,3.2
2022-04-10,Delhi,24.3,48,0.0,4.2
2022-04-11,Delhi,25.0,45,0.0,2.2
2022-04-12,Delhi,26.4,42,0.0,1.6
2022-04-13,Delhi,23.9,49,0.0,4.3
2022-04-14,Delhi,27.0,53,0.0,2.4
2022-04-15,Delhi,25.6,32,0.0,4.3
2022-04-16,Delhi,23.4,46,19.9,2.9
2022-04-17,Delhi,23.5,35,5.5,3.5
2022-04-18,Delhi,25.7,37,0.0,2.6
2022-04-19,Delhi,28.1,39,0.0,2.7
2022-04-20,Delhi,26.1,52,0.0,2.8
2022-04-21,Delhi,29.9,43,0.0,1.9
2022-04-22,Delhi,22.9,39,5.4,3.0
2022-04-23,Delhi,23.1,40,0.0,3.6
2022-04-24,Delhi,28.6,46,0.0,2.8
2022-04-25,Delhi,28.9,39,0.0,3.4
2022-04-26,Delhi,28.4,45,0.0,3.4
2022-04-27,Delhi,27.8,42,0.0,3.3
2022-04-28,Delhi,31.4,40,0.0,4.7
2022-04-29,Delhi,26.6,39,0.0,3.0
2022-04-30,Delhi,30.3,44,0.0,3.0
2022-05-01,Delhi,29.8,44,0.0,2.4
2022-05-02,Delhi,29.2,30,0.0,2.6
2022-05-03,Delhi,28.8,32,0.0,5.2
2022-05-04,Delhi,31.6,36,0.0,3.6
2022-05-05,Delhi,29.2,40,0.0,3.2
2022-05-06,Delhi,31.1,43,0.0,1.2
2022-05-07,Delhi,28.2,41,0.0,2.8
2022-05-08,Delhi,32.3,35,0.0,2.1
2022-05-09,Delhi,25.8,42,0.0,3.9
2022-05-10,Delhi,29.4,38,0.0,2.8
2022-05-11,Delhi,27.7,40,0.0,2.7
2022-05-12,Delhi,31.7,40,0.0,4.1
2022-05-13,Delhi,29.5,43,0.0,2.1
2022-05-14,Delhi,29.5,37,0.0,2.0
2022-05-15,Delhi,32.7,41,0.0,3.2
2022-05-16,Delhi,33.4,43,0.0,1.8
2022-05-17,Delhi,29.7,35,0.0,1.4
2022-05-18,Delhi,33.7,43,0.0,2.9
2022-05-19,Delhi,28.7,41,0.0,4.2
2022-05-20,Delhi,29.3,42,0.0,1.8
2022-05-21,Delhi,27.9,40,0.0,3.4
2022-05-22,Delhi,30.6,39,0.0,2.6
2022-05-23,Delhi,29.3,39,0.0,4.0
2022-05-24,Delhi,33.1,24,0.0,1.8
2022-05-25,Delhi,33.2,34,0.0,3.3
2022-05-26,Delhi,33.6,42,0.0,3.8
2022-05-27,Delhi,35.3,36,0.0,2.3
2022-05-28,Delhi,30.2,29,0.0,3.8
2022-05-29,Delhi,31.0,46,0.0,2.8
2022-05-30,Delhi,35.0,35,23.4,2.3
2022-05-31,Delhi,36.2,40,0.0,5.0
2022-06-01,Delhi,32.3,31,5.7,5.7
2022-06-02,Delhi,30.7,40,2.4,2.9
2022-06-03,Delhi,30.0,38,0.0,4.3
2022-06-04,Delhi,35.4,43,0.0,5.0
2022-06-05,Delhi,31.3,31,0.0,3.3
2022-06-06,Delhi,32.0,26,0.0,3.9
2022-06-07,Delhi,34.8,23,0.0,4.3
2022-06-08,Delhi,35.4,40,0.0,3.5
2022-06-09,Delhi,34.6,34,0.0,4.6
2022-06-10,Delhi,31.5,40,0.0,4.0
2022-06-11,Delhi,33.2,35,0.0,4.6
2022-06-12,Delhi,34.9,33,0.0,5.5
2022-06-13,Delhi,35.8,31,5.7,6.0
2022-06-14,Delhi,34.8,28,0.0,4.8
2022-06-15,Delhi,36.0,38,13.8,4.5
2022-06-16,Delhi,36.5,42,0.0,6.4
2022-06-17,Delhi,37.8,28,0.0,5.1
2022-06-18,Delhi,32.7,37,0.0,4.0
2022-06-19,Delhi,32.4,36,0.0,4.5
2022-06-20,Delhi,33.6,30,0.0,4.7
2022-06-21,Delhi,35.6,35,7.6,5.6
2022-06-22,Delhi,30.7,32,0.0,4.6
2022-06-23,Delhi,35.9,37,8.7,5.2
2022-06-24,Delhi,36.0,20,0.0,4.6
2022-06-25,Delhi,35.2,47,0.0,4.6
2022-06-26,Delhi,30.8,42,0.0,5.8
2022-06-27,Delhi,33.7,32,0.0,4.1
2022-06-28,Delhi,32.7,24,0.0,6.1
2022-06-29,Delhi,34.6,40,0.0,5.4
2022-06-30,Delhi,34.0,37,8.8,3.9
2022-07-01,Delhi,37.7,33,27.8,5.2
2022-07-02,Delhi,35.6,37,0.0,4.2
2022-07-03,Delhi,32.6,38,0.0,6.3
2022-07-04,Delhi,32.9,45,5.2,4.5
2022-07-05,Delhi,30.5,34,5.2,4.7
2022-07-06,Delhi,32.5,40,0.0,6.1
2022-07-07,Delhi,35.2,30,0.0,2.9
2022-07-08,Delhi,37.8,27,0.0,4.6
2022-07-09,Delhi,33.7,34,0.0,3.2
2022-07-10,Delhi,35.8,28,15.1,4.3
2022-07-11,Delhi,35.2,28,9.7,4.3
2022-07-12,Delhi,35.2,37,3.4,6.0
2022-07-13,Delhi,34.2,33,0.0,4.0
2022-07-14,Delhi,35.3,40,0.0,5.2
2022-07-15,Delhi,36.2,32,10.8,4.2
2022-07-16,Delhi,37.8,36,16.4,4.0
2022-07-17,Delhi,34.1,41,4.1,5.4
2022-07-18,Delhi,33.8,28,0.0,6.9
2022-07-19,Delhi,34.3,42,0.0,4.2
2022-07-20,Delhi,34.9,38,0.0,3.9
2022-07-21,Delhi,36.1,36,0.0,5.1
2022-07-22,Delhi,37.3,33,0.0,5.5
2022-07-23,Delhi,31.8,39,16.0,5.3
2022-07-24,Delhi,38.1,37,0.0,6.6
2022-07-25,Delhi,35.6,36,2.7,4.8
2022-07-26,Delhi,34.5,37,0.0,5.9
2022-07-27,Delhi,35.4,38,0.0,3.9
2022-07-28,Delhi,34.1,41,0.0,5.2
2022-07-29,Delhi,36.2,31,5.1,4.8
2022-07-30,Delhi,34.1,36,0.0,4.3
2022-07-31,Delhi,33.5,35,0.0,4.5
2022-08-01,Delhi,33.7,39,4.3,5.1
2022-08-02,Delhi,34.7,37,6.6,5.1
2022-08-03,Delhi,37.4,33,25.3,3.4
2022-08-04,Delhi,35.5,37,0.0,3.9
2022-08-05,Delhi,30.0,25,6.1,4.4
2022-08-06,Delhi,36.4,34,4.4,5.4
2022-08-07,Delhi,33.4,38,0.0,4.3
2022-08-08,Delhi,34.3,38,0.0,5.6
2022-08-09,Delhi,34.5,36,0.0,2.9
2022-08-10,Delhi,35.5,41,0.0,4.5
2022-08-11,Delhi,36.9,40,0.0,5.6
2022-08-12,Delhi,33.6,31,7.0,4.1
2022-08-13,Delhi,34.2,47,5.0,4.5
2022-08-14,Delhi,34.4,39,0.0,5.0
2022-08-15,Delhi,30.8,38,0.0,6.0
2022-08-16,Delhi,35.8,45,0.0,5.5
2022-08-17,Delhi,32.0,45,0.0,5.2
2022-08-18,Delhi,34.9,40,0.0,6.5
2022-08-19,Delhi,33.6,41,0.0,3.9
2022-08-20,Delhi,34.0,37,0.0,4.5
2022-08-21,Delhi,34.0,38,0.0,4.5
2022-08-22,Delhi,31.6,30,0.0,3.5
2022-08-23,Delhi,31.2,40,0.0,6.0
2022-08-24,Delhi,30.9,41,13.2,5.0
2022-08-25,Delhi,34.8,35,31.4,5.1
2022-08-26,Delhi,34.9,40,0.0,5.4
2022-08-27,Delhi,30.3,41,0.0,4.4
2022-08-28,Delhi,32.6,42,0.0,5.6
2022-08-29,Delhi,31.5,38,0.0,2.8
2022-08-30,Delhi,34.9,33,0.0,4.5
2022-08-31,Delhi,34.2,45,0.0,5.4
2022-09-01,Delhi,33.7,37,8.5,5.5
2022-09-02,Delhi,30.0,40,0.0,5.7
2022-09-03,Delhi,28.2,43,0.0,5.6
2022-09-04,Delhi,33.3,45,0.0,5.1
2022-09-05,Delhi,28.2,50,0.0,6.4
2022-09-06,Delhi,27.5,36,0.0,3.8
2022-09-07,Delhi,31.2,36,0.0,5.5
2022-09-08,Delhi,30.7,32,0.0,6.5
2022-09-09,Delhi,29.8,43,0.0,3.9
2022-09-10,Delhi,27.7,45,0.0,2.8
2022-09-11,Delhi,29.4,34,10.4,5.8
2022-09-12,Delhi,30.7,40,0.0,6.5
2022-09-13,Delhi,29.6,43,0.0,4.6
2022-09-14,Delhi,28.4,42,11.0,4.7
2022-09-15,Delhi,29.4,42,4.6,3.1
2022-09-16,Delhi,29.6,40,0.0,5.5
2022-09-17,Delhi,29.2,33,0.0,5.1
2022-09-18,Delhi,28.9,38,0.0,5.2
2022-09-19,Delhi,28.7,51,0.0,5.9
2022-09-20,Delhi,27.1,38,0.0,5.4
2022-09-21,Delhi,30.3,35,0.0,6.2
2022-09-22,Delhi,29.7,38,0.0,3.9
2022-09-23,Delhi,27.9,53,8.7,3.5
2022-09-24,Delhi,28.9,37,8.6,5.0
2022-09-25,Delhi,30.7,35,0.0,5.1
2022-09-26,Delhi,27.1,51,0.0,5.2
2022-09-27,Delhi,27.7,46,0.0,5.4
2022-09-28,Delhi,25.2,48,0.0,3.6
2022-09-29,Delhi,23.9,40,0.0,3.2
2022-09-30,Delhi,27.3,40,0.0,3.5
2022-10-01,Delhi,25.5,51,0.0,2.8
2022-10-02,Delhi,28.0,44,0.0,2.7
2022-10-03,Delhi,26.6,53,0.0,5.1
2022-10-04,Delhi,24.4,46,0.0,3.3
2022-10-05,Delhi,26.2,47,0.0,3.5
2022-10-06,Delhi,28.2,41,0.0,4.4
2022-10-07,Delhi,27.6,42,0.0,3.5
2022-10-08,Delhi,26.0,40,0.0,3.5
2022-10-09,Delhi,25.8,43,0.0,3.3
2022-10-10,Delhi,27.2,45,0.0,1.2
2022-10-11,Delhi,27.0,51,0.0,2.1
2022-10-12,Delhi,24.9,49,0.0,2.9
2022-10-13,Delhi,26.6,37,7.9,2.0
2022-10-14,Delhi,21.9,35,0.0,0.5
2022-10-15,Delhi,22.3,39,0.0,3.1
2022-10-16,Delhi,24.9,50,0.0,3.2
2022-10-17,Delhi,22.3,46,0.0,3.2
2022-10-18,Delhi,22.1,40,0.0,4.6
2022-10-19,Delhi,23.5,42,0.0,2.9
2022-10-20,Delhi,24.1,39,0.0,2.3
2022-10-21,Delhi,21.7,50,0.0,3.5
2022-10-22,Delhi,21.7,45,0.0,4.7
2022-10-23,Delhi,24.4,49,0.0,3.4
2022-10-24,Delhi,22.4,41,0.0,3.2
2022-10-25,Delhi,19.7,44,0.0,2.9
2022-10-26,Delhi,22.4,47,0.0,3.5
2022-10-27,Delhi,22.2,46,0.0,4.0
2022-10-28,Delhi,21.5,47,0.0,2.2
2022-10-29,Delhi,22.3,42,0.0,4.0
2022-10-30,Delhi,22.3,41,0.0,3.8
2022-10-31,Delhi,21.6,52,0.0,2.0
2022-11-01,Delhi,21.0,52,0.0,3.1
2022-11-02,Delhi,21.5,45,0.0,3.3
2022-11-03,Delhi,23.4,50,0.0,4.2
2022-11-04,Delhi,24.1,40,0.0,0.9
2022-11-05,Delhi,20.5,40,0.0,4.4
2022-11-06,Delhi,18.9,44,6.0,4.6
2022-11-07,Delhi,21.7,60,0.0,2.9
2022-11-08,Delhi,17.1,50,0.0,3.0
2022-11-09,Delhi,20.7,56,0.0,1.7
2022-11-10,Delhi,21.1,51,0.0,5.7
2022-11-11,Delhi,20.3,47,0.0,3.7
2022-11-12,Delhi,16.7,49,0.0,2.4
2022-11-13,Delhi,17.6,52,0.0,3.8
2022-11-14,Delhi,21.9,67,0.0,3.5
2022-11-15,Delhi,19.3,50,0.0,2.6
2022-11-16,Delhi,18.7,52,0.0,1.8
2022-11-17,Delhi,19.2,45,0.0,0.5
2022-11-18,Delhi,17.9,54,0.0,2.0
2022-11-19,Delhi,17.8,51,0.0,1.8
2022-11-20,Delhi,18.5,46,0.0,2.0
2022-11-21,Delhi,16.9,56,0.0,4.6
2022-11-22,Delhi,19.7,51,0.0,4.3
2022-11-23,Delhi,20.2,49,0.0,3.2
2022-11-24,Delhi,16.5,52,6.4,5.0
2022-11-25,Delhi,16.8,58,0.0,3.4
2022-11-26,Delhi,18.6,53,0.0,3.0
2022-11-27,Delhi,16.3,51,0.0,2.8
2022-11-28,Delhi,17.3,59,0.0,2.9
2022-11-29,Delhi,17.2,60,0.0,3.8
2022-11-30,Delhi,18.4,55,0.0,2.9
2022-12-01,Delhi,21.2,56,0.0,1.1
2022-12-02,Delhi,16.2,60,0.0,2.9
2022-12-03,Delhi,16.4,54,0.0,1.8
2022-12-04,Delhi,15.2,46,0.0,2.0
2022-12-05,Delhi,18.1,48,0.0,2.0
2022-12-06,Delhi,14.8,52,0.0,3.1
2022-12-07,Delhi,16.7,49,0.0,3.6
2022-12-08,Delhi,15.7,55,0.0,3.5
2022-12-09,Delhi,15.2,53,0.0,4.1
2022-12-10,Delhi,17.1,54,0.0,1.5
2022-12-11,Delhi,16.4,53,0.0,1.4
2022-12-12,Delhi,16.0,61,0.0,4.8
2022-12-13,Delhi,15.2,51,0.0,4.6
2022-12-14,Delhi,15.5,46,0.0,2.6
2022-12-15,Delhi,17.0,48,0.0,4.2
2022-12-16,Delhi,18.7,58,0.0,3.9
2022-12-17,Delhi,16.2,45,0.0,3.3
2022-12-18,Delhi,16.1,52,0.0,1.7
2022-12-19,Delhi,11.2,52,0.0,3.1
2022-12-20,Delhi,13.6,51,0.0,3.4
2022-12-21,Delhi,20.7,58,0.0,2.5
2022-12-22,Delhi,12.4,42,0.0,1.8
2022-12-23,Delhi,12.3,48,0.0,2.0
2022-12-24,Delhi,16.5,64,0.0,3.3
2022-12-25,Delhi,15.4,51,0.0,5.1
2022-12-26,Delhi,15.0,52,0.0,3.2
2022-12-27,Delhi,12.7,63,0.0,3.3
2022-12-28,Delhi,14.9,60,0.0,2.6
2022-12-29,Delhi,15.9,52,0.0,2.4
2022-12-30,Delhi,14.3,61,0.0,4.0
2022-12-31,Delhi,16.0,50,0.0,3.9
2023-01-01,Delhi,13.5,44,0.0,3.2
2023-01-02,Delhi,12.9,60,0.0,5.1
2023-01-03,Delhi,18.7,62,0.0,2.1
2023-01-04,Delhi,13.7,53,0.0,3.8
2023-01-05,Delhi,13.3,61,0.0,2.3
2023-01-06,Delhi,17.6,54,0.0,2.7
2023-01-07,Delhi,17.9,55,0.0,2.5
2023-01-08,Delhi,15.9,61,0.0,3.2
2023-01-09,Delhi,14.2,50,0.0,2.8
2023-01-10,Delhi,16.8,51,0.0,3.1
2023-01-11,Delhi,15.3,52,0.0,2.7
2023-01-12,Delhi,17.3,49,0.0,2.0
2023-01-13,Delhi,17.3,52,0.0,3.8
2023-01-14,Delhi,14.4,46,0.0,3.0
2023-01-15,Delhi,13.0,58,0.0,2.5
2023-01-16,Delhi,12.7,55,0.0,3.1
2023-01-17,Delhi,16.6,56,0.0,3.4
2023-01-18,Delhi,12.2,59,0.0,3.2
2023-01-19,Delhi,15.2,50,0.0,3.9
2023-01-20,Delhi,14.8,55,0.0,1.6
2023-01-21,Delhi,11.8,59,0.0,4.3
2023-01-22,Delhi,12.2,52,0.0,1.6
2023-01-23,Delhi,17.6,51,0.0,3.6
2023-01-24,Delhi,16.5,56,0.0,3.3
2023-01-25,Delhi,13.1,56,0.0,2.4
2023-01-26,Delhi,13.8,54,0.0,2.8
2023-01-27,Delhi,18.2,51,0.0,2.9
2023-01-28,Delhi,18.9,54,0.0,4.0
2023-01-29,Delhi,16.3,54,0.0,3.0
2023-01-30,Delhi,16.3,61,0.0,4.3
2023-01-31,Delhi,13.5,54,0.0,3.5
2023-02-01,Delhi,20.1,48,0.0,3.7
2023-02-02,Delhi,14.6,56,0.0,4.3
2023-02-03,Delhi,13.0,53,0.0,2.8
2023-02-04,Delhi,14.9,49,0.0,2.6
2023-02-05,Delhi,15.8,60,0.0,1.6
2023-02-06,Delhi,15.4,52,0.0,2.0
2023-02-07,Delhi,13.4,55,0.0,2.1
2023-02-08,Delhi,19.1,56,0.0,3.1
2023-02-09,Delhi,15.7,51,0.0,2.1
2023-02-10,Delhi,16.2,57,0.0,2.5
2023-02-11,Delhi,20.5,56,0.0,2.9
2023-02-12,Delhi,17.3,51,0.0,3.6
2023-02-13,Delhi,14.7,50,0.0,2.7
2023-02-14,Delhi,15.9,57,0.0,2.6
2023-02-15,Delhi,19.1,50,0.0,1.7
2023-02-16,Delhi,18.8,39,0.0,1.0
2023-02-17,Delhi,17.1,52,0.0,1.7
2023-02-18,Delhi,19.3,58,0.0,4.8
2023-02-19,Delhi,18.2,51,0.0,2.1
2023-02-20,Delhi,17.0,54,0.0,3.2
2023-02-21,Delhi,18.6,48,0.0,4.8
2023-02-22,Delhi,17.8,57,0.0,2.8
2023-02-23,Delhi,15.8,53,0.0,2.7
2023-02-24,Delhi,18.0,58,4.3,3.0
2023-02-25,Delhi,19.8,50,0.0,3.7
2023-02-26,Delhi,15.2,52,0.0,3.2
2023-02-27,Delhi,15.2,43,0.0,3.6
2023-02-28,Delhi,18.2,50,0.0,2.3
2023-03-01,Delhi,18.3,52,0.0,3.7
2023-03-02,Delhi,17.8,50,0.0,4.8
2023-03-03,Delhi,18.2,48,0.0,2.4
2023-03-04,Delhi,21.0,44,0.0,3.8
2023-03-05,Delhi,21.8,53,0.0,1.3
2023-03-06,Delhi,22.8,40,0.0,1.6
2023-03-07,Delhi,20.7,44,0.0,5.2
2023-03-08,Delhi,19.2,53,0.0,1.7
2023-03-09,Delhi,21.1,40,0.0,4.4
2023-03-10,Delhi,19.5,44,0.0,2.2
2023-03-11,Delhi,20.3,51,0.0,3.9
2023-03-12,Delhi,22.1,48,0.0,1.4
2023-03-13,Delhi,22.0,54,0.0,3.1
2023-03-14,Delhi,20.6,54,19.1,3.7
2023-03-15,Delhi,19.2,54,0.0,3.5
2023-03-16,Delhi,22.7,52,0.0,3.1
2023-03-17,Delhi,19.4,51,0.0,2.9
2023-03-18,Delhi,22.4,48,0.0,4.8
2023-03-19,Delhi,18.7,47,0.0,3.6
2023-03-20,Delhi,19.6,55,0.0,3.9
2023-03-21,Delhi,21.9,51,0.0,3.1
2023-03-22,Delhi,23.3,42,0.0,4.7
2023-03-23,Delhi,21.6,41,0.0,3.4
2023-03-24,Delhi,24.5,50,0.0,2.5
2023-03-25,Delhi,23.9,46,0.0,1.2
2023-03-26,Delhi,26.3,60,5.6,2.8
2023-03-27,Delhi,21.3,44,0.0,4.2
2023-03-28,Delhi,20.5,41,0.0,2.8
2023-03-29,Delhi,26.2,51,0.0,3.6
2023-03-30,Delhi,22.6,51,0.0,2.8
2023-03-31,Delhi,25.0,53,0.0,3.5
2023-04-01,Delhi,25.5,44,0.0,3.4
2023-04-02,Delhi,24.8,40,0.0,3.7
2023-04-03,Delhi,23.9,47,0.0,4.4
2023-04-04,Delhi,22.7,44,0.0,4.1
2023-04-05,Delhi,24.1,40,0.0,3.6
2023-04-06,Delhi,24.4,51,12.1,0.5
2023-04-07,Delhi,22.6,52,0.0,2.7
2023-04-08,Delhi,24.5,48,0.0,2.5
2023-04-09,Delhi,22.6,39,0.0,2.8
2023-04-10,Delhi,24.6,46,0.0,2.1
2023-04-11,Delhi,27.2,51,0.0,2.4
2023-04-12,Delhi,27.1,39,0.0,3.2
2023-04-13,Delhi,24.8,38,0.0,2.7
2023-04-14,Delhi,26.9,40,0.0,1.6
2023-04-15,Delhi,25.2,41,0.0,3.3
2023-04-16,Delhi,27.8,44,0.0,2.7
2023-04-17,Delhi,27.0,44,0.0,2.4
2023-04-18,Delhi,23.9,37,0.0,3.4
2023-04-19,Delhi,27.2,42,0.0,3.8
2023-04-20,Delhi,29.4,39,0.0,3.8
2023-04-21,Delhi,29.9,39,0.0,2.1
2023-04-22,Delhi,27.7,46,0.0,3.6
2023-04-23,Delhi,31.2,45,0.0,3.7
2023-04-24,Delhi,26.4,48,0.0,3.5
2023-04-25,Delhi,24.1,41,0.0,2.1
2023-04-26,Delhi,26.4,42,0.0,2.5
2023-04-27,Delhi,24.1,40,0.0,3.7
2023-04-28,Delhi,30.9,43,0.0,2.9
2023-04-29,Delhi,28.7,43,0.0,4.0
2023-04-30,Delhi,28.9,42,0.0,4.4
2023-05-01,Delhi,30.3,38,0.0,4.0
2023-05-02,Delhi,26.4,39,0.0,2.8
2023-05-03,Delhi,32.1,38,0.0,2.5
2023-05-04,Delhi,28.9,51,0.0,1.6
2023-05-05,Delhi,29.4,39,0.0,3.7
2023-05-06,Delhi,26.5,45,0.0,2.6
2023-05-07,Delhi,28.1,39,0.0,4.2
2023-05-08,Delhi,29.9,34,17.0,3.1
2023-05-09,Delhi,29.9,38,0.0,4.0
2023-05-10,Delhi,27.7,33,0.0,4.1
2023-05-11,Delhi,31.9,43,0.0,4.0
2023-05-12,Delhi,29.8,42,0.0,3.5
2023-05-13,Delhi,29.5,44,0.0,2.0
2023-05-14,Delhi,28.7,30,0.0,3.9
2023-05-15,Delhi,32.6,43,0.0,1.4
2023-05-16,Delhi,30.8,35,0.0,4.4
2023-05-17,Delhi,29.1,35,0.0,3.2
2023-05-18,Delhi,30.6,42,0.0,1.9
2023-05-19,Delhi,33.1,39,0.0,2.8
2023-05-20,Delhi,31.2,36,0.0,3.2
2023-05-21,Delhi,31.9,42,0.0,2.0
2023-05-22,Delhi,32.2,30,0.0,2.2
2023-05-23,Delhi,31.5,43,0.0,2.7
2023-05-24,Delhi,31.5,33,0.0,4.0
2023-05-25,Delhi,32.3,40,0.0,4.0
2023-05-26,Delhi,30.5,43,0.0,3.3
2023-05-27,Delhi,29.4,35,0.0,2.2
2023-05-28,Delhi,29.7,42,0.0,2.8
2023-05-29,Delhi,30.2,37,0.0,3.6
2023-05-30,Delhi,31.9,36,0.0,2.7
2023-05-31,Delhi,31.1,35,0.0,4.6
2023-06-01,Delhi,34.5,39,16.2,4.4
2023-06-02,Delhi,34.1,41,0.0,3.5
2023-06-03,Delhi,35.1,40,0.0,3.5
2023-06-04,Delhi,33.9,31,0.0,4.5
2023-06-05,Delhi,33.8,28,0.0,7.0
2023-06-06,Delhi,34.3,30,2.4,5.4
2023-06-07,Delhi,35.8,35,0.0,4.4
2023-06-08,Delhi,33.3,40,0.4,5.5
2023-06-09,Delhi,34.0,33,0.0,3.7
2023-06-10,Delhi,34.3,30,0.0,4.2
2023-06-11,Delhi,33.7,38,0.0,4.7
2023-06-12,Delhi,36.2,42,10.1,5.3
2023-06-13,Delhi,35.2,43,0.0,4.4
2023-06-14,Delhi,31.1,36,4.4,3.8
2023-06-15,Delhi,34.5,42,7.9,5.5
2023-06-16,Delhi,32.8,42,0.0,4.6
2023-06-17,Delhi,37.1,25,0.0,5.3
2023-06-18,Delhi,37.5,34,0.0,5.7
2023-06-19,Delhi,32.8,45,25.6,3.8
2023-06-20,Delhi,34.3,41,0.0,3.5
2023-06-21,Delhi,34.0,34,0.0,7.1
2023-06-22,Delhi,35.4,34,0.0,5.1
2023-06-23,Delhi,34.2,32,15.6,5.8
2023-06-24,Delhi,34.5,40,30.0,6.0
2023-06-25,Delhi,35.3,37,0.0,4.3
2023-06-26,Delhi,38.7,29,0.0,6.9
2023-06-27,Delhi,32.9,43,0.0,6.9
2023-06-28,Delhi,31.9,36,0.0,4.0
2023-06-29,Delhi,32.8,37,0.0,5.4
2023-06-30,Delhi,34.9,32,28.6,6.2
2023-07-01,Delhi,34.4,29,6.6,6.9
2023-07-02,Delhi,34.6,33,0.0,6.8
2023-07-03,Delhi,31.5,36,10.5,3.5
2023-07-04,Delhi,35.2,24,25.2,3.5
2023-07-05,Delhi,35.2,27,0.0,4.8
2023-07-06,Delhi,37.2,37,0.0,5.5
2023-07-07,Delhi,35.2,26,0.0,4.0
2023-07-08,Delhi,35.7,36,12.0,4.3
2023-07-09,Delhi,34.6,38,0.0,2.3
2023-07-10,Delhi,32.9,40,20.6,6.7
2023-07-11,Delhi,33.4,34,0.0,5.5
2023-07-12,Delhi,31.9,29,13.3,6.3
2023-07-13,Delhi,29.8,38,0.0,6.2
2023-07-14,Delhi,33.6,29,0.0,4.7
2023-07-15,Delhi,38.2,32,0.0,5.2
2023-07-16,Delhi,32.6,41,0.0,5.0
2023-07-17,Delhi,34.5,36,13.1,4.9
2023-07-18,Delhi,34.8,40,0.0,5.5
2023-07-19,Delhi,35.2,44,0.0,3.6
2023-07-20,Delhi,32.9,35,0.0,4.6
2023-07-21,Delhi,33.1,32,15.2,6.5
2023-07-22,Delhi,33.3,34,0.0,4.1
2023-07-23,Delhi,33.4,38,0.0,4.0
2023-07-24,Delhi,33.5,28,0.0,3.9
2023-07-25,Delhi,38.8,36,0.0,6.2
2023-07-26,Delhi,35.3,34,1.6,5.9
2023-07-27,Delhi,31.6,34,0.0,5.3
2023-07-28,Delhi,34.3,34,0.0,5.7
2023-07-29,Delhi,34.9,33,8.8,5.1
2023-07-30,Delhi,34.8,33,3.6,6.8
2023-07-31,Delhi,33.7,23,0.0,4.9
2023-08-01,Delhi,37.5,39,0.0,6.5
2023-08-02,Delhi,35.9,41,0.0,5.0
2023-08-03,Delhi,35.0,34,0.0,4.0
2023-08-04,Delhi,36.0,32,0.0,3.9
2023-08-05,Delhi,31.9,40,0.0,4.0
2023-08-06,Delhi,34.3,37,0.0,5.8
2023-08-07,Delhi,34.9,34,1.4,4.9
2023-08-08,Delhi,35.2,33,0.0,4.9
2023-08-09,Delhi,35.0,36,0.0,5.0
2023-08-10,Delhi,31.1,34,0.0,3.1
2023-08-11,Delhi,33.8,35,0.0,5.2
2023-08-12,Delhi,34.3,39,10.1,4.7
2023-08-13,Delhi,34.4,36,0.0,3.5
2023-08-14,Delhi,27.8,37,0.0,5.3
2023-08-15,Delhi,36.7,37,0.0,6.4
2023-08-16,Delhi,33.3,31,3.2,6.5
2023-08-17,Delhi,33.5,40,0.0,4.7
2023-08-18,Delhi,35.3,37,0.0,6.8
2023-08-19,Delhi,31.6,36,5.9,5.9
2023-08-20,Delhi,33.2,37,0.0,4.0
2023-08-21,Delhi,29.6,37,0.0,4.1
2023-08-22,Delhi,33.7,40,0.0,6.0
2023-08-23,Delhi,31.3,37,0.0,4.9
2023-08-24,Delhi,33.5,30,0.0,4.6
2023-08-25,Delhi,29.4,44,0.0,4.8
2023-08-26,Delhi,30.6,36,0.0,4.1
2023-08-27,Delhi,30.0,36,0.0,6.4
2023-08-28,Delhi,31.8,34,0.0,3.5
2023-08-29,Delhi,30.1,42,0.0,3.4
2023-08-30,Delhi,33.1,37,10.5,7.9
2023-08-31,Delhi,33.8,34,0.0,1.7
2023-09-01,Delhi,30.1,37,3.3,6.1
2023-09-02,Delhi,30.3,35,0.0,2.8
2023-09-03,Delhi,29.5,39,0.0,5.4
2023-09-04,Delhi,28.4,35,0.0,4.9
2023-09-05,Delhi,26.7,34,0.0,3.9
2023-09-06,Delhi,30.4,38,0.0,4.1
2023-09-07,Delhi,28.8,41,0.0,5.8
2023-09-08,Delhi,30.8,38,0.0,6.6
2023-09-09,Delhi,29.9,36,0.0,4.8
2023-09-10,Delhi,30.0,34,0.0,6.4
2023-09-11,Delhi,30.0,44,0.0,5.8
2023-09-12,Delhi,31.5,46,20.6,4.9
2023-09-13,Delhi,30.3,48,13.8,2.1
2023-09-14,Delhi,29.9,26,0.0,6.4
2023-09-15,Delhi,29.8,44,11.7,3.9
2023-09-16,Delhi,31.1,38,0.0,5.4
2023-09-17,Delhi,29.5,40,0.0,5.9
2023-09-18,Delhi,28.2,40,0.0,4.4
2023-09-19,Delhi,28.6,43,0.0,4.4
2023-09-20,Delhi,28.4,40,29.7,5.2
2023-09-21,Delhi,27.2,41,0.0,4.2
2023-09-22,Delhi,30.6,42,3.6,5.1
2023-09-23,Delhi,28.5,49,0.0,3.4
2023-09-24,Delhi,24.7,49,0.0,5.1
2023-09-25,Delhi,27.3,44,0.0,3.3
2023-09-26,Delhi,28.1,35,4.4,5.4
2023-09-27,Delhi,25.7,39,0.0,4.8
2023-09-28,Delhi,28.3,47,0.0,3.8
2023-09-29,Delhi,25.7,50,30.5,3.1
2023-09-30,Delhi,28.4,32,0.0,3.5
2023-10-01,Delhi,24.2,36,0.0,3.6
2023-10-02,Delhi,25.5,40,0.0,4.3
2023-10-03,Delhi,26.6,47,0.0,2.6
2023-10-04,Delhi,26.6,49,0.0,3.6
2023-10-05,Delhi,25.6,52,0.0,3.2
2023-10-06,Delhi,23.9,46,0.0,3.7
2023-10-07,Delhi,26.4,43,0.0,3.1
2023-10-08,Delhi,24.5,43,0.0,3.3
2023-10-09,Delhi,28.5,43,0.0,5.8
2023-10-10,Delhi,26.3,54,0.0,2.5
2023-10-11,Delhi,21.9,45,0.0,3.3
2023-10-12,Delhi,27.3,44,0.0,1.2
2023-10-13,Delhi,27.2,42,0.0,3.5
2023-10-14,Delhi,26.7,48,0.0,2.2
2023-10-15,Delhi,32.7,45,0.0,2.7
2023-10-16,Delhi,22.0,51,0.0,2.5
2023-10-17,Delhi,23.0,44,0.0,1.4
2023-10-18,Delhi,19.7,53,0.0,2.8
2023-10-19,Delhi,23.5,39,0.0,3.6
2023-10-20,Delhi,19.9,51,0.0,3.1
2023-10-21,Delhi,24.3,41,0.0,2.6
2023-10-22,Delhi,24.4,43,0.0,3.5
2023-10-23,Delhi,23.4,45,0.0,3.2
2023-10-24,Delhi,18.5,51,0.0,3.9
2023-10-25,Delhi,22.1,44,0.0,1.9
2023-10-26,Delhi,22.4,50,0.0,3.5
2023-10-27,Delhi,22.8,48,0.0,1.2
2023-10-28,Delhi,24.9,44,0.0,2.9
2023-10-29,Delhi,22.0,58,5.6,3.3
2023-10-30,Delhi,23.2,45,0.0,1.6
2023-10-31,Delhi,23.1,51,0.0,2.4
2023-11-01,Delhi,23.3,48,0.0,3.7
2023-11-02,Delhi,20.0,54,0.0,3.4
2023-11-03,Delhi,24.2,50,12.3,3.2
2023-11-04,Delhi,20.5,49,0.0,3.0
2023-11-05,Delhi,22.5,53,0.0,3.3
2023-11-06,Delhi,21.6,48,0.0,3.5
2023-11-07,Delhi,22.6,54,0.0,3.0
2023-11-08,Delhi,19.4,37,0.0,2.8
2023-11-09,Delhi,20.2,51,0.0,0.5
2023-11-10,Delhi,18.7,46,0.0,1.6
2023-11-11,Delhi,20.7,54,0.0,2.7
2023-11-12,Delhi,20.8,47,0.0,3.4
2023-11-13,Delhi,18.9,49,0.0,1.3
2023-11-14,Delhi,18.9,52,0.0,2.7
2023-11-15,Delhi,19.7,55,0.0,2.9
2023-11-16,Delhi,21.3,49,0.0,2.9
2023-11-17,Delhi,20.4,53,0.0,2.9
2023-11-18,Delhi,20.2,60,0.0,3.7
2023-11-19,Delhi,17.9,46,0.0,2.7
2023-11-20,Delhi,17.7,41,0.0,5.8
2023-11-21,Delhi,16.5,55,0.0,2.7
2023-11-22,Delhi,16.6,52,5.4,4.1
2023-11-23,Delhi,19.4,58,0.0,2.3
2023-11-24,Delhi,17.8,52,0.0,3.1
2023-11-25,Delhi,19.5,40,0.0,1.5
2023-11-26,Delhi,18.6,46,0.0,1.8
2023-11-27,Delhi,18.4,52,0.0,2.9
2023-11-28,Delhi,17.9,57,0.0,3.6
2023-11-29,Delhi,14.3,51,0.0,1.0
2023-11-30,Delhi,15.1,41,0.0,2.3
2023-12-01,Delhi,17.9,55,0.0,3.7
2023-12-02,Delhi,15.4,52,0.0,2.2
2023-12-03,Delhi,14.3,54,0.0,1.6
2023-12-04,Delhi,15.2,55,0.0,2.9
2023-12-05,Delhi,20.0,52,0.0,4.4
2023-12-06,Delhi,17.8,61,0.0,3.5
2023-12-07,Delhi,18.7,53,0.0,4.3
2023-12-08,Delhi,16.2,47,11.3,2.1
2023-12-09,Delhi,19.1,42,0.0,3.8
2023-12-10,Delhi,18.5,54,0.0,5.3
2023-12-11,Delhi,17.9,41,0.0,5.6
2023-12-12,Delhi,17.3,57,0.0,2.6
2023-12-13,Delhi,17.2,58,0.0,2.4
2023-12-14,Delhi,18.6,57,0.0,2.5
2023-12-15,Delhi,16.0,48,0.0,3.0
2023-12-16,Delhi,16.1,52,0.0,1.0
2023-12-17,Delhi,15.1,51,0.0,3.0
2023-12-18,Delhi,15.2,55,0.0,2.2
2023-12-19,Delhi,14.9,50,0.0,4.5
2023-12-20,Delhi,13.8,58,0.0,1.5
2023-12-21,Delhi,13.8,54,0.0,2.4
2023-12-22,Delhi,14.2,54,0.0,3.3
2023-12-23,Delhi,18.4,46,0.0,3.9
2023-12-24,Delhi,15.1,57,0.0,4.2
2023-12-25,Delhi,15.2,53,0.0,2.5
2023-12-26,Delhi,14.8,52,0.0,2.9
2023-12-27,Delhi,15.5,53,0.0,2.9
2023-12-28,Delhi,17.3,58,0.0,1.3
2023-12-29,Delhi,14.7,69,2.0,4.4
2023-12-30,Delhi,16.9,61,0.0,3.1
2023-12-31,Delhi,17.1,55,0.0,3.2
2024-01-01,Delhi,14.8,56,0.0,2.7
2019-01-01,Mumbai,23.7,88,0.0,2.8
2019-01-02,Mumbai,22.6,84,0.0,5.2
2019-01-03,Mumbai,24.3,89,0.0,4.0
2019-01-04,Mumbai,24.1,96,7.9,2.6
2019-01-05,Mumbai,25.1,85,0.0,3.3
2019-01-06,Mumbai,22.0,79,0.0,4.1
2019-01-07,Mumbai,23.4,76,38.9,2.1
2019-01-08,Mumbai,22.0,91,0.0,4.0
2019-01-09,Mumbai,25.5,91,0.0,0.9
2019-01-10,Mumbai,25.2,87,0.0,1.8
2019-01-11,Mumbai,25.4,80,0.0,3.6
2019-01-12,Mumbai,21.4,80,0.0,2.9
2019-01-13,Mumbai,25.5,90,1.2,2.2
2019-01-14,Mumbai,21.9,82,0.0,2.8
2019-01-15,Mumbai,23.7,89,0.0,4.8
2019-01-16,Mumbai,24.6,89,0.0,3.3
2019-01-17,Mumbai,24.7,82,0.0,2.7
2019-01-18,Mumbai,19.2,85,0.0,2.3
2019-01-19,Mumbai,21.6,91,0.0,2.6
2019-01-20,Mumbai,22.6,89,0.0,2.8
2019-01-21,Mumbai,21.6,83,0.0,3.6
2019-01-22,Mumbai,24.8,87,0.0,3.1
2019-01-23,Mumbai,20.9,77,0.0,2.2
2019-01-24,Mumbai,17.4,72,1.1,2.9
2019-01-25,Mumbai,20.0,79,0.0,2.3
2019-01-26,Mumbai,24.0,93,0.0,4.2
2019-01-27,Mumbai,27.5,84,12.1,0.5
2019-01-28,Mumbai,24.0,89,0.0,1.7
2019-01-29,Mumbai,21.9,83,0.0,2.3
2019-01-30,Mumbai,25.7,89,0.0,1.9
2019-01-31,Mumbai,21.2,81,0.0,3.5
2019-02-01,Mumbai,27.3,81,0.0,0.7
2019-02-02,Mumbai,25.6,83,0.0,0.6
2019-02-03,Mumbai,26.3,84,0.0,1.8
2019-02-04,Mumbai,23.5,83,0.0,3.3
2019-02-05,Mumbai,25.6,87,0.0,3.2
2019-02-06,Mumbai,21.1,75,0.0,2.9
2019-02-07,Mumbai,25.2,79,0.0,1.7
2019-02-08,Mumbai,21.7,76,0.0,3.8
2019-02-09,Mumbai,22.3,79,0.0,3.9
2019-02-10,Mumbai,23.1,77,0.0,3.7
2019-02-11,Mumbai,21.2,85,0.0,2.9
2019-02-12,Mumbai,20.2,96,0.0,3.4
2019-02-13,Mumbai,23.9,88,0.0,2.6
2019-02-14,Mumbai,22.0,85,0.0,3.1
2019-02-15,Mumbai,25.9,79,0.0,3.3
2019-02-16,Mumbai,20.1,82,0.0,4.1
2019-02-17,Mumbai,26.4,87,3.1,3.8
2019-02-18,Mumbai,24.0,88,9.9,3.4
2019-02-19,Mumbai,23.5,81,0.0,1.9
2019-02-20,Mumbai,23.4,82,3.8,3.6
2019-02-21,Mumbai,24.0,76,0.0,4.9
2019-02-22,Mumbai,24.5,89,0.0,4.2
2019-02-23,Mumbai,22.7,85,0.0,4.2
2019-02-24,Mumbai,25.2,95,0.0,1.9
2019-02-25,Mumbai,26.2,85,3.4,3.9
2019-02-26,Mumbai,26.5,85,0.0,4.9
2019-02-27,Mumbai,23.6,80,0.0,3.4
2019-02-28,Mumbai,25.4,70,0.0,4.0
2019-03-01,Mumbai,23.6,88,9.4,4.7
2019-03-02,Mumbai,25.1,90,0.0,2.2
2019-03-03,Mumbai,24.1,74,0.0,1.5
2019-03-04,Mumbai,23.8,85,0.0,3.1
2019-03-05,Mumbai,27.1,85,0.0,3.6
2019-03-06,Mumbai,23.5,79,0.0,2.1
2019-03-07,Mumbai,23.8,83,0.0,1.8
2019-03-08,Mumbai,26.1,82,20.1,2.9
2019-03-09,Mumbai,26.6,82,0.0,3.4
2019-03-10,Mumbai,25.5,77,0.0,3.2
2019-03-11,Mumbai,25.0,83,0.0,3.1
2019-03-12,Mumbai,25.2,85,8.2,3.6
2019-03-13,Mumbai,23.6,81,0.0,0.7
2019-03-14,Mumbai,25.3,85,0.0,2.2
2019-03-15,Mumbai,27.1,78,0.0,1.9
2019-03-16,Mumbai,23.4,76,0.0,3.9
2019-03-17,Mumbai,23.9,84,0.0,3.6
2019-03-18,Mumbai,25.0,74,0.0,3.5
2019-03-19,Mumbai,26.1,76,0.0,1.7
2019-03-20,Mumbai,26.3,77,0.0,2.2
2019-03-21,Mumbai,26.0,74,0.0,2.0
2019-03-22,Mumbai,23.2,75,0.0,2.2
2019-03-23,Mumbai,24.2,80,11.3,3.1
2019-03-24,Mumbai,23.7,68,0.0,3.6
2019-03-25,Mumbai,23.0,78,0.0,3.5
2019-03-26,Mumbai,28.1,80,7.2,2.2
2019-03-27,Mumbai,24.9,77,0.0,2.6
2019-03-28,Mumbai,24.0,82,0.0,2.4
2019-03-29,Mumbai,28.3,71,0.0,2.6
2019-03-30,Mumbai,26.7,72,0.0,3.4
2019-03-31,Mumbai,26.0,77,0.0,3.3
2019-04-01,Mumbai,27.6,68,0.0,3.6
2019-04-02,Mumbai,25.4,80,6.0,4.1
2019-04-03,Mumbai,28.6,75,0.0,2.6
2019-04-04,Mumbai,26.4,67,0.0,3.6
2019-04-05,Mumbai,26.8,85,0.0,2.0
2019-04-06,Mumbai,27.1,75,0.0,3.4
2019-04-07,Mumbai,29.4,78,0.0,2.0
2019-04-08,Mumbai,29.4,78,0.0,2.9
2019-04-09,Mumbai,27.6,82,0.0,2.8
2019-04-10,Mumbai,29.9,80,0.0,3.2
2019-04-11,Mumbai,28.7,68,0.0,4.2
2019-04-12,Mumbai,26.3,78,0.0,2.0
2019-04-13,Mumbai,25.7,72,1.8,3.0
2019-04-14,Mumbai,27.6,71,0.0,2.4
2019-04-15,Mumbai,27.3,70,0.0,3.5
2019-04-16,Mumbai,31.0,79,0.0,3.0
2019-04-17,Mumbai,26.9,77,4.6,4.6
2019-04-18,Mumbai,26.9,79,0.0,2.8
2019-04-19,Mumbai,28.1,71,0.0,5.0
2019-04-20,Mumbai,31.2,68,0.0,2.0
2019-04-21,Mumbai,31.9,67,0.0,3.4
2019-04-22,Mumbai,26.8,78,0.0,2.2
2019-04-23,Mumbai,29.5,69,0.0,2.8
2019-04-24,Mumbai,27.2,68,0.0,2.7
2019-04-25,Mumbai,27.9,71,0.0,2.9
2019-04-26,Mumbai,29.1,72,0.0,1.6
2019-04-27,Mumbai,26.7,78,0.0,2.7
2019-04-28,Mumbai,31.1,72,27.1,4.3
2019-04-29,Mumbai,31.3,67,0.0,4.4
2019-04-30,Mumbai,25.3,62,0.0,2.6
2019-05-01,Mumbai,28.1,67,0.0,3.0
2019-05-02,Mumbai,28.1,67,0.0,2.0
2019-05-03,Mumbai,25.5,71,19.1,3.0
2019-05-04,Mumbai,27.9,65,0.0,2.8
2019-05-05,Mumbai,30.2,71,0.0,3.6
2019-05-06,Mumbai,27.3,69,0.0,3.2
2019-05-07,Mumbai,27.6,68,16.1,4.3
2019-05-08,Mumbai,28.8,68,0.0,3.2
2019-05-09,Mumbai,29.7,76,0.0,2.5
2019-05-10,Mumbai,27.7,70,0.0,2.6
2019-05-11,Mumbai,31.0,66,0.0,2.7
2019-05-12,Mumbai,29.2,73,0.0,2.9
2019-05-13,Mumbai,24.3,60,0.0,5.0
2019-05-14,Mumbai,30.7,66,12.3,5.4
2019-05-15,Mumbai,27.7,64,0.0,4.3
2019-05-16,Mumbai,28.3,74,0.0,2.4
2019-05-17,Mumbai,28.6,66,0.0,3.6
2019-05-18,Mumbai,30.4,62,0.0,2.2
2019-05-19,Mumbai,28.8,74,0.0,1.8
2019-05-20,Mumbai,29.6,75,0.0,2.1
2019-05-21,Mumbai,31.2,67,0.0,3.0
2019-05-22,Mumbai,32.0,72,0.0,1.8
2019-05-23,Mumbai,31.3,66,0.0,2.7
2019-05-24,Mumbai,28.7,68,0.0,0.8
2019-05-25,Mumbai,27.8,68,0.0,3.8
2019-05-26,Mumbai,25.9,61,0.0,2.0
2019-05-27,Mumbai,29.6,69,0.0,3.5
2019-05-28,Mumbai,28.7,81,0.0,3.4
2019-05-29,Mumbai,28.2,61,0.0,3.3
2019-05-30,Mumbai,32.7,68,0.0,2.9
2019-05-31,Mumbai,33.7,63,8.7,5.7
2019-06-01,Mumbai,28.8,63,9.8,5.3
2019-06-02,Mumbai,30.4,61,16.0,3.6
2019-06-03,Mumbai,34.9,65,0.0,6.4
2019-06-04,Mumbai,29.7,71,16.1,5.8
2019-06-05,Mumbai,28.4,57,12.7,6.6
2019-06-06,Mumbai,31.2,65,15.1,6.3
2019-06-07,Mumbai,28.1,63,7.2,4.6
2019-06-08,Mumbai,31.5,73,6.2,4.3
2019-06-09,Mumbai,26.0,55,11.7,6.1
2019-06-10,Mumbai,31.5,60,8.2,5.3
2019-06-11,Mumbai,28.7,54,16.1,3.6
2019-06-12,Mumbai,31.5,72,14.8,3.6
2019-06-13,Mumbai,26.8,69,0.0,5.0
2019-06-14,Mumbai,26.6,60,4.1,4.2
2019-06-15,Mumbai,28.9,67,5.3,4.7
2019-06-16,Mumbai,31.6,62,16.4,4.9
2019-06-17,Mumbai,29.7,63,9.6,4.9
2019-06-18,Mumbai,30.5,65,29.0,5.0
2019-06-19,Mumbai,30.5,63,0.0,5.2
2019-06-20,Mumbai,29.9,64,3.9,5.0
2019-06-21,Mumbai,26.6,66,4.7,4.1
2019-06-22,Mumbai,28.8,64,3.0,4.5
2019-06-23,Mumbai,28.9,66,8.3,3.0
2019-06-24,Mumbai,30.3,69,5.9,4.8
2019-06-25,Mumbai,29.6,69,17.4,5.2
2019-06-26,Mumbai,29.4,58,10.4,5.4
2019-06-27,Mumbai,27.1,64,0.0,4.8
2019-06-28,Mumbai,31.4,59,8.4,6.1
2019-06-29,Mumbai,29.9,61,11.9,4.0
2019-06-30,Mumbai,29.7,63,4.1,6.0
2019-07-01,Mumbai,27.3,55,12.4,5.1
2019-07-02,Mumbai,31.7,65,14.2,6.3
2019-07-03,Mumbai,29.6,71,0.0,5.5
2019-07-04,Mumbai,32.3,69,17.5,3.9
2019-07-05,Mumbai,29.2,59,14.2,5.3
2019-07-06,Mumbai,31.7,67,16.0,7.3
2019-07-07,Mumbai,30.4,70,3.4,5.1
2019-07-08,Mumbai,29.0,66,25.7,3.8
2019-07-09,Mumbai,28.2,59,5.4,4.7
2019-07-10,Mumbai,30.9,68,11.9,4.4
2019-07-11,Mumbai,30.6,61,0.0,4.4
2019-07-12,Mumbai,29.1,69,6.9,5.3
2019-07-13,Mumbai,29.1,63,5.0,4.1
2019-07-14,Mumbai,30.2,66,4.7,5.0
2019-07-15,Mumbai,28.4,62,13.4,4.2
2019-07-16,Mumbai,29.9,76,6.7,4.2
2019-07-17,Mumbai,33.2,58,0.0,7.1
2019-07-18,Mumbai,29.3,62,19.4,5.2
2019-07-19,Mumbai,28.1,76,10.5,5.5
2019-07-20,Mumbai,28.7,66,3.2,4.6
2019-07-21,Mumbai,30.4,64,3.8,4.5
2019-07-22,Mumbai,28.3,72,3.6,4.9
2019-07-23,Mumbai,28.1,61,13.5,4.4
2019-07-24,Mumbai,31.4,61,9.7,4.8
2019-07-25,Mumbai,31.2,64,0.0,5.5
2019-07-26,Mumbai,31.0,63,10.8,5.6
2019-07-27,Mumbai,28.9,71,3.9,2.4
2019-07-28,Mumbai,29.7,71,9.2,5.5
2019-07-29,Mumbai,28.1,67,4.5,4.8
2019-07-30,Mumbai,28.8,74,18.0,4.3
2019-07-31,Mumbai,30.8,73,11.2,5.6
2019-08-01,Mumbai,28.0,60,8.2,3.8
2019-08-02,Mumbai,29.0,59,4.4,5.1
2019-08-03,Mumbai,25.7,69,12.6,4.7
2019-08-04,Mumbai,26.4,68,8.3,5.2
2019-08-05,Mumbai,28.1,70,9.7,6.4
2019-08-06,Mumbai,31.9,68,10.2,4.0
2019-08-07,Mumbai,33.8,69,0.8,4.6
2019-08-08,Mumbai,29.8,68,7.0,6.4
2019-08-09,Mumbai,31.3,68,11.5,4.5
2019-08-10,Mumbai,29.5,67,20.0,5.3
2019-08-11,Mumbai,28.7,63,10.5,2.4
2019-08-12,Mumbai,29.7,57,13.7,3.9
2019-08-13,Mumbai,30.4,66,7.9,5.3
2019-08-14,Mumbai,25.0,72,3.7,5.5
2019-08-15,Mumbai,31.2,59,8.3,5.5
2019-08-16,Mumbai,28.2,67,6.6,4.9
2019-08-17,Mumbai,29.3,73,2.8,5.2
2019-08-18,Mumbai,26.6,74,5.6,6.0
2019-08-19,Mumbai,31.7,62,17.6,5.4
2019-08-20,Mumbai,27.0,68,12.2,5.4
2019-08-21,Mumbai,26.4,75,12.0,5.3
2019-08-22,Mumbai,28.5,61,5.6,6.7
2019-08-23,Mumbai,34.6,60,14.9,6.3
2019-08-24,Mumbai,29.6,70,0.0,5.7
2019-08-25,Mumbai,29.5,66,28.8,2.7
2019-08-26,Mumbai,32.8,59,6.6,3.1
2019-08-27,Mumbai,32.3,66,14.2,5.6
2019-08-28,Mumbai,31.2,57,21.6,4.6
2019-08-29,Mumbai,31.4,67,2.9,4.8
2019-08-30,Mumbai,26.8,62,5.5,5.1
2019-08-31,Mumbai,27.9,65,13.4,4.2
2019-09-01,Mumbai,32.0,67,6.4,5.1
2019-09-02,Mumbai,31.3,56,29.8,5.4
2019-09-03,Mumbai,31.1,68,8.3,5.9
2019-09-04,Mumbai,31.5,62,8.5,6.2
2019-09-05,Mumbai,28.5,70,1.2,3.5
2019-09-06,Mumbai,27.7,67,6.3,6.2
2019-09-07,Mumbai,29.4,70,14.5,5.9
2019-09-08,Mumbai,25.5,68,0.0,4.6
2019-09-09,Mumbai,26.8,78,11.4,5.6
2019-09-10,Mumbai,32.1,67,15.6,4.4
2019-09-11,Mumbai,24.9,72,8.7,4.6
2019-09-12,Mumbai,26.8,63,5.1,5.2
2019-09-13,Mumbai,30.5,65,12.9,5.7
2019-09-14,Mumbai,26.2,78,0.0,5.9
2019-09-15,Mumbai,30.5,75,4.7,4.4
2019-09-16,Mumbai,27.0,66,8.9,5.0
2019-09-17,Mumbai,25.6,69,3.2,5.1
2019-09-18,Mumbai,32.3,69,7.1,4.0
2019-09-19,Mumbai,25.5,64,17.7,4.4
2019-09-20,Mumbai,32.4,78,16.4,6.0
2019-09-21,Mumbai,25.7,76,4.5,5.6
2019-09-22,Mumbai,25.5,74,14.2,4.9
2019-09-23,Mumbai,27.4,74,6.4,5.2
2019-09-24,Mumbai,29.4,73,6.7,4.6
2019-09-25,Mumbai,29.9,79,27.7,3.6
2019-09-26,Mumbai,24.5,75,10.8,5.2
2019-09-27,Mumbai,24.3,65,0.0,1.0
2019-09-28,Mumbai,28.0,78,0.0,3.1
2019-09-29,Mumbai,28.4,62,0.0,2.8
2019-09-30,Mumbai,31.3,66,0.0,2.0
2019-10-01,Mumbai,28.1,65,0.0,4.7
2019-10-02,Mumbai,26.2,73,0.0,1.4
2019-10-03,Mumbai,25.8,74,0.0,2.0
2019-10-04,Mumbai,24.8,72,13.2,2.4
2019-10-05,Mumbai,30.7,70,0.0,3.3
2019-10-06,Mumbai,28.0,68,0.0,3.6
2019-10-07,Mumbai,28.3,69,0.0,3.2
2019-10-08,Mumbai,27.3,70,0.0,2.2
2019-10-09,Mumbai,26.6,73,0.0,0.5
2019-10-10,Mumbai,27.6,74,0.0,3.8
2019-10-11,Mumbai,26.4,71,0.0,4.0
2019-10-12,Mumbai,26.0,72,0.0,2.4
2019-10-13,Mumbai,28.5,77,0.0,2.0
2019-10-14,Mumbai,27.0,78,6.5,2.9
2019-10-15,Mumbai,31.7,73,0.0,3.2
2019-10-16,Mumbai,24.7,80,0.0,2.7
2019-10-17,Mumbai,26.3,76,9.7,1.4
2019-10-18,Mumbai,27.6,80,0.0,1.9
2019-10-19,Mumbai,26.3,70,0.0,2.2
2019-10-20,Mumbai,25.8,87,0.0,2.7
2019-10-21,Mumbai,21.9,78,7.4,3.5
2019-10-22,Mumbai,25.6,75,0.0,1.6
2019-10-23,Mumbai,29.3,82,10.1,4.0
2019-10-24,Mumbai,27.9,72,0.0,3.0
2019-10-25,Mumbai,21.6,78,0.0,2.2
2019-10-26,Mumbai,25.8,76,0.0,2.7
2019-10-27,Mumbai,22.5,81,0.0,2.3
2019-10-28,Mumbai,28.4,71,0.0,4.1
2019-10-29,Mumbai,24.5,76,0.0,1.9
2019-10-30,Mumbai,27.1,79,0.0,0.8
2019-10-31,Mumbai,27.8,78,0.0,0.8
2019-11-01,Mumbai,28.8,84,0.0,2.3
2019-11-02,Mumbai,27.6,76,0.0,2.7
2019-11-03,Mumbai,25.6,88,0.0,3.4
2019-11-04,Mumbai,25.1,75,0.0,2.0
2019-11-05,Mumbai,28.2,81,0.0,2.0
2019-11-06,Mumbai,25.7,77,0.0,0.5
2019-11-07,Mumbai,23.4,81,0.8,4.0
2019-11-08,Mumbai,28.7,80,0.0,2.6
2019-11-09,Mumbai,20.3,76,0.0,3.6
2019-11-10,Mumbai,22.5,86,13.0,2.4
2019-11-11,Mumbai,24.7,85,0.0,3.7
2019-11-12,Mumbai,24.3,71,0.0,4.0
2019-11-13,Mumbai,20.8,77,0.0,4.5
2019-11-14,Mumbai,23.1,78,0.0,2.1
2019-11-15,Mumbai,24.0,74,0.0,2.2
2019-11-16,Mumbai,25.2,85,0.0,1.1
2019-11-17,Mumbai,25.3,82,0.0,1.9
2019-11-18,Mumbai,23.5,88,0.0,3.8
2019-11-19,Mumbai,18.8,82,0.0,1.8
2019-11-20,Mumbai,24.0,77,0.0,1.9
2019-11-21,Mumbai,23.4,86,0.0,3.9
2019-11-22,Mumbai,28.6,81,0.0,3.1
2019-11-23,Mumbai,26.8,82,0.0,2.1
2019-11-24,Mumbai,25.9,76,0.0,3.5
2019-11-25,Mumbai,28.2,78,0.0,4.5
2019-11-26,Mumbai,24.5,75,0.0,4.6
2019-11-27,Mumbai,25.7,87,4.5,2.4
2019-11-28,Mumbai,26.4,77,0.0,2.1
2019-11-29,Mumbai,27.3,78,0.0,2.9
2019-11-30,Mumbai,24.5,93,0.0,2.8
2019-12-01,Mumbai,25.7,90,0.0,3.2
2019-12-02,Mumbai,24.3,81,0.0,2.9
2019-12-03,Mumbai,22.6,84,0.0,4.4
2019-12-04,Mumbai,25.4,85,0.0,3.1
2019-12-05,Mumbai,26.2,79,0.0,2.3
2019-12-06,Mumbai,25.8,81,0.0,2.3
2019-12-07,Mumbai,24.4,86,0.0,3.0
2019-12-08,Mumbai,22.8,86,15.5,2.7
2019-12-09,Mumbai,25.5,77,0.0,4.4
2019-12-10,Mumbai,21.5,84,0.0,2.5
2019-12-11,Mumbai,23.8,86,0.0,4.2
2019-12-12,Mumbai,22.7,77,0.0,2.0
2019-12-13,Mumbai,24.9,80,0.0,4.3
2019-12-14,Mumbai,27.2,82,0.0,2.7
2019-12-15,Mumbai,25.5,81,0.0,2.9
2019-12-16,Mumbai,26.2,84,0.0,2.6
2019-12-17,Mumbai,22.5,74,0.0,2.3
2019-12-18,Mumbai,25.7,84,9.4,4.2
2019-12-19,Mumbai,25.4,87,0.0,3.3
2019-12-20,Mumbai,25.1,88,0.0,2.0
2019-12-21,Mumbai,24.8,84,0.0,0.5
2019-12-22,Mumbai,26.6,96,0.0,2.0
2019-12-23,Mumbai,25.6,81,0.0,4.4
2019-12-24,Mumbai,24.3,85,0.0,2.8
2019-12-25,Mumbai,18.9,88,0.0,2.2
2019-12-26,Mumbai,23.8,80,0.0,2.0
2019-12-27,Mumbai,25.1,82,0.0,2.4
2019-12-28,Mumbai,26.0,87,0.0,2.0
2019-12-29,Mumbai,24.9,91,0.0,3.1
2019-12-30,Mumbai,25.5,92,0.0,2.6
2019-12-31,Mumbai,25.5,77,8.3,2.4
2020-01-01,Mumbai,26.7,79,0.0,3.2
2020-01-02,Mumbai,22.9,68,0.0,3.5
2020-01-03,Mumbai,23.5,77,0.0,4.0
2020-01-04,Mumbai,26.5,88,0.0,4.5
2020-01-05,Mumbai,22.5,86,14.3,4.4
2020-01-06,Mumbai,25.1,78,0.0,2.8
2020-01-07,Mumbai,24.0,91,4.6,3.5
2020-01-08,Mumbai,23.6,77,0.0,3.9
2020-01-09,Mumbai,26.7,89,0.0,3.3
2020-01-10,Mumbai,24.8,86,0.0,2.4
2020-01-11,Mumbai,25.6,80,0.0,2.4
2020-01-12,Mumbai,24.1,83,0.0,2.3
2020-01-13,Mumbai,21.5,85,0.0,3.5
2020-01-14,Mumbai,24.8,84,2.1,3.6
2020-01-15,Mumbai,26.4,86,0.0,3.4
2020-01-16,Mumbai,22.7,85,0.0,2.5
2020-01-17,Mumbai,25.6,79,9.2,3.7
2020-01-18,Mumbai,22.1,95,0.0,1.9
2020-01-19,Mumbai,21.0,83,0.0,0.5
2020-01-20,Mumbai,22.4,89,0.0,3.9
2020-01-21,Mumbai,21.2,93,0.0,3.5
2020-01-22,Mumbai,22.6,85,0.0,1.4
2020-01-23,Mumbai,26.0,80,11.4,4.8
2020-01-24,Mumbai,26.8,83,0.0,4.2
2020-01-25,Mumbai,20.0,80,0.0,3.5
2020-01-26,Mumbai,25.8,83,0.0,4.0
2020-01-27,Mumbai,24.8,79,0.0,1.8
2020-01-28,Mumbai,25.4,83,0.0,2.3
2020-01-29,Mumbai,24.5,91,0.0,5.1
2020-01-30,Mumbai,20.3,94,0.0,2.9
2020-01-31,Mumbai,25.7,87,0.0,4.2
2020-02-01,Mumbai,22.0,81,0.0,3.0
2020-02-02,Mumbai,25.0,78,18.7,3.0
2020-02-03,Mumbai,25.0,86,0.0,1.9
2020-02-04,Mumbai,26.9,81,11.4,2.1
2020-02-05,Mumbai,29.0,77,2.0,5.8
2020-02-06,Mumbai,25.0,76,0.0,3.1
2020-02-07,Mumbai,26.2,84,0.0,4.0
2020-02-08,Mumbai,24.8,79,0.0,4.6
2020-02-09,Mumbai,22.3,81,16.1,3.6
2020-02-10,Mumbai,22.5,82,0.0,3.2
2020-02-11,Mumbai,26.6,75,0.0,2.7
2020-02-12,Mumbai,23.9,90,0.0,4.6
2020-02-13,Mumbai,29.6,84,0.0,1.9
2020-02-14,Mumbai,23.9,77,0.0,3.7
2020-02-15,Mumbai,28.0,88,0.0,4.8
2020-02-16,Mumbai,26.7,92,0.0,1.9
2020-02-17,Mumbai,21.8,81,0.0,2.1
2020-02-18,Mumbai,24.5,82,0.0,3.6
2020-02-19,Mumbai,24.2,78,0.0,5.1
2020-02-20,Mumbai,24.6,76,0.0,3.4
2020-02-21,Mumbai,23.0,86,0.0,2.5
2020-02-22,Mumbai,27.0,83,0.0,3.0
2020-02-23,Mumbai,27.9,87,0.0,1.9
2020-02-24,Mumbai,22.8,88,0.0,2.7
2020-02-25,Mumbai,26.5,83,0.0,4.6
2020-02-26,Mumbai,26.0,83,0.0,2.3
2020-02-27,Mumbai,24.2,85,0.0,1.6
2020-02-28,Mumbai,24.8,79,4.8,3.0
2020-02-29,Mumbai,25.5,73,4.3,2.8
2020-03-01,Mumbai,25.3,77,0.0,3.7
2020-03-02,Mumbai,26.8,84,0.0,4.0
2020-03-03,Mumbai,24.0,70,0.0,2.9
2020-03-04,Mumbai,26.6,87,0.0,1.7
2020-03-05,Mumbai,23.9,76,0.0,3.2
2020-03-06,Mumbai,26.3,87,0.0,3.9
2020-03-07,Mumbai,23.6,80,0.0,3.8
2020-03-08,Mumbai,23.4,77,6.5,1.7
2020-03-09,Mumbai,24.6,74,0.0,1.9
2020-03-10,Mumbai,24.3,76,0.0,1.5
2020-03-11,Mumbai,26.5,76,2.4,2.4
2020-03-12,Mumbai,25.6,74,0.0,3.5
2020-03-13,Mumbai,26.0,78,0.0,3.7
2020-03-14,Mumbai,24.8,83,0.0,4.8
2020-03-15,Mumbai,24.1,79,0.0,2.9
2020-03-16,Mumbai,22.3,83,10.5,3.3
2020-03-17,Mumbai,24.8,72,3.7,4.3
2020-03-18,Mumbai,27.0,75,0.0,4.5
2020-03-19,Mumbai,25.9,68,0.0,3.6
2020-03-20,Mumbai,25.4,76,0.0,2.3
2020-03-21,Mumbai,25.3,74,0.0,3.5
2020-03-22,Mumbai,23.0,79,0.0,3.7
2020-03-23,Mumbai,23.7,71,0.0,3.1
2020-03-24,Mumbai,26.1,69,0.0,4.6
2020-03-25,Mumbai,24.4,78,10.1,3.6
2020-03-26,Mumbai,30.7,76,1.0,3.7
2020-03-27,Mumbai,26.7,76,9.4,2.8
2020-03-28,Mumbai,23.6,69,0.0,4.2
2020-03-29,Mumbai,25.3,78,0.0,3.5
2020-03-30,Mumbai,25.9,88,0.0,4.1
2020-03-31,Mumbai,26.8,76,0.0,4.2
2020-04-01,Mumbai,25.9,80,0.0,2.2
2020-04-02,Mumbai,28.7,77,0.0,2.6
2020-04-03,Mumbai,27.0,78,0.0,4.3
2020-04-04,Mumbai,24.6,79,0.0,0.5
2020-04-05,Mumbai,29.2,73,0.0,3.6
2020-04-06,Mumbai,26.4,80,0.0,3.1
2020-04-07,Mumbai,27.1,74,0.0,3.5
2020-04-08,Mumbai,28.1,74,0.0,1.9
2020-04-09,Mumbai,24.6,80,0.0,1.8
2020-04-10,Mumbai,26.9,76,0.0,3.8
2020-04-11,Mumbai,29.7,78,0.0,2.8
2020-04-12,Mumbai,26.1,75,0.0,4.1
2020-04-13,Mumbai,25.9,68,0.0,1.7
2020-04-14,Mumbai,28.1,79,6.3,3.5
2020-04-15,Mumbai,22.7,74,19.1,4.0
2020-04-16,Mumbai,27.5,68,0.0,5.2
2020-04-17,Mumbai,31.1,68,0.0,1.1
2020-04-18,Mumbai,27.5,77,0.0,2.6
2020-04-19,Mumbai,27.7,74,0.0,2.4
2020-04-20,Mumbai,26.2,67,0.0,1.8
2020-04-21,Mumbai,25.7,77,0.0,3.0
2020-04-22,Mumbai,28.9,71,0.0,2.5
2020-04-23,Mumbai,27.8,72,0.0,4.0
2020-04-24,Mumbai,26.0,74,0.0,1.6
2020-04-25,Mumbai,31.9,72,0.0,3.7
2020-04-26,Mumbai,27.2,72,0.0,3.5
2020-04-27,Mumbai,28.3,75,0.0,2.9
2020-04-28,Mumbai,26.8,77,0.0,2.4
2020-04-29,Mumbai,27.9,73,0.0,2.4
2020-04-30,Mumbai,29.1,69,0.0,1.3
2020-05-01,Mumbai,31.2,64,0.0,1.8
2020-05-02,Mumbai,28.3,75,0.0,2.6
2020-05-03,Mumbai,29.1,68,0.0,1.0
2020-05-04,Mumbai,26.8,77,0.0,1.6
2020-05-05,Mumbai,26.2,73,0.0,2.6
2020-05-06,Mumbai,32.4,65,0.0,3.7
2020-05-07,Mumbai,28.9,72,0.0,3.4
2020-05-08,Mumbai,27.2,69,0.0,1.7
2020-05-09,Mumbai,27.7,65,1.6,3.6
2020-05-10,Mumbai,27.7,65,0.0,4.0
2020-05-11,Mumbai,29.3,72,0.0,3.4
2020-05-12,Mumbai,27.3,77,0.0,0.6
2020-05-13,Mumbai,27.0,69,0.0,4.1
2020-05-14,Mumbai,29.1,64,0.0,4.0
2020-05-15,Mumbai,29.3,68,0.0,5.4
2020-05-16,Mumbai,24.8,67,0.0,2.6
2020-05-17,Mumbai,29.7,68,0.0,3.3
2020-05-18,Mumbai,29.6,68,0.0,2.7
2020-05-19,Mumbai,30.3,66,0.0,3.1
2020-05-20,Mumbai,29.9,63,0.0,1.8
2020-05-21,Mumbai,26.0,68,0.0,1.0
2020-05-22,Mumbai,27.5,66,0.0,3.6
2020-05-23,Mumbai,29.4,71,5.2,4.3
2020-05-24,Mumbai,25.7,64,0.0,3.3
2020-05-25,Mumbai,32.6,75,0.0,1.7
2020-05-26,Mumbai,33.2,64,6.3,3.0
2020-05-27,Mumbai,29.1,73,0.7,3.3
2020-05-28,Mumbai,29.1,68,0.0,1.5
2020-05-29,Mumbai,29.0,61,0.0,3.3
2020-05-30,Mumbai,26.7,71,2.9,3.6
2020-05-31,Mumbai,31.2,63,7.2,6.0
2020-06-01,Mumbai,32.7,65,4.5,4.8
2020-06-02,Mumbai,31.7,74,1.5,5.0
2020-06-03,Mumbai,28.6,64,5.1,3.3
2020-06-04,Mumbai,31.1,65,9.7,5.6
2020-06-05,Mumbai,31.0,72,5.2,3.9
2020-06-06,Mumbai,29.1,61,0.0,5.2
2020-06-07,Mumbai,30.2,72,22.1,6.6
2020-06-08,Mumbai,30.0,67,3.3,4.4
2020-06-09,Mumbai,26.8,68,8.2,5.5
2020-06-10,Mumbai,28.9,63,12.3,6.5
2020-06-11,Mumbai,29.3,66,9.7,4.1
2020-06-12,Mumbai,28.5,57,6.0,5.9
2020-06-13,Mumbai,30.7,55,3.4,5.4
2020-06-14,Mumbai,29.3,66,4.0,3.9
2020-06-15,Mumbai,28.6,69,5.2,5.6
2020-06-16,Mumbai,29.0,61,2.8,5.2
2020-06-17,Mumbai,29.5,64,5.8,3.3
2020-06-18,Mumbai,30.1,62,6.3,4.6
2020-06-19,Mumbai,30.8,63,20.0,5.4
2020-06-20,Mumbai,30.8,74,18.4,4.0
2020-06-21,Mumbai,30.3,60,0.0,6.3
2020-06-22,Mumbai,27.3,70,23.9,5.8
2020-06-23,Mumbai,28.8,67,15.7,3.9
2020-06-24,Mumbai,28.6,62,12.4,4.1
2020-06-25,Mumbai,28.3,61,40.1,4.6
2020-06-26,Mumbai,30.0,62,0.0,6.3
2020-06-27,Mumbai,29.9,62,21.7,4.8
2020-06-28,Mumbai,30.3,63,4.4,5.9
2020-06-29,Mumbai,30.2,63,0.0,6.5
2020-06-30,Mumbai,30.5,66,8.3,4.7
2020-07-01,Mumbai,27.7,60,5.7,4.8
2020-07-02,Mumbai,33.6,78,0.0,4.7
2020-07-03,Mumbai,32.8,66,5.3,4.4
2020-07-04,Mumbai,26.8,66,6.9,5.2
2020-07-05,Mumbai,31.4,60,5.6,4.9
2020-07-06,Mumbai,29.3,72,12.5,3.8
2020-07-07,Mumbai,28.0,63,0.0,4.8
2020-07-08,Mumbai,31.4,74,4.3,4.5
2020-07-09,Mumbai,35.3,63,16.0,4.8
2020-07-10,Mumbai,30.5,61,5.5,4.1
2020-07-11,Mumbai,31.0,62,10.4,4.3
2020-07-12,Mumbai,27.5,67,1.3,5.7
2020-07-13,Mumbai,28.2,66,1.9,4.5
2020-07-14,Mumbai,33.5,62,20.5,4.9
2020-07-15,Mumbai,28.4,64,19.3,4.8
2020-07-16,Mumbai,32.7,54,17.5,4.6
2020-07-17,Mumbai,30.1,61,7.1,3.8
2020-07-18,Mumbai,30.0,73,20.1,4.9
2020-07-19,Mumbai,31.4,61,12.3,5.8
2020-07-20,Mumbai,30.8,70,7.6,4.3
2020-07-21,Mumbai,33.7,60,27.8,3.5
2020-07-22,Mumbai,31.7,62,3.9,4.7
2020-07-23,Mumbai,28.7,59,2.2,5.9
2020-07-24,Mumbai,31.1,64,21.3,4.2
2020-07-25,Mumbai,32.1,55,0.0,5.0
2020-07-26,Mumbai,27.5,68,6.0,5.6
2020-07-27,Mumbai,29.5,64,9.6,7.2
2020-07-28,Mumbai,27.9,64,2.8,6.3
2020-07-29,Mumbai,31.4,70,5.8,6.0
2020-07-30,Mumbai,31.1,69,7.9,5.4
2020-07-31,Mumbai,29.8,60,7.6,5.2
2020-08-01,Mumbai,31.6,65,4.2,6.2
2020-08-02,Mumbai,29.1,58,9.2,4.0
2020-08-03,Mumbai,30.9,71,17.9,5.1
2020-08-04,Mumbai,32.1,69,4.3,5.9
2020-08-05,Mumbai,31.9,71,1.7,5.1
2020-08-06,Mumbai,28.7,66,15.7,5.1
2020-08-07,Mumbai,26.1,68,13.1,7.2
2020-08-08,Mumbai,31.5,61,10.1,4.9
2020-08-09,Mumbai,24.7,58,11.0,6.9
2020-08-10,Mumbai,30.7,66,20.0,5.1
2020-08-11,Mumbai,32.3,66,3.3,5.6
2020-08-12,Mumbai,27.1,65,0.9,2.3
2020-08-13,Mumbai,33.4,65,7.9,4.6
2020-08-14,Mumbai,29.1,73,28.5,5.6
2020-08-15,Mumbai,30.3,65,6.4,3.3
2020-08-16,Mumbai,30.9,66,13.9,4.4
2020-08-17,Mumbai,30.0,66,11.6,5.8
2020-08-18,Mumbai,28.1,64,8.6,5.6
2020-08-19,Mumbai,31.0,63,18.3,4.5
2020-08-20,Mumbai,28.9,76,16.6,4.2
2020-08-21,Mumbai,27.3,61,28.9,2.9
2020-08-22,Mumbai,29.5,71,7.9,4.2
2020-08-23,Mumbai,29.3,68,20.8,5.2
2020-08-24,Mumbai,28.4,72,9.7,4.6
2020-08-25,Mumbai,32.5,69,0.0,6.9
2020-08-26,Mumbai,28.0,64,31.0,5.8
2020-08-27,Mumbai,33.6,72,12.7,4.5
2020-08-28,Mumbai,28.0,76,24.6,4.3
2020-08-29,Mumbai,27.2,59,6.4,3.0
2020-08-30,Mumbai,30.9,58,19.2,6.2
2020-08-31,Mumbai,29.3,66,2.5,7.9
2020-09-01,Mumbai,28.4,61,6.3,3.8
2020-09-02,Mumbai,29.6,72,3.4,5.6
2020-09-03,Mumbai,28.1,65,0.0,3.2
2020-09-04,Mumbai,29.1,62,7.0,4.8
2020-09-05,Mumbai,32.0,74,4.1,6.8
2020-09-06,Mumbai,29.7,64,7.8,7.2
2020-09-07,Mumbai,28.4,74,6.2,6.1
2020-09-08,Mumbai,27.8,75,6.9,4.1
2020-09-09,Mumbai,31.5,74,7.1,3.4
2020-09-10,Mumbai,28.9,74,0.0,4.4
2020-09-11,Mumbai,28.4,70,0.0,4.7
2020-09-12,Mumbai,33.1,74,10.3,6.2
2020-09-13,Mumbai,29.1,70,8.2,3.1
2020-09-14,Mumbai,27.9,75,2.6,6.2
2020-09-15,Mumbai,30.0,60,2.0,4.8
2020-09-16,Mumbai,29.6,68,8.7,6.8
2020-09-17,Mumbai,28.3,68,15.1,4.8
2020-09-18,Mumbai,27.2,78,3.0,4.8
2020-09-19,Mumbai,28.2,74,4.1,6.3
2020-09-20,Mumbai,28.7,63,14.7,4.8
2020-09-21,Mumbai,30.3,68,3.6,6.3
2020-09-22,Mumbai,28.0,72,13.4,3.7
2020-09-23,Mumbai,29.1,75,17.3,6.2
2020-09-24,Mumbai,31.6,65,10.1,4.8
2020-09-25,Mumbai,25.5,81,8.6,4.0
2020-09-26,Mumbai,26.2,59,0.0,1.6
2020-09-27,Mumbai,30.1,72,0.0,3.8
2020-09-28,Mumbai,27.4,76,0.0,4.3
2020-09-29,Mumbai,28.7,80,0.0,3.7
2020-09-30,Mumbai,25.2,76,0.0,4.5
2020-10-01,Mumbai,26.8,77,0.0,4.2
2020-10-02,Mumbai,28.8,74,0.0,3.5
2020-10-03,Mumbai,25.2,75,0.0,2.1
2020-10-04,Mumbai,25.1,77,0.0,3.8
2020-10-05,Mumbai,24.6,76,0.0,1.6
2020-10-06,Mumbai,25.1,76,0.0,3.0
2020-10-07,Mumbai,30.3,71,0.0,3.3
2020-10-08,Mumbai,26.5,77,7.8,3.5
2020-10-09,Mumbai,28.1,79,28.9,2.5
2020-10-10,Mumbai,29.0,72,0.0,1.6
2020-10-11,Mumbai,27.0,81,0.0,1.8
2020-10-12,Mumbai,28.3,64,0.0,3.2
2020-10-13,Mumbai,25.4,81,0.0,3.6
2020-10-14,Mumbai,24.3,73,0.0,2.2
2020-10-15,Mumbai,26.8,72,0.0,1.7
2020-10-16,Mumbai,26.8,74,9.7,2.8
2020-10-17,Mumbai,26.9,78,0.0,3.1
2020-10-18,Mumbai,30.1,75,0.0,3.0
2020-10-19,Mumbai,25.9,82,0.0,1.8
2020-10-20,Mumbai,29.3,78,0.0,0.5
2020-10-21,Mumbai,26.8,79,0.0,2.1
2020-10-22,Mumbai,27.2,71,0.0,3.6
2020-10-23,Mumbai,25.9,84,0.0,3.2
2020-10-24,Mumbai,29.3,70,0.0,3.8
2020-10-25,Mumbai,25.8,77,0.0,2.7
2020-10-26,Mumbai,24.7,74,0.0,3.2
2020-10-27,Mumbai,22.3,80,0.0,3.3
2020-10-28,Mumbai,26.7,86,0.0,1.0
2020-10-29,Mumbai,22.6,78,0.0,3.3
2020-10-30,Mumbai,26.4,83,0.0,4.6
2020-10-31,Mumbai,28.3,79,0.0,2.9
2020-11-01,Mumbai,25.7,77,0.0,3.8
2020-11-02,Mumbai,23.5,82,0.0,2.3
2020-11-03,Mumbai,28.0,80,0.0,1.9
2020-11-04,Mumbai,26.2,82,0.0,2.4
2020-11-05,Mumbai,23.9,83,0.0,1.3
2020-11-06,Mumbai,23.8,79,7.9,2.6
2020-11-07,Mumbai,26.8,77,0.0,2.5
2020-11-08,Mumbai,25.0,80,0.0,3.2
2020-11-09,Mumbai,23.0,72,0.0,3.3
2020-11-10,Mumbai,24.3,92,0.0,3.1
2020-11-11,Mumbai,24.0,92,0.0,2.6
2020-11-12,Mumbai,25.8,80,0.0,1.2
2020-11-13,Mumbai,25.3,74,0.0,3.7
2020-11-14,Mumbai,25.6,80,19.6,2.6
2020-11-15,Mumbai,25.8,84,0.0,2.8
2020-11-16,Mumbai,25.4,86,5.2,3.3
2020-11-17,Mumbai,24.7,83,20.2,3.1
2020-11-18,Mumbai,28.0,83,13.5,2.2
2020-11-19,Mumbai,23.7,75,0.0,4.0
2020-11-20,Mumbai,27.3,80,0.0,2.9
2020-11-21,Mumbai,24.6,76,0.0,3.6
2020-11-22,Mumbai,23.0,78,0.0,2.4
2020-11-23,Mumbai,24.2,80,0.0,4.0
2020-11-24,Mumbai,23.2,79,0.0,3.3
2020-11-25,Mumbai,21.4,85,0.0,1.5
2020-11-26,Mumbai,22.9,82,0.0,3.0
2020-11-27,Mumbai,25.7,81,0.0,3.7
2020-11-28,Mumbai,24.2,82,0.0,3.7
2020-11-29,Mumbai,24.5,85,0.0,4.1
2020-11-30,Mumbai,26.5,85,0.0,2.4
2020-12-01,Mumbai,23.6,89,0.0,4.8
2020-12-02,Mumbai,27.9,85,0.0,2.6
2020-12-03,Mumbai,23.8,87,0.0,4.6
2020-12-04,Mumbai,25.4,84,0.0,1.0
2020-12-05,Mumbai,26.1,84,1.6,0.8
2020-12-06,Mumbai,22.9,83,0.0,3.3
2020-12-07,Mumbai,27.5,85,0.0,1.6
2020-12-08,Mumbai,24.9,87,0.0,3.0
2020-12-09,Mumbai,27.1,74,0.0,2.6
2020-12-10,Mumbai,25.0,84,0.0,2.6
2020-12-11,Mumbai,24.4,86,3.9,4.7
2020-12-12,Mumbai,23.4,83,0.0,4.1
2020-12-13,Mumbai,24.6,81,0.0,4.0
2020-12-14,Mumbai,25.0,86,0.0,4.0
2020-12-15,Mumbai,22.4,83,0.0,3.0
2020-12-16,Mumbai,24.8,84,0.0,2.8
2020-12-17,Mumbai,24.7,81,0.0,2.1
2020-12-18,Mumbai,23.0,80,0.0,5.4
2020-12-19,Mumbai,21.0,87,0.0,2.6
2020-12-20,Mumbai,24.1,88,0.0,3.1
2020-12-21,Mumbai,26.5,77,0.0,1.9
2020-12-22,Mumbai,23.5,85,0.0,2.1
2020-12-23,Mumbai,26.8,81,0.0,2.6
2020-12-24,Mumbai,22.6,80,2.3,3.0
2020-12-25,Mumbai,22.8,83,0.0,2.4
2020-12-26,Mumbai,21.6,83,0.0,4.1
2020-12-27,Mumbai,21.8,89,0.0,2.6
2020-12-28,Mumbai,25.1,78,10.1,2.3
2020-12-29,Mumbai,23.1,81,5.6,3.1
2020-12-30,Mumbai,24.6,88,0.0,1.3
2020-12-31,Mumbai,22.6,84,0.0,3.2
2021-01-01,Mumbai,26.9,78,0.0,3.3
2021-01-02,Mumbai,24.6,80,0.0,2.2
2021-01-03,Mumbai,28.7,75,0.0,2.7
2021-01-04,Mumbai,22.9,80,0.0,4.4
2021-01-05,Mumbai,23.6,79,0.0,1.8
2021-01-06,Mumbai,26.0,81,0.0,2.6
2021-01-07,Mumbai,22.1,89,0.0,6.4
2021-01-08,Mumbai,29.7,77,0.0,1.8
2021-01-09,Mumbai,26.1,89,0.0,2.4
2021-01-10,Mumbai,23.5,81,5.0,1.6
2021-01-11,Mumbai,24.2,85,0.0,3.3
2021-01-12,Mumbai,20.4,75,0.0,4.4
2021-01-13,Mumbai,23.9,92,0.0,3.5
2021-01-14,Mumbai,25.8,80,0.0,3.2
2021-01-15,Mumbai,24.0,85,0.0,1.4
2021-01-16,Mumbai,26.6,79,0.0,1.8
2021-01-17,Mumbai,24.4,78,0.0,2.2
2021-01-18,Mumbai,23.3,81,0.0,4.1
2021-01-19,Mumbai,26.2,85,0.0,2.8
2021-01-20,Mumbai,25.6,85,0.0,2.3
2021-01-21,Mumbai,24.6,88,0.0,3.9
2021-01-22,Mumbai,24.8,92,0.0,2.1
2021-01-23,Mumbai,23.1,85,0.0,3.6
2021-01-24,Mumbai,27.4,93,0.0,2.7
2021-01-25,Mumbai,23.0,89,0.0,1.9
2021-01-26,Mumbai,25.2,81,0.0,1.3
2021-01-27,Mumbai,27.3,100,0.0,2.2
2021-01-28,Mumbai,24.6,86,0.0,3.7
2021-01-29,Mumbai,25.2,76,0.0,3.1
2021-01-30,Mumbai,25.0,86,7.2,3.6
2021-01-31,Mumbai,21.8,81,0.0,3.4
2021-02-01,Mumbai,23.2,97,0.0,2.7
2021-02-02,Mumbai,22.2,80,0.0,3.0
2021-02-03,Mumbai,22.2,85,0.0,2.4
2021-02-04,Mumbai,24.1,97,0.0,3.4
2021-02-05,Mumbai,23.7,85,0.0,1.9
2021-02-06,Mumbai,23.7,86,0.0,2.6
2021-02-07,Mumbai,23.0,81,6.5,4.8
2021-02-08,Mumbai,23.7,81,0.0,3.4
2021-02-09,Mumbai,24.7,77,0.0,2.8
2021-02-10,Mumbai,23.3,91,0.0,2.3
2021-02-11,Mumbai,27.5,71,0.0,3.2
2021-02-12,Mumbai,25.6,80,0.0,2.6
2021-02-13,Mumbai,25.7,92,0.0,2.5
2021-02-14,Mumbai,26.2,92,0.0,1.6
2021-02-15,Mumbai,24.2,77,0.0,3.0
2021-02-16,Mumbai,22.6,79,1.4,2.3
2021-02-17,Mumbai,25.9,76,0.0,3.1
2021-02-18,Mumbai,21.8,76,0.0,3.4
2021-02-19,Mumbai,23.1,84,0.0,4.3
2021-02-20,Mumbai,27.5,76,0.0,1.9
2021-02-21,Mumbai,22.3,88,4.5,3.9
2021-02-22,Mumbai,23.1,89,8.3,4.1
2021-02-23,Mumbai,23.9,81,0.0,4.7
2021-02-24,Mumbai,25.9,90,6.3,3.5
2021-02-25,Mumbai,25.5,74,0.0,4.1
2021-02-26,Mumbai,24.4,81,0.0,3.0
2021-02-27,Mumbai,22.7,81,0.0,0.8
2021-02-28,Mumbai,23.3,73,0.0,3.0
2021-03-01,Mumbai,23.0,87,0.0,2.5
2021-03-02,Mumbai,22.5,70,0.0,3.0
2021-03-03,Mumbai,25.8,80,0.0,2.3
2021-03-04,Mumbai,24.6,81,24.2,3.5
2021-03-05,Mumbai,27.3,74,0.0,3.7
2021-03-06,Mumbai,29.7,85,0.0,2.0
2021-03-07,Mumbai,25.3,81,0.0,2.9
2021-03-08,Mumbai,22.8,81,0.0,2.2
2021-03-09,Mumbai,24.5,82,2.3,1.1
2021-03-10,Mumbai,24.4,73,0.0,3.6
2021-03-11,Mumbai,28.2,77,2.8,2.2
2021-03-12,Mumbai,24.0,80,0.0,1.8
2021-03-13,Mumbai,26.3,73,0.0,1.6
2021-03-14,Mumbai,23.4,76,0.0,2.5
2021-03-15,Mumbai,29.0,77,0.0,3.8
2021-03-16,Mumbai,26.9,78,0.0,3.3
2021-03-17,Mumbai,21.9,74,0.0,4.5
2021-03-18,Mumbai,25.9,81,0.0,2.6
2021-03-19,Mumbai,26.2,81,0.0,2.3
2021-03-20,Mumbai,25.3,73,0.0,2.8
2021-03-21,Mumbai,27.0,77,0.0,3.7
2021-03-22,Mumbai,25.7,72,0.0,2.6
2021-03-23,Mumbai,23.1,76,0.0,2.5
2021-03-24,Mumbai,28.4,73,0.0,1.8
2021-03-25,Mumbai,23.6,78,0.0,3.5
2021-03-26,Mumbai,29.9,76,0.0,2.5
2021-03-27,Mumbai,25.7,76,0.0,3.7
2021-03-28,Mumbai,28.8,75,0.0,2.7
2021-03-29,Mumbai,29.2,76,0.0,1.9
2021-03-30,Mumbai,28.8,83,0.0,2.7
2021-03-31,Mumbai,25.7,67,0.0,3.6
2021-04-01,Mumbai,27.6,64,0.0,1.6
2021-04-02,Mumbai,27.6,75,0.0,1.2
2021-04-03,Mumbai,21.7,69,7.8,1.8
2021-04-04,Mumbai,27.7,78,0.0,3.3
2021-04-05,Mumbai,24.9,75,0.0,3.9
2021-04-06,Mumbai,26.7,74,0.0,3.9
2021-04-07,Mumbai,25.4,78,0.0,4.1
2021-04-08,Mumbai,27.9,67,0.0,2.2
2021-04-09,Mumbai,27.7,73,0.0,2.7
2021-04-10,Mumbai,27.6,74,0.0,2.5
2021-04-11,Mumbai,25.7,78,0.0,2.5
2021-04-12,Mumbai,29.4,77,0.0,0.8
2021-04-13,Mumbai,27.4,72,0.0,2.5
2021-04-14,Mumbai,26.0,72,0.0,4.1
2021-04-15,Mumbai,22.9,84,0.0,2.7
2021-04-16,Mumbai,23.1,72,0.0,3.3
2021-04-17,Mumbai,25.4,72,0.0,1.3
2021-04-18,Mumbai,25.9,76,0.0,2.9
2021-04-19,Mumbai,24.8,69,0.0,5.6
2021-04-20,Mumbai,26.2,76,2.1,1.9
2021-04-21,Mumbai,25.9,77,0.0,4.3
2021-04-22,Mumbai,28.1,72,0.0,2.0
2021-04-23,Mumbai,30.2,80,7.5,4.4
2021-04-24,Mumbai,27.2,78,9.1,3.7
2021-04-25,Mumbai,27.1,72,0.0,2.5
2021-04-26,Mumbai,28.4,81,0.0,3.6
2021-04-27,Mumbai,28.5,71,0.0,3.1
2021-04-28,Mumbai,25.8,71,0.0,2.6
2021-04-29,Mumbai,30.1,74,3.6,2.5
2021-04-30,Mumbai,30.1,76,0.0,2.5
2021-05-01,Mumbai,27.7,73,0.0,2.8
2021-05-02,Mumbai,32.6,69,0.0,2.0
2021-05-03,Mumbai,24.7,60,0.0,1.9
2021-05-04,Mumbai,22.5,67,9.0,1.5
2021-05-05,Mumbai,28.0,69,0.9,2.2
2021-05-06,Mumbai,27.4,74,0.0,1.7
2021-05-07,Mumbai,28.4,68,0.0,4.4
2021-05-08,Mumbai,30.7,73,0.0,1.1
2021-05-09,Mumbai,26.8,68,0.0,4.1
2021-05-10,Mumbai,28.1,73,16.0,1.8
2021-05-11,Mumbai,30.1,68,0.0,4.0
2021-05-12,Mumbai,25.3,66,0.0,3.1
2021-05-13,Mumbai,28.6,65,0.0,3.0
2021-05-14,Mumbai,31.5,74,0.0,3.0
2021-05-15,Mumbai,28.0,68,0.0,2.0
2021-05-16,Mumbai,30.6,66,0.0,2.1
2021-05-17,Mumbai,30.1,76,0.0,2.6
2021-05-18,Mumbai,29.1,71,0.0,2.2
2021-05-19,Mumbai,30.9,63,0.0,3.9
2021-05-20,Mumbai,30.7,70,0.0,4.2
2021-05-21,Mumbai,28.6,60,7.6,4.6
2021-05-22,Mumbai,26.7,62,0.0,3.9
2021-05-23,Mumbai,26.2,66,0.0,3.2
2021-05-24,Mumbai,31.3,66,0.0,2.7
2021-05-25,Mumbai,27.1,66,0.0,4.6
2021-05-26,Mumbai,29.9,68,0.0,3.3
2021-05-27,Mumbai,30.9,73,0.0,3.4
2021-05-28,Mumbai,25.9,73,0.0,2.7
2021-05-29,Mumbai,29.7,66,0.0,3.4
2021-05-30,Mumbai,31.1,66,0.0,4.0
2021-05-31,Mumbai,27.3,61,1.7,3.4
2021-06-01,Mumbai,27.2,66,9.9,6.1
2021-06-02,Mumbai,28.0,63,5.0,6.1
2021-06-03,Mumbai,30.5,70,2.9,5.7
2021-06-04,Mumbai,29.1,64,16.0,5.0
2021-06-05,Mumbai,28.3,74,15.8,4.7
2021-06-06,Mumbai,33.6,63,6.1,4.2
2021-06-07,Mumbai,29.4,62,10.6,5.3
2021-06-08,Mumbai,32.0,69,0.7,2.0
2021-06-09,Mumbai,32.7,57,5.4,4.7
2021-06-10,Mumbai,27.3,73,7.1,6.1
2021-06-11,Mumbai,31.8,74,13.5,5.0
2021-06-12,Mumbai,27.2,68,11.1,5.0
2021-06-13,Mumbai,29.2,62,16.7,5.5
2021-06-14,Mumbai,25.7,62,17.3,4.1
2021-06-15,Mumbai,32.4,70,5.5,7.5
2021-06-16,Mumbai,29.1,62,7.6,6.5
2021-06-17,Mumbai,31.5,61,4.2,4.8
2021-06-18,Mumbai,33.5,68,23.3,4.6
2021-06-19,Mumbai,26.3,67,6.9,5.6
2021-06-20,Mumbai,31.3,69,7.8,6.4
2021-06-21,Mumbai,31.9,68,4.7,4.5
2021-06-22,Mumbai,30.4,66,4.3,5.6
2021-06-23,Mumbai,30.4,64,0.0,3.9
2021-06-24,Mumbai,32.6,69,5.0,4.9
2021-06-25,Mumbai,29.2,63,11.5,5.0
2021-06-26,Mumbai,27.6,60,12.8,5.2
2021-06-27,Mumbai,27.4,64,14.4,5.2
2021-06-28,Mumbai,31.3,68,9.9,5.1
2021-06-29,Mumbai,28.0,67,5.6,3.1
2021-06-30,Mumbai,30.8,55,5.4,4.9
2021-07-01,Mumbai,27.6,64,1.0,4.9
2021-07-02,Mumbai,30.7,67,3.9,5.8
2021-07-03,Mumbai,31.0,68,14.6,5.0
2021-07-04,Mumbai,31.6,72,7.3,2.8
2021-07-05,Mumbai,29.3,62,5.1,7.7
2021-07-06,Mumbai,31.6,70,10.1,4.8
2021-07-07,Mumbai,31.3,62,8.3,3.7
2021-07-08,Mumbai,30.6,59,5.4,5.1
2021-07-09,Mumbai,28.0,65,4.6,5.7
2021-07-10,Mumbai,28.8,78,5.0,4.1
2021-07-11,Mumbai,30.6,66,11.0,5.2
2021-07-12,Mumbai,30.5,65,4.5,3.7
2021-07-13,Mumbai,30.5,60,18.7,6.4
2021-07-14,Mumbai,30.3,64,5.4,4.0
2021-07-15,Mumbai,28.2,65,0.0,4.5
2021-07-16,Mumbai,30.3,57,0.0,4.6
2021-07-17,Mumbai,28.6,65,2.1,5.4
2021-07-18,Mumbai,30.0,63,3.5,6.0
2021-07-19,Mumbai,29.1,69,18.5,6.8
2021-07-20,Mumbai,30.6,66,6.8,7.5
2021-07-21,Mumbai,30.6,69,8.1,4.9
2021-07-22,Mumbai,32.0,66,3.5,4.0
2021-07-23,Mumbai,33.5,58,18.4,5.6
2021-07-24,Mumbai,28.6,64,7.3,5.3
2021-07-25,Mumbai,28.1,64,20.6,6.0
2021-07-26,Mumbai,29.4,68,7.3,4.7
2021-07-27,Mumbai,28.1,64,5.8,5.0
2021-07-28,Mumbai,30.9,62,31.2,5.6
2021-07-29,Mumbai,32.6,58,3.0,5.6
2021-07-30,Mumbai,29.6,63,18.6,3.8
2021-07-31,Mumbai,31.3,72,3.1,4.9
2021-08-01,Mumbai,26.7,72,14.4,4.4
2021-08-02,Mumbai,30.1,71,15.3,6.9
2021-08-03,Mumbai,29.0,59,5.6,4.6
2021-08-04,Mumbai,28.5,61,8.3,5.4
2021-08-05,Mumbai,28.4,58,17.2,5.5
2021-08-06,Mumbai,30.9,67,2.7,3.8
2021-08-07,Mumbai,29.3,69,15.3,5.0
2021-08-08,Mumbai,24.5,67,25.2,3.7
2021-08-09,Mumbai,32.2,67,5.9,4.5
2021-08-10,Mumbai,26.8,67,8.8,3.6
2021-08-11,Mumbai,25.7,74,0.0,6.2
2021-08-12,Mumbai,34.1,63,2.2,6.1
2021-08-13,Mumbai,30.4,66,10.4,7.2
2021-08-14,Mumbai,29.9,63,1.6,5.6
2021-08-15,Mumbai,28.4,72,2.2,5.6
2021-08-16,Mumbai,30.6,69,11.5,5.8
2021-08-17,Mumbai,27.8,70,6.9,6.7
2021-08-18,Mumbai,26.7,66,2.7,6.6
2021-08-19,Mumbai,26.4,71,1.9,3.8
2021-08-20,Mumbai,28.1,67,13.1,5.4
2021-08-21,Mumbai,30.5,69,5.3,5.0
2021-08-22,Mumbai,31.0,55,9.9,3.9
2021-08-23,Mumbai,29.6,68,3.2,4.8
2021-08-24,Mumbai,30.6,65,4.8,5.5
2021-08-25,Mumbai,28.4,60,8.1,4.6
2021-08-26,Mumbai,28.2,74,17.4,6.5
2021-08-27,Mumbai,32.0,62,15.0,4.4
2021-08-28,Mumbai,30.2,71,3.5,5.8
2021-08-29,Mumbai,32.5,66,0.0,4.6
2021-08-30,Mumbai,31.3,67,20.0,3.5
2021-08-31,Mumbai,26.7,68,15.3,4.4
2021-09-01,Mumbai,26.2,62,3.6,4.2
2021-09-02,Mumbai,31.4,69,0.0,5.7
2021-09-03,Mumbai,29.7,58,2.6,6.4
2021-09-04,Mumbai,33.8,68,12.6,6.7
2021-09-05,Mumbai,28.6,67,11.2,4.4
2021-09-06,Mumbai,26.0,69,2.8,5.5
2021-09-07,Mumbai,26.7,63,0.9,5.6
2021-09-08,Mumbai,28.4,78,3.7,4.0
2021-09-09,Mumbai,30.3,71,10.6,4.5
2021-09-10,Mumbai,24.4,69,7.5,5.2
2021-09-11,Mumbai,30.9,71,5.2,5.2
2021-09-12,Mumbai,29.7,67,10.2,4.0
2021-09-13,Mumbai,28.8,69,8.1,5.9
2021-09-14,Mumbai,27.2,74,2.2,4.5
2021-09-15,Mumbai,30.1,70,6.1,3.9
2021-09-16,Mumbai,28.8,73,3.6,3.6
2021-09-17,Mumbai,27.3,71,4.7,4.3
2021-09-18,Mumbai,26.8,65,5.0,3.8
2021-09-19,Mumbai,30.9,71,2.4,5.9
2021-09-20,Mumbai,29.4,72,7.7,5.2
2021-09-21,Mumbai,27.0,76,4.7,4.6
2021-09-22,Mumbai,30.0,71,13.4,5.6
2021-09-23,Mumbai,26.6,67,0.0,4.3
2021-09-24,Mumbai,27.9,75,11.1,4.1
2021-09-25,Mumbai,28.8,81,6.3,5.2
2021-09-26,Mumbai,30.5,79,3.4,6.4
2021-09-27,Mumbai,27.5,68,0.0,4.0
2021-09-28,Mumbai,25.9,78,0.0,3.1
2021-09-29,Mumbai,28.4,66,0.0,2.8
2021-09-30,Mumbai,27.0,72,0.0,3.4
2021-10-01,Mumbai,24.1,76,0.0,3.3
2021-10-02,Mumbai,27.5,80,0.0,3.0
2021-10-03,Mumbai,26.6,71,0.0,4.5
2021-10-04,Mumbai,20.7,74,0.0,2.4
2021-10-05,Mumbai,25.6,69,0.0,4.2
2021-10-06,Mumbai,26.0,76,0.0,1.9
2021-10-07,Mumbai,30.5,72,0.0,2.5
2021-10-08,Mumbai,26.0,79,0.0,3.7
2021-10-09,Mumbai,25.7,69,0.0,1.4
2021-10-10,Mumbai,27.5,79,0.0,2.0
2021-10-11,Mumbai,26.9,72,0.0,3.5
2021-10-12,Mumbai,27.5,84,0.0,0.6
2021-10-13,Mumbai,26.0,77,0.0,3.3
2021-10-14,Mumbai,26.9,74,0.0,1.6
2021-10-15,Mumbai,23.8,82,16.2,4.2
2021-10-16,Mumbai,21.4,79,0.0,2.5
2021-10-17,Mumbai,29.0,81,11.9,3.0
2021-10-18,Mumbai,27.4,74,0.0,3.1
2021-10-19,Mumbai,24.4,83,0.0,1.8
2021-10-20,Mumbai,26.6,75,0.0,3.0
2021-10-21,Mumbai,27.2,71,0.0,3.3
2021-10-22,Mumbai,28.5,78,17.6,3.9
2021-10-23,Mumbai,26.2,76,0.0,2.3
2021-10-24,Mumbai,22.6,79,0.0,2.9
2021-10-25,Mumbai,24.7,78,0.0,2.7
2021-10-26,Mumbai,28.4,83,0.0,3.5
2021-10-27,Mumbai,26.2,74,0.0,3.0
2021-10-28,Mumbai,25.2,74,0.0,3.3
2021-10-29,Mumbai,22.4,75,0.0,4.0
2021-10-30,Mumbai,28.4,70,5.1,2.6
2021-10-31,Mumbai,23.9,80,11.4,1.4
2021-11-01,Mumbai,26.5,85,0.0,1.8
2021-11-02,Mumbai,28.1,87,0.0,3.1
2021-11-03,Mumbai,26.2,71,0.0,0.5
2021-11-04,Mumbai,27.3,86,0.0,3.4
2021-11-05,Mumbai,25.1,83,7.9,4.2
2021-11-06,Mumbai,25.5,84,0.0,4.5
2021-11-07,Mumbai,22.3,86,1.4,2.5
2021-11-08,Mumbai,27.0,82,5.9,2.3
2021-11-09,Mumbai,24.1,90,0.0,1.8
2021-11-10,Mumbai,25.7,90,0.0,1.7
2021-11-11,Mumbai,24.6,78,0.0,4.8
2021-11-12,Mumbai,26.5,76,0.0,3.8
2021-11-13,Mumbai,25.3,76,9.7,2.6
2021-11-14,Mumbai,25.7,83,0.0,4.4
2021-11-15,Mumbai,27.5,83,0.0,4.1
2021-11-16,Mumbai,23.4,81,0.0,3.0
2021-11-17,Mumbai,25.4,81,0.0,2.7
2021-11-18,Mumbai,25.7,77,0.0,3.8
2021-11-19,Mumbai,25.4,84,0.0,1.7
2021-11-20,Mumbai,24.7,86,0.0,2.3
2021-11-21,Mumbai,20.6,77,0.0,1.4
2021-11-22,Mumbai,21.8,84,0.0,3.6
2021-11-23,Mumbai,24.2,79,0.0,3.8
2021-11-24,Mumbai,23.9,78,0.0,3.5
2021-11-25,Mumbai,28.2,84,0.0,5.8
2021-11-26,Mumbai,24.0,83,0.0,4.2
2021-11-27,Mumbai,22.1,84,0.0,2.1
2021-11-28,Mumbai,27.5,84,0.0,2.4
2021-11-29,Mumbai,22.5,80,0.0,0.7
2021-11-30,Mumbai,24.6,86,0.0,2.3
2021-12-01,Mumbai,27.5,74,0.0,2.8
2021-12-02,Mumbai,24.1,82,0.0,3.5
2021-12-03,Mumbai,19.9,82,0.0,2.6
2021-12-04,Mumbai,25.0,78,6.4,4.0
2021-12-05,Mumbai,23.4,75,0.0,2.3
2021-12-06,Mumbai,22.1,71,0.0,5.0
2021-12-07,Mumbai,26.9,85,0.0,2.8
2021-12-08,Mumbai,25.7,82,0.0,2.8
2021-12-09,Mumbai,22.3,84,0.0,2.8
2021-12-10,Mumbai,28.4,80,13.1,3.9
2021-12-11,Mumbai,25.3,81,0.0,2.8
2021-12-12,Mumbai,23.4,79,0.0,2.3
2021-12-13,Mumbai,26.1,80,0.0,1.7
2021-12-14,Mumbai,24.9,91,0.0,4.7
2021-12-15,Mumbai,23.2,87,0.0,2.4
2021-12-16,Mumbai,23.6,85,0.0,3.7
2021-12-17,Mumbai,22.4,87,0.0,2.5
2021-12-18,Mumbai,25.4,86,0.0,4.6
2021-12-19,Mumbai,25.0,89,0.0,1.7
2021-12-20,Mumbai,23.2,88,0.0,3.6
2021-12-21,Mumbai,28.9,81,0.0,3.4
2021-12-22,Mumbai,23.6,81,0.0,3.6
2021-12-23,Mumbai,23.9,82,0.0,3.0
2021-12-24,Mumbai,23.0,86,0.0,1.2
2021-12-25,Mumbai,23.3,82,0.0,2.9
2021-12-26,Mumbai,21.6,84,0.0,4.9
2021-12-27,Mumbai,24.0,87,0.0,3.4
2021-12-28,Mumbai,25.1,82,0.0,3.2
2021-12-29,Mumbai,25.2,85,0.0,3.6
2021-12-30,Mumbai,23.3,84,0.0,4.0
2021-12-31,Mumbai,24.9,86,0.0,2.3
2022-01-01,Mumbai,22.7,88,0.0,3.6
2022-01-02,Mumbai,26.4,75,0.0,4.2
2022-01-03,Mumbai,23.6,83,0.0,2.5
2022-01-04,Mumbai,23.9,86,0.0,2.6
2022-01-05,Mumbai,25.5,91,0.0,3.2
2022-01-06,Mumbai,22.4,88,0.0,3.4
2022-01-07,Mumbai,22.7,89,0.0,3.9
2022-01-08,Mumbai,26.8,86,0.0,2.5
2022-01-09,Mumbai,24.5,86,0.0,5.0
2022-01-10,Mumbai,25.6,97,15.7,1.7
2022-01-11,Mumbai,23.8,94,0.0,2.9
2022-01-12,Mumbai,21.4,84,0.0,2.9
2022-01-13,Mumbai,22.4,83,0.0,4.2
2022-01-14,Mumbai,23.3,86,0.0,3.2
2022-01-15,Mumbai,19.6,84,0.0,4.9
2022-01-16,Mumbai,23.9,90,0.0,1.2
2022-01-17,Mumbai,24.3,81,0.0,2.8
2022-01-18,Mumbai,23.1,92,0.0,3.6
2022-01-19,Mumbai,23.7,91,0.0,4.0
2022-01-20,Mumbai,24.9,77,0.0,2.3
2022-01-21,Mumbai,26.4,92,0.0,2.9
2022-01-22,Mumbai,21.6,86,0.0,4.4
2022-01-23,Mumbai,24.4,86,0.0,3.6
2022-01-24,Mumbai,22.9,79,0.0,2.9
2022-01-25,Mumbai,23.6,92,0.0,4.0
2022-01-26,Mumbai,23.5,86,0.0,3.0
2022-01-27,Mumbai,24.8,82,3.0,2.2
2022-01-28,Mumbai,23.0,85,25.1,1.5
2022-01-29,Mumbai,25.7,80,0.0,4.0
2022-01-30,Mumbai,26.9,82,0.0,3.1
2022-01-31,Mumbai,22.0,84,26.8,4.2
2022-02-01,Mumbai,24.7,88,4.1,4.6
2022-02-02,Mumbai,20.9,76,0.0,3.7
2022-02-03,Mumbai,23.5,84,0.0,2.9
2022-02-04,Mumbai,25.9,83,6.1,3.3
2022-02-05,Mumbai,23.8,80,0.0,4.8
2022-02-06,Mumbai,25.6,77,0.0,2.5
2022-02-07,Mumbai,24.3,83,0.0,0.8
2022-02-08,Mumbai,22.2,83,0.0,3.0
2022-02-09,Mumbai,23.8,83,0.0,4.3
2022-02-10,Mumbai,25.9,83,0.0,3.4
2022-02-11,Mumbai,23.3,80,0.0,2.7
2022-02-12,Mumbai,21.2,76,0.0,4.1
2022-02-13,Mumbai,22.6,83,0.0,1.9
2022-02-14,Mumbai,25.8,81,0.0,4.9
2022-02-15,Mumbai,26.2,76,0.0,1.9
2022-02-16,Mumbai,30.5,84,0.0,2.5
2022-02-17,Mumbai,26.9,80,0.0,0.9
2022-02-18,Mumbai,23.3,84,0.0,3.1
2022-02-19,Mumbai,25.0,83,0.0,2.5
2022-02-20,Mumbai,25.9,80,0.0,3.1
2022-02-21,Mumbai,25.7,77,0.0,1.6
2022-02-22,Mumbai,25.3,75,0.0,3.0
2022-02-23,Mumbai,24.8,81,0.0,3.1
2022-02-24,Mumbai,24.7,77,0.0,3.1
2022-02-25,Mumbai,30.5,91,0.0,2.9
2022-02-26,Mumbai,27.3,81,0.0,1.6
2022-02-27,Mumbai,21.9,77,0.0,3.7
2022-02-28,Mumbai,23.5,81,0.0,3.5
2022-03-01,Mumbai,25.1,82,0.0,2.2
2022-03-02,Mumbai,25.8,83,13.7,2.5
2022-03-03,Mumbai,26.6,77,0.0,5.2
2022-03-04,Mumbai,23.5,83,0.0,1.7
2022-03-05,Mumbai,23.8,86,0.0,2.1
2022-03-06,Mumbai,20.6,76,0.0,2.2
2022-03-07,Mumbai,25.5,78,0.0,2.4
2022-03-08,Mumbai,23.6,65,0.0,4.6
2022-03-09,Mumbai,24.6,83,9.2,0.9
2022-03-10,Mumbai,21.8,82,0.0,2.8
2022-03-11,Mumbai,27.1,73,0.0,4.4
2022-03-12,Mumbai,26.0,77,0.0,3.1
2022-03-13,Mumbai,26.4,79,0.0,2.9
2022-03-14,Mumbai,23.6,76,0.0,4.5
2022-03-15,Mumbai,24.8,77,0.0,4.1
2022-03-16,Mumbai,28.1,81,11.8,3.0
2022-03-17,Mumbai,25.6,88,0.0,3.5
2022-03-18,Mumbai,27.5,78,0.0,4.9
2022-03-19,Mumbai,27.0,85,0.0,2.9
2022-03-20,Mumbai,28.9,77,0.0,4.3
2022-03-21,Mumbai,27.8,80,18.6,3.8
2022-03-22,Mumbai,21.9,88,14.1,3.0
2022-03-23,Mumbai,22.8,88,0.0,3.2
2022-03-24,Mumbai,25.3,80,0.0,4.1
2022-03-25,Mumbai,19.2,84,0.0,5.0
2022-03-26,Mumbai,25.0,78,0.0,2.9
2022-03-27,Mumbai,25.3,81,0.0,4.5
2022-03-28,Mumbai,27.7,76,0.0,3.7
2022-03-29,Mumbai,27.8,79,0.0,2.9
2022-03-30,Mumbai,26.0,73,0.0,2.0
2022-03-31,Mumbai,24.0,84,0.0,3.7
2022-04-01,Mumbai,25.9,75,0.0,6.2
2022-04-02,Mumbai,25.5,73,0.0,1.1
2022-04-03,Mumbai,31.2,77,0.0,1.0
2022-04-04,Mumbai,27.6,88,19.4,1.9
2022-04-05,Mumbai,26.8,70,0.0,2.3
2022-04-06,Mumbai,23.4,65,0.0,2.0
2022-04-07,Mumbai,28.8,81,0.0,2.5
2022-04-08,Mumbai,23.2,81,0.0,4.1
2022-04-09,Mumbai,29.9,77,0.0,3.2
2022-04-10,Mumbai,27.6,73,0.0,4.6
2022-04-11,Mumbai,25.1,71,0.0,4.0
2022-04-12,Mumbai,29.5,69,0.0,3.8
2022-04-13,Mumbai,24.6,72,0.0,2.1
2022-04-14,Mumbai,29.0,77,37.6,4.2
2022-04-15,Mumbai,26.7,75,0.0,3.4
2022-04-16,Mumbai,28.3,72,14.7,1.7
2022-04-17,Mumbai,27.9,73,0.0,2.4
2022-04-18,Mumbai,28.3,79,0.0,3.9
2022-04-19,Mumbai,26.0,76,0.0,2.0
2022-04-20,Mumbai,26.4,74,0.0,4.3
2022-04-21,Mumbai,26.9,70,0.0,1.8
2022-04-22,Mumbai,25.1,76,0.0,2.4
2022-04-23,Mumbai,27.5,80,0.0,2.8
2022-04-24,Mumbai,26.5,80,0.0,2.3
2022-04-25,Mumbai,25.8,84,0.0,2.6
2022-04-26,Mumbai,31.1,77,0.0,2.6
2022-04-27,Mumbai,31.3,71,0.0,4.1
2022-04-28,Mumbai,27.8,68,0.0,0.8
2022-04-29,Mumbai,26.0,58,9.5,2.6
2022-04-30,Mumbai,24.5,75,0.0,3.5
2022-05-01,Mumbai,28.4,75,0.0,3.8
2022-05-02,Mumbai,26.7,74,0.0,2.6
2022-05-03,Mumbai,30.1,80,0.0,3.1
2022-05-04,Mumbai,30.0,73,12.7,2.5
2022-05-05,Mumbai,26.9,71,0.0,2.6
2022-05-06,Mumbai,26.3,66,0.0,2.9
2022-05-07,Mumbai,31.3,70,0.0,3.0
2022-05-08,Mumbai,27.7,66,0.0,2.5
2022-05-09,Mumbai,29.1,70,0.0,1.8
2022-05-10,Mumbai,27.9,63,0.0,3.4
2022-05-11,Mumbai,28.8,65,0.0,2.4
2022-05-12,Mumbai,29.1,68,0.0,3.1
2022-05-13,Mumbai,25.8,70,0.0,3.6
2022-05-14,Mumbai,27.8,74,0.0,3.0
2022-05-15,Mumbai,26.2,70,0.0,3.7
2022-05-16,Mumbai,25.5,63,0.0,1.8
2022-05-17,Mumbai,29.2,64,2.6,1.7
2022-05-18,Mumbai,34.2,71,0.0,3.9
2022-05-19,Mumbai,29.0,63,0.0,2.7
2022-05-20,Mumbai,27.4,64,0.0,2.4
2022-05-21,Mumbai,26.4,70,0.0,2.7
2022-05-22,Mumbai,26.5,70,0.0,2.7
2022-05-23,Mumbai,28.6,70,0.0,1.8
2022-05-24,Mumbai,28.0,74,0.0,4.1
2022-05-25,Mumbai,28.7,66,0.0,4.5
2022-05-26,Mumbai,31.3,70,0.0,4.1
2022-05-27,Mumbai,29.2,67,0.0,2.8
2022-05-28,Mumbai,28.8,66,0.0,1.1
2022-05-29,Mumbai,29.8,71,0.0,2.3
2022-05-30,Mumbai,32.1,62,0.0,3.3
2022-05-31,Mumbai,27.3,70,1.4,4.2
2022-06-01,Mumbai,30.8,71,12.8,3.1
2022-06-02,Mumbai,31.0,68,0.0,4.3
2022-06-03,Mumbai,32.2,68,0.0,5.5
2022-06-04,Mumbai,29.0,60,7.3,2.5
2022-06-05,Mumbai,31.4,53,3.7,6.3
2022-06-06,Mumbai,31.0,69,1.5,3.7
2022-06-07,Mumbai,30.5,66,27.5,5.1
2022-06-08,Mumbai,31.9,65,16.8,5.8
2022-06-09,Mumbai,27.6,71,9.8,5.3
2022-06-10,Mumbai,29.0,69,3.7,6.4
2022-06-11,Mumbai,31.3,61,13.5,6.9
2022-06-12,Mumbai,30.2,63,3.3,4.9
2022-06-13,Mumbai,29.3,68,9.3,6.1
2022-06-14,Mumbai,30.8,65,0.0,5.5
2022-06-15,Mumbai,29.1,59,0.0,5.4
2022-06-16,Mumbai,31.4,56,0.1,4.3
2022-06-17,Mumbai,33.0,62,37.0,5.0
2022-06-18,Mumbai,30.2,66,9.1,3.8
2022-06-19,Mumbai,32.8,65,30.6,6.4
2022-06-20,Mumbai,29.4,74,6.1,4.5
2022-06-21,Mumbai,30.2,62,4.4,5.2
2022-06-22,Mumbai,32.0,72,12.7,5.9
2022-06-23,Mumbai,30.4,63,4.0,5.4
2022-06-24,Mumbai,31.6,71,7.8,5.0
2022-06-25,Mumbai,31.8,65,10.3,2.6
2022-06-26,Mumbai,30.5,64,4.9,3.6
2022-06-27,Mumbai,27.7,60,0.0,3.8
2022-06-28,Mumbai,30.7,61,23.4,5.8
2022-06-29,Mumbai,31.5,61,0.0,4.5
2022-06-30,Mumbai,29.5,63,9.6,3.6
2022-07-01,Mumbai,29.6,64,1.8,4.0
2022-07-02,Mumbai,28.4,54,2.0,4.1
2022-07-03,Mumbai,29.9,72,3.7,3.7
2022-07-04,Mumbai,30.6,61,8.7,4.6
2022-07-05,Mumbai,30.7,59,1.1,6.2
2022-07-06,Mumbai,31.0,67,9.9,4.5
2022-07-07,Mumbai,28.8,60,4.3,5.7
2022-07-08,Mumbai,28.8,57,12.8,4.8
2022-07-09,Mumbai,28.7,64,25.8,5.0
2022-07-10,Mumbai,29.3,70,24.6,3.9
2022-07-11,Mumbai,33.0,62,20.4,5.9
2022-07-12,Mumbai,29.3,66,15.2,4.0
2022-07-13,Mumbai,30.0,59,6.6,6.4
2022-07-14,Mumbai,32.4,57,7.0,4.1
2022-07-15,Mumbai,32.1,59,2.8,5.0
2022-07-16,Mumbai,30.6,73,2.8,4.6
2022-07-17,Mumbai,30.4,58,8.7,5.5
2022-07-18,Mumbai,29.8,61,4.4,7.4
2022-07-19,Mumbai,25.8,74,3.4,4.4
2022-07-20,Mumbai,27.2,79,0.0,6.4
2022-07-21,Mumbai,29.4,66,0.0,4.5
2022-07-22,Mumbai,30.1,65,13.1,3.8
2022-07-23,Mumbai,28.1,63,11.0,5.8
2022-07-24,Mumbai,25.1,57,6.1,5.6
2022-07-25,Mumbai,31.7,66,8.0,5.5
2022-07-26,Mumbai,29.7,62,6.4,4.8
2022-07-27,Mumbai,30.1,65,5.2,5.2
2022-07-28,Mumbai,27.2,66,18.8,3.2
2022-07-29,Mumbai,31.2,70,3.0,4.9
2022-07-30,Mumbai,32.8,62,9.0,5.4
2022-07-31,Mumbai,30.4,61,2.9,3.6
2022-08-01,Mumbai,30.3,56,6.2,4.1
2022-08-02,Mumbai,29.9,64,26.0,5.7
2022-08-03,Mumbai,26.8,66,15.9,5.3
2022-08-04,Mumbai,29.7,65,3.0,6.5
2022-08-05,Mumbai,27.8,62,0.0,6.0
2022-08-06,Mumbai,31.7,67,7.6,4.4
2022-08-07,Mumbai,29.7,63,7.7,4.2
2022-08-08,Mumbai,27.6,68,16.9,5.6
2022-08-09,Mumbai,31.4,71,7.0,3.9
2022-08-10,Mumbai,31.2,74,4.7,5.3
2022-08-11,Mumbai,29.4,73,14.0,5.3
2022-08-12,Mumbai,30.3,61,13.5,5.2
2022-08-13,Mumbai,29.9,74,6.6,6.1
2022-08-14,Mumbai,30.0,61,6.8,5.7
2022-08-15,Mumbai,28.3,65,14.1,5.2
2022-08-16,Mumbai,26.9,67,4.6,5.4
2022-08-17,Mumbai,31.1,61,1.7,6.0
2022-08-18,Mumbai,27.3,63,11.8,4.3
2022-08-19,Mumbai,32.5,58,5.8,5.6
2022-08-20,Mumbai,29.2,66,15.9,4.7
2022-08-21,Mumbai,30.6,68,24.3,4.5
2022-08-22,Mumbai,30.5,70,4.1,5.0
2022-08-23,Mumbai,28.0,66,10.6,5.8
2022-08-24,Mumbai,29.2,71,14.0,5.5
2022-08-25,Mumbai,26.6,62,5.2,5.4
2022-08-26,Mumbai,31.3,67,3.4,4.5
2022-08-27,Mumbai,29.6,60,2.4,5.8
2022-08-28,Mumbai,30.0,68,8.5,6.3
2022-08-29,Mumbai,29.2,66,3.7,6.3
2022-08-30,Mumbai,30.4,66,14.9,4.6
2022-08-31,Mumbai,29.5,76,5.4,4.4
2022-09-01,Mumbai,29.2,71,11.2,6.3
2022-09-02,Mumbai,31.7,74,7.6,3.9
2022-09-03,Mumbai,28.7,68,3.4,3.8
2022-09-04,Mumbai,27.8,70,4.1,4.9
2022-09-05,Mumbai,30.3,68,15.6,4.6
2022-09-06,Mumbai,30.4,69,12.0,4.7
2022-09-07,Mumbai,27.7,66,6.0,4.9
2022-09-08,Mumbai,26.3,63,5.4,6.2
2022-09-09,Mumbai,27.8,66,9.9,4.7
2022-09-10,Mumbai,30.9,66,10.6,4.6
2022-09-11,Mumbai,27.1,74,9.4,5.9
2022-09-12,Mumbai,26.5,75,15.8,4.8
2022-09-13,Mumbai,29.8,64,20.7,6.0
2022-09-14,Mumbai,27.9,69,10.8,4.3
2022-09-15,Mumbai,28.0,70,16.8,5.7
2022-09-16,Mumbai,31.1,84,2.1,4.5
2022-09-17,Mumbai,27.9,68,16.4,5.6
2022-09-18,Mumbai,27.3,69,6.0,5.4
2022-09-19,Mumbai,28.7,74,0.7,5.4
2022-09-20,Mumbai,30.5,69,16.2,5.4
2022-09-21,Mumbai,27.3,72,16.0,5.1
2022-09-22,Mumbai,29.0,74,0.0,4.5
2022-09-23,Mumbai,25.6,70,0.0,6.4
2022-09-24,Mumbai,29.0,73,4.8,4.1
2022-09-25,Mumbai,26.2,78,0.0,4.6
2022-09-26,Mumbai,28.8,75,2.6,4.3
2022-09-27,Mumbai,27.5,71,0.0,4.0
2022-09-28,Mumbai,23.1,69,0.0,1.3
2022-09-29,Mumbai,31.0,70,0.0,3.5
2022-09-30,Mumbai,26.2,68,11.9,3.1
2022-10-01,Mumbai,28.0,71,0.0,4.5
2022-10-02,Mumbai,22.6,63,0.0,3.9
2022-10-03,Mumbai,27.7,75,0.0,3.6
2022-10-04,Mumbai,26.7,78,0.0,2.8
2022-10-05,Mumbai,26.1,69,0.0,3.1
2022-10-06,Mumbai,24.6,70,0.0,0.9
2022-10-07,Mumbai,26.5,79,0.0,2.4
2022-10-08,Mumbai,27.7,71,0.0,2.3
2022-10-09,Mumbai,27.5,81,0.0,2.0
2022-10-10,Mumbai,28.9,76,0.0,3.1
2022-10-11,Mumbai,27.1,77,0.0,3.3
2022-10-12,Mumbai,27.9,78,0.0,2.4
2022-10-13,Mumbai,27.6,76,0.0,3.1
2022-10-14,Mumbai,26.1,76,0.0,0.9
2022-10-15,Mumbai,26.1,73,0.0,3.8
2022-10-16,Mumbai,24.7,78,0.0,1.9
2022-10-17,Mumbai,32.5,80,0.0,2.1
2022-10-18,Mumbai,27.0,70,3.2,3.4
2022-10-19,Mumbai,28.1,84,13.2,4.8
2022-10-20,Mumbai,27.1,77,0.0,1.4
2022-10-21,Mumbai,27.6,69,0.0,1.9
2022-10-22,Mumbai,30.9,79,0.0,3.3
2022-10-23,Mumbai,24.0,69,0.0,4.0
2022-10-24,Mumbai,25.5,79,0.0,3.6
2022-10-25,Mumbai,24.3,77,0.0,3.4
2022-10-26,Mumbai,25.7,73,9.4,1.7
2022-10-27,Mumbai,26.5,83,0.0,2.9
2022-10-28,Mumbai,27.0,79,0.0,2.9
2022-10-29,Mumbai,25.4,72,0.0,1.0
2022-10-30,Mumbai,29.8,77,0.0,3.3
2022-10-31,Mumbai,22.9,80,0.0,4.8
2022-11-01,Mumbai,25.6,77,0.0,2.8
2022-11-02,Mumbai,23.6,74,0.0,2.7
2022-11-03,Mumbai,28.8,72,0.0,4.6
2022-11-04,Mumbai,26.1,86,0.0,3.6
2022-11-05,Mumbai,26.3,83,0.0,3.2
2022-11-06,Mumbai,24.3,77,0.0,2.7
2022-11-07,Mumbai,27.7,79,5.2,4.5
2022-11-08,Mumbai,27.0,78,0.0,2.6
2022-11-09,Mumbai,28.5,80,0.0,3.3
2022-11-10,Mumbai,22.8,83,0.0,3.2
2022-11-11,Mumbai,24.6,83,0.7,2.8
2022-11-12,Mumbai,22.8,75,0.0,5.0
2022-11-13,Mumbai,24.8,70,0.0,4.2
2022-11-14,Mumbai,24.8,80,0.0,2.0
2022-11-15,Mumbai,24.3,91,0.0,3.3
2022-11-16,Mumbai,23.9,79,0.0,2.6
2022-11-17,Mumbai,23.6,79,16.6,2.8
2022-11-18,Mumbai,25.3,85,0.0,3.0
2022-11-19,Mumbai,28.6,81,0.0,3.8
2022-11-20,Mumbai,24.0,94,0.0,2.7
2022-11-21,Mumbai,26.3,85,0.0,2.3
2022-11-22,Mumbai,26.2,79,0.0,4.1
2022-11-23,Mumbai,27.2,75,3.9,3.2
2022-11-24,Mumbai,25.2,82,0.0,2.1
2022-11-25,Mumbai,25.1,76,0.0,4.7
2022-11-26,Mumbai,21.7,79,0.0,3.0
2022-11-27,Mumbai,26.0,88,0.0,1.5
2022-11-28,Mumbai,26.9,81,0.0,4.8
2022-11-29,Mumbai,24.8,83,0.0,3.1
2022-11-30,Mumbai,23.3,84,0.0,2.8
2022-12-01,Mumbai,22.8,84,0.0,2.5
2022-12-02,Mumbai,25.9,83,0.0,3.3
2022-12-03,Mumbai,24.3,71,0.0,2.2
2022-12-04,Mumbai,24.6,80,0.0,2.7
2022-12-05,Mumbai,25.0,82,0.0,3.3
2022-12-06,Mumbai,25.2,92,0.0,3.4
2022-12-07,Mumbai,25.0,79,0.0,2.1
2022-12-08,Mumbai,24.4,73,0.0,3.7
2022-12-09,Mumbai,25.4,87,0.0,3.3
2022-12-10,Mumbai,24.6,85,0.0,3.4
2022-12-11,Mumbai,25.0,89,0.0,3.2
2022-12-12,Mumbai,24.9,78,0.0,2.6
2022-12-13,Mumbai,21.7,86,0.0,3.7
2022-12-14,Mumbai,26.8,74,0.0,3.4
2022-12-15,Mumbai,24.3,81,0.0,5.5
2022-12-16,Mumbai,25.5,76,0.0,1.9
2022-12-17,Mumbai,21.9,86,0.0,3.4
2022-12-18,Mumbai,22.4,88,0.0,4.0
2022-12-19,Mumbai,26.0,76,0.0,2.9
2022-12-20,Mumbai,24.7,82,11.0,1.8
2022-12-21,Mumbai,24.3,90,0.0,1.7
2022-12-22,Mumbai,24.2,86,5.9,2.5
2022-12-23,Mumbai,24.5,80,0.0,2.5
2022-12-24,Mumbai,24.0,92,0.0,3.0
2022-12-25,Mumbai,25.6,82,0.0,2.9
2022-12-26,Mumbai,22.8,81,0.0,2.9
2022-12-27,Mumbai,24.4,83,0.0,2.6
2022-12-28,Mumbai,25.3,71,0.0,2.8
2022-12-29,Mumbai,25.3,89,0.0,4.4
2022-12-30,Mumbai,24.1,86,0.0,3.1
2022-12-31,Mumbai,23.6,85,0.0,3.4
2023-01-01,Mumbai,23.9,80,0.0,1.2
2023-01-02,Mumbai,26.7,86,0.0,2.8
2023-01-03,Mumbai,20.3,87,0.0,1.2
2023-01-04,Mumbai,25.8,78,0.0,3.5
2023-01-05,Mumbai,27.4,80,4.5,2.5
2023-01-06,Mumbai,21.0,83,0.0,3.2
2023-01-07,Mumbai,27.6,86,0.0,2.8
2023-01-08,Mumbai,27.0,86,0.0,4.1
2023-01-09,Mumbai,24.3,87,0.0,3.6
2023-01-10,Mumbai,24.9,80,0.0,3.4
2023-01-11,Mumbai,26.0,75,0.0,2.2
2023-01-12,Mumbai,21.7,92,0.0,3.6
2023-01-13,Mumbai,21.1,77,5.9,2.0
2023-01-14,Mumbai,26.9,92,0.0,2.5
2023-01-15,Mumbai,25.1,85,0.0,1.7
2023-01-16,Mumbai,26.8,82,0.0,4.4
2023-01-17,Mumbai,25.8,84,0.0,2.8
2023-01-18,Mumbai,23.6,82,0.0,4.0
2023-01-19,Mumbai,21.6,88,0.0,3.4
2023-01-20,Mumbai,22.2,89,13.2,4.1
2023-01-21,Mumbai,25.2,80,0.0,3.5
2023-01-22,Mumbai,24.3,85,0.0,2.0
2023-01-23,Mumbai,22.1,80,0.0,3.9
2023-01-24,Mumbai,23.4,81,0.0,2.1
2023-01-25,Mumbai,24.3,82,0.0,2.5
2023-01-26,Mumbai,22.4,78,0.0,3.8
2023-01-27,Mumbai,21.8,93,0.0,3.9
2023-01-28,Mumbai,25.6,77,19.0,2.2
2023-01-29,Mumbai,23.0,75,0.0,2.8
2023-01-30,Mumbai,24.2,77,0.0,1.8
2023-01-31,Mumbai,25.6,81,0.0,3.4
2023-02-01,Mumbai,22.1,86,0.0,2.8
2023-02-02,Mumbai,26.1,81,0.0,4.1
2023-02-03,Mumbai,25.4,84,0.0,3.8
2023-02-04,Mumbai,24.0,81,0.0,4.6
2023-02-05,Mumbai,26.3,88,0.0,2.1
2023-02-06,Mumbai,21.0,87,0.0,2.4
2023-02-07,Mumbai,21.6,82,0.0,3.7
2023-02-08,Mumbai,26.7,85,0.0,4.8
2023-02-09,Mumbai,25.7,80,0.0,1.5
2023-02-10,Mumbai,25.6,83,0.0,2.6
2023-02-11,Mumbai,24.3,88,0.0,2.8
2023-02-12,Mumbai,23.9,83,0.0,3.8
2023-02-13,Mumbai,22.2,80,0.0,3.7
2023-02-14,Mumbai,24.1,84,0.0,0.9
2023-02-15,Mumbai,21.6,86,0.0,2.4
2023-02-16,Mumbai,23.2,79,0.0,2.4
2023-02-17,Mumbai,25.4,79,0.0,3.9
2023-02-18,Mumbai,26.7,74,0.0,3.7
2023-02-19,Mumbai,24.6,75,0.0,2.2
2023-02-20,Mumbai,22.2,94,6.4,1.9
2023-02-21,Mumbai,25.7,80,0.0,4.0
2023-02-22,Mumbai,22.6,81,0.0,3.1
2023-02-23,Mumbai,24.0,77,0.0,4.0
2023-02-24,Mumbai,27.0,88,0.0,3.2
2023-02-25,Mumbai,21.5,76,8.4,4.8
2023-02-26,Mumbai,24.2,78,0.0,3.0
2023-02-27,Mumbai,22.5,86,0.0,0.9
2023-02-28,Mumbai,25.7,75,0.0,3.0
2023-03-01,Mumbai,23.1,86,0.0,1.6
2023-03-02,Mumbai,25.0,83,0.0,3.2
2023-03-03,Mumbai,21.7,87,0.0,4.0
2023-03-04,Mumbai,23.4,80,0.0,3.2
2023-03-05,Mumbai,22.9,85,0.0,2.3
2023-03-06,Mumbai,27.6,75,0.0,0.8
2023-03-07,Mumbai,28.9,81,0.0,3.8
2023-03-08,Mumbai,23.6,79,0.0,4.3
2023-03-09,Mumbai,22.9,70,0.0,3.1
2023-03-10,Mumbai,24.9,76,0.0,2.2
2023-03-11,Mumbai,25.6,81,11.5,1.6
2023-03-12,Mumbai,25.7,78,0.0,3.8
2023-03-13,Mumbai,24.6,83,0.0,2.3
2023-03-14,Mumbai,26.6,81,0.0,3.4
2023-03-15,Mumbai,27.1,80,0.0,3.0
2023-03-16,Mumbai,25.3,89,0.0,2.6
2023-03-17,Mumbai,26.3,74,0.0,3.8
2023-03-18,Mumbai,27.6,79,0.0,3.0
2023-03-19,Mumbai,25.2,90,0.0,1.4
2023-03-20,Mumbai,25.9,80,0.0,4.5
2023-03-21,Mumbai,25.1,80,0.0,3.3
2023-03-22,Mumbai,25.3,81,0.0,3.6
2023-03-23,Mumbai,27.7,75,0.0,3.1
2023-03-24,Mumbai,26.3,75,0.0,4.1
2023-03-25,Mumbai,28.4,73,0.0,2.4
2023-03-26,Mumbai,28.3,77,2.4,2.4
2023-03-27,Mumbai,27.2,77,0.0,2.6
2023-03-28,Mumbai,27.5,71,0.0,3.9
2023-03-29,Mumbai,27.2,79,0.0,3.5
2023-03-30,Mumbai,24.7,74,0.0,3.0
2023-03-31,Mumbai,25.1,75,0.0,3.7
2023-04-01,Mumbai,22.4,70,0.0,1.0
2023-04-02,Mumbai,29.4,81,12.3,1.7
2023-04-03,Mumbai,24.2,76,0.0,4.3
2023-04-04,Mumbai,23.6,85,0.0,1.5
2023-04-05,Mumbai,29.4,84,0.0,3.1
2023-04-06,Mumbai,21.8,70,0.0,1.3
2023-04-07,Mumbai,26.7,82,0.0,3.1
2023-04-08,Mumbai,29.4,76,0.0,2.4
2023-04-09,Mumbai,26.2,72,0.0,3.5
2023-04-10,Mumbai,23.5,69,0.0,3.6
2023-04-11,Mumbai,24.5,72,0.0,2.1
2023-04-12,Mumbai,24.3,71,0.0,4.1
2023-04-13,Mumbai,28.6,79,0.0,2.8
2023-04-14,Mumbai,26.9,70,0.0,3.0
2023-04-15,Mumbai,26.6,66,3.2,4.4
2023-04-16,Mumbai,23.1,79,0.0,1.6
2023-04-17,Mumbai,24.7,81,0.0,3.2
2023-04-18,Mumbai,24.7,66,0.0,4.8
2023-04-19,Mumbai,28.2,83,0.0,3.8
2023-04-20,Mumbai,28.1,80,0.0,2.5
2023-04-21,Mumbai,32.1,79,0.0,2.2
2023-04-22,Mumbai,27.2,68,0.0,2.8
2023-04-23,Mumbai,24.4,68,0.0,4.8
2023-04-24,Mumbai,24.0,63,0.0,2.0
2023-04-25,Mumbai,30.5,69,0.0,4.3
2023-04-26,Mumbai,24.5,66,11.1,3.9
2023-04-27,Mumbai,26.6,66,0.0,3.3
2023-04-28,Mumbai,26.6,73,0.0,2.5
2023-04-29,Mumbai,27.7,78,0.0,5.6
2023-04-30,Mumbai,31.5,85,0.0,1.7
2023-05-01,Mumbai,28.8,67,0.0,2.1
2023-05-02,Mumbai,23.6,71,0.0,0.5
2023-05-03,Mumbai,30.6,72,0.0,3.5
2023-05-04,Mumbai,27.8,74,0.0,3.4
2023-05-05,Mumbai,27.8,60,0.0,2.2
2023-05-06,Mumbai,27.9,67,0.0,4.1
2023-05-07,Mumbai,26.9,63,0.0,4.5
2023-05-08,Mumbai,32.4,74,0.0,3.5
2023-05-09,Mumbai,28.5,71,0.0,2.7
2023-05-10,Mumbai,29.0,74,0.0,3.8
2023-05-11,Mumbai,30.9,67,0.0,2.5
2023-05-12,Mumbai,27.4,71,0.0,4.3
2023-05-13,Mumbai,25.5,69,2.8,2.3
2023-05-14,Mumbai,32.5,70,0.0,2.4
2023-05-15,Mumbai,27.8,61,3.7,3.2
2023-05-16,Mumbai,29.9,73,7.7,3.7
2023-05-17,Mumbai,29.8,71,0.0,2.6
2023-05-18,Mumbai,27.9,62,0.0,3.3
2023-05-19,Mumbai,30.5,73,0.0,3.1
2023-05-20,Mumbai,28.0,68,0.0,2.1
2023-05-21,Mumbai,30.4,67,0.0,0.7
2023-05-22,Mumbai,26.4,65,0.0,3.2
2023-05-23,Mumbai,27.0,67,11.4,3.3
2023-05-24,Mumbai,30.0,69,0.0,4.3
2023-05-25,Mumbai,27.2,65,0.0,2.5
2023-05-26,Mumbai,32.3,70,0.0,2.9
2023-05-27,Mumbai,29.3,62,0.0,3.3
2023-05-28,Mumbai,29.0,65,0.0,3.7
2023-05-29,Mumbai,29.4,65,0.0,2.4
2023-05-30,Mumbai,28.8,72,15.0,3.4
2023-05-31,Mumbai,25.2,69,1.1,4.7
2023-06-01,Mumbai,31.9,62,0.0,6.2
2023-06-02,Mumbai,33.2,62,0.0,4.0
2023-06-03,Mumbai,28.3,75,7.3,6.5
2023-06-04,Mumbai,29.6,62,6.1,3.5
2023-06-05,Mumbai,31.7,65,22.5,4.4
2023-06-06,Mumbai,29.6,78,22.5,5.2
2023-06-07,Mumbai,28.6,63,10.4,4.6
2023-06-08,Mumbai,30.7,64,7.3,4.2
2023-06-09,Mumbai,32.3,73,3.9,4.8
2023-06-10,Mumbai,26.5,70,39.2,6.5
2023-06-11,Mumbai,28.7,69,11.1,5.4
2023-06-12,Mumbai,32.6,73,7.2,4.6
2023-06-13,Mumbai,28.8,73,5.1,5.1
2023-06-14,Mumbai,30.3,71,15.3,4.9
2023-06-15,Mumbai,32.9,63,19.8,5.7
2023-06-16,Mumbai,29.7,68,14.9,5.3
2023-06-17,Mumbai,28.3,75,2.6,4.6
2023-06-18,Mumbai,30.3,64,2.8,4.3
2023-06-19,Mumbai,30.0,61,7.6,5.1
2023-06-20,Mumbai,26.5,67,8.1,4.1
2023-06-21,Mumbai,29.2,64,9.8,3.5
2023-06-22,Mumbai,29.9,68,12.4,6.0
2023-06-23,Mumbai,29.4,66,5.4,4.9
2023-06-24,Mumbai,27.2,63,0.0,4.9
2023-06-25,Mumbai,30.8,78,8.3,4.1
2023-06-26,Mumbai,27.7,52,13.3,6.1
2023-06-27,Mumbai,32.2,59,9.9,5.9
2023-06-28,Mumbai,28.1,71,7.1,4.7
2023-06-29,Mumbai,31.4,60,0.0,4.9
2023-06-30,Mumbai,30.9,75,0.0,4.9
2023-07-01,Mumbai,30.1,68,5.8,4.4
2023-07-02,Mumbai,30.0,64,12.4,5.2
2023-07-03,Mumbai,30.3,68,3.2,3.1
2023-07-04,Mumbai,28.2,77,8.7,5.3
2023-07-05,Mumbai,28.1,63,5.5,5.9
2023-07-06,Mumbai,32.9,70,31.7,5.2
2023-07-07,Mumbai,31.4,74,0.9,4.7
2023-07-08,Mumbai,32.3,65,17.6,4.8
2023-07-09,Mumbai,29.1,70,4.5,3.8
2023-07-10,Mumbai,27.1,62,14.4,4.9
2023-07-11,Mumbai,31.7,72,2.8,4.8
2023-07-12,Mumbai,29.3,61,13.2,5.0
2023-07-13,Mumbai,26.7,59,8.0,5.8
2023-07-14,Mumbai,31.3,55,18.4,5.8
2023-07-15,Mumbai,33.1,58,12.6,5.3
2023-07-16,Mumbai,31.9,65,4.8,4.5
2023-07-17,Mumbai,31.6,63,16.0,5.3
2023-07-18,Mumbai,30.9,65,5.7,5.1
2023-07-19,Mumbai,30.2,64,9.4,3.7
2023-07-20,Mumbai,29.7,56,5.6,4.6
2023-07-21,Mumbai,26.8,58,10.6,4.4
2023-07-22,Mumbai,33.5,62,3.8,5.4
2023-07-23,Mumbai,29.7,68,2.7,5.3
2023-07-24,Mumbai,28.3,57,8.7,5.1
2023-07-25,Mumbai,29.3,55,9.3,5.7
2023-07-26,Mumbai,33.3,67,8.2,4.5
2023-07-27,Mumbai,30.7,55,7.4,3.3
2023-07-28,Mumbai,27.0,61,5.6,5.2
2023-07-29,Mumbai,27.9,66,3.6,5.1
2023-07-30,Mumbai,28.6,77,14.9,4.9
2023-07-31,Mumbai,30.9,71,6.9,5.2
2023-08-01,Mumbai,30.5,59,15.1,4.9
2023-08-02,Mumbai,28.2,77,8.7,5.2
2023-08-03,Mumbai,31.6,66,7.9,5.0
2023-08-04,Mumbai,28.1,65,28.4,4.9
2023-08-05,Mumbai,31.8,72,6.2,4.1
2023-08-06,Mumbai,31.0,65,0.0,4.7
2023-08-07,Mumbai,29.8,49,0.0,5.2
2023-08-08,Mumbai,32.4,71,17.5,4.2
2023-08-09,Mumbai,33.0,71,23.2,5.2
2023-08-10,Mumbai,28.6,70,9.6,4.1
2023-08-11,Mumbai,27.4,74,8.5,3.1
2023-08-12,Mumbai,28.0,67,7.2,6.2
2023-08-13,Mumbai,30.6,70,10.1,4.0
2023-08-14,Mumbai,29.7,61,17.0,4.2
2023-08-15,Mumbai,30.2,69,17.0,4.8
2023-08-16,Mumbai,24.8,71,4.0,5.4
2023-08-17,Mumbai,30.5,71,9.4,4.8
2023-08-18,Mumbai,31.1,71,14.0,4.0
2023-08-19,Mumbai,30.5,70,12.8,5.6
2023-08-20,Mumbai,28.5,62,1.7,3.5
2023-08-21,Mumbai,29.4,60,5.1,3.2
2023-08-22,Mumbai,27.6,63,0.0,5.9
2023-08-23,Mumbai,31.2,61,5.3,4.0
2023-08-24,Mumbai,26.6,68,15.7,4.7
2023-08-25,Mumbai,26.7,72,5.9,5.4
2023-08-26,Mumbai,31.2,69,6.0,4.9
2023-08-27,Mumbai,30.0,70,27.1,4.9
2023-08-28,Mumbai,27.6,68,4.6,3.8
2023-08-29,Mumbai,26.8,68,5.9,6.0
2023-08-30,Mumbai,26.4,66,12.9,4.8
2023-08-31,Mumbai,31.0,69,0.0,4.5
2023-09-01,Mumbai,28.8,75,6.1,4.4
2023-09-02,Mumbai,29.3,76,10.0,7.0
2023-09-03,Mumbai,30.7,61,9.9,5.0
2023-09-04,Mumbai,30.6,57,5.4,6.8
2023-09-05,Mumbai,27.6,67,9.5,4.3
2023-09-06,Mumbai,30.0,60,14.2,5.0
2023-09-07,Mumbai,26.5,66,2.7,4.9
2023-09-08,Mumbai,30.9,68,7.9,4.7
2023-09-09,Mumbai,25.7,61,4.7,5.4
2023-09-10,Mumbai,24.3,76,4.9,6.4
2023-09-11,Mumbai,25.2,62,4.8,7.1
2023-09-12,Mumbai,26.5,75,3.8,5.9
2023-09-13,Mumbai,28.4,65,1.0,5.3
2023-09-14,Mumbai,25.7,70,10.9,4.6
2023-09-15,Mumbai,29.0,69,4.7,6.1
2023-09-16,Mumbai,28.3,72,0.6,6.1
2023-09-17,Mumbai,26.1,74,10.5,5.4
2023-09-18,Mumbai,28.1,72,24.7,4.4
2023-09-19,Mumbai,30.4,71,1.5,6.4
2023-09-20,Mumbai,26.8,75,16.0,6.2
2023-09-21,Mumbai,31.1,63,0.0,3.8
2023-09-22,Mumbai,30.9,76,17.2,5.7
2023-09-23,Mumbai,27.1,79,13.4,4.7
2023-09-24,Mumbai,30.9,77,3.5,5.5
2023-09-25,Mumbai,27.7,66,10.3,5.0
2023-09-26,Mumbai,28.6,67,11.3,4.4
2023-09-27,Mumbai,33.1,69,0.0,5.4
2023-09-28,Mumbai,30.6,71,0.0,3.4
2023-09-29,Mumbai,25.0,76,0.0,1.8
2023-09-30,Mumbai,25.6,63,0.0,3.9
2023-10-01,Mumbai,26.9,58,0.0,2.3
2023-10-02,Mumbai,23.4,72,0.0,3.0
2023-10-03,Mumbai,28.9,71,0.0,2.9
2023-10-04,Mumbai,27.5,72,0.0,3.8
2023-10-05,Mumbai,29.5,81,0.0,3.7
2023-10-06,Mumbai,28.1,81,0.0,2.7
2023-10-07,Mumbai,29.3,74,0.0,3.1
2023-10-08,Mumbai,26.8,79,0.0,3.3
2023-10-09,Mumbai,28.8,74,0.0,1.4
2023-10-10,Mumbai,25.2,81,0.0,2.3
2023-10-11,Mumbai,28.6,66,0.0,3.4
2023-10-12,Mumbai,28.4,82,0.0,2.0
2023-10-13,Mumbai,27.1,77,11.1,2.8
2023-10-14,Mumbai,27.2,75,0.0,1.0
2023-10-15,Mumbai,28.7,73,0.0,2.7
2023-10-16,Mumbai,26.2,70,0.0,3.7
2023-10-17,Mumbai,26.9,77,0.0,2.3
2023-10-18,Mumbai,26.8,75,0.0,5.0
2023-10-19,Mumbai,25.2,71,0.0,3.5
2023-10-20,Mumbai,29.4,87,0.0,3.2
2023-10-21,Mumbai,27.9,71,0.0,2.8
2023-10-22,Mumbai,28.1,80,0.0,3.1
2023-10-23,Mumbai,28.4,78,0.0,2.1
2023-10-24,Mumbai,25.7,85,0.0,1.7
2023-10-25,Mumbai,24.5,81,0.0,2.9
2023-10-26,Mumbai,27.8,78,0.0,5.2
2023-10-27,Mumbai,26.9,75,0.0,1.9
2023-10-28,Mumbai,23.5,83,4.5,2.3
2023-10-29,Mumbai,25.4,76,0.0,4.1
2023-10-30,Mumbai,24.6,78,4.6,4.4
2023-10-31,Mumbai,24.7,80,0.0,1.8
2023-11-01,Mumbai,31.9,84,0.0,2.5
2023-11-02,Mumbai,25.3,71,0.0,3.4
2023-11-03,Mumbai,24.8,77,0.0,4.3
2023-11-04,Mumbai,27.1,75,0.0,1.5
2023-11-05,Mumbai,26.3,76,0.0,3.9
2023-11-06,Mumbai,26.2,69,0.0,2.2
2023-11-07,Mumbai,26.6,80,0.0,3.4
2023-11-08,Mumbai,21.7,78,0.0,3.6
2023-11-09,Mumbai,27.4,82,0.0,3.0
2023-11-10,Mumbai,26.5,77,4.7,4.4
2023-11-11,Mumbai,24.3,77,0.0,2.8
2023-11-12,Mumbai,25.1,80,0.0,1.0
2023-11-13,Mumbai,26.1,75,0.0,3.8
2023-11-14,Mumbai,24.6,79,0.0,3.5
2023-11-15,Mumbai,24.5,76,0.0,3.6
2023-11-16,Mumbai,23.1,85,0.0,3.2
2023-11-17,Mumbai,24.8,79,0.0,5.1
2023-11-18,Mumbai,25.9,73,3.1,3.6
2023-11-19,Mumbai,26.0,76,0.0,2.5
2023-11-20,Mumbai,24.1,76,0.0,4.1
2023-11-21,Mumbai,24.0,88,0.0,1.4
2023-11-22,Mumbai,24.1,80,0.0,2.7
2023-11-23,Mumbai,26.2,75,0.0,2.9
2023-11-24,Mumbai,27.0,76,0.0,2.3
2023-11-25,Mumbai,27.3,77,0.0,3.1
2023-11-26,Mumbai,21.8,77,0.0,2.1
2023-11-27,Mumbai,26.7,83,0.0,3.1
2023-11-28,Mumbai,21.3,75,0.0,3.7
2023-11-29,Mumbai,21.6,84,0.0,3.0
2023-11-30,Mumbai,22.6,88,0.0,3.9
2023-12-01,Mumbai,28.1,79,0.0,3.0
2023-12-02,Mumbai,25.1,89,0.0,1.6
2023-12-03,Mumbai,26.6,83,6.1,3.5
2023-12-04,Mumbai,27.0,86,0.0,3.3
2023-12-05,Mumbai,26.7,81,0.0,1.4
2023-12-06,Mumbai,21.9,83,0.0,1.8
2023-12-07,Mumbai,24.4,86,0.0,3.7
2023-12-08,Mumbai,24.0,86,0.0,1.9
2023-12-09,Mumbai,21.3,83,0.0,3.8
2023-12-10,Mumbai,25.5,86,0.0,2.2
2023-12-11,Mumbai,25.1,91,0.0,3.2
2023-12-12,Mumbai,23.0,83,0.0,4.8
2023-12-13,Mumbai,24.7,81,0.0,3.0
2023-12-14,Mumbai,24.5,88,8.5,2.4
2023-12-15,Mumbai,23.6,85,0.0,3.4
2023-12-16,Mumbai,19.5,85,0.0,4.4
2023-12-17,Mumbai,24.4,82,18.1,2.4
2023-12-18,Mumbai,22.8,90,0.0,2.3
2023-12-19,Mumbai,20.9,85,0.0,2.9
2023-12-20,Mumbai,23.0,83,0.0,5.3
2023-12-21,Mumbai,26.7,71,0.0,2.3
2023-12-22,Mumbai,29.1,88,0.0,4.2
2023-12-23,Mumbai,25.5,88,0.0,4.1
2023-12-24,Mumbai,25.0,91,0.0,4.5
2023-12-25,Mumbai,22.4,77,5.6,3.4
2023-12-26,Mumbai,25.7,83,0.0,4.3
2023-12-27,Mumbai,24.9,85,4.7,2.7
2023-12-28,Mumbai,22.7,86,0.0,1.2
2023-12-29,Mumbai,23.9,87,0.0,3.8
2023-12-30,Mumbai,26.6,83,12.1,2.9
2023-12-31,Mumbai,23.7,87,0.0,5.1
2024-01-01,Mumbai,23.0,81,0.0,2.5
2019-01-01,Bangalore,18.6,75,0.0,2.0
2019-01-02,Bangalore,19.0,72,0.0,1.9
2019-01-03,Bangalore,21.8,74,28.5,2.0
2019-01-04,Bangalore,17.8,72,0.0,4.7
2019-01-05,Bangalore,16.2,71,0.0,2.6
2019-01-06,Bangalore,17.5,74,0.0,3.3
2019-01-07,Bangalore,19.3,75,0.0,3.1
2019-01-08,Bangalore,17.4,78,0.0,4.7
2019-01-09,Bangalore,16.1,70,0.0,4.2
2019-01-10,Bangalore,17.8,76,5.9,3.2
2019-01-11,Bangalore,20.3,65,0.0,1.6
2019-01-12,Bangalore,17.2,66,0.0,3.9
2019-01-13,Bangalore,17.7,71,0.0,4.4
2019-01-14,Bangalore,14.2,78,0.0,1.2
2019-01-15,Bangalore,19.4,64,0.0,5.0
2019-01-16,Bangalore,20.6,73,0.0,2.4
2019-01-17,Bangalore,18.0,68,11.6,3.5
2019-01-18,Bangalore,21.6,75,0.0,3.3
2019-01-19,Bangalore,19.9,70,0.0,3.6
2019-01-20,Bangalore,16.6,70,0.0,3.2
2019-01-21,Bangalore,19.2,68,0.0,2.5
2019-01-22,Bangalore,19.0,74,0.0,1.7
2019-01-23,Bangalore,17.8,75,0.7,4.4
2019-01-24,Bangalore,18.1,66,0.0,5.2
2019-01-25,Bangalore,20.7,71,0.0,2.8
2019-01-26,Bangalore,19.3,68,0.0,1.6
2019-01-27,Bangalore,18.5,72,21.8,2.0
2019-01-28,Bangalore,21.3,72,0.0,2.9
2019-01-29,Bangalore,20.1,61,0.0,2.9
2019-01-30,Bangalore,15.7,63,0.0,2.8
2019-01-31,Bangalore,15.5,63,0.0,3.2
2019-02-01,Bangalore,16.0,60,0.0,3.1
2019-02-02,Bangalore,19.2,73,0.0,3.3
2019-02-03,Bangalore,19.3,62,0.0,3.1
2019-02-04,Bangalore,16.9,63,16.1,2.4
2019-02-05,Bangalore,22.8,65,0.0,1.9
2019-02-06,Bangalore,15.5,64,0.0,2.8
2019-02-07,Bangalore,19.5,71,0.0,3.3
2019-02-08,Bangalore,22.5,58,0.0,4.2
2019-02-09,Bangalore,20.1,75,0.0,1.5
2019-02-10,Bangalore,18.4,65,0.0,3.3
2019-02-11,Bangalore,17.4,64,0.0,2.9
2019-02-12,Bangalore,22.9,61,0.0,1.7
2019-02-13,Bangalore,21.9,63,4.5,3.5
2019-02-14,Bangalore,20.9,69,0.0,1.9
2019-02-15,Bangalore,16.5,69,0.0,3.1
2019-02-16,Bangalore,16.5,65,11.6,4.2
2019-02-17,Bangalore,19.0,59,0.0,1.9
2019-02-18,Bangalore,20.5,68,0.0,0.5
2019-02-19,Bangalore,20.4,67,0.0,2.9
2019-02-20,Bangalore,22.6,69,0.0,3.2
2019-02-21,Bangalore,20.4,59,0.0,4.3
2019-02-22,Bangalore,17.8,64,0.0,4.0
2019-02-23,Bangalore,20.7,68,0.0,2.7
2019-02-24,Bangalore,17.9,74,0.0,3.1
2019-02-25,Bangalore,18.9,62,0.0,4.4
2019-02-26,Bangalore,15.4,62,0.0,2.1
2019-02-27,Bangalore,20.0,70,0.0,2.4
2019-02-28,Bangalore,16.3,62,0.0,2.1
2019-03-01,Bangalore,15.9,65,0.0,3.9
2019-03-02,Bangalore,18.0,64,0.0,2.8
2019-03-03,Bangalore,21.2,74,0.0,2.0
2019-03-04,Bangalore,19.9,61,0.0,3.7
2019-03-05,Bangalore,18.4,60,10.8,3.0
2019-03-06,Bangalore,19.0,59,0.0,2.4
2019-03-07,Bangalore,22.5,62,0.0,4.1
2019-03-08,Bangalore,20.1,63,0.0,4.6
2019-03-09,Bangalore,18.5,67,0.0,1.2
2019-03-10,Bangalore,20.6,69,0.0,2.9
2019-03-11,Bangalore,20.3,69,0.0,2.6
2019-03-12,Bangalore,17.4,58,0.0,3.8
2019-03-13,Bangalore,18.3,59,0.0,1.9
2019-03-14,Bangalore,17.7,63,0.0,2.5
2019-03-15,Bangalore,18.6,63,0.0,2.1
2019-03-16,Bangalore,20.9,55,0.0,3.3
2019-03-17,Bangalore,20.4,67,0.0,3.0
2019-03-18,Bangalore,22.7,66,0.0,2.2
2019-03-19,Bangalore,20.9,68,0.0,4.6
2019-03-20,Bangalore,20.4,71,0.0,3.4
2019-03-21,Bangalore,18.2,64,0.0,2.1
2019-03-22,Bangalore,23.9,57,5.6,3.1
2019-03-23,Bangalore,19.0,58,0.0,1.0
2019-03-24,Bangalore,24.7,61,0.0,3.4
2019-03-25,Bangalore,19.5,65,0.0,4.0
2019-03-26,Bangalore,21.4,66,0.0,2.4
2019-03-27,Bangalore,21.5,68,0.0,3.6
2019-03-28,Bangalore,21.7,63,0.0,2.8
2019-03-29,Bangalore,21.3,60,0.0,3.4
2019-03-30,Bangalore,21.8,70,0.0,5.0
2019-03-31,Bangalore,22.2,56,0.0,2.6
2019-04-01,Bangalore,21.7,58,0.0,1.8
2019-04-02,Bangalore,21.1,50,1.3,2.7
2019-04-03,Bangalore,19.9,57,0.0,1.3
2019-04-04,Bangalore,21.6,55,0.0,3.0
2019-04-05,Bangalore,20.2,60,0.0,4.6
2019-04-06,Bangalore,23.2,63,0.0,2.2
2019-04-07,Bangalore,22.1,60,0.0,3.5
2019-04-08,Bangalore,21.7,61,0.0,3.9
2019-04-09,Bangalore,23.7,59,0.0,2.5
2019-04-10,Bangalore,23.2,58,0.0,4.0
2019-04-11,Bangalore,21.8,68,0.0,2.3
2019-04-12,Bangalore,21.3,58,0.0,2.5
2019-04-13,Bangalore,21.8,66,0.0,3.6
2019-04-14,Bangalore,24.5,55,0.0,4.0
2019-04-15,Bangalore,21.7,63,0.0,3.1
2019-04-16,Bangalore,22.6,68,0.0,3.4
2019-04-17,Bangalore,21.8,58,0.0,0.9
2019-04-18,Bangalore,25.0,72,0.0,1.4
2019-04-19,Bangalore,24.4,61,0.0,2.3
2019-04-20,Bangalore,23.2,57,0.0,2.9
2019-04-21,Bangalore,24.3,56,3.3,3.6
2019-04-22,Bangalore,20.7,59,0.0,3.5
2019-04-23,Bangalore,21.5,57,0.0,3.4
2019-04-24,Bangalore,23.7,62,0.0,4.2
2019-04-25,Bangalore,20.8,55,0.0,2.2
2019-04-26,Bangalore,24.0,62,0.0,3.2
2019-04-27,Bangalore,24.8,43,0.0,2.6
2019-04-28,Bangalore,21.2,61,0.0,2.4
2019-04-29,Bangalore,25.7,50,0.0,2.0
2019-04-30,Bangalore,22.6,63,0.0,4.0
2019-05-01,Bangalore,26.3,55,0.0,2.7
2019-05-02,Bangalore,20.4,55,0.0,3.2
2019-05-03,Bangalore,26.8,50,0.0,2.5
2019-05-04,Bangalore,23.8,51,0.0,1.0
2019-05-05,Bangalore,25.0,64,0.0,3.3
2019-05-06,Bangalore,21.1,56,0.0,2.0
2019-05-07,Bangalore,28.3,52,0.0,4.8
2019-05-08,Bangalore,22.5,57,0.0,1.7
2019-05-09,Bangalore,25.8,56,0.0,3.9
2019-05-10,Bangalore,23.1,54,0.0,2.9
2019-05-11,Bangalore,22.6,62,0.0,2.5
2019-05-12,Bangalore,25.0,49,0.0,0.6
2019-05-13,Bangalore,23.4,55,0.0,4.4
2019-05-14,Bangalore,24.1,62,0.0,3.9
2019-05-15,Bangalore,26.3,57,0.0,3.2
2019-05-16,Bangalore,23.6,56,14.0,3.3
2019-05-17,Bangalore,24.8,50,0.0,1.1
2019-05-18,Bangalore,20.0,48,0.0,3.6
2019-05-19,Bangalore,22.7,47,0.0,3.5
2019-05-20,Bangalore,27.9,52,0.0,5.0
2019-05-21,Bangalore,25.1,50,0.0,3.0
2019-05-22,Bangalore,23.6,50,0.0,4.8
2019-05-23,Bangalore,26.6,61,0.0,4.9
2019-05-24,Bangalore,23.6,54,0.0,4.4
2019-05-25,Bangalore,22.4,54,0.0,3.9
2019-05-26,Bangalore,24.1,57,0.0,3.8
2019-05-27,Bangalore,22.5,55,0.0,3.5
2019-05-28,Bangalore,26.2,40,0.0,2.4
2019-05-29,Bangalore,24.7,47,0.0,4.2
2019-05-30,Bangalore,24.6,51,0.0,3.4
2019-05-31,Bangalore,25.4,47,3.8,4.8
2019-06-01,Bangalore,24.4,45,5.2,6.0
2019-06-02,Bangalore,26.4,49,0.0,5.0
2019-06-03,Bangalore,25.6,62,0.0,4.1
2019-06-04,Bangalore,24.4,50,11.0,2.3
2019-06-05,Bangalore,28.7,59,11.9,5.4
2019-06-06,Bangalore,23.8,48,13.6,5.6
2019-06-07,Bangalore,23.7,47,0.0,5.4
2019-06-08,Bangalore,25.0,49,0.0,4.7
2019-06-09,Bangalore,25.2,53,2.2,5.5
2019-06-10,Bangalore,23.7,49,0.0,6.5
2019-06-11,Bangalore,25.4,51,0.0,5.4
2019-06-12,Bangalore,25.7,47,8.4,4.9
2019-06-13,Bangalore,24.8,54,5.4,4.7
2019-06-14,Bangalore,22.1,50,0.0,3.2
2019-06-15,Bangalore,25.3,52,4.0,5.1
2019-06-16,Bangalore,25.2,37,1.4,4.8
2019-06-17,Bangalore,24.9,46,6.5,3.5
2019-06-18,Bangalore,23.3,53,0.0,5.2
2019-06-19,Bangalore,24.8,56,2.0,5.5
2019-06-20,Bangalore,29.9,44,6.0,5.8
2019-06-21,Bangalore,26.9,50,31.9,3.3
2019-06-22,Bangalore,27.8,44,12.4,5.7
2019-06-23,Bangalore,24.6,48,0.0,4.0
2019-06-24,Bangalore,27.2,54,0.0,5.6
2019-06-25,Bangalore,25.2,51,0.0,3.4
2019-06-26,Bangalore,28.4,52,7.9,5.3
2019-06-27,Bangalore,30.1,56,2.4,4.5
2019-06-28,Bangalore,30.4,50,33.5,4.3
2019-06-29,Bangalore,27.2,48,13.7,8.0
2019-06-30,Bangalore,28.5,44,4.5,5.0
2019-07-01,Bangalore,22.1,45,23.6,3.8
2019-07-02,Bangalore,26.6,56,10.2,5.1
2019-07-03,Bangalore,25.6,46,0.0,5.5
2019-07-04,Bangalore,26.4,50,0.1,4.2
2019-07-05,Bangalore,29.4,47,0.0,4.9
2019-07-06,Bangalore,23.8,50,12.6,4.7
2019-07-07,Bangalore,28.1,48,0.0,5.8
2019-07-08,Bangalore,27.6,50,8.7,5.1
2019-07-09,Bangalore,25.1,47,5.0,4.0
2019-07-10,Bangalore,23.8,38,18.3,6.8
2019-07-11,Bangalore,21.5,58,8.0,4.7
2019-07-12,Bangalore,25.7,51,0.0,4.7
2019-07-13,Bangalore,29.8,55,4.4,3.3
2019-07-14,Bangalore,24.3,50,0.0,7.2
2019-07-15,Bangalore,25.0,43,22.8,6.2
2019-07-16,Bangalore,24.4,55,0.0,4.5
2019-07-17,Bangalore,28.5,43,9.3,4.1
2019-07-18,Bangalore,26.2,47,6.7,4.6
2019-07-19,Bangalore,26.5,43,0.0,5.9
2019-07-20,Bangalore,24.4,56,11.5,6.7
2019-07-21,Bangalore,24.1,41,10.5,5.1
2019-07-22,Bangalore,27.3,50,9.7,5.4
2019-07-23,Bangalore,25.3,46,0.0,6.0
2019-07-24,Bangalore,25.0,43,0.0,6.3
2019-07-25,Bangalore,26.0,46,1.7,6.2
2019-07-26,Bangalore,27.6,54,13.0,5.4
2019-07-27,Bangalore,25.1,54,19.5,6.5
2019-07-28,Bangalore,26.0,49,0.0,4.5
2019-07-29,Bangalore,23.9,45,3.6,4.9
2019-07-30,Bangalore,24.2,52,8.2,2.8
2019-07-31,Bangalore,27.7,44,0.0,4.0
2019-08-01,Bangalore,27.0,47,6.4,6.7
2019-08-02,Bangalore,26.9,51,12.4,5.5
2019-08-03,Bangalore,28.6,57,27.6,4.5
2019-08-04,Bangalore,23.8,56,17.1,3.7
2019-08-05,Bangalore,23.8,47,0.0,4.8
2019-08-06,Bangalore,26.7,44,9.9,5.3
2019-08-07,Bangalore,27.5,43,11.7,4.8
2019-08-08,Bangalore,23.4,59,10.6,5.8
2019-08-09,Bangalore,25.0,49,14.8,3.0
2019-08-10,Bangalore,23.7,46,6.0,4.7
2019-08-11,Bangalore,27.0,53,0.0,6.5
2019-08-12,Bangalore,21.3,48,4.6,4.5
2019-08-13,Bangalore,25.9,65,8.3,4.3
2019-08-14,Bangalore,25.8,60,1.6,4.6
2019-08-15,Bangalore,22.9,50,0.0,5.5
2019-08-16,Bangalore,24.7,48,3.4,5.2
2019-08-17,Bangalore,21.5,58,0.0,5.8
2019-08-18,Bangalore,22.7,46,0.0,5.4
2019-08-19,Bangalore,24.4,44,5.9,4.5
2019-08-20,Bangalore,27.9,58,11.9,6.7
2019-08-21,Bangalore,26.1,61,15.3,6.3
2019-08-22,Bangalore,26.7,48,10.3,4.4
2019-08-23,Bangalore,26.1,62,0.0,5.0
2019-08-24,Bangalore,26.2,54,1.3,5.3
2019-08-25,Bangalore,24.7,48,66.0,4.1
2019-08-26,Bangalore,25.3,57,0.0,4.9
2019-08-27,Bangalore,21.1,50,3.6,6.3
2019-08-28,Bangalore,27.3,53,0.0,4.0
2019-08-29,Bangalore,26.1,46,0.0,5.6
2019-08-30,Bangalore,21.9,45,0.0,5.3
2019-08-31,Bangalore,24.9,53,3.9,5.4
2019-09-01,Bangalore,22.8,46,0.0,5.4
2019-09-02,Bangalore,23.2,61,9.1,7.0
2019-09-03,Bangalore,21.0,59,2.7,4.4
2019-09-04,Bangalore,25.9,52,0.0,6.8
2019-09-05,Bangalore,23.4,56,0.0,5.9
2019-09-06,Bangalore,22.4,45,0.0,3.7
2019-09-07,Bangalore,23.0,59,0.0,3.9
2019-09-08,Bangalore,23.7,64,17.2,4.1
2019-09-09,Bangalore,27.0,56,0.0,4.0
2019-09-10,Bangalore,22.9,60,0.0,4.1
2019-09-11,Bangalore,23.6,55,0.0,5.1
2019-09-12,Bangalore,26.1,47,12.5,4.0
2019-09-13,Bangalore,22.6,49,13.1,4.5
2019-09-14,Bangalore,25.3,57,2.0,8.0
2019-09-15,Bangalore,23.2,63,0.0,3.8
2019-09-16,Bangalore,22.6,54,0.0,5.3
2019-09-17,Bangalore,21.8,59,10.0,5.1
2019-09-18,Bangalore,21.8,58,7.2,3.1
2019-09-19,Bangalore,24.5,55,2.4,5.8
2019-09-20,Bangalore,27.5,48,0.0,5.2
2019-09-21,Bangalore,22.0,54,12.6,3.6
2019-09-22,Bangalore,25.0,57,15.7,4.8
2019-09-23,Bangalore,24.3,58,11.1,5.5
2019-09-24,Bangalore,21.4,52,4.6,6.4
2019-09-25,Bangalore,24.9,62,0.0,3.0
2019-09-26,Bangalore,22.5,51,0.0,7.8
2019-09-27,Bangalore,22.9,60,0.0,2.5
2019-09-28,Bangalore,21.3,53,0.0,2.0
2019-09-29,Bangalore,22.0,62,0.0,2.8
2019-09-30,Bangalore,24.2,60,0.0,3.1
2019-10-01,Bangalore,23.1,56,0.0,2.6
2019-10-02,Bangalore,22.9,58,0.0,2.9
2019-10-03,Bangalore,23.1,58,0.0,5.5
2019-10-04,Bangalore,22.4,60,0.0,2.9
2019-10-05,Bangalore,20.4,57,0.0,2.8
2019-10-06,Bangalore,18.8,60,0.0,2.7
2019-10-07,Bangalore,23.9,55,0.0,3.0
2019-10-08,Bangalore,20.9,58,0.0,3.7
2019-10-09,Bangalore,22.7,56,0.0,4.5
2019-10-10,Bangalore,24.3,62,0.0,3.2
2019-10-11,Bangalore,20.5,55,0.0,2.6
2019-10-12,Bangalore,23.1,59,0.0,3.0
2019-10-13,Bangalore,21.3,66,0.0,2.9
2019-10-14,Bangalore,22.3,55,0.0,3.8
2019-10-15,Bangalore,21.8,58,0.0,2.7
2019-10-16,Bangalore,21.6,68,0.0,2.9
2019-10-17,Bangalore,16.1,56,0.0,5.1
2019-10-18,Bangalore,25.1,63,0.0,2.5
2019-10-19,Bangalore,18.6,63,0.0,2.9
2019-10-20,Bangalore,20.7,60,0.0,3.2
2019-10-21,Bangalore,20.0,61,0.0,1.5
2019-10-22,Bangalore,19.2,66,0.0,4.3
2019-10-23,Bangalore,23.1,58,0.0,3.2
2019-10-24,Bangalore,24.7,53,0.0,2.0
2019-10-25,Bangalore,19.5,56,0.0,1.3
2019-10-26,Bangalore,19.3,58,0.0,3.8
2019-10-27,Bangalore,24.4,69,0.0,3.8
2019-10-28,Bangalore,20.6,56,0.0,2.8
2019-10-29,Bangalore,20.4,63,0.0,2.7
2019-10-30,Bangalore,19.2,56,0.0,3.7
2019-10-31,Bangalore,23.0,62,5.2,3.9
2019-11-01,Bangalore,16.0,59,0.0,3.2
2019-11-02,Bangalore,21.1,58,0.0,2.3
2019-11-03,Bangalore,21.0,59,0.0,3.2
2019-11-04,Bangalore,20.1,57,14.9,3.3
2019-11-05,Bangalore,24.0,64,0.0,3.0
2019-11-06,Bangalore,18.1,61,0.0,3.8
2019-11-07,Bangalore,22.7,63,0.0,4.3
2019-11-08,Bangalore,22.7,66,0.0,3.3
2019-11-09,Bangalore,19.3,67,0.0,2.6
2019-11-10,Bangalore,21.5,66,0.0,2.9
2019-11-11,Bangalore,18.5,65,0.0,3.6
2019-11-12,Bangalore,21.6,74,0.0,2.9
2019-11-13,Bangalore,19.3,59,0.0,4.8
2019-11-14,Bangalore,18.4,67,0.0,1.5
2019-11-15,Bangalore,19.5,79,4.4,4.4
2019-11-16,Bangalore,18.8,67,0.0,2.2
2019-11-17,Bangalore,18.2,68,0.0,1.8
2019-11-18,Bangalore,19.4,65,0.0,2.3
2019-11-19,Bangalore,20.8,68,0.0,2.7
2019-11-20,Bangalore,19.9,72,0.0,1.2
2019-11-21,Bangalore,22.2,66,0.0,4.0
2019-11-22,Bangalore,18.5,75,0.0,2.3
2019-11-23,Bangalore,19.5,70,0.0,5.3
2019-11-24,Bangalore,15.3,74,0.0,3.3
2019-11-25,Bangalore,18.8,55,0.0,3.4
2019-11-26,Bangalore,19.7,71,0.0,2.8
2019-11-27,Bangalore,18.1,61,0.0,3.4
2019-11-28,Bangalore,22.0,68,0.0,2.3
2019-11-29,Bangalore,18.5,66,0.0,2.5
2019-11-30,Bangalore,18.8,74,0.0,3.8
2019-12-01,Bangalore,15.1,64,11.2,4.4
2019-12-02,Bangalore,15.7,67,0.0,2.9
2019-12-03,Bangalore,18.7,68,0.0,3.4
2019-12-04,Bangalore,13.8,58,0.0,1.4
2019-12-05,Bangalore,19.1,59,0.0,3.4
2019-12-06,Bangalore,16.8,70,0.0,3.3
2019-12-07,Bangalore,19.4,71,0.0,2.4
2019-12-08,Bangalore,20.2,73,0.0,1.9
2019-12-09,Bangalore,18.8,74,37.8,3.1
2019-12-10,Bangalore,20.7,68,0.0,2.9
2019-12-11,Bangalore,18.6,67,0.0,1.2
2019-12-12,Bangalore,18.4,68,0.0,3.1
2019-12-13,Bangalore,19.4,71,0.0,5.1
2019-12-14,Bangalore,17.4,60,0.0,1.7
2019-12-15,Bangalore,15.3,73,0.0,3.0
2019-12-16,Bangalore,21.4,68,0.0,3.4
2019-12-17,Bangalore,20.2,70,0.0,1.7
2019-12-18,Bangalore,18.9,71,0.0,2.6
2019-12-19,Bangalore,16.5,69,0.0,3.4
2019-12-20,Bangalore,19.7,73,0.0,2.9
2019-12-21,Bangalore,15.5,71,0.0,3.2
2019-12-22,Bangalore,16.0,70,0.0,3.7
2019-12-23,Bangalore,16.0,70,0.0,1.3
2019-12-24,Bangalore,19.0,74,0.0,2.6
2019-12-25,Bangalore,15.4,62,0.0,4.4
2019-12-26,Bangalore,17.2,69,0.0,5.8
2019-12-27,Bangalore,15.9,67,0.0,3.0
2019-12-28,Bangalore,16.8,70,0.0,2.0
2019-12-29,Bangalore,18.7,80,0.0,2.2
2019-12-30,Bangalore,16.1,64,0.0,2.9
2019-12-31,Bangalore,20.8,64,6.7,4.1
2020-01-01,Bangalore,15.9,69,0.0,2.3
2020-01-02,Bangalore,17.3,61,0.0,3.0
2020-01-03,Bangalore,21.8,67,0.0,2.3
2020-01-04,Bangalore,17.1,66,0.0,2.9
2020-01-05,Bangalore,18.2,77,0.0,1.3
2020-01-06,Bangalore,17.1,65,3.1,3.7
2020-01-07,Bangalore,18.9,70,0.0,3.5
2020-01-08,Bangalore,16.3,64,0.0,2.0
2020-01-09,Bangalore,10.6,67,0.0,2.9
2020-01-10,Bangalore,17.1,78,0.0,1.3
2020-01-11,Bangalore,20.0,67,0.0,2.2
2020-01-12,Bangalore,18.4,69,0.0,2.4
2020-01-13,Bangalore,18.7,63,0.0,2.0
2020-01-14,Bangalore,20.8,68,0.0,1.8
2020-01-15,Bangalore,18.8,66,0.0,4.0
2020-01-16,Bangalore,19.5,65,0.0,4.3
2020-01-17,Bangalore,17.2,73,0.0,3.7
2020-01-18,Bangalore,16.9,67,0.0,3.1
2020-01-19,Bangalore,19.3,65,0.0,3.2
2020-01-20,Bangalore,17.5,70,0.0,3.8
2020-01-21,Bangalore,18.3,64,0.0,3.5
2020-01-22,Bangalore,20.7,76,0.0,2.5
2020-01-23,Bangalore,18.6,63,0.0,1.5
2020-01-24,Bangalore,23.4,71,0.0,1.6
2020-01-25,Bangalore,19.3,63,0.0,2.2
2020-01-26,Bangalore,16.7,73,0.0,5.1
2020-01-27,Bangalore,19.0,72,0.0,2.8
2020-01-28,Bangalore,21.5,65,0.0,1.8
2020-01-29,Bangalore,17.5,69,0.0,1.8
2020-01-30,Bangalore,21.7,66,0.0,5.1
2020-01-31,Bangalore,15.3,75,0.0,1.5
2020-02-01,Bangalore,20.4,72,13.3,3.8
2020-02-02,Bangalore,18.9,70,0.0,2.5
2020-02-03,Bangalore,19.9,66,13.4,4.7
2020-02-04,Bangalore,16.1,63,0.0,3.3
2020-02-05,Bangalore,17.8,56,0.0,4.3
2020-02-06,Bangalore,17.5,72,0.0,2.3
2020-02-07,Bangalore,18.5,68,0.0,3.6
2020-02-08,Bangalore,16.7,67,0.0,2.6
2020-02-09,Bangalore,22.2,59,0.0,2.7
2020-02-10,Bangalore,16.9,64,0.0,2.8
2020-02-11,Bangalore,20.5,58,0.0,3.6
2020-02-12,Bangalore,20.6,65,0.0,1.8
2020-02-13,Bangalore,17.9,66,0.0,2.8
2020-02-14,Bangalore,20.6,73,0.0,3.0
2020-02-15,Bangalore,19.8,70,0.0,3.0
2020-02-16,Bangalore,15.4,72,0.0,2.2
2020-02-17,Bangalore,18.5,57,0.0,2.1
2020-02-18,Bangalore,17.7,70,0.0,4.1
2020-02-19,Bangalore,17.9,61,0.0,3.5
2020-02-20,Bangalore,18.7,68,0.0,1.5
2020-02-21,Bangalore,18.9,62,0.0,3.6
2020-02-22,Bangalore,19.9,67,0.0,2.8
2020-02-23,Bangalore,16.7,68,12.5,4.5
2020-02-24,Bangalore,19.0,68,0.0,1.7
2020-02-25,Bangalore,19.4,72,0.0,3.5
2020-02-26,Bangalore,17.7,70,0.0,1.0
2020-02-27,Bangalore,22.0,68,0.0,4.4
2020-02-28,Bangalore,18.3,68,0.0,5.0
2020-02-29,Bangalore,16.5,73,0.0,4.0
2020-03-01,Bangalore,20.5,68,0.0,3.6
2020-03-02,Bangalore,17.6,70,0.0,3.8
2020-03-03,Bangalore,17.3,64,0.0,3.2
2020-03-04,Bangalore,22.2,72,0.0,2.5
2020-03-05,Bangalore,15.6,51,0.0,3.0
2020-03-06,Bangalore,21.9,76,0.0,2.9
2020-03-07,Bangalore,19.0,79,0.0,1.8
2020-03-08,Bangalore,18.3,59,0.0,2.2
2020-03-09,Bangalore,20.7,64,0.0,3.2
2020-03-10,Bangalore,19.9,63,0.0,2.9
2020-03-11,Bangalore,23.1,60,3.5,3.2
2020-03-12,Bangalore,19.0,69,0.0,2.8
2020-03-13,Bangalore,20.0,64,0.0,2.9
2020-03-14,Bangalore,19.7,70,0.0,2.3
2020-03-15,Bangalore,18.8,76,0.0,1.3
2020-03-16,Bangalore,19.5,76,0.0,3.0
2020-03-17,Bangalore,23.0,67,0.0,2.7
2020-03-18,Bangalore,18.6,61,0.0,3.4
2020-03-19,Bangalore,16.3,59,0.0,5.1
2020-03-20,Bangalore,20.4,57,0.0,2.1
2020-03-21,Bangalore,20.0,64,22.6,1.0
2020-03-22,Bangalore,19.9,55,0.0,2.9
2020-03-23,Bangalore,21.6,62,0.0,2.3
2020-03-24,Bangalore,19.0,61,0.0,1.1
2020-03-25,Bangalore,21.1,61,5.8,1.7
2020-03-26,Bangalore,22.7,52,1.3,4.6
2020-03-27,Bangalore,22.9,61,25.2,4.7
2020-03-28,Bangalore,20.7,53,0.0,3.9
2020-03-29,Bangalore,21.2,66,0.0,3.7
2020-03-30,Bangalore,22.7,64,0.0,3.7
2020-03-31,Bangalore,19.6,63,0.0,1.0
2020-04-01,Bangalore,17.2,58,0.0,1.2
2020-04-02,Bangalore,17.2,52,4.5,4.5
2020-04-03,Bangalore,23.9,52,0.0,2.6
2020-04-04,Bangalore,18.3,71,0.0,3.4
2020-04-05,Bangalore,22.7,59,0.0,1.8
2020-04-06,Bangalore,23.1,58,0.0,3.5
2020-04-07,Bangalore,20.8,64,0.0,4.1
2020-04-08,Bangalore,24.9,67,0.0,2.9
2020-04-09,Bangalore,21.5,70,0.0,2.4
2020-04-10,Bangalore,21.7,58,0.0,2.3
2020-04-11,Bangalore,22.9,57,6.3,2.7
2020-04-12,Bangalore,21.9,64,0.0,3.9
2020-04-13,Bangalore,23.1,60,9.6,2.6
2020-04-14,Bangalore,24.5,48,0.0,3.3
2020-04-15,Bangalore,18.0,62,0.0,2.7
2020-04-16,Bangalore,24.1,59,0.0,1.8
2020-04-17,Bangalore,22.4,54,0.0,2.9
2020-04-18,Bangalore,22.2,53,0.0,2.9
2020-04-19,Bangalore,24.6,63,0.0,3.7
2020-04-20,Bangalore,22.3,51,0.0,2.2
2020-04-21,Bangalore,25.6,58,14.6,2.7
2020-04-22,Bangalore,25.7,57,0.0,4.1
2020-04-23,Bangalore,24.1,61,0.0,3.8
2020-04-24,Bangalore,22.8,64,0.0,1.5
2020-04-25,Bangalore,20.4,57,0.0,4.5
2020-04-26,Bangalore,26.1,54,0.0,2.9
2020-04-27,Bangalore,22.3,61,0.0,2.8
2020-04-28,Bangalore,23.0,69,0.0,2.4
2020-04-29,Bangalore,27.6,64,21.9,3.7
2020-04-30,Bangalore,23.7,50,0.0,4.1
2020-05-01,Bangalore,24.0,64,5.8,2.9
2020-05-02,Bangalore,22.1,61,0.0,4.3
2020-05-03,Bangalore,23.6,56,7.0,3.5
2020-05-04,Bangalore,23.0,57,0.0,1.6
2020-05-05,Bangalore,23.3,45,0.0,3.6
2020-05-06,Bangalore,24.4,47,0.0,3.2
2020-05-07,Bangalore,18.2,57,0.0,3.8
2020-05-08,Bangalore,25.7,50,0.0,3.1
2020-05-09,Bangalore,23.8,50,0.0,3.0
2020-05-10,Bangalore,19.4,47,0.0,2.0
2020-05-11,Bangalore,23.2,57,0.0,3.1
2020-05-12,Bangalore,24.9,60,0.0,3.6
2020-05-13,Bangalore,23.4,58,0.0,3.6
2020-05-14,Bangalore,22.9,49,7.1,2.9
2020-05-15,Bangalore,25.4,54,0.0,3.4
2020-05-16,Bangalore,23.4,52,0.0,3.0
2020-05-17,Bangalore,24.2,67,0.0,2.1
2020-05-18,Bangalore,25.4,59,0.0,2.1
2020-05-19,Bangalore,26.9,52,0.0,3.4
2020-05-20,Bangalore,25.5,48,0.0,3.2
2020-05-21,Bangalore,26.4,57,0.0,2.4
2020-05-22,Bangalore,23.4,56,0.0,1.5
2020-05-23,Bangalore,24.7,46,0.0,4.7
2020-05-24,Bangalore,24.0,57,0.0,3.5
2020-05-25,Bangalore,27.1,57,0.0,3.1
2020-05-26,Bangalore,25.7,46,18.0,3.3
2020-05-27,Bangalore,23.9,51,0.0,4.0
2020-05-28,Bangalore,25.0,59,0.0,2.9
2020-05-29,Bangalore,24.5,51,0.0,4.3
2020-05-30,Bangalore,23.4,55,16.6,4.2
2020-05-31,Bangalore,24.2,49,0.5,6.0
2020-06-01,Bangalore,29.2,49,0.0,4.9
2020-06-02,Bangalore,26.6,53,9.4,4.8
2020-06-03,Bangalore,22.6,51,0.0,3.9
2020-06-04,Bangalore,26.9,46,4.8,3.9
2020-06-05,Bangalore,26.3,53,3.9,5.8
2020-06-06,Bangalore,25.2,54,2.3,3.9
2020-06-07,Bangalore,25.0,49,12.2,4.2
2020-06-08,Bangalore,28.5,58,4.7,5.7
2020-06-09,Bangalore,27.3,56,0.0,5.3
2020-06-10,Bangalore,27.4,43,15.9,5.9
2020-06-11,Bangalore,27.2,54,0.0,5.3
2020-06-12,Bangalore,25.9,43,12.8,6.9
2020-06-13,Bangalore,26.1,46,0.0,5.8
2020-06-14,Bangalore,25.3,48,8.7,6.6
2020-06-15,Bangalore,26.9,52,7.2,6.9
2020-06-16,Bangalore,24.5,52,10.4,6.0
2020-06-17,Bangalore,27.2,44,0.0,3.5
2020-06-18,Bangalore,24.8,53,0.0,6.3
2020-06-19,Bangalore,26.6,51,9.0,5.0
2020-06-20,Bangalore,25.5,50,11.5,4.0
2020-06-21,Bangalore,24.7,53,2.9,5.9
2020-06-22,Bangalore,30.3,49,0.0,6.0
2020-06-23,Bangalore,27.1,57,3.9,5.4
2020-06-24,Bangalore,26.1,51,7.7,5.0
2020-06-25,Bangalore,24.3,50,1.1,5.7
2020-06-26,Bangalore,24.1,42,16.8,5.0
2020-06-27,Bangalore,26.2,51,0.0,5.1
2020-06-28,Bangalore,29.2,54,11.8,4.6
2020-06-29,Bangalore,25.7,43,27.3,4.3
2020-06-30,Bangalore,24.2,37,5.9,3.2
2020-07-01,Bangalore,27.0,53,7.2,5.2
2020-07-02,Bangalore,26.3,51,0.0,4.4
2020-07-03,Bangalore,24.2,40,3.2,4.1
2020-07-04,Bangalore,24.3,53,8.1,5.9
2020-07-05,Bangalore,24.6,49,0.0,4.4
2020-07-06,Bangalore,27.5,51,0.0,7.3
2020-07-07,Bangalore,25.9,53,1.2,6.4
2020-07-08,Bangalore,24.1,58,2.6,4.6
2020-07-09,Bangalore,26.3,52,12.8,5.5
2020-07-10,Bangalore,25.5,44,11.2,4.8
2020-07-11,Bangalore,22.5,45,3.5,3.8
2020-07-12,Bangalore,23.9,46,0.0,3.7
2020-07-13,Bangalore,24.8,46,0.0,5.3
2020-07-14,Bangalore,29.4,52,5.9,5.2
2020-07-15,Bangalore,24.2,50,0.0,4.1
2020-07-16,Bangalore,21.7,43,5.1,4.3
2020-07-17,Bangalore,24.4,57,10.7,5.9
2020-07-18,Bangalore,22.9,51,3.0,5.0
2020-07-19,Bangalore,23.2,50,0.0,5.1
2020-07-20,Bangalore,22.3,45,0.0,5.7
2020-07-21,Bangalore,24.4,54,7.5,4.0
2020-07-22,Bangalore,23.6,56,0.0,7.4
2020-07-23,Bangalore,26.7,42,0.0,5.4
2020-07-24,Bangalore,24.2,60,0.0,4.3
2020-07-25,Bangalore,27.6,46,0.0,3.7
2020-07-26,Bangalore,24.1,48,12.6,4.5
2020-07-27,Bangalore,24.7,49,17.3,4.7
2020-07-28,Bangalore,28.3,64,14.5,5.3
2020-07-29,Bangalore,26.2,45,2.7,4.5
2020-07-30,Bangalore,26.7,45,10.6,4.8
2020-07-31,Bangalore,25.3,49,0.0,6.3
2020-08-01,Bangalore,28.3,52,5.9,5.5
2020-08-02,Bangalore,28.0,47,0.0,6.0
2020-08-03,Bangalore,28.4,44,6.8,5.5
2020-08-04,Bangalore,23.8,48,0.0,5.1
2020-08-05,Bangalore,22.2,53,8.5,5.6
2020-08-06,Bangalore,24.4,49,7.8,3.6
2020-08-07,Bangalore,25.7,48,10.5,4.0
2020-08-08,Bangalore,26.2,44,0.0,4.6
2020-08-09,Bangalore,23.8,55,16.9,5.3
2020-08-10,Bangalore,26.6,50,10.9,5.3
2020-08-11,Bangalore,24.7,50,23.3,4.8
2020-08-12,Bangalore,20.7,49,0.0,3.4
2020-08-13,Bangalore,26.5,59,19.4,5.6
2020-08-14,Bangalore,25.6,57,0.0,5.6
2020-08-15,Bangalore,21.5,52,0.0,3.3
2020-08-16,Bangalore,23.9,53,4.7,5.9
2020-08-17,Bangalore,26.6,53,4.2,4.4
2020-08-18,Bangalore,28.0,45,5.0,6.0
2020-08-19,Bangalore,24.4,52,0.0,5.0
2020-08-20,Bangalore,24.5,45,21.3,5.3
2020-08-21,Bangalore,23.3,46,0.0,5.0
2020-08-22,Bangalore,25.4,51,16.7,5.7
2020-08-23,Bangalore,22.2,53,6.6,5.7
2020-08-24,Bangalore,26.4,55,2.3,5.5
2020-08-25,Bangalore,25.2,55,0.0,5.7
2020-08-26,Bangalore,22.2,61,5.3,5.3
2020-08-27,Bangalore,25.4,57,15.7,4.3
2020-08-28,Bangalore,25.4,57,7.8,4.1
2020-08-29,Bangalore,24.7,48,24.1,5.3
2020-08-30,Bangalore,25.8,55,8.3,6.0
2020-08-31,Bangalore,25.7,51,14.3,3.7
2020-09-01,Bangalore,25.7,55,0.0,6.0
2020-09-02,Bangalore,21.9,49,4.3,5.9
2020-09-03,Bangalore,24.1,56,5.1,4.5
2020-09-04,Bangalore,25.7,56,0.0,3.4
2020-09-05,Bangalore,22.0,44,0.0,4.6
2020-09-06,Bangalore,24.9,64,9.2,4.7
2020-09-07,Bangalore,26.4,56,2.9,4.7
2020-09-08,Bangalore,25.6,52,6.6,5.7
2020-09-09,Bangalore,24.6,53,5.8,3.5
2020-09-10,Bangalore,25.4,46,0.0,4.6
2020-09-11,Bangalore,22.7,54,9.2,5.0
2020-09-12,Bangalore,26.4,55,5.9,4.8
2020-09-13,Bangalore,26.6,54,4.2,4.2
2020-09-14,Bangalore,21.2,62,4.5,5.3
2020-09-15,Bangalore,19.8,53,1.4,2.2
2020-09-16,Bangalore,24.2,49,0.0,5.2
2020-09-17,Bangalore,26.8,48,8.0,4.3
2020-09-18,Bangalore,19.2,53,0.0,5.6
2020-09-19,Bangalore,23.6,59,5.9,5.0
2020-09-20,Bangalore,21.6,66,0.0,5.2
2020-09-21,Bangalore,24.1,58,0.0,3.5
2020-09-22,Bangalore,24.9,55,29.3,4.9
2020-09-23,Bangalore,25.7,55,15.2,6.9
2020-09-24,Bangalore,23.6,59,0.0,5.3
2020-09-25,Bangalore,24.3,61,0.0,5.1
2020-09-26,Bangalore,22.5,52,0.0,2.6
2020-09-27,Bangalore,23.7,59,0.0,3.5
2020-09-28,Bangalore,22.8,52,0.0,2.5
2020-09-29,Bangalore,22.1,63,0.0,2.0
2020-09-30,Bangalore,20.0,51,0.0,3.5
2020-10-01,Bangalore,21.4,57,0.0,2.9
2020-10-02,Bangalore,17.4,54,0.0,3.9
2020-10-03,Bangalore,18.9,61,0.0,1.9
2020-10-04,Bangalore,22.8,53,11.3,3.1
2020-10-05,Bangalore,18.0,56,0.0,4.0
2020-10-06,Bangalore,18.3,60,0.0,3.2
2020-10-07,Bangalore,22.8,58,0.0,3.3
2020-10-08,Bangalore,19.9,60,0.0,0.6
2020-10-09,Bangalore,20.2,56,0.0,3.5
2020-10-10,Bangalore,20.8,54,0.0,2.3
2020-10-11,Bangalore,23.5,63,0.0,4.3
2020-10-12,Bangalore,25.0,62,0.0,3.5
2020-10-13,Bangalore,20.1,60,0.0,2.5
2020-10-14,Bangalore,21.2,57,0.0,1.5
2020-10-15,Bangalore,22.4,63,0.0,1.3
2020-10-16,Bangalore,25.3,65,0.0,2.8
2020-10-17,Bangalore,20.0,72,0.0,3.3
2020-10-18,Bangalore,21.8,64,0.0,4.8
2020-10-19,Bangalore,23.6,60,0.0,4.5
2020-10-20,Bangalore,18.4,65,0.0,3.4
2020-10-21,Bangalore,19.7,53,0.0,1.3
2020-10-22,Bangalore,22.3,67,0.0,2.4
2020-10-23,Bangalore,17.0,59,0.0,2.7
2020-10-24,Bangalore,20.2,69,0.0,2.0
2020-10-25,Bangalore,24.7,69,0.0,4.1
2020-10-26,Bangalore,21.3,66,0.0,2.9
2020-10-27,Bangalore,18.5,65,5.9,3.6
2020-10-28,Bangalore,20.4,55,0.0,2.3
2020-10-29,Bangalore,21.0,58,0.0,2.9
2020-10-30,Bangalore,20.7,70,0.0,2.5
2020-10-31,Bangalore,20.4,64,0.0,2.5
2020-11-01,Bangalore,19.3,61,0.0,2.6
2020-11-02,Bangalore,22.0,66,4.1,2.9
2020-11-03,Bangalore,20.7,66,0.0,4.9
2020-11-04,Bangalore,19.5,61,0.0,2.4
2020-11-05,Bangalore,17.1,55,0.0,3.3
2020-11-06,Bangalore,20.8,62,0.0,3.1
2020-11-07,Bangalore,17.1,62,0.0,1.6
2020-11-08,Bangalore,21.8,62,0.0,2.0
2020-11-09,Bangalore,15.6,61,0.0,2.0
2020-11-10,Bangalore,18.7,59,0.0,4.0
2020-11-11,Bangalore,20.7,61,0.0,2.4
2020-11-12,Bangalore,19.4,55,0.0,2.5
2020-11-13,Bangalore,18.5,72,0.0,1.6
2020-11-14,Bangalore,20.0,57,0.0,3.9
2020-11-15,Bangalore,20.5,66,0.0,3.3
2020-11-16,Bangalore,21.2,61,0.0,2.7
2020-11-17,Bangalore,19.9,64,0.0,1.9
2020-11-18,Bangalore,19.9,74,0.0,3.0
2020-11-19,Bangalore,18.5,70,0.0,5.2
2020-11-20,Bangalore,18.9,63,0.0,3.3
2020-11-21,Bangalore,21.7,70,0.0,2.4
2020-11-22,Bangalore,17.9,54,0.0,1.5
2020-11-23,Bangalore,20.7,73,0.0,2.5
2020-11-24,Bangalore,20.5,68,0.0,3.3
2020-11-25,Bangalore,20.3,64,0.0,2.6
2020-11-26,Bangalore,18.7,68,0.0,4.2
2020-11-27,Bangalore,21.0,67,0.0,3.8
2020-11-28,Bangalore,21.1,58,0.0,3.7
2020-11-29,Bangalore,19.4,74,0.0,2.9
2020-11-30,Bangalore,16.6,70,0.0,3.1
2020-12-01,Bangalore,19.4,75,0.0,2.1
2020-12-02,Bangalore,20.9,73,0.0,2.4
2020-12-03,Bangalore,19.3,68,0.0,3.8
2020-12-04,Bangalore,19.7,71,0.0,3.2
2020-12-05,Bangalore,15.9,77,0.0,2.4
2020-12-06,Bangalore,18.9,67,0.0,3.5
2020-12-07,Bangalore,19.9,57,0.0,2.3
2020-12-08,Bangalore,20.5,71,0.0,2.4
2020-12-09,Bangalore,19.2,71,0.0,3.8
2020-12-10,Bangalore,20.4,66,0.0,4.1
2020-12-11,Bangalore,17.5,66,0.0,1.7
2020-12-12,Bangalore,17.3,73,0.0,1.9
2020-12-13,Bangalore,19.0,71,0.0,3.5
2020-12-14,Bangalore,18.8,70,0.0,1.8
2020-12-15,Bangalore,12.9,64,0.0,2.8
2020-12-16,Bangalore,16.3,67,0.0,2.6
2020-12-17,Bangalore,17.8,76,0.0,1.2
2020-12-18,Bangalore,23.1,64,0.0,1.8
2020-12-19,Bangalore,21.7,68,0.0,3.3
2020-12-20,Bangalore,20.9,81,0.0,2.8
2020-12-21,Bangalore,16.5,65,0.0,2.0
2020-12-22,Bangalore,18.8,71,0.0,1.7
2020-12-23,Bangalore,16.6,75,0.0,2.7
2020-12-24,Bangalore,18.4,72,18.3,4.2
2020-12-25,Bangalore,18.8,67,0.0,2.8
2020-12-26,Bangalore,17.9,69,0.0,1.6
2020-12-27,Bangalore,17.5,69,22.6,2.6
2020-12-28,Bangalore,20.8,67,0.0,1.6
2020-12-29,Bangalore,19.8,73,0.0,3.8
2020-12-30,Bangalore,16.7,65,0.0,2.2
2020-12-31,Bangalore,18.1,69,0.0,3.9
2021-01-01,Bangalore,17.6,73,0.0,3.2
2021-01-02,Bangalore,17.6,75,0.0,2.7
2021-01-03,Bangalore,19.8,67,0.0,3.9
2021-01-04,Bangalore,19.6,67,0.0,4.6
2021-01-05,Bangalore,17.4,78,0.0,2.1
2021-01-06,Bangalore,18.2,65,0.0,3.2
2021-01-07,Bangalore,17.5,75,0.0,3.5
2021-01-08,Bangalore,14.1,71,0.0,1.9
2021-01-09,Bangalore,21.7,67,0.0,4.9
2021-01-10,Bangalore,18.5,69,0.0,2.5
2021-01-11,Bangalore,16.7,73,0.0,2.5
2021-01-12,Bangalore,16.2,74,0.0,2.9
2021-01-13,Bangalore,19.2,69,0.0,3.5
2021-01-14,Bangalore,18.2,67,0.0,4.6
2021-01-15,Bangalore,17.7,71,0.0,3.6
2021-01-16,Bangalore,15.2,68,0.0,4.5
2021-01-17,Bangalore,20.3,65,0.0,4.3
2021-01-18,Bangalore,21.5,63,0.0,3.2
2021-01-19,Bangalore,13.3,73,0.0,2.1
2021-01-20,Bangalore,15.1,63,0.0,1.8
2021-01-21,Bangalore,19.3,66,0.0,3.1
2021-01-22,Bangalore,22.9,67,0.0,4.9
2021-01-23,Bangalore,18.8,71,0.0,2.9
2021-01-24,Bangalore,15.7,67,0.0,2.1
2021-01-25,Bangalore,16.5,73,0.0,2.0
2021-01-26,Bangalore,20.2,77,0.0,3.4
2021-01-27,Bangalore,17.0,66,0.0,2.2
2021-01-28,Bangalore,21.0,76,0.0,4.5
2021-01-29,Bangalore,20.4,65,0.0,2.6
2021-01-30,Bangalore,21.1,67,0.0,3.1
2021-01-31,Bangalore,18.1,68,0.0,3.9
2021-02-01,Bangalore,20.9,80,0.0,5.3
2021-02-02,Bangalore,18.3,70,0.0,3.7
2021-02-03,Bangalore,20.5,65,0.0,3.2
2021-02-04,Bangalore,23.2,70,0.0,3.3
2021-02-05,Bangalore,20.9,70,8.4,2.5
2021-02-06,Bangalore,19.7,61,0.0,1.8
2021-02-07,Bangalore,16.1,64,0.0,4.8
2021-02-08,Bangalore,20.6,66,0.0,3.2
2021-02-09,Bangalore,18.0,64,0.0,1.8
2021-02-10,Bangalore,20.3,62,0.0,4.5
2021-02-11,Bangalore,18.8,66,0.0,4.3
2021-02-12,Bangalore,18.3,76,0.0,1.6
2021-02-13,Bangalore,16.4,72,0.0,4.4
2021-02-14,Bangalore,16.8,66,0.0,2.2
2021-02-15,Bangalore,16.8,64,0.0,2.8
2021-02-16,Bangalore,20.4,78,0.0,1.3
2021-02-17,Bangalore,18.8,68,0.0,3.1
2021-02-18,Bangalore,21.1,66,0.0,2.3
2021-02-19,Bangalore,20.6,64,0.0,4.3
2021-02-20,Bangalore,20.2,67,0.0,0.5
2021-02-21,Bangalore,20.9,62,0.0,2.5
2021-02-22,Bangalore,19.2,67,0.0,4.2
2021-02-23,Bangalore,19.2,71,0.0,3.7
2021-02-24,Bangalore,18.3,77,0.0,3.5
2021-02-25,Bangalore,15.9,64,0.0,2.4
2021-02-26,Bangalore,20.6,57,0.0,1.9
2021-02-27,Bangalore,16.1,67,0.0,3.5
2021-02-28,Bangalore,18.2,77,0.0,4.6
2021-03-01,Bangalore,16.5,69,0.0,3.7
2021-03-02,Bangalore,19.9,63,0.0,2.5
2021-03-03,Bangalore,19.3,72,0.0,4.2
2021-03-04,Bangalore,21.2,61,0.0,3.6
2021-03-05,Bangalore,17.1,62,24.7,3.4
2021-03-06,Bangalore,16.2,68,0.0,3.1
2021-03-07,Bangalore,16.6,66,0.0,3.8
2021-03-08,Bangalore,21.4,66,0.0,4.8
2021-03-09,Bangalore,20.0,68,3.3,4.0
2021-03-10,Bangalore,22.5,67,0.0,2.2
2021-03-11,Bangalore,23.3,66,23.2,3.7
2021-03-12,Bangalore,17.8,68,0.0,3.6
2021-03-13,Bangalore,19.7,58,0.0,1.4
2021-03-14,Bangalore,25.6,58,0.0,4.2
2021-03-15,Bangalore,22.5,61,0.0,1.1
2021-03-16,Bangalore,21.7,66,0.0,3.4
2021-03-17,Bangalore,22.9,57,0.0,3.8
2021-03-18,Bangalore,21.4,68,0.0,3.0
2021-03-19,Bangalore,22.5,65,0.0,2.2
2021-03-20,Bangalore,20.7,56,0.0,2.2
2021-03-21,Bangalore,23.2,56,0.0,2.2
2021-03-22,Bangalore,19.7,66,2.3,3.3
2021-03-23,Bangalore,23.3,51,0.0,3.4
2021-03-24,Bangalore,19.1,66,0.0,3.6
2021-03-25,Bangalore,23.1,69,0.0,3.2
2021-03-26,Bangalore,20.5,57,0.0,3.9
2021-03-27,Bangalore,20.1,64,0.0,3.8
2021-03-28,Bangalore,23.2,57,0.0,2.4
2021-03-29,Bangalore,22.3,68,0.0,3.1
2021-03-30,Bangalore,21.0,56,0.0,2.6
2021-03-31,Bangalore,20.6,68,0.0,4.3
2021-04-01,Bangalore,19.4,56,0.0,1.7
2021-04-02,Bangalore,20.9,55,0.0,2.4
2021-04-03,Bangalore,22.0,65,0.0,1.9
2021-04-04,Bangalore,22.1,56,2.8,4.5
2021-04-05,Bangalore,22.0,69,0.0,1.9
2021-04-06,Bangalore,20.9,60,0.0,2.0
2021-04-07,Bangalore,24.4,66,0.0,2.2
2021-04-08,Bangalore,21.1,53,13.2,2.4
2021-04-09,Bangalore,18.7,62,0.0,3.3
2021-04-10,Bangalore,18.8,59,0.0,3.1
2021-04-11,Bangalore,21.6,55,0.0,2.2
2021-04-12,Bangalore,25.9,53,0.0,2.4
2021-04-13,Bangalore,23.6,50,17.5,4.0
2021-04-14,Bangalore,20.5,62,0.0,1.8
2021-04-15,Bangalore,24.3,59,0.0,2.1
2021-04-16,Bangalore,24.5,57,0.0,2.6
2021-04-17,Bangalore,19.8,70,7.4,1.8
2021-04-18,Bangalore,20.8,53,0.0,2.6
2021-04-19,Bangalore,23.6,64,1.0,4.0
2021-04-20,Bangalore,25.5,60,0.0,1.4
2021-04-21,Bangalore,25.0,59,0.0,2.7
2021-04-22,Bangalore,21.8,66,0.0,4.3
2021-04-23,Bangalore,25.0,62,0.0,2.9
2021-04-24,Bangalore,24.0,64,0.0,3.8
2021-04-25,Bangalore,24.6,54,0.0,2.6
2021-04-26,Bangalore,22.6,55,0.0,2.7
2021-04-27,Bangalore,23.0,56,0.0,3.1
2021-04-28,Bangalore,24.2,55,0.0,2.4
2021-04-29,Bangalore,23.9,58,0.0,2.2
2021-04-30,Bangalore,22.2,53,0.0,3.1
2021-05-01,Bangalore,23.6,50,0.0,1.5
2021-05-02,Bangalore,23.9,51,0.0,2.0
2021-05-03,Bangalore,24.7,50,0.0,3.8
2021-05-04,Bangalore,22.1,45,0.0,2.4
2021-05-05,Bangalore,23.2,53,0.0,3.0
2021-05-06,Bangalore,28.0,57,0.0,3.5
2021-05-07,Bangalore,27.0,54,9.6,3.5
2021-05-08,Bangalore,27.9,56,0.0,3.1
2021-05-09,Bangalore,24.3,53,0.0,5.2
2021-05-10,Bangalore,27.6,54,0.0,3.8
2021-05-11,Bangalore,24.3,50,1.9,2.5
2021-05-12,Bangalore,24.8,53,0.7,4.2
2021-05-13,Bangalore,24.6,55,0.0,2.8
2021-05-14,Bangalore,24.8,68,0.0,4.4
2021-05-15,Bangalore,26.5,59,0.0,3.6
2021-05-16,Bangalore,24.4,55,0.0,4.0
2021-05-17,Bangalore,20.5,56,0.0,2.5
2021-05-18,Bangalore,26.4,48,0.0,2.5
2021-05-19,Bangalore,27.5,64,0.0,2.7
2021-05-20,Bangalore,28.0,61,0.0,2.3
2021-05-21,Bangalore,24.4,62,0.0,4.3
2021-05-22,Bangalore,23.5,47,0.0,4.0
2021-05-23,Bangalore,28.0,54,0.0,3.0
2021-05-24,Bangalore,25.3,60,0.0,3.9
2021-05-25,Bangalore,22.2,54,0.0,4.9
2021-05-26,Bangalore,23.1,60,0.0,2.2
2021-05-27,Bangalore,22.2,44,0.0,2.9
2021-05-28,Bangalore,26.1,55,0.0,3.7
2021-05-29,Bangalore,24.4,59,0.0,2.8
2021-05-30,Bangalore,24.7,49,0.0,4.3
2021-05-31,Bangalore,26.4,44,0.0,5.3
2021-06-01,Bangalore,27.5,46,0.0,5.7
2021-06-02,Bangalore,22.1,46,20.9,6.8
2021-06-03,Bangalore,23.4,47,6.1,5.5
2021-06-04,Bangalore,23.6,46,0.0,5.1
2021-06-05,Bangalore,23.8,54,0.0,3.7
2021-06-06,Bangalore,25.2,45,12.0,4.9
2021-06-07,Bangalore,30.9,50,17.9,3.4
2021-06-08,Bangalore,23.7,51,13.7,4.3
2021-06-09,Bangalore,24.4,48,0.0,2.3
2021-06-10,Bangalore,24.9,48,6.8,4.6
2021-06-11,Bangalore,27.2,48,0.0,4.1
2021-06-12,Bangalore,23.5,55,10.1,3.2
2021-06-13,Bangalore,24.8,60,17.0,5.3
2021-06-14,Bangalore,24.2,48,0.0,5.5
2021-06-15,Bangalore,26.5,55,18.3,5.1
2021-06-16,Bangalore,28.4,49,31.6,4.7
2021-06-17,Bangalore,25.6,57,3.4,4.4
2021-06-18,Bangalore,27.2,45,8.6,6.6
2021-06-19,Bangalore,25.4,54,8.2,6.0
2021-06-20,Bangalore,26.7,58,0.0,7.0
2021-06-21,Bangalore,26.2,50,4.9,4.5
2021-06-22,Bangalore,25.8,49,0.0,6.1
2021-06-23,Bangalore,28.6,54,12.6,5.6
2021-06-24,Bangalore,24.5,57,9.3,3.6
2021-06-25,Bangalore,27.1,44,15.8,5.4
2021-06-26,Bangalore,28.6,50,24.0,4.8
2021-06-27,Bangalore,25.8,48,16.7,5.0
2021-06-28,Bangalore,26.0,47,11.9,5.2
2021-06-29,Bangalore,24.8,48,12.2,6.8
2021-06-30,Bangalore,25.8,42,11.7,5.8
2021-07-01,Bangalore,23.2,52,0.0,4.7
2021-07-02,Bangalore,25.7,45,4.3,5.5
2021-07-03,Bangalore,27.7,55,3.5,5.4
2021-07-04,Bangalore,24.1,47,8.8,5.0
2021-07-05,Bangalore,24.6,45,5.9,4.3
2021-07-06,Bangalore,24.7,50,0.0,6.3
2021-07-07,Bangalore,29.1,52,0.0,5.0
2021-07-08,Bangalore,27.3,51,0.0,6.3
2021-07-09,Bangalore,28.2,43,12.7,4.1
2021-07-10,Bangalore,23.2,42,9.9,4.7
2021-07-11,Bangalore,26.6,53,0.0,6.9
2021-07-12,Bangalore,30.5,55,0.0,5.4
2021-07-13,Bangalore,26.8,51,0.0,4.8
2021-07-14,Bangalore,28.0,47,0.0,4.6
2021-07-15,Bangalore,26.3,48,7.6,3.6
2021-07-16,Bangalore,25.2,39,0.0,3.6
2021-07-17,Bangalore,27.9,48,0.0,5.8
2021-07-18,Bangalore,26.5,48,0.0,5.1
2021-07-19,Bangalore,27.0,53,8.5,4.7
2021-07-20,Bangalore,25.4,54,0.0,5.0
2021-07-21,Bangalore,25.4,52,24.1,5.2
2021-07-22,Bangalore,23.2,54,0.0,5.6
2021-07-23,Bangalore,25.8,44,9.3,5.5
2021-07-24,Bangalore,28.4,56,0.0,7.1
2021-07-25,Bangalore,25.5,49,0.0,4.3
2021-07-26,Bangalore,22.4,45,36.0,3.5
2021-07-27,Bangalore,20.8,53,0.0,5.1
2021-07-28,Bangalore,26.7,56,0.0,6.9
2021-07-29,Bangalore,24.0,61,0.0,6.4
2021-07-30,Bangalore,26.8,48,0.0,4.7
2021-07-31,Bangalore,26.8,53,6.1,5.4
2021-08-01,Bangalore,21.2,56,0.0,6.9
2021-08-02,Bangalore,23.9,54,9.0,6.3
2021-08-03,Bangalore,27.5,48,3.4,3.5
2021-08-04,Bangalore,21.5,51,6.2,5.3
2021-08-05,Bangalore,25.1,59,16.9,5.3
2021-08-06,Bangalore,22.3,49,0.0,3.1
2021-08-07,Bangalore,27.1,49,0.0,5.2
2021-08-08,Bangalore,27.4,59,0.0,4.5
2021-08-09,Bangalore,22.8,57,15.8,3.8
2021-08-10,Bangalore,26.2,51,0.0,4.1
2021-08-11,Bangalore,26.3,42,6.9,5.4
2021-08-12,Bangalore,25.4,49,31.6,4.3
2021-08-13,Bangalore,26.9,59,12.0,3.5
2021-08-14,Bangalore,24.4,51,7.0,4.8
2021-08-15,Bangalore,23.3,56,17.0,5.5
2021-08-16,Bangalore,23.1,58,16.0,5.5
2021-08-17,Bangalore,25.4,48,19.0,4.2
2021-08-18,Bangalore,26.1,47,0.0,4.6
2021-08-19,Bangalore,21.9,51,11.2,5.4
2021-08-20,Bangalore,28.9,48,9.4,5.6
2021-08-21,Bangalore,21.9,59,0.0,4.8
2021-08-22,Bangalore,30.1,52,6.8,5.7
2021-08-23,Bangalore,24.4,57,1.6,4.4
2021-08-24,Bangalore,26.1,58,15.7,3.9
2021-08-25,Bangalore,24.9,46,0.0,3.5
2021-08-26,Bangalore,27.5,47,20.4,4.7
2021-08-27,Bangalore,22.5,51,7.9,4.2
2021-08-28,Bangalore,21.3,57,0.0,7.4
2021-08-29,Bangalore,20.3,49,3.0,5.4
2021-08-30,Bangalore,25.7,51,12.3,6.5
2021-08-31,Bangalore,26.6,45,15.2,2.6
2021-09-01,Bangalore,19.9,58,23.7,4.5
2021-09-02,Bangalore,24.9,54,7.3,6.6
2021-09-03,Bangalore,21.3,47,12.4,4.9
2021-09-04,Bangalore,21.7,48,0.0,4.9
2021-09-05,Bangalore,27.6,50,9.8,7.0
2021-09-06,Bangalore,26.1,52,0.0,2.6
2021-09-07,Bangalore,21.9,49,8.0,4.6
2021-09-08,Bangalore,26.2,59,14.9,4.9
2021-09-09,Bangalore,22.7,57,0.0,5.5
2021-09-10,Bangalore,23.9,48,0.0,4.3
2021-09-11,Bangalore,23.5,62,16.1,4.4
2021-09-12,Bangalore,22.0,64,8.8,4.4
2021-09-13,Bangalore,27.7,49,4.4,5.5
2021-09-14,Bangalore,23.5,63,3.0,5.9
2021-09-15,Bangalore,25.5,51,0.0,5.8
2021-09-16,Bangalore,20.0,49,0.0,5.7
2021-09-17,Bangalore,23.6,58,8.5,5.1
2021-09-18,Bangalore,24.2,53,0.0,4.0
2021-09-19,Bangalore,23.3,59,6.9,3.6
2021-09-20,Bangalore,20.3,44,0.0,5.9
2021-09-21,Bangalore,21.8,53,0.0,4.1
2021-09-22,Bangalore,25.1,57,26.9,4.6
2021-09-23,Bangalore,23.0,56,3.1,5.2
2021-09-24,Bangalore,23.7,54,7.6,6.0
2021-09-25,Bangalore,21.9,64,0.0,4.4
2021-09-26,Bangalore,25.4,58,16.9,5.3
2021-09-27,Bangalore,24.1,48,0.0,1.9
2021-09-28,Bangalore,24.3,49,0.0,2.5
2021-09-29,Bangalore,23.5,59,40.8,4.2
2021-09-30,Bangalore,26.6,56,0.0,2.6
2021-10-01,Bangalore,21.0,56,0.0,4.0
2021-10-02,Bangalore,22.3,58,0.0,1.7
2021-10-03,Bangalore,24.6,62,0.0,1.7
2021-10-04,Bangalore,23.5,70,0.0,1.7
2021-10-05,Bangalore,20.5,60,0.0,3.4
2021-10-06,Bangalore,24.1,66,0.0,2.8
2021-10-07,Bangalore,20.0,57,0.0,1.2
2021-10-08,Bangalore,20.4,65,0.0,1.8
2021-10-09,Bangalore,23.0,59,0.0,3.9
2021-10-10,Bangalore,19.6,56,0.0,4.2
2021-10-11,Bangalore,21.0,65,0.0,2.9
2021-10-12,Bangalore,21.5,67,0.0,4.4
2021-10-13,Bangalore,21.9,61,9.2,1.1
2021-10-14,Bangalore,18.3,52,0.0,4.2
2021-10-15,Bangalore,23.4,57,0.0,3.3
2021-10-16,Bangalore,24.3,54,0.0,3.2
2021-10-17,Bangalore,20.0,53,0.0,1.9
2021-10-18,Bangalore,22.9,54,4.0,3.5
2021-10-19,Bangalore,19.7,56,0.0,2.8
2021-10-20,Bangalore,21.4,52,6.2,3.0
2021-10-21,Bangalore,18.8,62,0.0,3.4
2021-10-22,Bangalore,20.9,55,0.0,3.3
2021-10-23,Bangalore,19.7,58,0.0,3.4
2021-10-24,Bangalore,22.8,60,0.0,3.6
2021-10-25,Bangalore,21.1,55,0.0,4.0
2021-10-26,Bangalore,22.1,59,0.0,3.3
2021-10-27,Bangalore,21.3,62,0.0,3.9
2021-10-28,Bangalore,24.0,59,0.0,2.5
2021-10-29,Bangalore,20.4,61,0.0,4.0
2021-10-30,Bangalore,19.4,57,0.0,4.3
2021-10-31,Bangalore,17.4,66,0.0,3.2
2021-11-01,Bangalore,23.1,72,0.0,2.8
2021-11-02,Bangalore,20.4,69,0.0,3.7
2021-11-03,Bangalore,21.7,63,0.0,3.0
2021-11-04,Bangalore,21.1,63,9.7,2.4
2021-11-05,Bangalore,21.3,66,0.0,4.3
2021-11-06,Bangalore,19.9,67,0.0,3.1
2021-11-07,Bangalore,20.8,61,0.0,4.1
2021-11-08,Bangalore,18.7,72,0.0,1.8
2021-11-09,Bangalore,18.3,73,0.0,1.7
2021-11-10,Bangalore,19.7,59,0.0,2.0
2021-11-11,Bangalore,22.4,63,0.0,4.5
2021-11-12,Bangalore,20.5,63,2.6,2.2
2021-11-13,Bangalore,20.8,59,0.0,3.3
2021-11-14,Bangalore,21.7,63,0.0,2.2
2021-11-15,Bangalore,17.5,73,0.0,0.9
2021-11-16,Bangalore,17.5,65,3.1,2.6
2021-11-17,Bangalore,19.2,67,0.0,4.3
2021-11-18,Bangalore,19.6,62,0.0,2.7
2021-11-19,Bangalore,22.4,67,0.0,3.6
2021-11-20,Bangalore,22.5,60,0.0,2.5
2021-11-21,Bangalore,18.5,73,0.0,5.1
2021-11-22,Bangalore,18.9,67,0.0,4.8
2021-11-23,Bangalore,19.7,62,5.6,1.3
2021-11-24,Bangalore,16.6,68,0.0,2.7
2021-11-25,Bangalore,17.5,66,0.0,3.1
2021-11-26,Bangalore,17.8,65,0.0,3.6
2021-11-27,Bangalore,15.6,61,0.0,3.3
2021-11-28,Bangalore,19.3,73,0.0,2.4
2021-11-29,Bangalore,15.5,64,0.0,2.2
2021-11-30,Bangalore,20.6,69,0.0,4.5
2021-12-01,Bangalore,20.0,64,0.0,6.0
2021-12-02,Bangalore,18.5,66,0.0,2.6
2021-12-03,Bangalore,18.1,73,0.0,2.6
2021-12-04,Bangalore,17.6,80,0.0,3.9
2021-12-05,Bangalore,20.8,70,0.0,0.5
2021-12-06,Bangalore,17.4,66,0.0,4.3
2021-12-07,Bangalore,17.1,70,0.0,5.1
2021-12-08,Bangalore,20.5,73,0.0,3.0
2021-12-09,Bangalore,20.3,70,0.0,1.4
2021-12-10,Bangalore,16.8,71,0.0,2.5
2021-12-11,Bangalore,14.4,73,0.0,3.9
2021-12-12,Bangalore,17.6,72,0.0,2.1
2021-12-13,Bangalore,17.2,75,0.0,1.6
2021-12-14,Bangalore,16.0,68,0.0,2.7
2021-12-15,Bangalore,20.2,68,0.0,3.3
2021-12-16,Bangalore,17.8,69,17.0,4.5
2021-12-17,Bangalore,17.5,67,0.0,2.8
2021-12-18,Bangalore,19.3,72,71.1,3.0
2021-12-19,Bangalore,18.9,71,0.0,2.9
2021-12-20,Bangalore,18.4,63,0.0,2.5
2021-12-21,Bangalore,19.7,71,0.0,2.0
2021-12-22,Bangalore,19.8,63,0.0,3.9
2021-12-23,Bangalore,18.8,72,0.0,3.1
2021-12-24,Bangalore,13.0,68,0.0,3.9
2021-12-25,Bangalore,17.7,69,0.0,1.4
2021-12-26,Bangalore,17.3,61,0.0,2.1
2021-12-27,Bangalore,16.4,65,0.0,2.1
2021-12-28,Bangalore,19.3,73,0.0,3.5
2021-12-29,Bangalore,19.3,58,0.0,3.5
2021-12-30,Bangalore,17.7,68,0.0,2.9
2021-12-31,Bangalore,16.6,65,0.0,0.5
2022-01-01,Bangalore,22.9,71,0.0,4.9
2022-01-02,Bangalore,16.4,68,0.0,4.3
2022-01-03,Bangalore,20.4,63,2.7,3.7
2022-01-04,Bangalore,15.5,74,0.0,1.9
2022-01-05,Bangalore,19.4,72,0.0,5.0
2022-01-06,Bangalore,20.5,72,21.7,3.1
2022-01-07,Bangalore,16.9,63,0.0,2.1
2022-01-08,Bangalore,19.5,67,0.0,2.2
2022-01-09,Bangalore,16.9,65,0.0,2.0
2022-01-10,Bangalore,17.3,70,0.0,5.0
2022-01-11,Bangalore,17.7,74,6.1,2.2
2022-01-12,Bangalore,19.5,66,3.7,1.4
2022-01-13,Bangalore,19.2,68,0.0,3.7
2022-01-14,Bangalore,19.9,66,0.0,3.5
2022-01-15,Bangalore,18.5,78,3.7,2.3
2022-01-16,Bangalore,19.2,69,0.0,3.1
2022-01-17,Bangalore,19.6,67,0.0,2.1
2022-01-18,Bangalore,19.8,68,0.0,3.0
2022-01-19,Bangalore,19.2,69,11.6,2.7
2022-01-20,Bangalore,18.2,79,0.0,4.4
2022-01-21,Bangalore,19.8,66,0.0,3.0
2022-01-22,Bangalore,18.9,72,0.0,2.3
2022-01-23,Bangalore,14.3,67,0.0,3.2
2022-01-24,Bangalore,22.2,75,0.0,2.9
2022-01-25,Bangalore,15.4,72,0.0,2.7
2022-01-26,Bangalore,21.1,64,0.0,0.9
2022-01-27,Bangalore,18.3,62,0.0,3.2
2022-01-28,Bangalore,18.0,62,0.0,3.4
2022-01-29,Bangalore,17.6,59,0.0,2.1
2022-01-30,Bangalore,19.8,76,0.0,2.1
2022-01-31,Bangalore,20.0,63,0.0,3.9
2022-02-01,Bangalore,10.5,70,0.0,2.8
2022-02-02,Bangalore,17.4,71,0.0,2.7
2022-02-03,Bangalore,20.8,74,0.0,3.1
2022-02-04,Bangalore,16.3,72,0.0,5.3
2022-02-05,Bangalore,17.4,70,0.0,2.7
2022-02-06,Bangalore,17.7,69,0.0,4.4
2022-02-07,Bangalore,18.4,65,0.0,1.0
2022-02-08,Bangalore,16.5,70,0.0,3.4
2022-02-09,Bangalore,15.7,77,0.0,2.7
2022-02-10,Bangalore,17.4,70,0.0,3.9
2022-02-11,Bangalore,22.4,66,0.0,1.3
2022-02-12,Bangalore,19.5,78,0.0,4.2
2022-02-13,Bangalore,20.2,72,0.0,3.9
2022-02-14,Bangalore,20.5,63,0.0,2.9
2022-02-15,Bangalore,19.3,73,0.0,2.4
2022-02-16,Bangalore,18.0,65,0.0,3.4
2022-02-17,Bangalore,15.4,69,0.0,2.7
2022-02-18,Bangalore,21.0,73,0.0,3.5
2022-02-19,Bangalore,18.8,72,0.0,3.4
2022-02-20,Bangalore,17.5,60,0.0,3.2
2022-02-21,Bangalore,16.5,63,0.0,4.3
2022-02-22,Bangalore,22.1,63,0.0,2.4
2022-02-23,Bangalore,18.5,67,0.0,2.0
2022-02-24,Bangalore,22.4,58,0.0,3.2
2022-02-25,Bangalore,18.1,71,0.0,4.3
2022-02-26,Bangalore,21.3,70,0.0,3.2
2022-02-27,Bangalore,17.1,62,0.0,2.4
2022-02-28,Bangalore,22.3,66,0.0,3.3
2022-03-01,Bangalore,19.3,64,15.1,3.4
2022-03-02,Bangalore,17.4,72,0.0,2.8
2022-03-03,Bangalore,17.2,66,0.0,1.9
2022-03-04,Bangalore,21.4,71,0.0,2.6
2022-03-05,Bangalore,18.3,65,0.0,1.4
2022-03-06,Bangalore,17.8,57,0.0,3.3
2022-03-07,Bangalore,21.6,65,0.0,1.1
2022-03-08,Bangalore,15.0,65,0.0,2.9
2022-03-09,Bangalore,18.5,68,0.0,3.5
2022-03-10,Bangalore,23.2,64,0.0,4.3
2022-03-11,Bangalore,19.1,63,0.0,4.5
2022-03-12,Bangalore,19.4,69,0.0,2.6
2022-03-13,Bangalore,21.6,64,0.0,3.3
2022-03-14,Bangalore,22.5,56,24.0,2.9
2022-03-15,Bangalore,21.4,61,0.0,4.4
2022-03-16,Bangalore,19.8,64,0.0,3.3
2022-03-17,Bangalore,20.0,62,0.0,3.5
2022-03-18,Bangalore,20.0,69,0.0,2.1
2022-03-19,Bangalore,23.3,67,0.0,3.0
2022-03-20,Bangalore,21.2,65,0.0,2.3
2022-03-21,Bangalore,20.5,62,0.0,2.4
2022-03-22,Bangalore,18.7,59,0.0,2.9
2022-03-23,Bangalore,23.1,70,0.0,2.0
2022-03-24,Bangalore,21.8,68,0.0,4.1
2022-03-25,Bangalore,19.8,66,0.0,2.7
2022-03-26,Bangalore,19.6,61,13.6,1.8
2022-03-27,Bangalore,19.9,49,0.0,4.9
2022-03-28,Bangalore,23.4,70,0.0,0.7
2022-03-29,Bangalore,16.8,59,0.0,3.1
2022-03-30,Bangalore,18.3,63,0.0,3.8
2022-03-31,Bangalore,19.1,60,0.0,3.6
2022-04-01,Bangalore,20.0,64,0.0,2.3
2022-04-02,Bangalore,20.7,57,0.0,3.5
2022-04-03,Bangalore,24.2,64,0.0,3.7
2022-04-04,Bangalore,19.6,53,0.0,4.1
2022-04-05,Bangalore,23.7,70,0.0,1.8
2022-04-06,Bangalore,19.5,60,0.0,2.7
2022-04-07,Bangalore,20.3,57,0.0,4.0
2022-04-08,Bangalore,24.2,56,0.0,1.2
2022-04-09,Bangalore,21.7,64,0.0,2.6
2022-04-10,Bangalore,25.0,58,0.0,3.0
2022-04-11,Bangalore,24.7,60,0.0,3.1
2022-04-12,Bangalore,21.0,58,0.0,2.2
2022-04-13,Bangalore,22.5,66,0.0,2.3
2022-04-14,Bangalore,23.5,58,0.0,4.0
2022-04-15,Bangalore,19.1,63,0.0,3.9
2022-04-16,Bangalore,23.0,49,0.0,1.3
2022-04-17,Bangalore,22.4,69,0.0,3.5
2022-04-18,Bangalore,23.1,63,0.0,2.1
2022-04-19,Bangalore,24.4,53,0.0,2.8
2022-04-20,Bangalore,19.8,51,0.0,3.1
2022-04-21,Bangalore,21.2,67,0.0,2.5
2022-04-22,Bangalore,23.4,61,0.0,2.0
2022-04-23,Bangalore,22.7,63,0.0,4.9
2022-04-24,Bangalore,20.8,67,0.0,2.4
2022-04-25,Bangalore,25.0,58,0.0,2.8
2022-04-26,Bangalore,22.0,54,0.0,5.1
2022-04-27,Bangalore,22.9,59,0.0,4.9
2022-04-28,Bangalore,23.1,44,0.0,6.4
2022-04-29,Bangalore,25.8,53,0.0,2.5
2022-04-30,Bangalore,23.9,57,0.0,4.8
2022-05-01,Bangalore,25.4,51,0.0,3.1
2022-05-02,Bangalore,18.5,50,0.0,4.0
2022-05-03,Bangalore,23.1,46,0.0,2.9
2022-05-04,Bangalore,30.4,53,0.0,2.8
2022-05-05,Bangalore,20.6,53,5.6,2.8
2022-05-06,Bangalore,25.8,58,0.0,3.1
2022-05-07,Bangalore,27.5,57,0.0,3.5
2022-05-08,Bangalore,23.2,56,0.0,3.2
2022-05-09,Bangalore,24.2,50,0.0,1.9
2022-05-10,Bangalore,23.2,56,0.0,2.3
2022-05-11,Bangalore,25.1,48,0.0,3.3
2022-05-12,Bangalore,24.9,51,0.0,1.7
2022-05-13,Bangalore,24.4,44,0.0,3.1
2022-05-14,Bangalore,25.5,54,0.0,3.9
2022-05-15,Bangalore,22.8,61,0.0,2.0
2022-05-16,Bangalore,26.4,56,0.0,4.4
2022-05-17,Bangalore,28.5,57,0.0,2.1
2022-05-18,Bangalore,27.0,50,0.0,3.6
2022-05-19,Bangalore,20.8,60,0.0,3.4
2022-05-20,Bangalore,27.8,60,0.0,3.6
2022-05-21,Bangalore,24.4,59,0.0,0.5
2022-05-22,Bangalore,25.6,47,0.0,2.3
2022-05-23,Bangalore,23.9,48,0.0,4.2
2022-05-24,Bangalore,28.1,48,0.0,4.1
2022-05-25,Bangalore,26.0,46,0.0,3.2
2022-05-26,Bangalore,23.4,53,0.0,2.5
2022-05-27,Bangalore,25.4,49,0.0,3.7
2022-05-28,Bangalore,24.6,52,0.0,3.2
2022-05-29,Bangalore,21.8,61,9.0,1.1
2022-05-30,Bangalore,26.1,52,0.0,2.4
2022-05-31,Bangalore,24.1,45,0.0,5.2
2022-06-01,Bangalore,20.5,42,11.1,6.8
2022-06-02,Bangalore,23.2,45,8.7,5.9
2022-06-03,Bangalore,24.1,48,12.1,4.6
2022-06-04,Bangalore,25.9,43,15.5,3.9
2022-06-05,Bangalore,26.9,41,12.3,3.4
2022-06-06,Bangalore,22.8,55,0.0,4.9
2022-06-07,Bangalore,20.9,56,0.0,4.5
2022-06-08,Bangalore,27.4,59,8.4,5.1
2022-06-09,Bangalore,26.2,50,0.0,5.8
2022-06-10,Bangalore,25.3,59,2.7,6.8
2022-06-11,Bangalore,22.9,54,0.0,4.3
2022-06-12,Bangalore,24.4,43,0.0,5.4
2022-06-13,Bangalore,25.7,50,7.4,4.4
2022-06-14,Bangalore,24.5,52,0.0,5.3
2022-06-15,Bangalore,28.2,48,8.4,4.0
2022-06-16,Bangalore,25.3,56,3.3,5.3
2022-06-17,Bangalore,22.9,43,5.4,5.4
2022-06-18,Bangalore,27.6,55,4.4,2.9
2022-06-19,Bangalore,27.6,54,10.5,5.8
2022-06-20,Bangalore,25.9,45,0.0,4.3
2022-06-21,Bangalore,25.6,58,22.4,4.4
2022-06-22,Bangalore,26.4,43,13.5,4.6
2022-06-23,Bangalore,27.8,41,7.6,5.7
2022-06-24,Bangalore,26.0,42,13.6,5.1
2022-06-25,Bangalore,29.0,49,22.1,6.6
2022-06-26,Bangalore,28.5,54,12.5,3.5
2022-06-27,Bangalore,26.1,53,3.9,7.1
2022-06-28,Bangalore,25.1,43,4.7,5.3
2022-06-29,Bangalore,29.5,50,9.0,3.7
2022-06-30,Bangalore,25.8,50,12.8,5.9
2022-07-01,Bangalore,27.3,44,0.0,5.8
2022-07-02,Bangalore,28.7,48,0.0,4.7
2022-07-03,Bangalore,27.4,54,18.3,6.3
2022-07-04,Bangalore,27.9,53,0.0,7.5
2022-07-05,Bangalore,28.8,59,0.0,5.8
2022-07-06,Bangalore,29.8,46,0.0,3.9
2022-07-07,Bangalore,24.7,51,0.0,6.2
2022-07-08,Bangalore,26.4,46,9.1,5.7
2022-07-09,Bangalore,26.2,53,9.5,4.9
2022-07-10,Bangalore,25.8,57,22.2,3.0
2022-07-11,Bangalore,24.3,59,0.0,5.5
2022-07-12,Bangalore,21.3,43,4.1,4.0
2022-07-13,Bangalore,29.6,43,0.0,6.3
2022-07-14,Bangalore,22.9,52,3.4,5.5
2022-07-15,Bangalore,25.7,52,9.8,4.7
2022-07-16,Bangalore,25.3,49,0.0,5.1
2022-07-17,Bangalore,29.1,45,0.0,3.1
2022-07-18,Bangalore,25.4,54,7.1,5.6
2022-07-19,Bangalore,24.4,56,0.0,5.1
2022-07-20,Bangalore,27.2,52,12.2,6.9
2022-07-21,Bangalore,26.4,48,0.0,5.6
2022-07-22,Bangalore,28.1,46,0.0,4.9
2022-07-23,Bangalore,24.6,47,0.0,6.1
2022-07-24,Bangalore,24.3,50,0.0,3.5
2022-07-25,Bangalore,21.6,53,0.0,5.1
2022-07-26,Bangalore,24.8,41,10.4,5.4
2022-07-27,Bangalore,25.6,45,0.0,4.5
2022-07-28,Bangalore,26.1,47,0.0,4.3
2022-07-29,Bangalore,25.8,46,15.0,5.2
2022-07-30,Bangalore,23.7,54,11.5,4.1
2022-07-31,Bangalore,27.5,48,2.3,4.3
2022-08-01,Bangalore,26.4,48,0.0,4.3
2022-08-02,Bangalore,27.5,50,16.7,4.7
2022-08-03,Bangalore,22.1,48,1.1,3.9
2022-08-04,Bangalore,25.2,59,0.0,6.2
2022-08-05,Bangalore,22.8,53,0.0,4.0
2022-08-06,Bangalore,29.6,53,14.0,4.2
2022-08-07,Bangalore,26.8,54,0.0,5.6
2022-08-08,Bangalore,24.9,55,0.0,4.6
2022-08-09,Bangalore,24.9,55,2.5,4.4
2022-08-10,Bangalore,28.2,56,7.8,3.6
2022-08-11,Bangalore,23.5,45,0.0,2.2
2022-08-12,Bangalore,24.5,49,9.4,4.8
2022-08-13,Bangalore,29.0,44,3.3,4.9
2022-08-14,Bangalore,28.5,54,9.0,5.8
2022-08-15,Bangalore,23.5,49,10.2,4.7
2022-08-16,Bangalore,24.1,63,4.5,5.6
2022-08-17,Bangalore,24.4,52,0.0,6.0
2022-08-18,Bangalore,24.4,52,0.0,5.3
2022-08-19,Bangalore,25.9,56,15.4,6.3
2022-08-20,Bangalore,27.0,54,6.7,4.8
2022-08-21,Bangalore,21.2,55,17.9,4.1
2022-08-22,Bangalore,26.0,46,8.6,6.0
2022-08-23,Bangalore,24.9,53,2.6,4.4
2022-08-24,Bangalore,29.5,49,5.6,3.7
2022-08-25,Bangalore,25.6,51,0.0,4.9
2022-08-26,Bangalore,26.6,58,6.1,6.1
2022-08-27,Bangalore,22.6,57,0.0,6.3
2022-08-28,Bangalore,22.5,61,10.4,4.9
2022-08-29,Bangalore,24.2,50,2.9,5.2
2022-08-30,Bangalore,26.2,55,8.6,6.4
2022-08-31,Bangalore,22.8,49,0.0,4.5
2022-09-01,Bangalore,25.1,49,10.4,4.2
2022-09-02,Bangalore,24.5,54,1.0,4.9
2022-09-03,Bangalore,23.4,55,18.4,5.3
2022-09-04,Bangalore,26.5,40,9.1,3.8
2022-09-05,Bangalore,22.5,59,0.0,5.7
2022-09-06,Bangalore,24.3,47,0.0,3.8
2022-09-07,Bangalore,24.0,38,0.0,5.9
2022-09-08,Bangalore,22.7,54,0.0,4.8
2022-09-09,Bangalore,22.9,48,8.8,4.2
2022-09-10,Bangalore,24.9,54,0.0,5.6
2022-09-11,Bangalore,22.4,53,4.5,4.0
2022-09-12,Bangalore,22.9,52,0.0,5.5
2022-09-13,Bangalore,24.2,62,6.4,4.6
2022-09-14,Bangalore,27.9,55,2.2,4.5
2022-09-15,Bangalore,26.6,48,0.0,4.2
2022-09-16,Bangalore,23.3,54,0.0,5.4
2022-09-17,Bangalore,23.3,54,9.6,5.6
2022-09-18,Bangalore,22.6,58,6.8,5.5
2022-09-19,Bangalore,21.4,54,0.0,3.8
2022-09-20,Bangalore,24.0,56,2.3,5.4
2022-09-21,Bangalore,25.3,57,0.0,3.4
2022-09-22,Bangalore,24.5,57,3.8,3.7
2022-09-23,Bangalore,23.4,62,0.0,3.1
2022-09-24,Bangalore,21.6,50,0.0,6.3
2022-09-25,Bangalore,23.0,57,7.3,6.1
2022-09-26,Bangalore,22.1,57,0.0,3.8
2022-09-27,Bangalore,23.9,49,0.0,1.6
2022-09-28,Bangalore,25.0,56,0.0,3.7
2022-09-29,Bangalore,24.9,62,0.0,3.8
2022-09-30,Bangalore,23.3,66,0.0,1.4
2022-10-01,Bangalore,22.9,38,0.0,3.9
2022-10-02,Bangalore,23.5,61,0.0,3.5
2022-10-03,Bangalore,24.6,63,10.8,2.6
2022-10-04,Bangalore,24.9,59,0.0,4.1
2022-10-05,Bangalore,23.5,54,0.0,2.1
2022-10-06,Bangalore,20.6,56,0.0,2.6
2022-10-07,Bangalore,21.7,61,0.0,2.5
2022-10-08,Bangalore,23.8,60,0.0,2.4
2022-10-09,Bangalore,19.2,57,0.0,4.0
2022-10-10,Bangalore,20.9,67,0.0,3.2
2022-10-11,Bangalore,23.4,56,0.0,3.2
2022-10-12,Bangalore,21.2,58,0.0,2.7
2022-10-13,Bangalore,19.4,61,18.5,3.2
2022-10-14,Bangalore,27.1,59,0.0,3.5
2022-10-15,Bangalore,23.2,65,0.0,3.4
2022-10-16,Bangalore,20.5,67,0.0,2.6
2022-10-17,Bangalore,21.3,59,0.0,4.5
2022-10-18,Bangalore,18.3,61,0.0,2.6
2022-10-19,Bangalore,20.3,56,6.2,2.2
2022-10-20,Bangalore,23.4,51,0.0,3.7
2022-10-21,Bangalore,24.1,57,0.0,3.4
2022-10-22,Bangalore,17.8,65,2.4,3.3
2022-10-23,Bangalore,25.4,60,0.0,3.0
2022-10-24,Bangalore,21.1,59,0.0,2.7
2022-10-25,Bangalore,21.7,69,0.0,1.9
2022-10-26,Bangalore,21.6,58,0.0,3.2
2022-10-27,Bangalore,21.9,65,0.0,3.6
2022-10-28,Bangalore,19.1,69,0.0,2.9
2022-10-29,Bangalore,20.8,64,0.0,3.7
2022-10-30,Bangalore,22.9,74,0.0,4.0
2022-10-31,Bangalore,22.0,69,0.0,0.5
2022-11-01,Bangalore,19.5,64,5.1,4.4
2022-11-02,Bangalore,24.3,62,0.0,2.3
2022-11-03,Bangalore,19.4,77,0.0,4.0
2022-11-04,Bangalore,19.7,71,0.0,1.5
2022-11-05,Bangalore,20.0,67,0.0,3.0
2022-11-06,Bangalore,22.4,64,0.0,3.4
2022-11-07,Bangalore,17.5,68,0.0,2.8
2022-11-08,Bangalore,23.0,68,0.0,2.6
2022-11-09,Bangalore,19.4,64,0.0,2.5
2022-11-10,Bangalore,20.9,57,0.0,3.8
2022-11-11,Bangalore,20.1,75,0.0,3.4
2022-11-12,Bangalore,15.8,64,0.0,1.7
2022-11-13,Bangalore,18.9,62,0.0,3.8
2022-11-14,Bangalore,18.5,60,0.0,2.5
2022-11-15,Bangalore,18.4,61,10.7,3.2
2022-11-16,Bangalore,21.1,61,0.0,1.3
2022-11-17,Bangalore,24.5,75,0.0,1.7
2022-11-18,Bangalore,17.0,58,0.0,2.9
2022-11-19,Bangalore,18.5,65,0.0,2.9
2022-11-20,Bangalore,25.2,64,0.0,1.7
2022-11-21,Bangalore,20.9,68,0.0,4.8
2022-11-22,Bangalore,20.8,66,0.0,2.8
2022-11-23,Bangalore,19.1,73,0.0,2.2
2022-11-24,Bangalore,15.9,68,0.0,2.6
2022-11-25,Bangalore,19.0,68,0.0,3.7
2022-11-26,Bangalore,19.2,69,0.0,3.7
2022-11-27,Bangalore,20.6,70,0.0,1.5
2022-11-28,Bangalore,21.3,71,0.0,2.7
2022-11-29,Bangalore,21.0,65,0.0,2.9
2022-11-30,Bangalore,20.8,67,0.0,2.8
2022-12-01,Bangalore,15.3,63,23.0,1.6
2022-12-02,Bangalore,21.1,75,0.0,2.7
2022-12-03,Bangalore,17.1,65,0.0,1.8
2022-12-04,Bangalore,19.4,66,0.0,3.9
2022-12-05,Bangalore,20.1,73,0.0,3.9
2022-12-06,Bangalore,21.7,74,0.0,2.1
2022-12-07,Bangalore,17.3,64,0.0,2.2
2022-12-08,Bangalore,17.9,70,0.0,3.2
2022-12-09,Bangalore,18.5,75,0.0,5.0
2022-12-10,Bangalore,18.8,67,0.0,3.9
2022-12-11,Bangalore,19.5,55,0.0,3.2
2022-12-12,Bangalore,15.9,66,0.0,3.9
2022-12-13,Bangalore,20.8,67,0.0,3.1
2022-12-14,Bangalore,20.3,72,0.0,4.1
2022-12-15,Bangalore,17.6,63,0.0,4.0
2022-12-16,Bangalore,16.2,69,0.0,1.2
2022-12-17,Bangalore,17.6,67,0.0,2.4
2022-12-18,Bangalore,21.8,75,0.0,2.6
2022-12-19,Bangalore,17.0,66,0.0,2.8
2022-12-20,Bangalore,13.1,75,0.0,2.5
2022-12-21,Bangalore,16.9,65,0.0,3.9
2022-12-22,Bangalore,19.9,80,0.0,3.0
2022-12-23,Bangalore,14.9,68,0.0,2.8
2022-12-24,Bangalore,17.6,69,0.0,3.0
2022-12-25,Bangalore,17.6,61,0.0,3.1
2022-12-26,Bangalore,15.4,71,0.0,2.3
2022-12-27,Bangalore,15.7,68,0.0,3.1
2022-12-28,Bangalore,18.4,70,0.0,2.8
2022-12-29,Bangalore,17.5,69,0.0,2.5
2022-12-30,Bangalore,20.8,59,12.1,1.6
2022-12-31,Bangalore,19.2,69,0.0,4.3
2023-01-01,Bangalore,18.3,71,0.0,3.9
2023-01-02,Bangalore,17.0,72,0.0,2.8
2023-01-03,Bangalore,17.3,70,0.0,4.3
2023-01-04,Bangalore,19.8,76,32.6,4.7
2023-01-05,Bangalore,17.1,72,0.0,0.8
2023-01-06,Bangalore,20.4,59,0.0,3.8
2023-01-07,Bangalore,18.6,66,0.0,3.9
2023-01-08,Bangalore,20.4,66,0.0,2.7
2023-01-09,Bangalore,18.1,66,0.4,2.6
2023-01-10,Bangalore,15.4,67,0.0,3.4
2023-01-11,Bangalore,18.4,78,0.0,3.4
2023-01-12,Bangalore,15.4,65,0.0,2.8
2023-01-13,Bangalore,16.0,69,0.0,2.0
2023-01-14,Bangalore,16.3,78,0.0,1.6
2023-01-15,Bangalore,18.0,65,0.0,2.5
2023-01-16,Bangalore,19.4,66,0.0,2.6
2023-01-17,Bangalore,18.8,72,0.0,3.8
2023-01-18,Bangalore,15.3,71,0.0,4.7
2023-01-19,Bangalore,18.8,76,0.0,2.0
2023-01-20,Bangalore,18.0,56,0.0,3.9
2023-01-21,Bangalore,15.4,69,0.0,2.3
2023-01-22,Bangalore,20.1,72,8.1,2.9
2023-01-23,Bangalore,16.2,71,0.0,2.2
2023-01-24,Bangalore,19.4,69,0.0,2.2
2023-01-25,Bangalore,19.3,75,0.0,2.3
2023-01-26,Bangalore,15.1,72,12.2,3.7
2023-01-27,Bangalore,19.1,76,0.0,3.9
2023-01-28,Bangalore,17.8,71,0.0,0.5
2023-01-29,Bangalore,19.7,67,0.0,3.0
2023-01-30,Bangalore,20.5,77,0.0,3.9
2023-01-31,Bangalore,18.3,70,0.0,4.0
2023-02-01,Bangalore,17.9,65,0.0,2.3
2023-02-02,Bangalore,18.4,70,1.8,3.5
2023-02-03,Bangalore,16.5,61,0.0,3.5
2023-02-04,Bangalore,19.0,75,0.0,3.3
2023-02-05,Bangalore,19.8,61,26.5,4.8
2023-02-06,Bangalore,18.7,67,0.0,2.8
2023-02-07,Bangalore,22.0,78,0.0,2.9
2023-02-08,Bangalore,20.3,72,9.0,4.9
2023-02-09,Bangalore,17.4,63,0.0,1.7
2023-02-10,Bangalore,21.4,68,0.0,0.5
2023-02-11,Bangalore,15.0,66,0.0,5.4
2023-02-12,Bangalore,22.1,63,0.0,2.0
2023-02-13,Bangalore,22.6,60,0.0,1.9
2023-02-14,Bangalore,15.5,75,0.0,4.7
2023-02-15,Bangalore,17.2,66,0.0,1.5
2023-02-16,Bangalore,19.9,75,0.0,2.7
2023-02-17,Bangalore,20.4,76,0.0,3.5
2023-02-18,Bangalore,21.7,63,0.0,3.3
2023-02-19,Bangalore,20.2,69,0.0,2.7
2023-02-20,Bangalore,15.1,64,0.0,1.3
2023-02-21,Bangalore,18.5,75,0.0,2.9
2023-02-22,Bangalore,20.1,70,0.0,4.0
2023-02-23,Bangalore,17.1,67,0.0,3.3
2023-02-24,Bangalore,20.3,69,0.0,3.3
2023-02-25,Bangalore,17.2,63,0.0,4.6
2023-02-26,Bangalore,18.5,66,0.0,3.6
2023-02-27,Bangalore,20.4,63,0.0,1.9
2023-02-28,Bangalore,20.7,58,9.8,0.8
2023-03-01,Bangalore,22.7,61,6.6,3.6
2023-03-02,Bangalore,21.1,64,0.0,0.9
2023-03-03,Bangalore,20.0,67,0.0,4.0
2023-03-04,Bangalore,18.4,69,0.0,4.0
2023-03-05,Bangalore,19.4,62,0.0,3.6
2023-03-06,Bangalore,22.5,69,0.0,2.9
2023-03-07,Bangalore,20.7,71,0.0,2.8
2023-03-08,Bangalore,21.8,59,0.0,1.1
2023-03-09,Bangalore,22.2,66,14.3,3.0
2023-03-10,Bangalore,19.5,70,6.4,3.7
2023-03-11,Bangalore,19.2,73,0.0,2.0
2023-03-12,Bangalore,19.9,55,3.1,2.2
2023-03-13,Bangalore,19.9,60,0.0,2.4
2023-03-14,Bangalore,20.3,74,0.0,3.2
2023-03-15,Bangalore,19.9,61,0.0,3.8
2023-03-16,Bangalore,16.5,59,0.0,2.0
2023-03-17,Bangalore,24.1,67,0.0,3.0
2023-03-18,Bangalore,20.2,71,0.0,2.8
2023-03-19,Bangalore,18.0,65,0.0,0.9
2023-03-20,Bangalore,21.1,59,0.0,4.4
2023-03-21,Bangalore,21.8,68,0.0,3.5
2023-03-22,Bangalore,21.1,67,0.0,2.6
2023-03-23,Bangalore,19.9,63,0.0,2.3
2023-03-24,Bangalore,20.2,63,0.0,2.9
2023-03-25,Bangalore,22.1,60,0.0,3.3
2023-03-26,Bangalore,19.0,67,0.0,3.3
2023-03-27,Bangalore,21.5,58,0.0,2.7
2023-03-28,Bangalore,20.3,63,0.0,3.5
2023-03-29,Bangalore,20.5,67,0.0,0.5
2023-03-30,Bangalore,18.9,64,0.0,1.8
2023-03-31,Bangalore,19.0,66,0.0,3.3
2023-04-01,Bangalore,20.5,63,0.0,1.3
2023-04-02,Bangalore,23.4,58,0.0,2.8
2023-04-03,Bangalore,20.7,55,0.0,2.9
2023-04-04,Bangalore,19.6,59,0.0,3.9
2023-04-05,Bangalore,20.1,62,0.0,2.6
2023-04-06,Bangalore,18.2,63,0.0,2.2
2023-04-07,Bangalore,23.0,59,0.0,3.3
2023-04-08,Bangalore,25.5,62,0.0,2.6
2023-04-09,Bangalore,23.2,56,0.0,3.4
2023-04-10,Bangalore,20.4,59,0.0,1.7
2023-04-11,Bangalore,23.5,57,0.0,4.7
2023-04-12,Bangalore,21.2,68,0.0,3.1
2023-04-13,Bangalore,19.1,52,0.0,1.6
2023-04-14,Bangalore,25.5,56,0.0,2.8
2023-04-15,Bangalore,27.9,64,0.0,1.2
2023-04-16,Bangalore,25.9,48,0.0,0.5
2023-04-17,Bangalore,22.0,64,0.0,4.4
2023-04-18,Bangalore,24.0,51,0.0,2.2
2023-04-19,Bangalore,26.4,59,0.0,1.2
2023-04-20,Bangalore,25.0,58,0.0,1.3
2023-04-21,Bangalore,18.5,59,0.0,1.7
2023-04-22,Bangalore,20.6,58,0.0,3.4
2023-04-23,Bangalore,21.9,59,0.0,4.2
2023-04-24,Bangalore,27.6,54,0.0,4.4
2023-04-25,Bangalore,22.4,58,0.0,3.3
2023-04-26,Bangalore,22.6,43,0.0,3.1
2023-04-27,Bangalore,21.4,60,0.0,2.5
2023-04-28,Bangalore,25.8,66,0.0,3.9
2023-04-29,Bangalore,23.6,44,0.0,2.3
2023-04-30,Bangalore,25.1,46,0.0,2.0
2023-05-01,Bangalore,25.5,63,0.0,2.5
2023-05-02,Bangalore,17.7,57,0.0,3.2
2023-05-03,Bangalore,23.1,58,0.0,0.9
2023-05-04,Bangalore,23.6,53,0.0,2.1
2023-05-05,Bangalore,24.3,58,0.0,2.9
2023-05-06,Bangalore,24.1,40,0.0,2.7
2023-05-07,Bangalore,23.6,63,0.0,4.4
2023-05-08,Bangalore,25.9,63,0.0,2.0
2023-05-09,Bangalore,24.4,52,0.0,4.0
2023-05-10,Bangalore,28.1,52,0.0,3.9
2023-05-11,Bangalore,26.5,50,0.0,3.7
2023-05-12,Bangalore,24.5,57,0.0,4.2
2023-05-13,Bangalore,25.6,52,0.0,2.6
2023-05-14,Bangalore,25.6,53,0.0,2.0
2023-05-15,Bangalore,23.7,60,0.0,2.5
2023-05-16,Bangalore,26.7,53,0.0,3.3
2023-05-17,Bangalore,23.0,56,0.0,1.8
2023-05-18,Bangalore,21.8,57,0.0,3.5
2023-05-19,Bangalore,29.1,56,0.0,3.3
2023-05-20,Bangalore,25.0,56,0.0,2.8
2023-05-21,Bangalore,24.1,62,0.0,2.8
2023-05-22,Bangalore,22.6,53,0.0,3.5
2023-05-23,Bangalore,26.5,41,0.0,3.4
2023-05-24,Bangalore,25.0,48,10.1,3.3
2023-05-25,Bangalore,24.6,52,0.0,3.6
2023-05-26,Bangalore,27.6,57,0.0,2.6
2023-05-27,Bangalore,21.6,53,0.0,2.1
2023-05-28,Bangalore,25.6,48,0.0,1.7
2023-05-29,Bangalore,25.7,57,0.0,3.2
2023-05-30,Bangalore,27.2,49,0.0,2.1
2023-05-31,Bangalore,23.5,44,15.0,2.9
2023-06-01,Bangalore,27.8,53,1.4,5.3
2023-06-02,Bangalore,25.1,50,15.4,4.2
2023-06-03,Bangalore,25.3,56,0.0,3.3
2023-06-04,Bangalore,27.4,52,0.0,5.9
2023-06-05,Bangalore,23.0,61,0.0,3.6
2023-06-06,Bangalore,25.3,49,4.1,3.8
2023-06-07,Bangalore,28.1,55,5.3,3.9
2023-06-08,Bangalore,28.7,47,8.2,5.5
2023-06-09,Bangalore,22.4,53,3.3,5.3
2023-06-10,Bangalore,27.3,49,0.0,5.0
2023-06-11,Bangalore,22.2,54,1.5,3.7
2023-06-12,Bangalore,27.4,55,0.0,5.7
2023-06-13,Bangalore,26.0,53,0.0,6.0
2023-06-14,Bangalore,23.7,48,4.3,5.7
2023-06-15,Bangalore,26.6,48,0.0,4.6
2023-06-16,Bangalore,25.0,51,15.5,6.3
2023-06-17,Bangalore,27.8,43,4.6,3.8
2023-06-18,Bangalore,23.5,52,0.0,5.2
2023-06-19,Bangalore,26.2,49,0.0,6.0
2023-06-20,Bangalore,23.2,56,16.7,4.9
2023-06-21,Bangalore,24.4,48,0.8,4.2
2023-06-22,Bangalore,24.9,50,11.8,3.0
2023-06-23,Bangalore,26.8,52,0.0,6.8
2023-06-24,Bangalore,27.4,56,7.8,5.5
2023-06-25,Bangalore,24.5,47,2.0,7.7
2023-06-26,Bangalore,23.2,45,7.8,4.5
2023-06-27,Bangalore,29.1,55,0.0,4.8
2023-06-28,Bangalore,25.3,48,0.0,4.8
2023-06-29,Bangalore,26.6,48,14.9,5.2
2023-06-30,Bangalore,29.5,50,6.7,4.6
2023-07-01,Bangalore,25.0,44,0.0,4.1
2023-07-02,Bangalore,25.3,47,10.0,5.2
2023-07-03,Bangalore,23.4,52,0.0,6.7
2023-07-04,Bangalore,27.6,48,9.2,5.2
2023-07-05,Bangalore,28.7,50,11.7,4.2
2023-07-06,Bangalore,30.1,50,12.5,5.6
2023-07-07,Bangalore,26.7,50,6.7,6.5
2023-07-08,Bangalore,28.3,46,7.1,3.4
2023-07-09,Bangalore,25.1,55,7.4,3.5
2023-07-10,Bangalore,23.1,46,0.0,4.5
2023-07-11,Bangalore,25.6,58,22.4,5.7
2023-07-12,Bangalore,29.5,53,3.3,5.2
2023-07-13,Bangalore,31.7,54,0.0,5.9
2023-07-14,Bangalore,26.4,48,4.0,5.2
2023-07-15,Bangalore,28.2,46,3.3,4.3
2023-07-16,Bangalore,26.9,46,0.0,5.4
2023-07-17,Bangalore,28.1,46,2.2,3.0
2023-07-18,Bangalore,28.6,48,0.0,6.7
2023-07-19,Bangalore,29.5,50,0.0,4.2
2023-07-20,Bangalore,29.4,41,11.1,4.6
2023-07-21,Bangalore,27.8,51,7.5,3.3
2023-07-22,Bangalore,25.8,58,0.0,6.3
2023-07-23,Bangalore,28.4,60,7.8,4.5
2023-07-24,Bangalore,25.3,52,2.5,3.4
2023-07-25,Bangalore,24.5,44,0.5,4.6
2023-07-26,Bangalore,23.2,58,17.4,4.8
2023-07-27,Bangalore,27.1,50,14.4,5.2
2023-07-28,Bangalore,24.7,43,19.4,4.2
2023-07-29,Bangalore,28.1,43,0.0,7.2
2023-07-30,Bangalore,27.8,43,7.3,4.7
2023-07-31,Bangalore,26.0,47,0.0,5.1
2023-08-01,Bangalore,22.7,46,5.9,3.0
2023-08-02,Bangalore,24.2,50,5.9,7.5
2023-08-03,Bangalore,24.8,46,15.3,4.0
2023-08-04,Bangalore,22.3,50,3.6,4.4
2023-08-05,Bangalore,26.4,51,0.0,4.4
2023-08-06,Bangalore,27.9,42,1.0,3.6
2023-08-07,Bangalore,19.7,54,8.2,4.9
2023-08-08,Bangalore,26.6,56,0.0,5.4
2023-08-09,Bangalore,24.5,45,9.3,3.7
2023-08-10,Bangalore,25.4,49,0.0,2.9
2023-08-11,Bangalore,22.2,49,0.0,4.6
2023-08-12,Bangalore,21.6,53,0.0,4.3
2023-08-13,Bangalore,23.2,49,8.1,5.8
2023-08-14,Bangalore,24.2,48,0.0,4.7
2023-08-15,Bangalore,22.1,53,12.5,5.5
2023-08-16,Bangalore,28.3,43,3.5,5.6
2023-08-17,Bangalore,26.8,40,13.3,4.5
2023-08-18,Bangalore,21.6,51,11.0,5.3
2023-08-19,Bangalore,26.6,51,0.0,7.2
2023-08-20,Bangalore,21.6,61,2.9,4.3
2023-08-21,Bangalore,27.5,48,15.7,4.9
2023-08-22,Bangalore,22.8,54,12.7,6.9
2023-08-23,Bangalore,26.4,56,21.8,4.0
2023-08-24,Bangalore,23.0,52,0.0,6.6
2023-08-25,Bangalore,26.4,49,0.0,4.5
2023-08-26,Bangalore,24.9,51,12.9,4.1
2023-08-27,Bangalore,24.1,54,0.0,4.7
2023-08-28,Bangalore,24.0,58,22.5,5.1
2023-08-29,Bangalore,25.6,57,7.2,4.2
2023-08-30,Bangalore,22.6,47,31.6,5.3
2023-08-31,Bangalore,30.5,46,11.7,6.9
2023-09-01,Bangalore,23.9,63,15.7,5.2
2023-09-02,Bangalore,21.7,52,11.8,3.7
2023-09-03,Bangalore,22.1,46,8.7,4.2
2023-09-04,Bangalore,24.0,41,0.0,6.5
2023-09-05,Bangalore,24.6,61,0.0,6.9
2023-09-06,Bangalore,24.0,62,16.7,3.6
2023-09-07,Bangalore,24.3,53,8.1,3.5
2023-09-08,Bangalore,24.9,44,0.0,4.6
2023-09-09,Bangalore,22.8,45,0.0,4.3
2023-09-10,Bangalore,24.3,53,0.0,4.9
2023-09-11,Bangalore,21.5,53,5.9,4.2
2023-09-12,Bangalore,20.7,54,5.2,5.0
2023-09-13,Bangalore,21.5,50,0.0,4.4
2023-09-14,Bangalore,19.9,57,10.0,4.7
2023-09-15,Bangalore,24.6,60,3.3,3.8
2023-09-16,Bangalore,23.0,62,12.3,4.1
2023-09-17,Bangalore,23.7,55,8.4,6.6
2023-09-18,Bangalore,20.9,53,19.6,5.1
2023-09-19,Bangalore,20.6,51,0.0,3.9
2023-09-20,Bangalore,24.6,54,0.0,6.1
2023-09-21,Bangalore,22.6,63,0.0,4.2
2023-09-22,Bangalore,26.5,49,1.2,4.9
2023-09-23,Bangalore,20.0,46,4.4,5.0
2023-09-24,Bangalore,23.7,62,10.6,6.7
2023-09-25,Bangalore,26.2,57,6.0,5.1
2023-09-26,Bangalore,19.8,50,39.2,5.4
2023-09-27,Bangalore,25.5,55,0.0,2.7
2023-09-28,Bangalore,19.9,61,0.0,2.2
2023-09-29,Bangalore,24.1,62,0.0,1.9
2023-09-30,Bangalore,23.0,62,0.0,3.0
2023-10-01,Bangalore,21.9,51,0.0,4.0
2023-10-02,Bangalore,22.4,55,0.0,2.2
2023-10-03,Bangalore,18.2,53,0.0,4.7
2023-10-04,Bangalore,23.8,57,0.0,2.6
2023-10-05,Bangalore,23.3,66,0.0,3.6
2023-10-06,Bangalore,20.3,51,0.0,2.2
2023-10-07,Bangalore,22.4,51,0.0,2.7
2023-10-08,Bangalore,20.6,65,0.0,2.4
2023-10-09,Bangalore,23.7,59,0.0,2.9
2023-10-10,Bangalore,22.1,65,0.0,1.9
2023-10-11,Bangalore,22.2,59,0.0,1.2
2023-10-12,Bangalore,19.7,55,0.0,3.1
2023-10-13,Bangalore,24.1,59,0.0,2.7
2023-10-14,Bangalore,23.4,56,0.0,3.7
2023-10-15,Bangalore,20.2,63,0.0,2.3
2023-10-16,Bangalore,20.4,63,0.0,3.1
2023-10-17,Bangalore,21.2,69,0.0,0.6
2023-10-18,Bangalore,21.9,52,0.0,3.0
2023-10-19,Bangalore,25.1,63,0.0,5.0
2023-10-20,Bangalore,20.6,68,0.0,4.3
2023-10-21,Bangalore,24.6,67,0.0,2.8
2023-10-22,Bangalore,24.0,63,0.0,1.7
2023-10-23,Bangalore,17.2,67,0.0,4.1
2023-10-24,Bangalore,20.9,63,0.0,2.7
2023-10-25,Bangalore,21.7,59,0.0,2.8
2023-10-26,Bangalore,20.1,60,0.0,1.6
2023-10-27,Bangalore,21.0,61,0.0,2.2
2023-10-28,Bangalore,21.7,63,0.0,2.9
2023-10-29,Bangalore,18.9,60,0.0,3.3
2023-10-30,Bangalore,18.4,65,11.9,5.2
2023-10-31,Bangalore,22.8,65,0.0,3.3
2023-11-01,Bangalore,16.2,58,0.0,2.3
2023-11-02,Bangalore,24.7,63,0.0,4.1
2023-11-03,Bangalore,21.9,65,0.0,2.6
2023-11-04,Bangalore,20.0,69,0.0,4.1
2023-11-05,Bangalore,20.9,66,0.0,1.6
2023-11-06,Bangalore,17.8,58,0.0,3.6
2023-11-07,Bangalore,19.3,67,11.0,2.0
2023-11-08,Bangalore,19.6,61,0.0,2.5
2023-11-09,Bangalore,19.3,66,0.0,3.5
2023-11-10,Bangalore,17.9,66,0.0,2.8
2023-11-11,Bangalore,22.8,66,0.0,1.5
2023-11-12,Bangalore,18.9,65,0.0,4.8
2023-11-13,Bangalore,21.1,61,11.7,3.4
2023-11-14,Bangalore,19.3,71,7.9,2.4
2023-11-15,Bangalore,22.6,63,0.0,3.1
2023-11-16,Bangalore,21.1,57,0.0,0.9
2023-11-17,Bangalore,21.1,66,0.0,4.0
2023-11-18,Bangalore,19.7,74,0.0,2.2
2023-11-19,Bangalore,20.0,63,0.0,2.3
2023-11-20,Bangalore,20.3,65,0.0,2.9
2023-11-21,Bangalore,20.2,60,32.9,3.8
2023-11-22,Bangalore,18.1,65,0.0,1.7
2023-11-23,Bangalore,22.6,73,0.0,3.5
2023-11-24,Bangalore,20.0,68,2.0,4.0
2023-11-25,Bangalore,24.2,68,0.0,4.6
2023-11-26,Bangalore,19.2,70,0.0,3.2
2023-11-27,Bangalore,20.8,71,0.0,3.6
2023-11-28,Bangalore,17.7,57,10.2,3.0
2023-11-29,Bangalore,17.0,76,0.0,3.3
2023-11-30,Bangalore,15.5,65,0.0,3.5
2023-12-01,Bangalore,19.8,59,0.0,3.6
2023-12-02,Bangalore,21.1,79,0.0,4.9
2023-12-03,Bangalore,14.4,70,0.0,4.0
2023-12-04,Bangalore,18.0,71,0.0,4.9
2023-12-05,Bangalore,15.6,68,0.0,2.6
2023-12-06,Bangalore,18.3,74,0.0,2.4
2023-12-07,Bangalore,21.9,73,0.0,3.7
2023-12-08,Bangalore,20.0,65,0.0,2.3
2023-12-09,Bangalore,17.2,70,0.0,4.0
2023-12-10,Bangalore,19.6,74,0.0,2.7
2023-12-11,Bangalore,22.3,60,0.0,3.8
2023-12-12,Bangalore,14.9,68,0.0,1.9
2023-12-13,Bangalore,15.8,63,0.0,4.2
2023-12-14,Bangalore,16.9,61,5.0,2.3
2023-12-15,Bangalore,18.9,79,0.0,2.0
2023-12-16,Bangalore,18.0,69,0.0,2.0
2023-12-17,Bangalore,16.8,56,0.0,1.3
2023-12-18,Bangalore,18.1,73,0.0,2.6
2023-12-19,Bangalore,18.9,63,0.0,2.9
2023-12-20,Bangalore,13.3,72,0.0,2.0
2023-12-21,Bangalore,17.4,70,18.4,4.4
2023-12-22,Bangalore,16.0,72,24.8,3.1
2023-12-23,Bangalore,16.1,70,0.0,3.5
2023-12-24,Bangalore,17.0,62,0.0,3.4
2023-12-25,Bangalore,18.3,68,0.0,5.6
2023-12-26,Bangalore,16.5,69,0.0,3.7
2023-12-27,Bangalore,18.9,71,0.0,4.1
2023-12-28,Bangalore,19.3,60,0.0,2.2
2023-12-29,Bangalore,18.1,67,0.0,2.8
2023-12-30,Bangalore,16.6,70,0.0,2.7
2023-12-31,Bangalore,18.0,68,0.0,4.6
2024-01-01,Bangalore,18.6,73,0.0,4.6
2019-01-01,Hyderabad,24.1,62,0.0,3.7
2019-01-02,Hyderabad,19.2,64,0.0,3.9
2019-01-03,Hyderabad,19.2,62,0.0,2.7
2019-01-04,Hyderabad,19.3,62,0.0,2.8
2019-01-05,Hyderabad,22.6,53,0.0,3.0
2019-01-06,Hyderabad,23.4,66,0.0,4.1
2019-01-07,Hyderabad,18.9,65,0.0,2.5
2019-01-08,Hyderabad,17.6,71,0.0,3.7
2019-01-09,Hyderabad,21.7,65,0.0,4.3
2019-01-10,Hyderabad,18.2,63,0.0,4.9
2019-01-11,Hyderabad,19.2,55,0.0,4.1
2019-01-12,Hyderabad,21.0,59,0.0,2.0
2019-01-13,Hyderabad,21.8,65,0.0,2.2
2019-01-14,Hyderabad,23.3,58,0.0,3.2
2019-01-15,Hyderabad,16.2,57,0.0,3.8
2019-01-16,Hyderabad,17.4,65,0.0,2.3
2019-01-17,Hyderabad,17.8,63,0.0,0.8
2019-01-18,Hyderabad,24.9,53,0.0,2.4
2019-01-19,Hyderabad,18.0,56,0.0,2.9
2019-01-20,Hyderabad,20.1,56,0.0,3.4
2019-01-21,Hyderabad,19.7,50,0.0,2.6
2019-01-22,Hyderabad,20.5,62,2.1,3.9
2019-01-23,Hyderabad,21.1,63,0.0,4.2
2019-01-24,Hyderabad,22.7,61,0.0,2.8
2019-01-25,Hyderabad,21.7,63,0.0,2.9
2019-01-26,Hyderabad,20.5,59,0.0,2.4
2019-01-27,Hyderabad,22.9,60,0.0,3.3
2019-01-28,Hyderabad,18.9,58,0.0,2.0
2019-01-29,Hyderabad,20.1,58,0.0,3.8
2019-01-30,Hyderabad,21.0,57,0.0,3.7
2019-01-31,Hyderabad,18.7,56,0.0,3.8
2019-02-01,Hyderabad,22.4,58,0.0,2.3
2019-02-02,Hyderabad,23.1,56,0.0,2.7
2019-02-03,Hyderabad,23.9,54,0.0,1.4
2019-02-04,Hyderabad,17.0,59,0.0,2.5
2019-02-05,Hyderabad,20.6,62,0.0,2.1
2019-02-06,Hyderabad,19.2,59,0.0,3.1
2019-02-07,Hyderabad,22.1,51,0.0,3.9
2019-02-08,Hyderabad,19.9,56,4.4,4.4
2019-02-09,Hyderabad,21.7,64,0.0,4.4
2019-02-10,Hyderabad,23.2,60,0.0,3.9
2019-02-11,Hyderabad,19.5,59,0.0,4.4
2019-02-12,Hyderabad,23.1,65,0.0,3.8
2019-02-13,Hyderabad,20.9,55,0.0,3.9
2019-02-14,Hyderabad,20.7,55,0.0,3.0
2019-02-15,Hyderabad,22.6,56,0.0,3.5
2019-02-16,Hyderabad,25.0,59,0.0,2.7
2019-02-17,Hyderabad,22.9,49,0.0,3.7
2019-02-18,Hyderabad,19.2,55,0.0,3.7
2019-02-19,Hyderabad,23.4,55,0.0,2.8
2019-02-20,Hyderabad,20.4,63,0.0,4.3
2019-02-21,Hyderabad,18.7,51,0.0,3.8
2019-02-22,Hyderabad,23.3,52,0.0,3.3
2019-02-23,Hyderabad,22.0,47,0.0,2.8
2019-02-24,Hyderabad,20.3,57,0.0,2.8
2019-02-25,Hyderabad,22.1,61,0.0,3.8
2019-02-26,Hyderabad,21.4,54,0.0,3.4
2019-02-27,Hyderabad,22.4,56,0.0,2.4
2019-02-28,Hyderabad,19.3,54,9.8,3.4
2019-03-01,Hyderabad,23.1,53,5.9,2.0
2019-03-02,Hyderabad,22.7,55,0.0,1.7
2019-03-03,Hyderabad,21.8,59,0.0,3.2
2019-03-04,Hyderabad,22.6,52,0.0,2.8
2019-03-05,Hyderabad,24.0,66,0.0,2.2
2019-03-06,Hyderabad,25.1,54,0.0,3.6
2019-03-07,Hyderabad,23.8,52,4.9,2.8
2019-03-08,Hyderabad,19.5,55,0.0,2.4
2019-03-09,Hyderabad,24.6,57,0.0,3.4
2019-03-10,Hyderabad,23.8,61,0.0,1.8
2019-03-11,Hyderabad,24.4,58,17.9,4.8
2019-03-12,Hyderabad,21.6,63,0.0,2.8
2019-03-13,Hyderabad,27.6,57,0.0,4.0
2019-03-14,Hyderabad,26.1,53,0.0,3.3
2019-03-15,Hyderabad,23.1,56,0.0,4.4
2019-03-16,Hyderabad,25.8,46,0.0,3.7
2019-03-17,Hyderabad,21.8,53,0.0,4.0
2019-03-18,Hyderabad,21.9,52,0.0,1.9
2019-03-19,Hyderabad,25.0,49,0.0,4.3
2019-03-20,Hyderabad,25.4,57,0.0,2.8
2019-03-21,Hyderabad,26.7,47,0.0,2.6
2019-03-22,Hyderabad,22.1,51,0.0,2.2
2019-03-23,Hyderabad,25.8,57,0.0,3.2
2019-03-24,Hyderabad,21.7,49,0.0,2.2
2019-03-25,Hyderabad,25.5,50,0.0,3.8
2019-03-26,Hyderabad,25.6,55,0.0,2.5
2019-03-27,Hyderabad,24.9,52,0.0,1.7
2019-03-28,Hyderabad,22.3,63,0.0,2.9
2019-03-29,Hyderabad,26.8,51,0.0,3.3
2019-03-30,Hyderabad,28.5,59,0.0,3.6
2019-03-31,Hyderabad,25.3,52,0.0,3.0
2019-04-01,Hyderabad,25.8,54,8.2,3.2
2019-04-02,Hyderabad,26.3,51,0.0,3.8
2019-04-03,Hyderabad,25.9,54,0.0,1.9
2019-04-04,Hyderabad,22.9,58,10.8,1.7
2019-04-05,Hyderabad,29.1,57,5.3,2.9
2019-04-06,Hyderabad,27.6,47,0.0,2.3
2019-04-07,Hyderabad,25.7,52,0.0,3.2
2019-04-08,Hyderabad,25.9,50,0.0,3.5
2019-04-09,Hyderabad,25.5,49,0.0,3.3
2019-04-10,Hyderabad,26.2,50,0.0,3.4
2019-04-11,Hyderabad,28.5,57,2.6,4.1
2019-04-12,Hyderabad,25.1,47,0.0,3.0
2019-04-13,Hyderabad,26.5,55,0.0,4.8
2019-04-14,Hyderabad,25.3,42,0.0,2.1
2019-04-15,Hyderabad,25.4,44,2.3,3.0
2019-04-16,Hyderabad,27.6,47,0.0,5.0
2019-04-17,Hyderabad,25.9,46,4.2,2.9
2019-04-18,Hyderabad,22.3,55,0.0,2.0
2019-04-19,Hyderabad,28.0,46,0.0,4.0
2019-04-20,Hyderabad,26.6,46,0.0,3.1
2019-04-21,Hyderabad,27.1,48,2.2,2.7
2019-04-22,Hyderabad,25.1,52,0.0,1.6
2019-04-23,Hyderabad,26.0,47,0.0,1.1
2019-04-24,Hyderabad,26.0,43,0.0,4.1
2019-04-25,Hyderabad,22.5,46,0.0,2.5
2019-04-26,Hyderabad,26.1,37,0.0,1.3
2019-04-27,Hyderabad,29.5,56,0.0,2.6
2019-04-28,Hyderabad,30.8,45,22.2,3.9
2019-04-29,Hyderabad,23.9,48,0.0,2.1
2019-04-30,Hyderabad,28.6,41,0.0,3.2
2019-05-01,Hyderabad,29.0,47,4.4,2.6
2019-05-02,Hyderabad,25.8,50,0.0,2.9
2019-05-03,Hyderabad,24.0,44,0.0,2.9
2019-05-04,Hyderabad,26.6,50,0.0,2.5
2019-05-05,Hyderabad,32.5,51,0.0,3.2
2019-05-06,Hyderabad,27.8,43,0.0,3.5
2019-05-07,Hyderabad,27.4,50,0.0,2.8
2019-05-08,Hyderabad,28.6,33,0.0,2.7
2019-05-09,Hyderabad,29.0,41,6.6,3.7
2019-05-10,Hyderabad,26.3,41,0.0,0.5
2019-05-11,Hyderabad,30.6,51,0.0,3.7
2019-05-12,Hyderabad,31.6,50,0.0,3.8
2019-05-13,Hyderabad,28.1,42,0.0,3.2
2019-05-14,Hyderabad,31.6,48,0.0,2.8
2019-05-15,Hyderabad,28.9,38,0.0,3.5
2019-05-16,Hyderabad,29.1,48,0.0,2.4
2019-05-17,Hyderabad,30.3,45,0.0,1.8
2019-05-18,Hyderabad,25.0,48,0.0,2.8
2019-05-19,Hyderabad,33.0,44,0.0,2.8
2019-05-20,Hyderabad,29.8,45,0.0,1.9
2019-05-21,Hyderabad,32.3,42,0.0,2.1
2019-05-22,Hyderabad,33.6,46,0.0,1.8
2019-05-23,Hyderabad,30.9,45,0.0,3.0
2019-05-24,Hyderabad,30.3,47,0.0,2.6
2019-05-25,Hyderabad,28.9,37,0.0,4.3
2019-05-26,Hyderabad,33.6,47,0.0,2.5
2019-05-27,Hyderabad,28.6,30,0.0,2.2
2019-05-28,Hyderabad,30.2,35,0.0,3.4
2019-05-29,Hyderabad,29.3,35,6.0,1.5
2019-05-30,Hyderabad,32.1,45,0.0,0.5
2019-05-31,Hyderabad,28.5,45,0.0,4.4
2019-06-01,Hyderabad,26.5,40,14.9,3.5
2019-06-02,Hyderabad,29.5,45,0.0,6.3
2019-06-03,Hyderabad,31.9,50,0.0,5.2
2019-06-04,Hyderabad,30.3,41,0.0,5.7
2019-06-05,Hyderabad,26.2,42,0.0,6.8
2019-06-06,Hyderabad,29.6,36,7.8,6.4
2019-06-07,Hyderabad,33.2,46,12.5,5.9
2019-06-08,Hyderabad,29.7,38,1.1,4.8
2019-06-09,Hyderabad,31.0,39,3.8,4.7
2019-06-10,Hyderabad,31.4,39,21.3,4.8
2019-06-11,Hyderabad,31.9,45,4.4,3.4
2019-06-12,Hyderabad,30.1,51,0.0,4.8
2019-06-13,Hyderabad,34.8,42,3.2,5.1
2019-06-14,Hyderabad,30.3,38,15.8,5.3
2019-06-15,Hyderabad,32.2,34,0.0,4.9
2019-06-16,Hyderabad,31.9,44,0.0,3.7
2019-06-17,Hyderabad,34.2,39,9.5,5.5
2019-06-18,Hyderabad,31.4,44,0.0,6.3
2019-06-19,Hyderabad,35.5,37,0.0,5.2
2019-06-20,Hyderabad,31.1,41,0.0,5.6
2019-06-21,Hyderabad,31.5,39,0.0,5.7
2019-06-22,Hyderabad,34.9,43,0.0,4.4
2019-06-23,Hyderabad,32.5,42,6.7,5.6
2019-06-24,Hyderabad,32.7,39,13.9,4.4
2019-06-25,Hyderabad,31.5,33,0.0,5.4
2019-06-26,Hyderabad,29.9,45,0.0,3.2
2019-06-27,Hyderabad,31.2,35,0.0,4.1
2019-06-28,Hyderabad,27.5,36,0.0,5.4
2019-06-29,Hyderabad,32.1,33,0.0,4.1
2019-06-30,Hyderabad,32.3,46,10.3,4.0
2019-07-01,Hyderabad,30.8,43,9.5,4.6
2019-07-02,Hyderabad,28.7,39,0.0,5.6
2019-07-03,Hyderabad,32.1,35,3.6,4.6
2019-07-04,Hyderabad,28.8,41,0.0,5.1
2019-07-05,Hyderabad,35.6,37,0.0,3.8
2019-07-06,Hyderabad,32.5,51,6.6,4.0
2019-07-07,Hyderabad,28.4,36,0.0,6.0
2019-07-08,Hyderabad,34.2,44,22.9,6.3
2019-07-09,Hyderabad,31.9,42,0.0,5.4
2019-07-10,Hyderabad,31.5,42,0.0,4.1
2019-07-11,Hyderabad,35.7,42,0.0,4.2
2019-07-12,Hyderabad,33.5,27,17.2,4.7
2019-07-13,Hyderabad,32.6,31,20.8,5.7
2019-07-14,Hyderabad,33.7,33,0.0,4.3
2019-07-15,Hyderabad,30.2,40,14.5,5.4
2019-07-16,Hyderabad,31.3,44,7.5,6.6
2019-07-17,Hyderabad,32.1,41,0.0,6.6
2019-07-18,Hyderabad,31.4,30,21.1,3.8
2019-07-19,Hyderabad,34.6,38,10.7,6.0
2019-07-20,Hyderabad,32.6,32,0.0,4.4
2019-07-21,Hyderabad,32.2,43,0.0,4.3
2019-07-22,Hyderabad,31.1,43,0.0,3.9
2019-07-23,Hyderabad,32.7,45,0.0,5.6
2019-07-24,Hyderabad,34.2,40,5.5,5.2
2019-07-25,Hyderabad,34.7,41,0.0,4.1
2019-07-26,Hyderabad,27.8,40,0.0,6.3
2019-07-27,Hyderabad,34.1,34,0.0,3.2
2019-07-28,Hyderabad,29.1,45,0.0,5.2
2019-07-29,Hyderabad,29.9,38,0.0,5.8
2019-07-30,Hyderabad,31.0,41,0.0,5.4
2019-07-31,Hyderabad,33.5,34,11.7,5.8
2019-08-01,Hyderabad,30.2,41,0.0,4.1
2019-08-02,Hyderabad,31.5,41,0.0,4.0
2019-08-03,Hyderabad,32.4,43,7.5,5.5
2019-08-04,Hyderabad,30.4,40,0.0,3.8
2019-08-05,Hyderabad,33.5,42,4.3,3.3
2019-08-06,Hyderabad,30.5,41,14.7,5.6
2019-08-07,Hyderabad,31.5,43,12.8,4.3
2019-08-08,Hyderabad,29.8,41,0.0,4.8
2019-08-09,Hyderabad,28.4,42,3.5,4.1
2019-08-10,Hyderabad,32.4,45,0.0,4.8
2019-08-11,Hyderabad,31.2,28,9.0,6.2
2019-08-12,Hyderabad,27.4,38,0.0,6.6
2019-08-13,Hyderabad,29.2,45,0.0,3.0
2019-08-14,Hyderabad,31.9,48,0.0,4.4
2019-08-15,Hyderabad,30.9,45,0.0,6.9
2019-08-16,Hyderabad,28.6,41,2.5,5.1
2019-08-17,Hyderabad,29.7,44,8.7,5.6
2019-08-18,Hyderabad,34.4,54,10.4,6.0
2019-08-19,Hyderabad,29.9,49,5.6,5.2
2019-08-20,Hyderabad,27.5,52,4.1,5.0
2019-08-21,Hyderabad,30.7,44,19.9,3.8
2019-08-22,Hyderabad,29.6,36,0.0,5.2
2019-08-23,Hyderabad,29.5,42,0.0,5.4
2019-08-24,Hyderabad,28.0,33,6.5,5.0
2019-08-25,Hyderabad,27.8,44,7.5,4.5
2019-08-26,Hyderabad,30.4,46,9.9,4.8
2019-08-27,Hyderabad,26.6,54,5.2,5.5
2019-08-28,Hyderabad,32.7,42,0.0,5.6
2019-08-29,Hyderabad,26.2,38,0.0,6.3
2019-08-30,Hyderabad,29.9,39,9.5,4.4
2019-08-31,Hyderabad,25.8,39,8.9,5.5
2019-09-01,Hyderabad,30.5,38,0.0,5.3
2019-09-02,Hyderabad,31.3,44,0.0,4.2
2019-09-03,Hyderabad,31.2,44,0.0,4.6
2019-09-04,Hyderabad,30.7,49,0.0,4.5
2019-09-05,Hyderabad,30.4,46,0.0,5.7
2019-09-06,Hyderabad,27.6,46,11.0,3.7
2019-09-07,Hyderabad,30.0,42,3.8,6.4
2019-09-08,Hyderabad,29.2,50,11.8,4.5
2019-09-09,Hyderabad,27.9,50,1.9,5.3
2019-09-10,Hyderabad,25.3,42,0.0,5.9
2019-09-11,Hyderabad,30.5,43,4.1,5.0
2019-09-12,Hyderabad,30.4,44,0.0,6.5
2019-09-13,Hyderabad,27.9,41,10.0,4.9
2019-09-14,Hyderabad,25.8,36,4.5,6.2
2019-09-15,Hyderabad,25.3,49,24.8,5.0
2019-09-16,Hyderabad,30.0,41,0.0,4.8
2019-09-17,Hyderabad,25.1,44,6.3,5.6
2019-09-18,Hyderabad,23.9,50,0.0,5.6
2019-09-19,Hyderabad,32.4,44,0.0,4.8
2019-09-20,Hyderabad,30.2,51,13.1,6.4
2019-09-21,Hyderabad,27.2,40,6.1,4.4
2019-09-22,Hyderabad,27.8,38,0.0,3.9
2019-09-23,Hyderabad,28.6,49,0.0,5.6
2019-09-24,Hyderabad,30.0,45,0.0,3.3
2019-09-25,Hyderabad,23.3,48,0.0,5.8
2019-09-26,Hyderabad,29.6,40,5.1,4.2
2019-09-27,Hyderabad,24.4,51,0.0,2.6
2019-09-28,Hyderabad,27.4,40,0.0,3.3
2019-09-29,Hyderabad,25.4,45,0.0,2.1
2019-09-30,Hyderabad,28.7,44,0.0,2.4
2019-10-01,Hyderabad,31.3,51,0.0,6.2
2019-10-02,Hyderabad,29.5,41,0.0,1.6
2019-10-03,Hyderabad,28.0,52,0.0,3.0
2019-10-04,Hyderabad,21.1,54,0.0,1.6
2019-10-05,Hyderabad,27.9,57,0.0,3.6
2019-10-06,Hyderabad,27.7,53,0.0,2.4
2019-10-07,Hyderabad,29.6,55,0.0,0.5
2019-10-08,Hyderabad,25.0,50,0.0,2.6
2019-10-09,Hyderabad,23.9,50,0.0,2.4
2019-10-10,Hyderabad,26.6,47,0.0,5.1
2019-10-11,Hyderabad,24.7,54,0.0,2.5
2019-10-12,Hyderabad,28.2,60,0.0,2.3
2019-10-13,Hyderabad,28.5,53,0.0,2.4
2019-10-14,Hyderabad,26.6,52,0.0,3.9
2019-10-15,Hyderabad,26.5,51,0.0,3.0
2019-10-16,Hyderabad,22.2,55,0.0,2.8
2019-10-17,Hyderabad,25.5,49,0.0,3.3
2019-10-18,Hyderabad,25.3,51,0.0,3.7
2019-10-19,Hyderabad,25.8,55,0.0,3.4
2019-10-20,Hyderabad,21.5,50,0.0,2.2
2019-10-21,Hyderabad,20.0,54,0.0,2.9
2019-10-22,Hyderabad,23.4,52,0.0,1.7
2019-10-23,Hyderabad,24.1,47,0.0,3.8
2019-10-24,Hyderabad,23.0,55,8.8,2.0
2019-10-25,Hyderabad,26.1,48,0.0,2.9
2019-10-26,Hyderabad,24.7,53,0.0,3.8
2019-10-27,Hyderabad,23.3,58,0.0,3.2
2019-10-28,Hyderabad,19.8,52,0.0,2.2
2019-10-29,Hyderabad,24.8,56,0.0,2.4
2019-10-30,Hyderabad,19.3,50,0.0,0.9
2019-10-31,Hyderabad,20.3,56,0.0,2.8
2019-11-01,Hyderabad,22.7,60,0.0,3.4
2019-11-02,Hyderabad,22.5,57,0.0,3.4
2019-11-03,Hyderabad,25.3,60,0.0,3.6
2019-11-04,Hyderabad,21.6,50,0.0,2.2
2019-11-05,Hyderabad,22.3,53,0.0,0.6
2019-11-06,Hyderabad,18.3,50,0.0,4.3
2019-11-07,Hyderabad,25.2,41,0.0,2.8
2019-11-08,Hyderabad,17.2,46,0.0,1.6
2019-11-09,Hyderabad,22.7,54,0.0,2.4
2019-11-10,Hyderabad,23.2,50,0.0,3.8
2019-11-11,Hyderabad,22.4,67,0.0,1.8
2019-11-12,Hyderabad,24.1,49,0.0,1.9
2019-11-13,Hyderabad,23.9,58,0.0,1.7
2019-11-14,Hyderabad,24.6,57,0.0,3.8
2019-11-15,Hyderabad,22.6,53,0.0,2.0
2019-11-16,Hyderabad,20.5,56,0.0,3.0
2019-11-17,Hyderabad,21.6,61,0.0,2.6
2019-11-18,Hyderabad,24.6,50,0.0,3.8
2019-11-19,Hyderabad,25.7,47,0.0,1.2
2019-11-20,Hyderabad,26.8,55,0.0,2.8
2019-11-21,Hyderabad,25.7,55,0.0,2.3
2019-11-22,Hyderabad,21.4,54,0.0,3.5
2019-11-23,Hyderabad,23.6,59,0.0,3.3
2019-11-24,Hyderabad,21.8,58,0.0,3.3
2019-11-25,Hyderabad,21.7,57,0.0,4.3
2019-11-26,Hyderabad,22.5,59,0.0,1.2
2019-11-27,Hyderabad,23.3,56,0.0,2.2
2019-11-28,Hyderabad,23.2,50,0.0,2.2
2019-11-29,Hyderabad,25.1,55,0.0,2.0
2019-11-30,Hyderabad,21.2,66,0.0,1.5
2019-12-01,Hyderabad,21.5,56,0.0,3.5
2019-12-02,Hyderabad,19.4,48,0.0,2.0
2019-12-03,Hyderabad,17.0,51,0.0,0.5
2019-12-04,Hyderabad,23.2,62,0.0,1.0
2019-12-05,Hyderabad,20.0,52,0.0,4.1
2019-12-06,Hyderabad,21.4,46,1.9,3.1
2019-12-07,Hyderabad,18.6,65,0.0,3.1
2019-12-08,Hyderabad,20.1,50,0.0,2.7
2019-12-09,Hyderabad,17.8,53,0.0,2.6
2019-12-10,Hyderabad,20.4,56,0.0,1.8
2019-12-11,Hyderabad,21.9,58,0.0,2.9
2019-12-12,Hyderabad,21.1,48,0.0,3.8
2019-12-13,Hyderabad,18.3,61,0.0,2.3
2019-12-14,Hyderabad,19.7,48,0.0,2.5
2019-12-15,Hyderabad,23.2,64,0.0,3.3
2019-12-16,Hyderabad,23.3,52,0.0,3.8
2019-12-17,Hyderabad,19.7,54,0.0,2.0
2019-12-18,Hyderabad,20.2,60,0.0,3.8
2019-12-19,Hyderabad,20.3,63,0.0,1.9
2019-12-20,Hyderabad,20.9,62,0.0,3.0
2019-12-21,Hyderabad,20.9,64,0.0,3.5
2019-12-22,Hyderabad,25.2,63,0.0,2.6
2019-12-23,Hyderabad,22.7,57,0.0,3.0
2019-12-24,Hyderabad,18.8,65,6.5,1.3
2019-12-25,Hyderabad,20.3,63,0.0,3.3
2019-12-26,Hyderabad,20.9,65,0.0,4.7
2019-12-27,Hyderabad,18.6,53,0.0,1.3
2019-12-28,Hyderabad,15.3,62,0.0,2.1
2019-12-29,Hyderabad,22.9,61,0.0,3.1
2019-12-30,Hyderabad,17.5,59,0.0,1.5
2019-12-31,Hyderabad,17.5,59,0.0,0.9
2020-01-01,Hyderabad,17.5,58,0.0,4.0
2020-01-02,Hyderabad,20.6,53,0.0,3.8
2020-01-03,Hyderabad,20.3,52,12.4,2.6
2020-01-04,Hyderabad,20.6,60,0.0,3.3
2020-01-05,Hyderabad,23.4,51,0.0,2.8
2020-01-06,Hyderabad,19.0,60,0.0,3.1
2020-01-07,Hyderabad,20.9,62,0.0,3.5
2020-01-08,Hyderabad,19.2,55,0.0,2.4
2020-01-09,Hyderabad,20.1,61,0.0,2.0
2020-01-10,Hyderabad,19.5,62,4.8,1.0
2020-01-11,Hyderabad,18.4,55,0.0,4.4
2020-01-12,Hyderabad,23.5,61,0.0,2.3
2020-01-13,Hyderabad,18.2,60,0.0,3.0
2020-01-14,Hyderabad,20.5,67,0.0,2.6
2020-01-15,Hyderabad,21.8,60,0.0,3.8
2020-01-16,Hyderabad,21.3,63,0.0,3.8
2020-01-17,Hyderabad,20.4,52,0.0,1.7
2020-01-18,Hyderabad,19.7,56,0.0,1.9
2020-01-19,Hyderabad,19.6,58,0.0,4.5
2020-01-20,Hyderabad,21.0,59,0.0,3.7
2020-01-21,Hyderabad,20.8,63,0.0,2.8
2020-01-22,Hyderabad,18.2,59,0.0,2.2
2020-01-23,Hyderabad,22.0,51,0.0,3.0
2020-01-24,Hyderabad,21.7,55,0.0,4.1
2020-01-25,Hyderabad,17.1,61,0.0,4.0
2020-01-26,Hyderabad,19.5,62,0.0,2.1
2020-01-27,Hyderabad,20.6,56,0.0,3.3
2020-01-28,Hyderabad,21.6,58,0.0,2.1
2020-01-29,Hyderabad,18.5,61,0.0,5.4
2020-01-30,Hyderabad,17.4,55,0.0,4.9
2020-01-31,Hyderabad,18.3,59,0.0,2.9
2020-02-01,Hyderabad,22.2,62,0.0,5.8
2020-02-02,Hyderabad,20.6,59,0.0,1.7
2020-02-03,Hyderabad,23.1,57,0.0,2.9
2020-02-04,Hyderabad,18.3,68,0.0,2.6
2020-02-05,Hyderabad,26.0,48,0.0,1.9
2020-02-06,Hyderabad,18.2,52,0.0,3.0
2020-02-07,Hyderabad,21.3,61,0.0,3.5
2020-02-08,Hyderabad,21.3,64,0.0,1.0
2020-02-09,Hyderabad,17.6,61,0.0,4.0
2020-02-10,Hyderabad,19.0,59,0.0,1.1
2020-02-11,Hyderabad,18.1,56,0.0,1.1
2020-02-12,Hyderabad,21.3,55,0.0,2.8
2020-02-13,Hyderabad,23.1,57,0.0,2.2
2020-02-14,Hyderabad,19.8,54,0.0,3.0
2020-02-15,Hyderabad,22.0,57,0.0,2.7
2020-02-16,Hyderabad,21.2,55,0.0,4.2
2020-02-17,Hyderabad,23.1,48,0.0,4.0
2020-02-18,Hyderabad,21.3,60,0.0,3.4
2020-02-19,Hyderabad,22.1,57,0.0,2.4
2020-02-20,Hyderabad,18.8,56,0.0,2.7
2020-02-21,Hyderabad,25.5,60,0.0,1.2
2020-02-22,Hyderabad,23.3,50,0.0,4.9
2020-02-23,Hyderabad,23.7,66,0.0,1.8
2020-02-24,Hyderabad,23.0,51,0.0,2.0
2020-02-25,Hyderabad,24.7,61,0.0,2.7
2020-02-26,Hyderabad,21.2,57,0.0,2.0
2020-02-27,Hyderabad,20.5,53,0.0,0.5
2020-02-28,Hyderabad,18.5,58,0.0,0.9
2020-02-29,Hyderabad,23.3,58,0.0,2.9
2020-03-01,Hyderabad,23.4,49,0.0,4.3
2020-03-02,Hyderabad,21.6,59,0.0,3.3
2020-03-03,Hyderabad,21.8,58,0.0,2.4
2020-03-04,Hyderabad,20.7,48,0.0,3.3
2020-03-05,Hyderabad,19.1,61,0.0,3.4
2020-03-06,Hyderabad,25.5,53,0.0,3.2
2020-03-07,Hyderabad,21.8,55,0.0,4.7
2020-03-08,Hyderabad,21.0,62,0.0,2.1
2020-03-09,Hyderabad,23.0,46,16.8,1.9
2020-03-10,Hyderabad,22.3,60,0.0,4.1
2020-03-11,Hyderabad,24.0,54,0.0,3.8
2020-03-12,Hyderabad,21.5,53,0.0,2.7
2020-03-13,Hyderabad,23.4,56,0.0,1.9
2020-03-14,Hyderabad,26.0,59,0.0,3.1
2020-03-15,Hyderabad,24.8,44,0.0,1.1
2020-03-16,Hyderabad,23.4,53,0.0,2.7
2020-03-17,Hyderabad,20.5,52,0.0,4.3
2020-03-18,Hyderabad,22.5,52,0.0,1.0
2020-03-19,Hyderabad,23.5,45,0.0,3.6
2020-03-20,Hyderabad,25.4,52,0.0,2.1
2020-03-21,Hyderabad,24.6,55,0.0,4.4
2020-03-22,Hyderabad,23.1,57,0.0,1.9
2020-03-23,Hyderabad,23.4,58,0.0,2.6
2020-03-24,Hyderabad,23.9,46,0.0,5.4
2020-03-25,Hyderabad,25.5,56,0.0,1.5
2020-03-26,Hyderabad,24.8,53,0.0,3.2
2020-03-27,Hyderabad,26.7,50,0.0,2.5
2020-03-28,Hyderabad,23.7,54,0.0,2.3
2020-03-29,Hyderabad,26.0,53,13.2,1.9
2020-03-30,Hyderabad,23.8,56,0.0,3.0
2020-03-31,Hyderabad,26.4,47,0.0,2.4
2020-04-01,Hyderabad,24.3,50,0.0,1.3
2020-04-02,Hyderabad,23.8,55,0.0,2.7
2020-04-03,Hyderabad,22.4,54,0.0,3.7
2020-04-04,Hyderabad,25.2,55,0.0,3.7
2020-04-05,Hyderabad,26.9,48,0.0,3.1
2020-04-06,Hyderabad,26.0,43,0.0,1.8
2020-04-07,Hyderabad,26.7,57,0.0,3.0
2020-04-08,Hyderabad,25.4,48,0.0,4.7
2020-04-09,Hyderabad,27.7,51,0.0,3.1
2020-04-10,Hyderabad,29.6,49,17.9,4.0
2020-04-11,Hyderabad,24.6,58,0.0,3.6
2020-04-12,Hyderabad,22.7,57,0.0,2.8
2020-04-13,Hyderabad,25.0,48,0.0,2.0
2020-04-14,Hyderabad,30.1,54,1.0,4.1
2020-04-15,Hyderabad,28.3,58,0.0,2.8
2020-04-16,Hyderabad,28.8,52,0.0,2.2
2020-04-17,Hyderabad,28.1,40,0.0,1.9
2020-04-18,Hyderabad,25.8,50,0.0,3.6
2020-04-19,Hyderabad,29.9,40,0.0,2.3
2020-04-20,Hyderabad,30.7,48,0.0,3.0
2020-04-21,Hyderabad,24.9,53,0.0,4.6
2020-04-22,Hyderabad,28.8,38,0.0,3.3
2020-04-23,Hyderabad,27.8,45,0.0,3.1
2020-04-24,Hyderabad,26.8,41,0.0,1.5
2020-04-25,Hyderabad,25.3,39,0.0,3.4
2020-04-26,Hyderabad,28.6,47,0.0,3.4
2020-04-27,Hyderabad,26.9,57,0.0,3.5
2020-04-28,Hyderabad,26.1,49,0.0,2.9
2020-04-29,Hyderabad,28.1,43,0.0,1.7
2020-04-30,Hyderabad,26.9,48,11.0,2.8
2020-05-01,Hyderabad,26.4,46,0.0,1.9
2020-05-02,Hyderabad,26.7,48,0.0,3.7
2020-05-03,Hyderabad,28.4,45,0.0,4.7
2020-05-04,Hyderabad,28.9,42,0.0,3.3
2020-05-05,Hyderabad,27.1,47,0.0,1.8
2020-05-06,Hyderabad,29.3,52,0.0,3.7
2020-05-07,Hyderabad,27.8,55,0.0,2.8
2020-05-08,Hyderabad,29.9,57,0.0,4.3
2020-05-09,Hyderabad,29.4,43,0.0,3.4
2020-05-10,Hyderabad,27.2,45,0.0,3.7
2020-05-11,Hyderabad,28.0,33,14.6,3.2
2020-05-12,Hyderabad,25.8,42,0.0,3.1
2020-05-13,Hyderabad,30.9,40,4.1,5.1
2020-05-14,Hyderabad,32.0,42,0.0,2.7
2020-05-15,Hyderabad,27.5,45,0.0,2.2
2020-05-16,Hyderabad,31.4,43,0.0,3.6
2020-05-17,Hyderabad,30.7,45,0.0,5.3
2020-05-18,Hyderabad,27.8,44,0.0,3.8
2020-05-19,Hyderabad,29.3,39,0.0,2.7
2020-05-20,Hyderabad,28.5,38,0.0,3.7
2020-05-21,Hyderabad,32.6,43,0.0,2.0
2020-05-22,Hyderabad,30.3,44,0.0,2.4
2020-05-23,Hyderabad,31.0,34,0.0,2.8
2020-05-24,Hyderabad,27.4,41,0.0,5.1
2020-05-25,Hyderabad,29.3,46,0.0,2.9
2020-05-26,Hyderabad,29.8,43,0.0,4.3
2020-05-27,Hyderabad,26.9,45,0.0,4.2
2020-05-28,Hyderabad,34.2,48,0.0,3.5
2020-05-29,Hyderabad,30.4,51,0.0,2.4
2020-05-30,Hyderabad,33.8,42,10.9,6.4
2020-05-31,Hyderabad,28.5,34,0.0,5.1
2020-06-01,Hyderabad,30.9,44,0.0,6.0
2020-06-02,Hyderabad,30.1,30,0.0,4.2
2020-06-03,Hyderabad,30.3,39,0.0,5.6
2020-06-04,Hyderabad,31.2,40,6.4,5.8
2020-06-05,Hyderabad,29.2,46,0.0,4.5
2020-06-06,Hyderabad,32.6,38,0.0,3.8
2020-06-07,Hyderabad,31.2,45,0.0,5.0
2020-06-08,Hyderabad,31.4,39,6.5,4.9
2020-06-09,Hyderabad,33.7,45,15.5,4.6
2020-06-10,Hyderabad,32.4,52,0.0,5.1
2020-06-11,Hyderabad,33.3,45,13.6,3.1
2020-06-12,Hyderabad,34.0,44,20.5,3.8
2020-06-13,Hyderabad,28.3,49,1.3,3.7
2020-06-14,Hyderabad,33.9,40,0.0,6.3
2020-06-15,Hyderabad,34.6,45,0.0,4.0
2020-06-16,Hyderabad,31.6,39,2.3,6.0
2020-06-17,Hyderabad,31.0,41,0.0,4.5
2020-06-18,Hyderabad,35.2,44,9.5,3.9
2020-06-19,Hyderabad,31.7,39,1.9,2.2
2020-06-20,Hyderabad,29.9,35,3.2,5.1
2020-06-21,Hyderabad,28.7,40,0.0,5.8
2020-06-22,Hyderabad,31.1,41,22.1,5.3
2020-06-23,Hyderabad,33.7,38,17.0,3.9
2020-06-24,Hyderabad,28.1,30,0.0,4.9
2020-06-25,Hyderabad,34.6,38,0.0,5.1
2020-06-26,Hyderabad,32.9,42,0.0,5.0
2020-06-27,Hyderabad,32.4,36,0.0,6.5
2020-06-28,Hyderabad,33.6,42,0.0,3.8
2020-06-29,Hyderabad,31.0,40,0.0,6.4
2020-06-30,Hyderabad,29.8,39,3.5,4.8
2020-07-01,Hyderabad,31.8,39,19.4,6.7
2020-07-02,Hyderabad,32.3,47,0.0,5.0
2020-07-03,Hyderabad,30.3,38,0.0,5.1
2020-07-04,Hyderabad,33.0,38,0.0,5.3
2020-07-05,Hyderabad,35.8,37,0.0,4.0
2020-07-06,Hyderabad,28.5,39,0.0,4.7
2020-07-07,Hyderabad,30.6,38,0.0,3.8
2020-07-08,Hyderabad,33.1,29,4.5,4.8
2020-07-09,Hyderabad,32.4,40,0.0,3.9
2020-07-10,Hyderabad,30.5,34,20.3,6.5
2020-07-11,Hyderabad,32.5,43,0.0,5.3
2020-07-12,Hyderabad,32.6,35,0.0,3.2
2020-07-13,Hyderabad,35.2,39,0.0,3.2
2020-07-14,Hyderabad,30.5,37,0.0,3.5
2020-07-15,Hyderabad,29.8,33,0.0,5.2
2020-07-16,Hyderabad,32.9,40,6.0,5.0
2020-07-17,Hyderabad,34.1,36,1.7,6.3
2020-07-18,Hyderabad,33.3,44,0.0,4.0
2020-07-19,Hyderabad,32.7,37,16.6,4.1
2020-07-20,Hyderabad,33.4,37,0.0,4.9
2020-07-21,Hyderabad,34.9,46,0.0,5.8
2020-07-22,Hyderabad,33.6,41,13.0,5.3
2020-07-23,Hyderabad,34.7,40,8.5,7.2
2020-07-24,Hyderabad,29.8,29,0.0,4.3
2020-07-25,Hyderabad,29.8,43,10.1,4.4
2020-07-26,Hyderabad,30.9,37,1.2,4.3
2020-07-27,Hyderabad,25.5,45,24.8,4.9
2020-07-28,Hyderabad,32.3,37,0.0,4.6
2020-07-29,Hyderabad,33.4,43,9.3,6.2
2020-07-30,Hyderabad,27.2,40,11.0,4.0
2020-07-31,Hyderabad,33.1,39,4.5,4.6
2020-08-01,Hyderabad,31.4,42,0.0,6.0
2020-08-02,Hyderabad,32.7,46,21.9,5.1
2020-08-03,Hyderabad,33.2,42,0.0,6.3
2020-08-04,Hyderabad,32.4,37,4.9,5.9
2020-08-05,Hyderabad,33.1,46,0.0,4.7
2020-08-06,Hyderabad,28.3,38,0.0,5.9
2020-08-07,Hyderabad,31.7,42,0.0,3.3
2020-08-08,Hyderabad,35.2,40,2.2,5.2
2020-08-09,Hyderabad,33.0,46,2.7,5.0
2020-08-10,Hyderabad,30.0,49,13.0,5.3
2020-08-11,Hyderabad,33.3,43,14.3,4.3
2020-08-12,Hyderabad,28.0,35,0.0,6.6
2020-08-13,Hyderabad,30.3,42,0.0,5.8
2020-08-14,Hyderabad,32.2,46,10.5,4.8
2020-08-15,Hyderabad,29.7,40,20.1,5.0
2020-08-16,Hyderabad,25.0,43,0.0,3.3
2020-08-17,Hyderabad,30.8,40,0.0,3.1
2020-08-18,Hyderabad,29.9,46,0.0,5.2
2020-08-19,Hyderabad,28.7,40,0.0,4.2
2020-08-20,Hyderabad,30.1,42,0.0,3.5
2020-08-21,Hyderabad,27.3,37,0.0,6.1
2020-08-22,Hyderabad,32.5,44,0.0,5.9
2020-08-23,Hyderabad,33.0,36,0.0,6.0
2020-08-24,Hyderabad,33.3,39,8.4,5.0
2020-08-25,Hyderabad,32.2,33,0.0,5.9
2020-08-26,Hyderabad,29.5,44,5.3,4.5
2020-08-27,Hyderabad,32.5,39,12.0,3.3
2020-08-28,Hyderabad,34.4,38,3.2,3.4
2020-08-29,Hyderabad,32.5,47,0.0,5.1
2020-08-30,Hyderabad,26.6,46,0.0,6.6
2020-08-31,Hyderabad,28.8,42,0.0,6.3
2020-09-01,Hyderabad,31.3,45,0.0,3.7
2020-09-02,Hyderabad,27.3,48,33.0,4.8
2020-09-03,Hyderabad,31.6,36,4.6,4.4
2020-09-04,Hyderabad,28.6,43,0.0,4.5
2020-09-05,Hyderabad,30.9,47,5.2,3.0
2020-09-06,Hyderabad,29.9,39,8.2,4.8
2020-09-07,Hyderabad,27.2,47,27.4,5.1
2020-09-08,Hyderabad,32.7,41,1.1,6.0
2020-09-09,Hyderabad,27.2,49,0.0,7.1
2020-09-10,Hyderabad,32.7,42,0.0,3.9
2020-09-11,Hyderabad,26.8,45,0.0,3.2
2020-09-12,Hyderabad,26.9,46,0.0,4.2
2020-09-13,Hyderabad,28.8,47,0.0,4.1
2020-09-14,Hyderabad,29.2,39,3.0,5.2
2020-09-15,Hyderabad,29.0,51,2.2,3.8
2020-09-16,Hyderabad,25.0,37,2.2,5.5
2020-09-17,Hyderabad,29.6,42,0.0,4.7
2020-09-18,Hyderabad,31.9,52,7.3,4.6
2020-09-19,Hyderabad,26.6,49,19.5,5.3
2020-09-20,Hyderabad,32.2,45,0.0,5.7
2020-09-21,Hyderabad,28.7,50,7.4,5.7
2020-09-22,Hyderabad,26.3,44,0.0,5.9
2020-09-23,Hyderabad,27.7,46,6.9,6.3
2020-09-24,Hyderabad,30.9,46,0.0,5.0
2020-09-25,Hyderabad,26.5,47,0.0,3.4
2020-09-26,Hyderabad,28.5,50,0.0,3.0
2020-09-27,Hyderabad,26.8,40,0.0,3.1
2020-09-28,Hyderabad,27.6,47,0.0,3.1
2020-09-29,Hyderabad,28.2,53,0.0,3.2
2020-09-30,Hyderabad,27.0,46,0.0,0.8
2020-10-01,Hyderabad,23.3,52,0.0,3.5
2020-10-02,Hyderabad,27.7,44,0.0,3.6
2020-10-03,Hyderabad,27.6,54,0.0,4.8
2020-10-04,Hyderabad,26.1,43,0.0,4.0
2020-10-05,Hyderabad,26.9,44,0.0,1.1
2020-10-06,Hyderabad,25.1,46,0.0,2.0
2020-10-07,Hyderabad,22.1,48,0.0,4.3
2020-10-08,Hyderabad,24.8,70,9.4,2.7
2020-10-09,Hyderabad,23.8,52,1.8,2.7
2020-10-10,Hyderabad,25.6,52,0.0,3.4
2020-10-11,Hyderabad,25.0,52,0.0,1.9
2020-10-12,Hyderabad,25.2,36,0.0,3.1
2020-10-13,Hyderabad,25.6,50,0.0,2.5
2020-10-14,Hyderabad,27.2,47,0.0,2.1
2020-10-15,Hyderabad,21.3,50,0.0,4.6
2020-10-16,Hyderabad,24.8,49,0.0,2.9
2020-10-17,Hyderabad,24.5,45,0.0,3.8
2020-10-18,Hyderabad,24.1,49,0.0,4.5
2020-10-19,Hyderabad,23.1,50,0.0,5.2
2020-10-20,Hyderabad,26.4,49,0.0,3.0
2020-10-21,Hyderabad,22.8,53,0.0,2.2
2020-10-22,Hyderabad,23.8,47,0.0,1.8
2020-10-23,Hyderabad,26.9,54,0.0,2.8
2020-10-24,Hyderabad,26.6,48,0.0,3.8
2020-10-25,Hyderabad,25.0,55,0.0,3.6
2020-10-26,Hyderabad,21.7,46,0.0,3.5
2020-10-27,Hyderabad,22.7,44,0.0,3.1
2020-10-28,Hyderabad,27.4,44,0.0,4.5
2020-10-29,Hyderabad,26.2,57,0.0,2.6
2020-10-30,Hyderabad,24.9,55,0.0,2.9
2020-10-31,Hyderabad,21.7,57,0.0,3.4
2020-11-01,Hyderabad,22.6,50,0.0,1.3
2020-11-02,Hyderabad,23.8,62,0.0,2.9
2020-11-03,Hyderabad,24.6,62,0.0,3.9
2020-11-04,Hyderabad,23.7,63,0.0,2.0
2020-11-05,Hyderabad,27.4,59,0.0,3.2
2020-11-06,Hyderabad,21.7,54,0.0,2.5
2020-11-07,Hyderabad,27.1,50,0.0,3.0
2020-11-08,Hyderabad,20.2,52,0.0,3.0
2020-11-09,Hyderabad,21.9,53,0.0,4.0
2020-11-10,Hyderabad,23.1,55,0.0,2.4
2020-11-11,Hyderabad,20.1,57,0.0,3.6
2020-11-12,Hyderabad,22.3,50,0.0,4.4
2020-11-13,Hyderabad,21.6,57,8.0,3.1
2020-11-14,Hyderabad,23.6,54,0.0,3.7
2020-11-15,Hyderabad,22.4,46,0.0,4.0
2020-11-16,Hyderabad,23.5,51,0.0,4.1
2020-11-17,Hyderabad,23.2,60,0.0,1.6
2020-11-18,Hyderabad,23.1,67,0.0,4.4
2020-11-19,Hyderabad,21.7,59,0.0,2.6
2020-11-20,Hyderabad,20.2,60,36.2,3.1
2020-11-21,Hyderabad,22.8,55,0.0,3.9
2020-11-22,Hyderabad,20.6,58,0.0,3.0
2020-11-23,Hyderabad,21.7,52,0.0,3.1
2020-11-24,Hyderabad,21.8,60,0.0,2.8
2020-11-25,Hyderabad,20.2,64,0.0,4.4
2020-11-26,Hyderabad,24.0,51,0.0,2.4
2020-11-27,Hyderabad,21.5,55,0.0,3.0
2020-11-28,Hyderabad,24.4,59,0.0,4.4
2020-11-29,Hyderabad,23.9,60,0.0,4.1
2020-11-30,Hyderabad,19.7,63,0.0,2.6
2020-12-01,Hyderabad,21.9,60,0.0,2.9
2020-12-02,Hyderabad,21.2,59,0.0,3.8
2020-12-03,Hyderabad,22.8,58,0.0,3.5
2020-12-04,Hyderabad,22.3,58,0.0,3.2
2020-12-05,Hyderabad,18.7,61,0.0,2.6
2020-12-06,Hyderabad,18.6,62,5.9,3.2
2020-12-07,Hyderabad,21.5,65,0.0,3.2
2020-12-08,Hyderabad,17.5,55,0.0,3.7
2020-12-09,Hyderabad,21.5,62,0.0,0.9
2020-12-10,Hyderabad,19.3,60,0.0,3.7
2020-12-11,Hyderabad,19.5,60,0.0,2.6
2020-12-12,Hyderabad,18.4,61,0.0,2.3
2020-12-13,Hyderabad,19.4,61,0.0,3.8
2020-12-14,Hyderabad,17.6,63,0.0,3.8
2020-12-15,Hyderabad,20.3,60,12.7,2.9
2020-12-16,Hyderabad,20.1,59,0.0,2.3
2020-12-17,Hyderabad,20.0,57,0.0,3.8
2020-12-18,Hyderabad,19.3,61,0.0,1.6
2020-12-19,Hyderabad,16.1,56,0.0,3.9
2020-12-20,Hyderabad,18.9,51,0.0,4.1
2020-12-21,Hyderabad,18.2,61,0.0,3.6
2020-12-22,Hyderabad,21.4,59,0.0,2.4
2020-12-23,Hyderabad,20.9,64,0.0,2.4
2020-12-24,Hyderabad,20.7,64,0.0,2.7
2020-12-25,Hyderabad,19.9,63,0.0,2.5
2020-12-26,Hyderabad,22.0,63,0.0,2.7
2020-12-27,Hyderabad,19.7,58,0.0,1.5
2020-12-28,Hyderabad,16.3,58,0.0,3.7
2020-12-29,Hyderabad,19.9,70,0.0,2.2
2020-12-30,Hyderabad,21.1,62,0.0,3.2
2020-12-31,Hyderabad,21.0,54,0.0,3.5
2021-01-01,Hyderabad,17.5,59,20.1,3.4
2021-01-02,Hyderabad,19.1,51,0.0,2.9
2021-01-03,Hyderabad,20.6,60,0.0,5.1
2021-01-04,Hyderabad,21.0,65,4.3,3.9
2021-01-05,Hyderabad,22.5,61,0.0,4.0
2021-01-06,Hyderabad,17.4,61,0.0,2.3
2021-01-07,Hyderabad,20.0,65,0.0,2.4
2021-01-08,Hyderabad,21.5,67,0.0,4.7
2021-01-09,Hyderabad,21.7,58,0.0,3.2
2021-01-10,Hyderabad,20.2,73,0.0,1.9
2021-01-11,Hyderabad,19.8,52,0.0,2.7
2021-01-12,Hyderabad,25.2,56,0.0,2.3
2021-01-13,Hyderabad,21.1,54,0.0,3.3
2021-01-14,Hyderabad,17.9,66,0.0,3.3
2021-01-15,Hyderabad,20.2,57,0.0,2.6
2021-01-16,Hyderabad,21.2,61,0.0,1.8
2021-01-17,Hyderabad,20.6,51,0.0,3.1
2021-01-18,Hyderabad,20.7,56,0.0,3.2
2021-01-19,Hyderabad,18.3,65,0.0,2.2
2021-01-20,Hyderabad,18.5,60,0.0,3.1
2021-01-21,Hyderabad,23.7,57,0.0,4.2
2021-01-22,Hyderabad,23.7,61,0.0,3.9
2021-01-23,Hyderabad,19.2,63,0.0,2.9
2021-01-24,Hyderabad,22.7,62,0.0,2.5
2021-01-25,Hyderabad,19.1,59,0.0,4.1
2021-01-26,Hyderabad,19.2,54,0.0,4.4
2021-01-27,Hyderabad,16.3,59,0.0,2.2
2021-01-28,Hyderabad,21.1,53,0.0,1.5
2021-01-29,Hyderabad,17.8,68,0.0,3.5
2021-01-30,Hyderabad,21.0,57,11.7,3.2
2021-01-31,Hyderabad,19.9,66,0.0,4.1
2021-02-01,Hyderabad,21.6,57,0.0,2.8
2021-02-02,Hyderabad,21.1,55,0.0,2.1
2021-02-03,Hyderabad,23.1,61,0.0,2.2
2021-02-04,Hyderabad,18.1,55,6.1,1.9
2021-02-05,Hyderabad,23.8,60,0.0,4.6
2021-02-06,Hyderabad,18.1,54,0.0,2.6
2021-02-07,Hyderabad,22.9,54,0.0,3.6
2021-02-08,Hyderabad,24.9,58,0.0,4.3
2021-02-09,Hyderabad,20.0,57,5.6,2.3
2021-02-10,Hyderabad,20.0,50,0.0,2.4
2021-02-11,Hyderabad,22.0,52,0.0,3.1
2021-02-12,Hyderabad,21.4,51,0.0,2.0
2021-02-13,Hyderabad,21.0,52,12.3,4.6
2021-02-14,Hyderabad,18.4,64,0.0,2.3
2021-02-15,Hyderabad,22.1,61,0.0,3.0
2021-02-16,Hyderabad,23.8,61,0.0,3.1
2021-02-17,Hyderabad,22.2,54,0.0,2.3
2021-02-18,Hyderabad,18.7,53,0.0,1.9
2021-02-19,Hyderabad,23.3,65,0.0,2.3
2021-02-20,Hyderabad,20.2,55,0.0,2.7
2021-02-21,Hyderabad,19.8,66,0.0,4.2
2021-02-22,Hyderabad,19.8,55,21.2,1.7
2021-02-23,Hyderabad,21.5,55,0.0,1.2
2021-02-24,Hyderabad,23.9,55,7.4,3.2
2021-02-25,Hyderabad,19.9,59,0.0,3.0
2021-02-26,Hyderabad,24.0,51,0.0,1.7
2021-02-27,Hyderabad,24.6,55,0.0,2.2
2021-02-28,Hyderabad,24.5,64,7.4,1.8
2021-03-01,Hyderabad,20.1,49,0.0,3.5
2021-03-02,Hyderabad,19.9,58,0.0,1.4
2021-03-03,Hyderabad,21.2,56,0.0,3.3
2021-03-04,Hyderabad,21.0,53,0.0,3.8
2021-03-05,Hyderabad,20.3,52,0.0,2.4
2021-03-06,Hyderabad,20.0,61,0.0,3.4
2021-03-07,Hyderabad,23.7,55,0.0,1.5
2021-03-08,Hyderabad,21.7,61,0.0,1.5
2021-03-09,Hyderabad,22.8,47,0.0,2.9
2021-03-10,Hyderabad,22.7,54,0.0,2.9
2021-03-11,Hyderabad,23.8,54,0.0,3.0
2021-03-12,Hyderabad,24.4,55,9.9,4.1
2021-03-13,Hyderabad,21.5,55,0.0,1.5
2021-03-14,Hyderabad,24.2,52,0.0,2.7
2021-03-15,Hyderabad,19.8,48,0.0,3.3
2021-03-16,Hyderabad,26.7,46,0.0,3.4
2021-03-17,Hyderabad,23.5,51,0.0,2.2
2021-03-18,Hyderabad,24.8,52,0.0,2.0
2021-03-19,Hyderabad,24.7,62,0.0,3.8
2021-03-20,Hyderabad,25.4,48,2.5,2.0
2021-03-21,Hyderabad,22.6,58,0.0,2.7
2021-03-22,Hyderabad,22.4,56,0.0,3.4
2021-03-23,Hyderabad,24.9,55,0.0,3.6
2021-03-24,Hyderabad,25.4,49,0.0,3.1
2021-03-25,Hyderabad,21.9,49,0.0,3.2
2021-03-26,Hyderabad,27.1,45,0.0,3.3
2021-03-27,Hyderabad,22.8,47,0.0,1.6
2021-03-28,Hyderabad,27.5,47,0.0,2.8
2021-03-29,Hyderabad,25.5,47,0.0,2.3
2021-03-30,Hyderabad,23.5,50,12.4,2.7
2021-03-31,Hyderabad,23.5,53,0.0,2.1
2021-04-01,Hyderabad,26.6,57,0.0,2.4
2021-04-02,Hyderabad,29.1,51,0.0,3.8
2021-04-03,Hyderabad,21.9,58,0.0,3.8
2021-04-04,Hyderabad,24.2,40,0.0,2.4
2021-04-05,Hyderabad,26.7,50,0.0,2.5
2021-04-06,Hyderabad,25.9,51,0.0,3.3
2021-04-07,Hyderabad,24.0,52,0.0,3.9
2021-04-08,Hyderabad,22.1,38,0.0,2.4
2021-04-09,Hyderabad,24.7,44,5.7,1.5
2021-04-10,Hyderabad,24.9,53,0.0,4.2
2021-04-11,Hyderabad,23.6,55,0.0,3.1
2021-04-12,Hyderabad,26.9,51,0.0,1.5
2021-04-13,Hyderabad,27.2,50,0.0,3.4
2021-04-14,Hyderabad,28.3,53,0.0,2.7
2021-04-15,Hyderabad,29.0,49,0.0,3.5
2021-04-16,Hyderabad,27.1,40,0.0,3.7
2021-04-17,Hyderabad,23.5,48,0.0,2.2
2021-04-18,Hyderabad,31.0,52,0.0,2.8
2021-04-19,Hyderabad,22.9,52,0.0,3.1
2021-04-20,Hyderabad,27.6,50,0.0,3.8
2021-04-21,Hyderabad,25.6,51,0.0,3.0
2021-04-22,Hyderabad,26.8,49,0.0,1.8
2021-04-23,Hyderabad,26.5,47,0.0,2.4
2021-04-24,Hyderabad,30.5,48,0.0,2.3
2021-04-25,Hyderabad,25.6,48,0.0,2.9
2021-04-26,Hyderabad,24.6,39,0.0,3.9
2021-04-27,Hyderabad,27.0,36,0.0,3.7
2021-04-28,Hyderabad,23.6,57,0.0,0.5
2021-04-29,Hyderabad,25.3,50,0.0,2.1
2021-04-30,Hyderabad,30.4,44,7.1,2.3
2021-05-01,Hyderabad,26.6,36,0.0,3.8
2021-05-02,Hyderabad,28.5,47,0.0,3.2
2021-05-03,Hyderabad,27.3,47,0.0,2.5
2021-05-04,Hyderabad,29.6,46,0.0,2.4
2021-05-05,Hyderabad,30.3,48,0.0,3.5
2021-05-06,Hyderabad,27.8,46,0.0,3.6
2021-05-07,Hyderabad,27.0,42,0.0,2.2
2021-05-08,Hyderabad,30.4,47,0.0,2.8
2021-05-09,Hyderabad,26.6,45,0.0,0.5
2021-05-10,Hyderabad,26.4,42,0.0,2.4
2021-05-11,Hyderabad,31.0,46,0.0,3.6
2021-05-12,Hyderabad,30.1,52,0.0,5.1
2021-05-13,Hyderabad,29.2,32,0.0,2.9
2021-05-14,Hyderabad,30.4,42,0.0,1.5
2021-05-15,Hyderabad,30.7,31,0.0,2.9
2021-05-16,Hyderabad,30.6,43,0.0,3.5
2021-05-17,Hyderabad,26.4,45,0.0,3.8
2021-05-18,Hyderabad,29.4,49,0.0,4.0
2021-05-19,Hyderabad,32.3,41,0.0,3.6
2021-05-20,Hyderabad,28.4,42,0.0,4.3
2021-05-21,Hyderabad,30.8,37,0.0,1.9
2021-05-22,Hyderabad,29.8,41,0.0,2.6
2021-05-23,Hyderabad,30.1,36,0.0,1.8
2021-05-24,Hyderabad,28.2,41,0.0,3.3
2021-05-25,Hyderabad,29.4,46,0.0,1.8
2021-05-26,Hyderabad,30.1,38,0.0,3.1
2021-05-27,Hyderabad,27.9,41,0.0,3.4
2021-05-28,Hyderabad,31.0,47,0.0,3.6
2021-05-29,Hyderabad,30.8,40,0.0,2.5
2021-05-30,Hyderabad,32.9,40,0.0,2.4
2021-05-31,Hyderabad,31.2,51,0.0,3.9
2021-06-01,Hyderabad,32.8,43,0.0,5.2
2021-06-02,Hyderabad,33.9,50,0.0,5.2
2021-06-03,Hyderabad,30.9,47,11.3,5.3
2021-06-04,Hyderabad,30.0,41,0.0,4.5
2021-06-05,Hyderabad,30.8,43,2.0,4.7
2021-06-06,Hyderabad,33.2,43,2.7,4.0
2021-06-07,Hyderabad,30.3,38,3.0,4.7
2021-06-08,Hyderabad,32.5,44,9.9,4.7
2021-06-09,Hyderabad,32.3,36,0.0,4.9
2021-06-10,Hyderabad,29.1,50,0.0,5.1
2021-06-11,Hyderabad,29.0,35,8.8,4.0
2021-06-12,Hyderabad,29.6,44,5.7,4.0
2021-06-13,Hyderabad,33.6,42,0.0,3.4
2021-06-14,Hyderabad,33.0,36,19.3,4.2
2021-06-15,Hyderabad,30.9,35,0.0,6.4
2021-06-16,Hyderabad,31.3,47,0.0,4.1
2021-06-17,Hyderabad,29.7,34,0.0,5.3
2021-06-18,Hyderabad,31.4,39,0.0,3.3
2021-06-19,Hyderabad,28.9,50,0.0,4.2
2021-06-20,Hyderabad,32.4,40,7.7,4.9
2021-06-21,Hyderabad,31.0,42,6.7,5.3
2021-06-22,Hyderabad,25.3,31,8.4,6.3
2021-06-23,Hyderabad,31.8,46,0.0,4.6
2021-06-24,Hyderabad,32.3,42,7.4,5.3
2021-06-25,Hyderabad,28.4,44,10.9,5.1
2021-06-26,Hyderabad,30.8,45,0.0,5.1
2021-06-27,Hyderabad,33.4,29,0.0,6.0
2021-06-28,Hyderabad,36.0,37,0.0,2.8
2021-06-29,Hyderabad,29.5,42,0.0,4.0
2021-06-30,Hyderabad,31.8,45,0.0,5.9
2021-07-01,Hyderabad,29.4,40,19.7,5.3
2021-07-02,Hyderabad,31.3,35,0.0,7.3
2021-07-03,Hyderabad,33.3,45,13.2,6.2
2021-07-04,Hyderabad,29.8,39,0.0,4.7
2021-07-05,Hyderabad,28.4,35,0.0,5.5
2021-07-06,Hyderabad,29.0,43,4.2,4.6
2021-07-07,Hyderabad,30.5,39,14.0,6.3
2021-07-08,Hyderabad,32.3,39,3.4,5.9
2021-07-09,Hyderabad,28.9,37,16.2,4.5
2021-07-10,Hyderabad,33.4,39,0.0,5.7
2021-07-11,Hyderabad,30.0,32,0.0,7.1
2021-07-12,Hyderabad,31.1,28,0.0,4.4
2021-07-13,Hyderabad,35.7,38,0.7,6.1
2021-07-14,Hyderabad,33.3,38,16.7,5.6
2021-07-15,Hyderabad,30.8,34,12.3,3.6
2021-07-16,Hyderabad,31.7,33,0.0,4.4
2021-07-17,Hyderabad,32.2,33,0.0,4.1
2021-07-18,Hyderabad,33.8,36,0.0,5.2
2021-07-19,Hyderabad,31.6,44,0.0,5.6
2021-07-20,Hyderabad,31.6,37,0.0,5.2
2021-07-21,Hyderabad,29.7,36,0.0,5.7
2021-07-22,Hyderabad,32.0,41,0.0,5.2
2021-07-23,Hyderabad,30.7,37,0.1,6.2
2021-07-24,Hyderabad,33.7,37,24.0,5.1
2021-07-25,Hyderabad,34.3,41,0.0,5.0
2021-07-26,Hyderabad,33.1,37,0.0,4.2
2021-07-27,Hyderabad,31.6,38,4.0,5.5
2021-07-28,Hyderabad,31.4,32,1.9,5.9
2021-07-29,Hyderabad,32.1,35,0.0,3.5
2021-07-30,Hyderabad,31.6,27,0.0,4.8
2021-07-31,Hyderabad,32.8,36,0.0,6.5
2021-08-01,Hyderabad,31.2,40,6.8,5.3
2021-08-02,Hyderabad,31.9,33,11.4,5.0
2021-08-03,Hyderabad,31.8,49,0.0,5.3
2021-08-04,Hyderabad,34.9,37,0.0,6.7
2021-08-05,Hyderabad,31.3,34,0.0,5.8
2021-08-06,Hyderabad,28.8,43,0.0,4.3
2021-08-07,Hyderabad,31.2,46,4.6,5.9
2021-08-08,Hyderabad,30.5,36,0.0,4.6
2021-08-09,Hyderabad,30.6,39,0.0,4.8
2021-08-10,Hyderabad,32.0,33,0.0,4.0
2021-08-11,Hyderabad,29.5,47,11.2,4.2
2021-08-12,Hyderabad,27.9,41,2.6,5.3
2021-08-13,Hyderabad,35.3,37,11.2,6.2
2021-08-14,Hyderabad,31.9,43,0.0,5.7
2021-08-15,Hyderabad,31.7,40,10.3,2.7
2021-08-16,Hyderabad,31.3,47,0.0,4.3
2021-08-17,Hyderabad,30.3,41,1.5,4.0
2021-08-18,Hyderabad,28.2,42,0.0,6.7
2021-08-19,Hyderabad,27.2,39,6.0,5.6
2021-08-20,Hyderabad,32.6,49,7.9,5.1
2021-08-21,Hyderabad,27.0,40,14.9,3.4
2021-08-22,Hyderabad,33.2,40,0.0,6.7
2021-08-23,Hyderabad,29.1,44,0.0,5.5
2021-08-24,Hyderabad,28.9,43,0.0,6.0
2021-08-25,Hyderabad,28.7,43,0.0,4.7
2021-08-26,Hyderabad,29.5,40,4.1,5.9
2021-08-27,Hyderabad,27.0,42,13.1,6.2
2021-08-28,Hyderabad,31.1,39,0.0,5.4
2021-08-29,Hyderabad,26.2,52,0.0,5.5
2021-08-30,Hyderabad,28.9,40,17.7,6.4
2021-08-31,Hyderabad,32.1,48,23.5,5.2
2021-09-01,Hyderabad,33.5,50,5.5,4.5
2021-09-02,Hyderabad,30.0,48,9.9,5.2
2021-09-03,Hyderabad,26.8,48,0.0,7.1
2021-09-04,Hyderabad,26.7,61,5.1,4.4
2021-09-05,Hyderabad,30.3,40,0.0,3.1
2021-09-06,Hyderabad,30.7,46,0.0,7.3
2021-09-07,Hyderabad,29.2,36,0.0,6.7
2021-09-08,Hyderabad,26.9,46,8.6,4.6
2021-09-09,Hyderabad,30.5,55,13.8,4.4
2021-09-10,Hyderabad,29.5,43,0.0,3.4
2021-09-11,Hyderabad,26.9,46,1.3,6.9
2021-09-12,Hyderabad,35.1,44,0.0,6.3
2021-09-13,Hyderabad,31.5,36,7.1,6.9
2021-09-14,Hyderabad,28.3,47,0.0,6.1
2021-09-15,Hyderabad,28.9,48,7.1,4.2
2021-09-16,Hyderabad,35.2,34,46.0,6.1
2021-09-17,Hyderabad,26.0,44,0.0,5.9
2021-09-18,Hyderabad,28.0,49,0.0,4.6
2021-09-19,Hyderabad,29.7,53,0.0,6.7
2021-09-20,Hyderabad,22.5,55,6.2,5.6
2021-09-21,Hyderabad,26.8,55,0.0,5.0
2021-09-22,Hyderabad,25.0,44,0.0,5.9
2021-09-23,Hyderabad,27.2,47,0.0,3.6
2021-09-24,Hyderabad,27.6,46,0.0,6.8
2021-09-25,Hyderabad,26.3,43,6.2,5.2
2021-09-26,Hyderabad,26.3,50,0.0,6.5
2021-09-27,Hyderabad,25.2,50,0.0,1.8
2021-09-28,Hyderabad,30.2,44,0.0,2.7
2021-09-29,Hyderabad,28.5,57,0.0,2.9
2021-09-30,Hyderabad,23.3,56,0.0,2.1
2021-10-01,Hyderabad,26.4,42,0.0,2.4
2021-10-02,Hyderabad,25.8,52,0.0,1.9
2021-10-03,Hyderabad,25.2,47,0.0,1.5
2021-10-04,Hyderabad,26.5,47,0.0,3.3
2021-10-05,Hyderabad,29.1,60,0.0,4.3
2021-10-06,Hyderabad,26.8,41,0.0,1.5
2021-10-07,Hyderabad,25.3,53,0.0,2.0
2021-10-08,Hyderabad,30.9,45,0.0,3.2
2021-10-09,Hyderabad,25.3,50,0.0,2.3
2021-10-10,Hyderabad,29.7,52,0.0,3.1
2021-10-11,Hyderabad,29.3,44,0.0,2.9
2021-10-12,Hyderabad,28.9,53,0.0,2.2
2021-10-13,Hyderabad,24.1,48,0.0,2.5
2021-10-14,Hyderabad,28.4,46,5.8,2.9
2021-10-15,Hyderabad,22.9,47,5.8,3.6
2021-10-16,Hyderabad,26.7,53,0.0,3.3
2021-10-17,Hyderabad,24.1,59,0.0,3.2
2021-10-18,Hyderabad,24.2,52,28.7,1.6
2021-10-19,Hyderabad,25.8,57,0.0,3.4
2021-10-20,Hyderabad,25.0,47,0.0,3.2
2021-10-21,Hyderabad,24.5,48,0.0,3.7
2021-10-22,Hyderabad,22.7,60,0.0,3.5
2021-10-23,Hyderabad,22.7,52,0.0,3.1
2021-10-24,Hyderabad,24.0,57,0.0,3.2
2021-10-25,Hyderabad,23.6,57,0.0,4.5
2021-10-26,Hyderabad,22.0,51,0.0,3.0
2021-10-27,Hyderabad,26.4,47,0.0,1.7
2021-10-28,Hyderabad,23.4,61,0.0,4.1
2021-10-29,Hyderabad,23.5,50,0.0,2.8
2021-10-30,Hyderabad,23.5,56,16.1,3.4
2021-10-31,Hyderabad,24.7,56,0.0,4.3
2021-11-01,Hyderabad,24.6,50,0.0,3.1
2021-11-02,Hyderabad,22.3,52,0.0,2.0
2021-11-03,Hyderabad,23.3,50,0.0,3.3
2021-11-04,Hyderabad,21.0,53,0.0,3.5
2021-11-05,Hyderabad,23.3,58,0.0,3.9
2021-11-06,Hyderabad,21.5,48,0.0,3.4
2021-11-07,Hyderabad,21.5,48,0.0,5.4
2021-11-08,Hyderabad,18.9,58,0.0,2.5
2021-11-09,Hyderabad,25.2,58,0.0,1.4
2021-11-10,Hyderabad,25.3,46,0.0,2.3
2021-11-11,Hyderabad,21.6,64,0.0,2.3
2021-11-12,Hyderabad,18.2,56,0.0,5.3
2021-11-13,Hyderabad,22.1,52,0.0,4.0
2021-11-14,Hyderabad,23.3,50,0.0,2.6
2021-11-15,Hyderabad,26.0,54,0.0,2.1
2021-11-16,Hyderabad,21.5,58,0.0,3.3
2021-11-17,Hyderabad,21.8,48,0.0,3.4
2021-11-18,Hyderabad,26.9,48,0.0,2.9
2021-11-19,Hyderabad,19.6,62,6.8,3.9
2021-11-20,Hyderabad,22.0,48,0.0,3.2
2021-11-21,Hyderabad,18.1,62,0.0,4.0
2021-11-22,Hyderabad,23.2,54,0.0,2.3
2021-11-23,Hyderabad,22.0,54,0.0,3.2
2021-11-24,Hyderabad,24.4,59,0.0,3.7
2021-11-25,Hyderabad,18.6,54,0.0,1.3
2021-11-26,Hyderabad,22.4,54,0.0,3.9
2021-11-27,Hyderabad,22.4,57,0.0,2.3
2021-11-28,Hyderabad,19.9,54,0.0,2.7
2021-11-29,Hyderabad,21.3,62,19.0,3.0
2021-11-30,Hyderabad,21.7,62,0.0,1.5
2021-12-01,Hyderabad,25.2,55,0.0,4.2
2021-12-02,Hyderabad,21.5,62,0.0,2.8
2021-12-03,Hyderabad,24.2,56,0.0,2.8
2021-12-04,Hyderabad,22.7,51,5.6,4.2
2021-12-05,Hyderabad,22.2,55,0.0,2.9
2021-12-06,Hyderabad,20.5,57,0.0,4.1
2021-12-07,Hyderabad,20.1,53,0.0,2.5
2021-12-08,Hyderabad,19.2,64,0.0,3.5
2021-12-09,Hyderabad,20.3,64,0.0,4.4
2021-12-10,Hyderabad,21.4,44,0.0,2.4
2021-12-11,Hyderabad,21.0,56,0.0,3.3
2021-12-12,Hyderabad,20.4,57,0.0,2.6
2021-12-13,Hyderabad,20.0,46,0.0,3.6
2021-12-14,Hyderabad,20.2,48,0.0,4.6
2021-12-15,Hyderabad,22.5,57,0.0,3.6
2021-12-16,Hyderabad,22.7,58,0.0,2.4
2021-12-17,Hyderabad,22.6,56,0.0,4.0
2021-12-18,Hyderabad,18.6,66,0.0,2.4
2021-12-19,Hyderabad,22.6,57,0.0,2.9
2021-12-20,Hyderabad,21.3,56,0.0,3.3
2021-12-21,Hyderabad,22.8,57,0.0,3.4
2021-12-22,Hyderabad,15.7,63,0.0,4.0
2021-12-23,Hyderabad,20.0,58,0.0,3.5
2021-12-24,Hyderabad,18.7,61,0.0,2.7
2021-12-25,Hyderabad,23.3,58,0.0,2.6
2021-12-26,Hyderabad,19.7,60,0.0,2.6
2021-12-27,Hyderabad,17.6,66,0.0,3.0
2021-12-28,Hyderabad,20.3,51,0.0,3.2
2021-12-29,Hyderabad,18.1,56,0.0,4.2
2021-12-30,Hyderabad,20.1,60,0.0,4.1
2021-12-31,Hyderabad,18.9,53,0.0,2.7
2022-01-01,Hyderabad,22.3,54,0.0,4.2
2022-01-02,Hyderabad,18.6,62,0.0,3.6
2022-01-03,Hyderabad,21.7,55,0.0,4.2
2022-01-04,Hyderabad,21.6,53,0.0,3.0
2022-01-05,Hyderabad,20.6,51,0.0,2.9
2022-01-06,Hyderabad,19.9,63,0.0,4.1
2022-01-07,Hyderabad,17.5,69,0.0,0.7
2022-01-08,Hyderabad,16.2,56,0.0,2.6
2022-01-09,Hyderabad,21.9,66,0.0,2.9
2022-01-10,Hyderabad,23.4,52,0.0,3.8
2022-01-11,Hyderabad,17.3,55,0.0,3.2
2022-01-12,Hyderabad,20.1,63,0.0,1.1
2022-01-13,Hyderabad,19.6,56,0.0,2.7
2022-01-14,Hyderabad,21.2,55,0.0,1.0
2022-01-15,Hyderabad,20.8,62,0.0,4.3
2022-01-16,Hyderabad,16.2,57,3.7,1.8
2022-01-17,Hyderabad,20.1,58,0.0,2.8
2022-01-18,Hyderabad,21.5,59,0.0,2.0
2022-01-19,Hyderabad,16.2,59,0.0,1.5
2022-01-20,Hyderabad,20.2,59,0.0,4.1
2022-01-21,Hyderabad,19.9,64,0.0,4.7
2022-01-22,Hyderabad,19.1,57,0.0,1.4
2022-01-23,Hyderabad,17.1,54,0.0,2.4
2022-01-24,Hyderabad,19.0,59,8.4,3.7
2022-01-25,Hyderabad,18.6,57,0.0,2.5
2022-01-26,Hyderabad,18.8,60,0.0,3.2
2022-01-27,Hyderabad,18.8,71,0.0,2.9
2022-01-28,Hyderabad,21.3,54,0.0,4.2
2022-01-29,Hyderabad,22.6,62,0.0,3.3
2022-01-30,Hyderabad,21.4,59,0.0,2.2
2022-01-31,Hyderabad,19.6,64,0.0,2.5
2022-02-01,Hyderabad,21.5,47,0.0,1.9
2022-02-02,Hyderabad,18.4,59,0.0,3.9
2022-02-03,Hyderabad,20.6,53,0.0,4.0
2022-02-04,Hyderabad,20.8,52,0.0,2.4
2022-02-05,Hyderabad,21.3,57,0.0,3.0
2022-02-06,Hyderabad,17.6,58,4.3,0.7
2022-02-07,Hyderabad,20.9,55,0.0,3.4
2022-02-08,Hyderabad,19.2,59,5.4,4.7
2022-02-09,Hyderabad,21.0,58,0.0,3.0
2022-02-10,Hyderabad,19.0,60,0.0,4.6
2022-02-11,Hyderabad,21.1,55,0.0,1.9
2022-02-12,Hyderabad,19.5,58,0.0,2.6
2022-02-13,Hyderabad,22.3,64,0.0,3.1
2022-02-14,Hyderabad,22.4,58,0.0,4.2
2022-02-15,Hyderabad,22.3,53,0.0,3.1
2022-02-16,Hyderabad,21.2,60,0.0,5.0
2022-02-17,Hyderabad,20.0,61,0.0,3.6
2022-02-18,Hyderabad,21.2,62,0.0,4.8
2022-02-19,Hyderabad,23.8,55,0.0,3.6
2022-02-20,Hyderabad,20.9,53,0.0,1.7
2022-02-21,Hyderabad,21.8,64,0.0,2.1
2022-02-22,Hyderabad,18.9,63,0.0,3.8
2022-02-23,Hyderabad,19.4,60,0.0,3.8
2022-02-24,Hyderabad,24.3,47,0.0,2.8
2022-02-25,Hyderabad,19.5,57,0.0,3.0
2022-02-26,Hyderabad,21.3,54,0.0,2.1
2022-02-27,Hyderabad,20.9,61,0.0,4.0
2022-02-28,Hyderabad,20.2,61,0.0,3.1
2022-03-01,Hyderabad,20.9,57,0.0,3.3
2022-03-02,Hyderabad,25.1,49,0.0,4.4
2022-03-03,Hyderabad,18.9,55,1.8,3.0
2022-03-04,Hyderabad,22.9,52,0.0,3.7
2022-03-05,Hyderabad,21.7,48,0.0,1.7
2022-03-06,Hyderabad,24.3,55,0.0,2.3
2022-03-07,Hyderabad,20.5,50,0.0,3.9
2022-03-08,Hyderabad,21.6,59,0.0,3.7
2022-03-09,Hyderabad,22.1,55,0.0,2.3
2022-03-10,Hyderabad,23.6,54,0.0,5.9
2022-03-11,Hyderabad,21.5,46,0.0,4.1
2022-03-12,Hyderabad,21.7,47,0.0,3.6
2022-03-13,Hyderabad,21.1,52,0.0,3.9
2022-03-14,Hyderabad,22.8,56,0.0,2.9
2022-03-15,Hyderabad,24.7,54,0.0,3.0
2022-03-16,Hyderabad,22.8,48,0.0,2.8
2022-03-17,Hyderabad,21.1,54,0.0,3.3
2022-03-18,Hyderabad,22.8,54,0.0,2.3
2022-03-19,Hyderabad,25.5,59,0.0,2.7
2022-03-20,Hyderabad,25.9,48,0.0,2.6
2022-03-21,Hyderabad,21.3,62,0.0,4.6
2022-03-22,Hyderabad,23.0,53,0.0,2.4
2022-03-23,Hyderabad,21.4,53,0.0,3.7
2022-03-24,Hyderabad,25.7,57,0.0,2.8
2022-03-25,Hyderabad,23.3,42,0.0,3.8
2022-03-26,Hyderabad,29.8,48,0.0,2.4
2022-03-27,Hyderabad,24.8,52,4.0,2.8
2022-03-28,Hyderabad,30.5,48,0.0,3.9
2022-03-29,Hyderabad,23.3,54,0.0,3.5
2022-03-30,Hyderabad,21.2,51,0.0,2.3
2022-03-31,Hyderabad,24.4,49,11.6,2.4
2022-04-01,Hyderabad,22.9,50,14.0,3.3
2022-04-02,Hyderabad,26.8,52,0.0,2.3
2022-04-03,Hyderabad,24.0,48,0.0,2.4
2022-04-04,Hyderabad,25.3,50,0.0,1.6
2022-04-05,Hyderabad,25.1,32,0.0,2.8
2022-04-06,Hyderabad,27.2,55,0.0,4.9
2022-04-07,Hyderabad,27.1,44,0.0,4.2
2022-04-08,Hyderabad,25.9,48,0.0,0.6
2022-04-09,Hyderabad,24.4,46,0.0,2.3
2022-04-10,Hyderabad,29.3,51,0.0,1.6
2022-04-11,Hyderabad,26.5,50,0.0,2.5
2022-04-12,Hyderabad,24.1,52,0.0,1.1
2022-04-13,Hyderabad,26.9,47,0.0,3.4
2022-04-14,Hyderabad,26.0,54,0.0,2.1
2022-04-15,Hyderabad,28.6,43,0.0,2.0
2022-04-16,Hyderabad,25.1,52,0.0,2.1
2022-04-17,Hyderabad,27.3,46,0.0,2.6
2022-04-18,Hyderabad,28.3,47,0.0,1.7
2022-04-19,Hyderabad,22.5,50,0.0,4.7
2022-04-20,Hyderabad,27.4,52,0.0,2.3
2022-04-21,Hyderabad,28.8,45,11.0,3.9
2022-04-22,Hyderabad,25.8,40,0.0,3.1
2022-04-23,Hyderabad,26.3,50,0.0,3.2
2022-04-24,Hyderabad,26.6,49,0.0,2.7
2022-04-25,Hyderabad,25.9,47,0.0,2.4
2022-04-26,Hyderabad,27.5,46,0.0,2.7
2022-04-27,Hyderabad,26.9,50,0.0,3.3
2022-04-28,Hyderabad,33.3,51,0.0,2.7
2022-04-29,Hyderabad,31.1,51,0.0,1.3
2022-04-30,Hyderabad,26.3,47,0.0,1.8
2022-05-01,Hyderabad,27.6,55,0.0,2.2
2022-05-02,Hyderabad,32.0,47,0.0,4.4
2022-05-03,Hyderabad,24.6,46,0.0,2.2
2022-05-04,Hyderabad,27.6,47,0.0,4.9
2022-05-05,Hyderabad,30.3,45,0.0,3.0
2022-05-06,Hyderabad,28.9,45,0.0,4.0
2022-05-07,Hyderabad,33.0,36,0.0,2.2
2022-05-08,Hyderabad,29.9,46,0.0,3.0
2022-05-09,Hyderabad,30.9,49,0.0,3.4
2022-05-10,Hyderabad,30.9,46,0.0,2.4
2022-05-11,Hyderabad,29.0,40,0.0,2.7
2022-05-12,Hyderabad,28.3,51,0.0,2.8
2022-05-13,Hyderabad,30.3,46,0.0,2.1
2022-05-14,Hyderabad,28.6,38,0.0,2.9
2022-05-15,Hyderabad,26.0,44,0.0,3.8
2022-05-16,Hyderabad,30.4,38,0.0,3.3
2022-05-17,Hyderabad,25.8,40,0.0,4.5
2022-05-18,Hyderabad,31.5,43,0.0,4.3
2022-05-19,Hyderabad,27.9,41,0.0,3.3
2022-05-20,Hyderabad,31.5,42,0.0,3.3
2022-05-21,Hyderabad,31.2,37,0.0,2.8
2022-05-22,Hyderabad,28.1,38,0.0,2.5
2022-05-23,Hyderabad,29.7,48,0.0,2.5
2022-05-24,Hyderabad,29.1,29,0.0,2.0
2022-05-25,Hyderabad,27.8,49,0.0,3.7
2022-05-26,Hyderabad,31.7,42,0.0,3.3
2022-05-27,Hyderabad,32.8,39,0.0,3.8
2022-05-28,Hyderabad,31.4,35,0.0,3.0
2022-05-29,Hyderabad,29.5,38,0.0,3.8
2022-05-30,Hyderabad,30.1,37,0.0,3.5
2022-05-31,Hyderabad,31.1,42,3.9,5.4
2022-06-01,Hyderabad,27.8,41,0.0,6.0
2022-06-02,Hyderabad,29.7,42,4.3,5.3
2022-06-03,Hyderabad,30.8,45,0.0,4.3
2022-06-04,Hyderabad,31.4,41,3.1,4.7
2022-06-05,Hyderabad,31.6,34,0.0,6.7
2022-06-06,Hyderabad,30.3,35,0.0,3.7
2022-06-07,Hyderabad,32.6,44,12.5,3.1
2022-06-08,Hyderabad,29.2,45,0.0,5.1
2022-06-09,Hyderabad,31.3,40,3.1,6.3
2022-06-10,Hyderabad,30.0,43,0.0,6.1
2022-06-11,Hyderabad,33.2,29,2.9,6.6
2022-06-12,Hyderabad,30.6,44,2.0,5.9
2022-06-13,Hyderabad,31.3,44,0.0,4.0
2022-06-14,Hyderabad,30.4,37,0.0,6.2
2022-06-15,Hyderabad,31.2,40,0.0,4.6
2022-06-16,Hyderabad,36.0,46,10.0,5.2
2022-06-17,Hyderabad,30.5,42,0.0,5.1
2022-06-18,Hyderabad,30.7,45,0.0,3.4
2022-06-19,Hyderabad,29.2,43,0.0,4.5
2022-06-20,Hyderabad,32.7,41,22.0,4.4
2022-06-21,Hyderabad,31.6,38,7.1,5.6
2022-06-22,Hyderabad,31.7,42,0.0,5.4
2022-06-23,Hyderabad,30.5,43,4.8,5.4
2022-06-24,Hyderabad,32.1,43,0.0,4.9
2022-06-25,Hyderabad,28.1,41,0.0,4.0
2022-06-26,Hyderabad,34.7,37,1.2,3.6
2022-06-27,Hyderabad,31.5,47,0.0,3.3
2022-06-28,Hyderabad,32.3,42,11.7,4.8
2022-06-29,Hyderabad,31.0,31,17.2,5.8
2022-06-30,Hyderabad,30.8,45,20.9,4.4
2022-07-01,Hyderabad,29.5,52,0.0,4.9
2022-07-02,Hyderabad,31.5,30,1.8,5.1
2022-07-03,Hyderabad,31.5,43,1.7,5.8
2022-07-04,Hyderabad,29.7,40,0.0,3.9
2022-07-05,Hyderabad,34.4,41,0.0,6.4
2022-07-06,Hyderabad,32.6,44,10.0,4.3
2022-07-07,Hyderabad,29.1,42,2.4,5.3
2022-07-08,Hyderabad,31.6,47,5.6,5.0
2022-07-09,Hyderabad,31.7,33,0.0,4.4
2022-07-10,Hyderabad,31.5,38,16.2,4.4
2022-07-11,Hyderabad,32.0,43,12.2,4.7
2022-07-12,Hyderabad,28.8,44,22.6,5.0
2022-07-13,Hyderabad,29.1,40,0.0,5.3
2022-07-14,Hyderabad,32.8,30,8.1,5.0
2022-07-15,Hyderabad,29.5,42,13.5,6.6
2022-07-16,Hyderabad,30.2,35,12.4,4.3
2022-07-17,Hyderabad,34.0,37,0.0,4.1
2022-07-18,Hyderabad,32.7,48,8.2,6.0
2022-07-19,Hyderabad,36.0,47,11.8,2.7
2022-07-20,Hyderabad,36.6,35,1.2,5.7
2022-07-21,Hyderabad,31.3,33,0.0,5.0
2022-07-22,Hyderabad,31.3,41,0.0,4.7
2022-07-23,Hyderabad,28.2,36,0.0,4.9
2022-07-24,Hyderabad,35.8,37,0.0,7.1
2022-07-25,Hyderabad,35.4,40,0.0,5.6
2022-07-26,Hyderabad,31.6,34,8.7,3.9
2022-07-27,Hyderabad,33.3,42,6.1,5.5
2022-07-28,Hyderabad,36.0,45,0.0,3.8
2022-07-29,Hyderabad,32.1,32,5.7,5.0
2022-07-30,Hyderabad,34.4,37,0.0,5.0
2022-07-31,Hyderabad,31.6,45,4.1,5.6
2022-08-01,Hyderabad,30.6,48,0.0,4.9
2022-08-02,Hyderabad,34.1,53,28.1,7.5
2022-08-03,Hyderabad,33.3,41,11.0,6.4
2022-08-04,Hyderabad,29.7,37,5.1,4.1
2022-08-05,Hyderabad,32.3,56,33.3,3.3
2022-08-06,Hyderabad,32.9,37,0.0,5.3
2022-08-07,Hyderabad,30.7,36,0.0,3.9
2022-08-08,Hyderabad,32.7,42,5.8,7.0
2022-08-09,Hyderabad,31.5,42,0.0,5.6
2022-08-10,Hyderabad,31.8,42,0.0,5.6
2022-08-11,Hyderabad,32.2,41,12.9,4.9
2022-08-12,Hyderabad,31.1,39,0.0,6.6
2022-08-13,Hyderabad,33.3,44,0.0,4.6
2022-08-14,Hyderabad,31.1,44,0.0,5.7
2022-08-15,Hyderabad,31.8,32,18.7,4.8
2022-08-16,Hyderabad,31.1,52,16.6,4.1
2022-08-17,Hyderabad,31.2,46,8.2,5.2
2022-08-18,Hyderabad,31.2,35,10.9,5.7
2022-08-19,Hyderabad,30.0,45,0.0,4.6
2022-08-20,Hyderabad,27.5,43,0.0,3.4
2022-08-21,Hyderabad,27.6,45,0.0,4.4
2022-08-22,Hyderabad,27.2,41,0.0,6.2
2022-08-23,Hyderabad,25.3,46,0.0,4.2
2022-08-24,Hyderabad,32.5,40,0.0,4.0
2022-08-25,Hyderabad,30.2,45,11.7,3.3
2022-08-26,Hyderabad,26.7,39,6.9,6.3
2022-08-27,Hyderabad,29.3,38,0.0,7.4
2022-08-28,Hyderabad,32.3,44,4.6,5.0
2022-08-29,Hyderabad,31.4,50,6.0,6.9
2022-08-30,Hyderabad,30.4,47,0.0,5.0
2022-08-31,Hyderabad,32.4,39,0.0,3.0
2022-09-01,Hyderabad,32.9,44,2.8,6.0
2022-09-02,Hyderabad,32.8,49,6.8,6.1
2022-09-03,Hyderabad,30.0,46,0.0,5.2
2022-09-04,Hyderabad,30.3,42,1.3,5.0
2022-09-05,Hyderabad,30.3,41,0.0,5.9
2022-09-06,Hyderabad,31.3,46,0.0,2.9
2022-09-07,Hyderabad,33.4,43,17.5,4.8
2022-09-08,Hyderabad,29.7,36,3.4,5.3
2022-09-09,Hyderabad,27.3,52,0.0,5.5
2022-09-10,Hyderabad,28.0,44,0.0,4.7
2022-09-11,Hyderabad,29.6,47,11.4,4.2
2022-09-12,Hyderabad,24.8,38,0.0,5.2
2022-09-13,Hyderabad,28.4,43,0.0,4.4
2022-09-14,Hyderabad,31.2,48,15.1,4.8
2022-09-15,Hyderabad,30.9,42,16.8,3.7
2022-09-16,Hyderabad,28.4,40,1.7,4.5
2022-09-17,Hyderabad,30.4,44,9.0,6.7
2022-09-18,Hyderabad,29.8,51,14.4,5.3
2022-09-19,Hyderabad,30.0,38,11.5,6.9
2022-09-20,Hyderabad,29.6,37,7.6,3.8
2022-09-21,Hyderabad,29.0,54,0.0,3.9
2022-09-22,Hyderabad,27.5,49,0.0,6.1
2022-09-23,Hyderabad,28.3,43,0.0,5.6
2022-09-24,Hyderabad,28.4,47,9.4,5.3
2022-09-25,Hyderabad,27.5,44,11.7,5.6
2022-09-26,Hyderabad,28.5,43,11.3,5.6
2022-09-27,Hyderabad,29.4,50,0.0,2.2
2022-09-28,Hyderabad,26.8,53,0.0,2.0
2022-09-29,Hyderabad,27.7,49,0.0,2.3
2022-09-30,Hyderabad,31.6,43,0.0,2.2
2022-10-01,Hyderabad,23.1,43,0.0,2.1
2022-10-02,Hyderabad,30.9,43,0.0,3.0
2022-10-03,Hyderabad,25.6,52,0.0,3.7
2022-10-04,Hyderabad,30.9,53,0.0,4.0
2022-10-05,Hyderabad,29.0,51,0.0,0.5
2022-10-06,Hyderabad,27.5,51,0.0,3.4
2022-10-07,Hyderabad,27.5,48,0.0,2.2
2022-10-08,Hyderabad,25.4,48,0.0,2.4
2022-10-09,Hyderabad,27.1,46,0.0,1.3
2022-10-10,Hyderabad,22.9,56,0.0,2.4
2022-10-11,Hyderabad,26.4,51,0.0,1.2
2022-10-12,Hyderabad,30.2,44,0.0,2.5
2022-10-13,Hyderabad,25.9,54,0.0,1.5
2022-10-14,Hyderabad,24.5,53,0.0,3.3
2022-10-15,Hyderabad,24.6,49,0.0,2.0
2022-10-16,Hyderabad,22.4,48,0.0,2.3
2022-10-17,Hyderabad,25.7,58,0.0,3.8
2022-10-18,Hyderabad,28.1,50,0.0,1.2
2022-10-19,Hyderabad,24.6,55,0.0,2.5
2022-10-20,Hyderabad,25.5,44,0.0,2.9
2022-10-21,Hyderabad,22.4,55,0.0,5.7
2022-10-22,Hyderabad,25.4,51,0.0,2.8
2022-10-23,Hyderabad,23.0,53,0.0,3.3
2022-10-24,Hyderabad,24.3,56,0.0,2.8
2022-10-25,Hyderabad,25.3,58,0.0,1.4
2022-10-26,Hyderabad,22.2,51,0.0,2.0
2022-10-27,Hyderabad,25.5,48,0.0,1.6
2022-10-28,Hyderabad,22.9,49,0.0,0.7
2022-10-29,Hyderabad,25.9,57,0.0,4.0
2022-10-30,Hyderabad,22.0,51,0.0,2.4
2022-10-31,Hyderabad,22.4,55,0.0,3.1
2022-11-01,Hyderabad,25.1,53,0.0,3.1
2022-11-02,Hyderabad,25.2,53,9.6,1.4
2022-11-03,Hyderabad,22.0,55,0.0,3.7
2022-11-04,Hyderabad,21.8,51,0.0,2.2
2022-11-05,Hyderabad,21.7,48,0.0,4.3
2022-11-06,Hyderabad,23.6,51,0.0,2.6
2022-11-07,Hyderabad,27.2,60,0.0,2.7
2022-11-08,Hyderabad,23.8,53,5.6,5.3
2022-11-09,Hyderabad,23.2,51,0.0,1.8
2022-11-10,Hyderabad,24.3,56,0.0,2.4
2022-11-11,Hyderabad,23.0,53,0.0,0.8
2022-11-12,Hyderabad,20.7,61,0.0,4.1
2022-11-13,Hyderabad,20.5,60,0.0,2.2
2022-11-14,Hyderabad,21.6,56,0.0,3.3
2022-11-15,Hyderabad,22.4,55,0.0,4.8
2022-11-16,Hyderabad,23.6,51,0.0,2.5
2022-11-17,Hyderabad,22.4,55,0.0,5.2
2022-11-18,Hyderabad,22.1,59,0.0,3.8
2022-11-19,Hyderabad,20.4,55,0.0,3.3
2022-11-20,Hyderabad,22.2,54,0.0,3.0
2022-11-21,Hyderabad,23.8,57,0.0,1.5
2022-11-22,Hyderabad,19.9,61,0.0,1.7
2022-11-23,Hyderabad,20.6,63,0.0,4.6
2022-11-24,Hyderabad,22.6,55,0.0,4.5
2022-11-25,Hyderabad,22.7,65,0.0,4.2
2022-11-26,Hyderabad,22.1,66,0.0,3.9
2022-11-27,Hyderabad,22.8,53,0.0,3.2
2022-11-28,Hyderabad,24.3,52,0.0,4.6
2022-11-29,Hyderabad,18.7,47,0.0,3.1
2022-11-30,Hyderabad,19.5,63,0.0,2.5
2022-12-01,Hyderabad,23.1,43,0.0,1.8
2022-12-02,Hyderabad,19.3,49,0.0,4.2
2022-12-03,Hyderabad,20.6,59,0.0,3.0
2022-12-04,Hyderabad,16.9,59,0.0,2.9
2022-12-05,Hyderabad,22.2,62,0.0,4.4
2022-12-06,Hyderabad,18.4,61,0.0,3.8
2022-12-07,Hyderabad,19.5,49,0.0,2.5
2022-12-08,Hyderabad,17.9,57,0.0,2.5
2022-12-09,Hyderabad,21.5,69,0.0,2.7
2022-12-10,Hyderabad,19.9,58,0.0,2.9
2022-12-11,Hyderabad,20.1,52,0.0,2.8
2022-12-12,Hyderabad,20.0,65,0.0,1.5
2022-12-13,Hyderabad,22.9,50,0.0,1.6
2022-12-14,Hyderabad,19.5,52,0.0,3.0
2022-12-15,Hyderabad,24.3,69,0.0,2.7
2022-12-16,Hyderabad,20.3,67,0.0,2.5
2022-12-17,Hyderabad,15.7,56,0.0,2.1
2022-12-18,Hyderabad,20.7,55,0.0,2.8
2022-12-19,Hyderabad,18.0,61,0.0,0.5
2022-12-20,Hyderabad,16.1,60,0.0,4.6
2022-12-21,Hyderabad,19.9,50,0.0,1.3
2022-12-22,Hyderabad,18.9,58,0.0,3.0
2022-12-23,Hyderabad,21.5,53,0.0,4.3
2022-12-24,Hyderabad,18.2,52,0.0,3.4
2022-12-25,Hyderabad,21.5,65,0.0,2.9
2022-12-26,Hyderabad,21.0,62,20.1,3.3
2022-12-27,Hyderabad,19.8,62,0.0,2.7
2022-12-28,Hyderabad,20.9,52,0.0,4.8
2022-12-29,Hyderabad,19.4,55,0.0,1.5
2022-12-30,Hyderabad,20.5,56,0.0,3.9
2022-12-31,Hyderabad,21.0,63,0.0,2.0
2023-01-01,Hyderabad,22.1,56,0.0,2.4
2023-01-02,Hyderabad,20.3,65,0.0,4.6
2023-01-03,Hyderabad,20.3,63,10.3,3.6
2023-01-04,Hyderabad,18.9,63,21.4,2.9
2023-01-05,Hyderabad,20.0,51,0.0,2.4
2023-01-06,Hyderabad,21.4,64,0.0,2.2
2023-01-07,Hyderabad,18.9,57,0.0,3.8
2023-01-08,Hyderabad,19.3,62,0.0,4.1
2023-01-09,Hyderabad,22.3,55,0.0,2.5
2023-01-10,Hyderabad,19.8,51,0.0,2.4
2023-01-11,Hyderabad,17.8,68,0.0,4.0
2023-01-12,Hyderabad,23.1,67,0.0,4.4
2023-01-13,Hyderabad,22.5,50,0.0,2.5
2023-01-14,Hyderabad,17.8,58,0.0,1.8
2023-01-15,Hyderabad,18.8,60,0.0,3.8
2023-01-16,Hyderabad,16.4,53,0.0,4.3
2023-01-17,Hyderabad,21.7,59,0.0,2.8
2023-01-18,Hyderabad,17.7,54,4.0,4.7
2023-01-19,Hyderabad,17.4,64,0.0,4.1
2023-01-20,Hyderabad,18.6,54,0.0,3.5
2023-01-21,Hyderabad,19.0,52,0.0,3.2
2023-01-22,Hyderabad,22.5,65,0.0,3.5
2023-01-23,Hyderabad,17.8,54,0.0,2.5
2023-01-24,Hyderabad,18.1,53,0.0,3.7
2023-01-25,Hyderabad,20.5,59,0.0,4.1
2023-01-26,Hyderabad,21.7,53,29.4,3.9
2023-01-27,Hyderabad,20.4,57,0.0,4.3
2023-01-28,Hyderabad,18.4,62,0.0,3.7
2023-01-29,Hyderabad,18.9,64,0.0,3.3
2023-01-30,Hyderabad,20.1,57,0.0,1.8
2023-01-31,Hyderabad,20.4,63,0.0,4.9
2023-02-01,Hyderabad,18.2,49,0.0,4.6
2023-02-02,Hyderabad,19.4,58,0.0,2.6
2023-02-03,Hyderabad,21.0,56,0.0,3.7
2023-02-04,Hyderabad,20.6,71,0.0,3.5
2023-02-05,Hyderabad,19.1,57,0.0,4.6
2023-02-06,Hyderabad,21.2,58,0.0,4.4
2023-02-07,Hyderabad,22.7,59,0.0,3.6
2023-02-08,Hyderabad,19.3,62,0.0,2.6
2023-02-09,Hyderabad,23.8,51,0.0,1.8
2023-02-10,Hyderabad,19.4,56,0.0,4.1
2023-02-11,Hyderabad,20.6,64,0.0,4.2
2023-02-12,Hyderabad,20.9,46,0.0,2.8
2023-02-13,Hyderabad,21.5,68,0.0,4.8
2023-02-14,Hyderabad,17.7,56,0.0,2.5
2023-02-15,Hyderabad,19.5,54,0.0,4.0
2023-02-16,Hyderabad,20.0,68,0.0,1.3
2023-02-17,Hyderabad,21.4,61,0.0,2.7
2023-02-18,Hyderabad,22.3,51,0.0,3.5
2023-02-19,Hyderabad,19.7,55,3.1,2.9
2023-02-20,Hyderabad,21.8,52,0.0,2.1
2023-02-21,Hyderabad,19.7,54,0.0,1.8
2023-02-22,Hyderabad,24.1,51,0.0,1.5
2023-02-23,Hyderabad,22.6,63,0.0,4.1
2023-02-24,Hyderabad,20.2,64,0.0,2.9
2023-02-25,Hyderabad,17.5,66,0.0,3.7
2023-02-26,Hyderabad,18.8,60,0.0,1.7
2023-02-27,Hyderabad,20.2,67,0.0,4.7
2023-02-28,Hyderabad,26.0,58,0.0,4.2
2023-03-01,Hyderabad,21.2,47,0.0,3.8
2023-03-02,Hyderabad,20.6,61,0.0,2.5
2023-03-03,Hyderabad,22.8,61,0.0,2.1
2023-03-04,Hyderabad,20.8,60,3.3,3.3
2023-03-05,Hyderabad,21.0,52,0.0,3.6
2023-03-06,Hyderabad,25.8,58,0.0,3.2
2023-03-07,Hyderabad,22.4,53,0.0,3.1
2023-03-08,Hyderabad,23.5,57,0.0,3.7
2023-03-09,Hyderabad,23.5,60,0.0,4.0
2023-03-10,Hyderabad,25.5,59,0.0,2.6
2023-03-11,Hyderabad,25.7,57,0.0,3.1
2023-03-12,Hyderabad,22.5,57,0.0,3.9
2023-03-13,Hyderabad,21.5,52,0.0,2.2
2023-03-14,Hyderabad,21.0,50,0.0,2.3
2023-03-15,Hyderabad,21.8,59,0.0,0.5
2023-03-16,Hyderabad,23.9,56,0.0,2.4
2023-03-17,Hyderabad,27.0,60,0.0,2.7
2023-03-18,Hyderabad,23.9,50,0.0,2.1
2023-03-19,Hyderabad,23.2,59,0.0,2.5
2023-03-20,Hyderabad,24.2,55,0.0,4.0
2023-03-21,Hyderabad,24.4,52,0.0,3.7
2023-03-22,Hyderabad,23.7,49,7.5,2.2
2023-03-23,Hyderabad,25.2,52,0.0,1.9
2023-03-24,Hyderabad,25.4,55,0.0,1.8
2023-03-25,Hyderabad,24.4,52,0.0,3.3
2023-03-26,Hyderabad,22.6,49,0.0,4.4
2023-03-27,Hyderabad,24.9,59,0.0,2.5
2023-03-28,Hyderabad,25.5,49,0.0,2.8
2023-03-29,Hyderabad,22.3,61,0.0,2.8
2023-03-30,Hyderabad,24.3,53,0.0,2.6
2023-03-31,Hyderabad,22.1,46,0.0,3.1
2023-04-01,Hyderabad,23.2,58,0.0,2.2
2023-04-02,Hyderabad,25.9,55,4.0,1.8
2023-04-03,Hyderabad,24.0,49,0.0,3.5
2023-04-04,Hyderabad,26.5,44,0.0,3.9
2023-04-05,Hyderabad,23.8,52,14.1,3.1
2023-04-06,Hyderabad,27.2,56,0.0,3.2
2023-04-07,Hyderabad,27.3,48,0.0,4.0
2023-04-08,Hyderabad,21.7,55,0.0,2.7
2023-04-09,Hyderabad,27.8,51,0.0,1.2
2023-04-10,Hyderabad,24.3,52,0.0,2.8
2023-04-11,Hyderabad,25.2,54,0.0,4.3
2023-04-12,Hyderabad,28.6,53,0.0,3.5
2023-04-13,Hyderabad,25.9,51,0.0,4.4
2023-04-14,Hyderabad,27.8,49,0.0,2.3
2023-04-15,Hyderabad,27.2,38,0.0,1.4
2023-04-16,Hyderabad,26.7,52,0.0,2.5
2023-04-17,Hyderabad,31.1,45,0.0,3.3
2023-04-18,Hyderabad,26.3,45,9.2,2.9
2023-04-19,Hyderabad,28.9,55,0.0,3.7
2023-04-20,Hyderabad,27.1,52,0.0,2.4
2023-04-21,Hyderabad,27.5,42,0.0,3.2
2023-04-22,Hyderabad,26.2,43,0.0,3.8
2023-04-23,Hyderabad,28.2,45,0.0,2.1
2023-04-24,Hyderabad,30.4,50,0.0,0.5
2023-04-25,Hyderabad,26.8,48,0.0,2.9
2023-04-26,Hyderabad,28.4,55,0.0,2.7
2023-04-27,Hyderabad,27.0,47,0.0,3.4
2023-04-28,Hyderabad,26.9,44,0.0,1.9
2023-04-29,Hyderabad,22.8,38,0.0,3.4
2023-04-30,Hyderabad,27.0,44,0.0,3.1
2023-05-01,Hyderabad,24.8,41,0.0,2.6
2023-05-02,Hyderabad,28.9,45,0.0,3.5
2023-05-03,Hyderabad,24.3,40,0.0,2.3
2023-05-04,Hyderabad,29.1,46,0.0,4.2
2023-05-05,Hyderabad,27.2,47,0.0,1.8
2023-05-06,Hyderabad,31.2,45,0.0,2.5
2023-05-07,Hyderabad,28.5,42,0.0,2.3
2023-05-08,Hyderabad,29.5,42,0.0,3.6
2023-05-09,Hyderabad,28.3,48,0.0,2.9
2023-05-10,Hyderabad,30.3,50,0.0,2.4
2023-05-11,Hyderabad,27.2,42,0.0,1.0
2023-05-12,Hyderabad,26.7,45,2.2,3.7
2023-05-13,Hyderabad,31.5,51,0.0,2.4
2023-05-14,Hyderabad,30.2,39,0.0,1.8
2023-05-15,Hyderabad,27.6,46,0.0,3.0
2023-05-16,Hyderabad,28.4,46,0.0,2.1
2023-05-17,Hyderabad,27.7,52,0.0,2.3
2023-05-18,Hyderabad,31.0,42,0.0,4.2
2023-05-19,Hyderabad,28.5,46,0.0,3.1
2023-05-20,Hyderabad,26.5,44,0.0,4.1
2023-05-21,Hyderabad,30.4,43,0.0,3.3
2023-05-22,Hyderabad,30.0,48,0.0,2.7
2023-05-23,Hyderabad,28.2,41,0.0,3.7
2023-05-24,Hyderabad,29.5,45,7.2,1.2
2023-05-25,Hyderabad,30.0,51,0.0,3.7
2023-05-26,Hyderabad,28.3,42,0.0,4.4
2023-05-27,Hyderabad,28.8,46,0.0,2.9
2023-05-28,Hyderabad,32.7,40,0.0,1.9
2023-05-29,Hyderabad,28.4,43,0.0,2.5
2023-05-30,Hyderabad,30.7,44,0.0,3.7
2023-05-31,Hyderabad,30.4,46,0.0,4.2
2023-06-01,Hyderabad,35.3,40,0.0,4.7
2023-06-02,Hyderabad,29.3,40,3.4,4.9
2023-06-03,Hyderabad,29.7,49,0.0,4.5
2023-06-04,Hyderabad,30.7,49,0.0,5.9
2023-06-05,Hyderabad,30.1,42,10.1,4.3
2023-06-06,Hyderabad,31.0,36,5.7,3.1
2023-06-07,Hyderabad,30.2,47,0.0,4.3
2023-06-08,Hyderabad,29.9,48,0.0,4.5
2023-06-09,Hyderabad,28.9,40,0.0,4.0
2023-06-10,Hyderabad,33.1,41,13.8,6.3
2023-06-11,Hyderabad,30.8,29,0.0,4.4
2023-06-12,Hyderabad,32.2,46,0.0,4.6
2023-06-13,Hyderabad,31.5,40,26.1,4.2
2023-06-14,Hyderabad,28.8,42,0.0,5.0
2023-06-15,Hyderabad,33.2,49,0.0,5.2
2023-06-16,Hyderabad,34.0,47,0.0,5.0
2023-06-17,Hyderabad,29.5,39,7.3,6.0
2023-06-18,Hyderabad,29.9,45,0.0,5.1
2023-06-19,Hyderabad,29.2,39,5.6,6.1
2023-06-20,Hyderabad,33.3,40,9.5,5.8
2023-06-21,Hyderabad,31.7,35,4.3,5.0
2023-06-22,Hyderabad,28.6,30,13.6,6.6
2023-06-23,Hyderabad,31.0,35,11.5,6.3
2023-06-24,Hyderabad,29.0,41,6.9,4.1
2023-06-25,Hyderabad,35.2,39,2.9,3.1
2023-06-26,Hyderabad,31.0,39,0.0,5.2
2023-06-27,Hyderabad,25.5,34,3.8,5.1
2023-06-28,Hyderabad,29.9,43,0.0,3.6
2023-06-29,Hyderabad,35.3,38,0.0,4.8
2023-06-30,Hyderabad,31.8,37,6.6,5.4
2023-07-01,Hyderabad,30.8,52,9.3,6.0
2023-07-02,Hyderabad,29.9,45,0.0,3.7
2023-07-03,Hyderabad,30.6,50,9.4,5.0
2023-07-04,Hyderabad,33.7,30,5.3,4.8
2023-07-05,Hyderabad,35.2,39,1.0,5.6
2023-07-06,Hyderabad,33.3,35,0.0,4.1
2023-07-07,Hyderabad,32.2,46,0.0,4.0
2023-07-08,Hyderabad,30.0,42,9.6,5.4
2023-07-09,Hyderabad,29.7,52,0.0,5.5
2023-07-10,Hyderabad,35.8,36,11.5,6.2
2023-07-11,Hyderabad,29.6,41,0.0,6.0
2023-07-12,Hyderabad,32.9,50,0.0,5.9
2023-07-13,Hyderabad,31.0,45,0.0,5.1
2023-07-14,Hyderabad,28.6,43,0.0,5.0
2023-07-15,Hyderabad,30.2,47,0.0,3.4
2023-07-16,Hyderabad,28.6,44,5.7,5.6
2023-07-17,Hyderabad,27.6,41,6.4,5.1
2023-07-18,Hyderabad,31.4,43,3.0,5.0
2023-07-19,Hyderabad,35.9,37,34.3,4.8
2023-07-20,Hyderabad,31.4,42,0.0,4.7
2023-07-21,Hyderabad,33.8,43,2.5,5.2
2023-07-22,Hyderabad,30.2,39,15.7,7.9
2023-07-23,Hyderabad,30.3,42,0.0,4.2
2023-07-24,Hyderabad,30.8,40,0.0,3.7
2023-07-25,Hyderabad,29.4,35,0.0,5.5
2023-07-26,Hyderabad,32.6,47,0.0,4.5
2023-07-27,Hyderabad,36.4,47,0.0,5.3
2023-07-28,Hyderabad,32.5,37,0.0,5.3
2023-07-29,Hyderabad,30.6,45,0.0,5.1
2023-07-30,Hyderabad,35.0,40,0.0,4.1
2023-07-31,Hyderabad,31.8,36,0.0,5.0
2023-08-01,Hyderabad,35.1,47,0.0,4.4
2023-08-02,Hyderabad,32.6,39,0.0,4.5
2023-08-03,Hyderabad,30.6,35,45.6,5.0
2023-08-04,Hyderabad,30.9,34,0.0,5.6
2023-08-05,Hyderabad,31.3,45,0.0,3.5
2023-08-06,Hyderabad,35.0,41,0.0,4.3
2023-08-07,Hyderabad,29.9,34,46.7,3.7
2023-08-08,Hyderabad,29.6,43,0.0,5.7
2023-08-09,Hyderabad,31.5,50,0.0,4.9
2023-08-10,Hyderabad,33.0,42,0.0,5.2
2023-08-11,Hyderabad,33.6,41,0.0,3.6
2023-08-12,Hyderabad,29.8,48,0.0,5.7
2023-08-13,Hyderabad,30.6,45,0.0,5.1
2023-08-14,Hyderabad,32.6,43,2.2,5.0
2023-08-15,Hyderabad,31.4,39,16.4,3.4
2023-08-16,Hyderabad,31.6,44,0.0,4.4
2023-08-17,Hyderabad,31.3,44,0.0,5.0
2023-08-18,Hyderabad,32.4,40,4.8,4.5
2023-08-19,Hyderabad,31.2,46,6.4,4.8
2023-08-20,Hyderabad,33.6,45,7.7,5.4
2023-08-21,Hyderabad,30.9,35,0.0,5.3
2023-08-22,Hyderabad,30.9,41,0.0,6.7
2023-08-23,Hyderabad,29.4,49,0.0,3.5
2023-08-24,Hyderabad,28.8,34,0.0,5.5
2023-08-25,Hyderabad,32.1,44,6.4,5.0
2023-08-26,Hyderabad,27.5,44,0.0,5.3
2023-08-27,Hyderabad,28.7,29,5.4,5.8
2023-08-28,Hyderabad,28.9,42,0.0,5.8
2023-08-29,Hyderabad,29.4,46,5.5,5.5
2023-08-30,Hyderabad,29.6,39,0.0,6.0
2023-08-31,Hyderabad,30.4,44,6.8,3.4
2023-09-01,Hyderabad,27.8,46,0.0,5.7
2023-09-02,Hyderabad,27.5,44,8.5,4.8
2023-09-03,Hyderabad,32.0,44,9.5,5.4
2023-09-04,Hyderabad,27.7,40,3.2,5.6
2023-09-05,Hyderabad,26.8,42,11.3,5.2
2023-09-06,Hyderabad,29.7,46,0.0,5.2
2023-09-07,Hyderabad,29.1,45,0.0,5.9
2023-09-08,Hyderabad,27.4,46,0.0,5.0
2023-09-09,Hyderabad,29.4,46,0.0,6.0
2023-09-10,Hyderabad,31.7,50,15.9,3.7
2023-09-11,Hyderabad,27.6,46,5.3,5.8
2023-09-12,Hyderabad,30.7,37,0.0,6.4
2023-09-13,Hyderabad,31.8,38,21.0,3.8
2023-09-14,Hyderabad,27.5,47,0.0,5.2
2023-09-15,Hyderabad,29.8,49,0.0,4.4
2023-09-16,Hyderabad,28.2,46,6.3,5.6
2023-09-17,Hyderabad,24.1,40,8.4,5.3
2023-09-18,Hyderabad,33.3,50,0.0,6.0
2023-09-19,Hyderabad,25.3,43,0.0,4.2
2023-09-20,Hyderabad,23.8,40,0.0,6.1
2023-09-21,Hyderabad,23.9,44,11.0,3.8
2023-09-22,Hyderabad,26.2,52,4.1,5.0
2023-09-23,Hyderabad,28.4,45,0.0,3.3
2023-09-24,Hyderabad,27.5,38,0.0,4.0
2023-09-25,Hyderabad,25.0,44,5.6,4.0
2023-09-26,Hyderabad,26.0,46,0.0,3.9
2023-09-27,Hyderabad,28.7,47,0.0,3.4
2023-09-28,Hyderabad,26.2,51,0.0,2.8
2023-09-29,Hyderabad,25.9,50,0.0,2.5
2023-09-30,Hyderabad,27.2,48,0.0,3.5
2023-10-01,Hyderabad,24.1,55,0.0,3.7
2023-10-02,Hyderabad,24.4,45,0.0,2.6
2023-10-03,Hyderabad,25.6,54,0.0,2.8
2023-10-04,Hyderabad,24.5,41,0.0,3.3
2023-10-05,Hyderabad,29.3,42,0.0,3.3
2023-10-06,Hyderabad,27.8,50,0.0,4.0
2023-10-07,Hyderabad,25.2,49,0.0,2.9
2023-10-08,Hyderabad,27.7,44,0.0,1.8
2023-10-09,Hyderabad,28.2,40,0.0,3.2
2023-10-10,Hyderabad,27.8,42,0.0,2.9
2023-10-11,Hyderabad,26.0,40,0.0,2.8
2023-10-12,Hyderabad,22.5,50,0.0,2.7
2023-10-13,Hyderabad,27.8,54,0.0,4.0
2023-10-14,Hyderabad,24.6,48,0.0,2.7
2023-10-15,Hyderabad,26.5,41,0.0,2.2
2023-10-16,Hyderabad,22.3,51,9.1,3.2
2023-10-17,Hyderabad,22.9,43,7.8,3.4
2023-10-18,Hyderabad,26.9,55,0.0,3.8
2023-10-19,Hyderabad,25.9,53,0.0,3.3
2023-10-20,Hyderabad,25.3,47,0.0,5.6
2023-10-21,Hyderabad,22.8,49,0.0,4.4
2023-10-22,Hyderabad,27.0,44,0.0,3.8
2023-10-23,Hyderabad,23.8,60,0.0,2.1
2023-10-24,Hyderabad,23.2,50,0.0,2.1
2023-10-25,Hyderabad,27.4,57,0.0,2.8
2023-10-26,Hyderabad,27.2,50,0.0,3.0
2023-10-27,Hyderabad,20.7,56,0.0,1.8
2023-10-28,Hyderabad,25.8,47,0.0,2.8
2023-10-29,Hyderabad,23.6,52,0.0,3.6
2023-10-30,Hyderabad,23.1,49,0.0,2.7
2023-10-31,Hyderabad,22.0,51,0.0,1.0
2023-11-01,Hyderabad,22.7,56,0.0,2.6
2023-11-02,Hyderabad,23.2,54,0.0,3.1
2023-11-03,Hyderabad,29.1,54,0.0,2.8
2023-11-04,Hyderabad,22.8,60,0.0,1.5
2023-11-05,Hyderabad,21.5,49,0.0,3.0
2023-11-06,Hyderabad,27.0,56,0.0,3.7
2023-11-07,Hyderabad,26.3,51,21.9,4.2
2023-11-08,Hyderabad,22.8,63,0.0,3.5
2023-11-09,Hyderabad,21.2,58,0.0,1.7
2023-11-10,Hyderabad,21.0,54,0.0,3.7
2023-11-11,Hyderabad,23.6,59,0.0,1.9
2023-11-12,Hyderabad,24.7,58,0.0,1.7
2023-11-13,Hyderabad,24.6,56,0.0,3.8
2023-11-14,Hyderabad,25.8,58,0.0,2.5
2023-11-15,Hyderabad,22.2,59,0.0,4.7
2023-11-16,Hyderabad,20.1,59,0.0,1.6
2023-11-17,Hyderabad,17.7,54,3.3,3.2
2023-11-18,Hyderabad,18.6,49,0.0,1.7
2023-11-19,Hyderabad,19.5,48,0.0,2.4
2023-11-20,Hyderabad,23.1,62,0.0,3.1
2023-11-21,Hyderabad,20.7,52,0.0,2.8
2023-11-22,Hyderabad,19.1,60,0.0,1.6
2023-11-23,Hyderabad,23.4,56,0.0,1.0
2023-11-24,Hyderabad,20.4,60,0.0,1.4
2023-11-25,Hyderabad,19.5,60,0.0,3.8
2023-11-26,Hyderabad,21.1,64,0.0,4.3
2023-11-27,Hyderabad,26.0,59,0.0,3.3
2023-11-28,Hyderabad,23.1,56,0.0,0.9
2023-11-29,Hyderabad,22.2,50,0.0,2.2
2023-11-30,Hyderabad,22.3,65,0.0,4.9
2023-12-01,Hyderabad,19.7,57,0.0,5.0
2023-12-02,Hyderabad,20.0,64,0.0,5.5
2023-12-03,Hyderabad,17.3,59,0.0,3.6
2023-12-04,Hyderabad,18.0,58,0.0,4.1
2023-12-05,Hyderabad,22.3,59,0.0,4.4
2023-12-06,Hyderabad,21.4,53,0.0,2.4
2023-12-07,Hyderabad,21.3,59,0.0,3.0
2023-12-08,Hyderabad,21.6,55,0.0,3.4
2023-12-09,Hyderabad,18.4,55,0.0,2.5
2023-12-10,Hyderabad,22.7,67,0.0,3.5
2023-12-11,Hyderabad,17.5,53,0.0,2.2
2023-12-12,Hyderabad,18.3,56,0.0,2.7
2023-12-13,Hyderabad,20.5,58,0.0,1.6
2023-12-14,Hyderabad,20.9,62,0.0,3.3
2023-12-15,Hyderabad,19.9,57,6.6,2.5
2023-12-16,Hyderabad,20.3,54,0.0,2.5
2023-12-17,Hyderabad,17.3,61,0.0,3.8
2023-12-18,Hyderabad,16.6,58,11.0,4.4
2023-12-19,Hyderabad,20.5,56,0.0,2.1
2023-12-20,Hyderabad,22.2,53,0.0,2.2
2023-12-21,Hyderabad,16.8,61,0.0,5.2
2023-12-22,Hyderabad,20.1,53,0.0,3.0
2023-12-23,Hyderabad,17.7,55,0.0,2.5
2023-12-24,Hyderabad,18.3,57,0.0,2.3
2023-12-25,Hyderabad,21.6,59,0.0,3.5
2023-12-26,Hyderabad,28.5,63,0.0,3.0
2023-12-27,Hyderabad,20.7,57,0.0,4.0
2023-12-28,Hyderabad,21.5,62,0.9,4.4
2023-12-29,Hyderabad,19.0,49,0.0,1.3
2023-12-30,Hyderabad,27.0,56,0.0,2.4
2023-12-31,Hyderabad,20.7,57,2.7,4.2
2024-01-01,Hyderabad,23.4,63,0.0,2.7
2019-01-01,Chennai,25.7,74,0.0,3.2
2019-01-02,Chennai,24.4,73,0.0,3.0
2019-01-03,Chennai,23.9,83,0.0,4.5
2019-01-04,Chennai,23.6,80,0.0,3.3
2019-01-05,Chennai,27.1,83,0.0,4.2
2019-01-06,Chennai,28.2,81,0.0,4.4
2019-01-07,Chennai,27.2,86,0.0,2.6
2019-01-08,Chennai,24.7,85,13.2,3.2
2019-01-09,Chennai,28.5,73,3.3,2.6
2019-01-10,Chennai,27.5,76,0.0,4.0
2019-01-11,Chennai,24.1,81,0.0,3.3
2019-01-12,Chennai,26.6,85,0.0,3.1
2019-01-13,Chennai,24.8,74,0.0,1.8
2019-01-14,Chennai,26.8,89,0.0,2.7
2019-01-15,Chennai,27.5,85,0.0,2.1
2019-01-16,Chennai,26.6,70,0.0,3.5
2019-01-17,Chennai,24.7,77,0.0,2.9
2019-01-18,Chennai,23.7,76,0.0,1.2
2019-01-19,Chennai,26.0,82,0.0,2.8
2019-01-20,Chennai,23.6,82,0.0,3.0
2019-01-21,Chennai,23.2,83,0.0,4.2
2019-01-22,Chennai,26.0,73,0.0,3.6
2019-01-23,Chennai,21.9,76,0.0,2.7
2019-01-24,Chennai,25.3,76,0.0,3.5
2019-01-25,Chennai,22.2,88,11.7,3.8
2019-01-26,Chennai,25.1,79,0.0,2.0
2019-01-27,Chennai,25.2,84,0.0,2.4
2019-01-28,Chennai,27.6,80,0.0,3.2
2019-01-29,Chennai,22.5,79,0.0,2.1
2019-01-30,Chennai,23.6,79,0.0,4.0
2019-01-31,Chennai,24.0,85,0.0,2.9
2019-02-01,Chennai,25.5,80,3.1,1.5
2019-02-02,Chennai,26.4,78,12.7,2.9
2019-02-03,Chennai,23.6,88,0.0,2.2
2019-02-04,Chennai,29.4,77,0.0,3.8
2019-02-05,Chennai,25.6,79,0.0,3.0
2019-02-06,Chennai,25.2,76,0.0,2.7
2019-02-07,Chennai,23.4,72,0.0,2.6
2019-02-08,Chennai,27.2,82,0.0,2.6
2019-02-09,Chennai,24.6,74,0.0,3.1
2019-02-10,Chennai,25.0,87,0.0,3.9
2019-02-11,Chennai,29.3,68,0.0,2.6
2019-02-12,Chennai,27.0,76,0.0,2.5
2019-02-13,Chennai,25.7,80,0.0,2.5
2019-02-14,Chennai,25.9,74,0.0,2.1
2019-02-15,Chennai,21.9,79,0.0,3.1
2019-02-16,Chennai,24.6,74,0.0,2.1
2019-02-17,Chennai,25.7,80,0.0,3.8
2019-02-18,Chennai,26.5,76,0.0,2.2
2019-02-19,Chennai,31.3,79,0.0,2.4
2019-02-20,Chennai,25.5,82,9.7,4.6
2019-02-21,Chennai,27.3,75,0.0,2.2
2019-02-22,Chennai,24.6,75,0.0,3.4
2019-02-23,Chennai,22.8,80,0.0,3.9
2019-02-24,Chennai,24.5,74,0.0,5.7
2019-02-25,Chennai,29.4,77,0.0,4.4
2019-02-26,Chennai,29.5,82,0.0,2.7
2019-02-27,Chennai,23.8,75,0.0,2.3
2019-02-28,Chennai,26.4,74,0.0,3.3
2019-03-01,Chennai,24.9,79,0.0,3.3
2019-03-02,Chennai,28.5,62,0.0,2.6
2019-03-03,Chennai,26.1,71,0.0,2.7
2019-03-04,Chennai,27.0,80,0.0,2.7
2019-03-05,Chennai,27.2,75,0.0,3.4
2019-03-06,Chennai,23.7,80,0.0,1.8
2019-03-07,Chennai,26.6,76,0.0,3.9
2019-03-08,Chennai,26.0,67,0.0,4.0
2019-03-09,Chennai,28.7,73,0.0,3.8
2019-03-10,Chennai,28.5,78,0.0,4.2
2019-03-11,Chennai,26.6,76,0.0,3.5
2019-03-12,Chennai,27.2,77,0.0,2.4
2019-03-13,Chennai,29.3,78,0.0,3.1
2019-03-14,Chennai,24.3,69,0.0,4.0
2019-03-15,Chennai,30.4,77,0.0,4.1
2019-03-16,Chennai,28.0,69,0.0,2.3
2019-03-17,Chennai,27.7,77,0.0,4.2
2019-03-18,Chennai,28.4,73,0.0,4.6
2019-03-19,Chennai,26.1,71,0.0,3.4
2019-03-20,Chennai,28.7,71,0.0,3.7
2019-03-21,Chennai,31.4,73,0.0,4.6
2019-03-22,Chennai,25.0,70,0.0,2.2
2019-03-23,Chennai,27.0,75,0.0,2.2
2019-03-24,Chennai,29.6,76,0.0,3.1
2019-03-25,Chennai,31.3,72,0.0,6.5
2019-03-26,Chennai,28.9,74,0.0,2.5
2019-03-27,Chennai,30.1,75,0.0,3.6
2019-03-28,Chennai,24.9,69,0.0,2.2
2019-03-29,Chennai,27.8,66,0.0,3.6
2019-03-30,Chennai,26.7,70,0.0,3.7
2019-03-31,Chennai,29.9,70,0.0,1.9
2019-04-01,Chennai,29.3,70,0.0,4.0
2019-04-02,Chennai,28.8,72,0.0,2.7
2019-04-03,Chennai,28.3,78,0.0,3.6
2019-04-04,Chennai,29.7,69,0.0,2.9
2019-04-05,Chennai,29.2,66,0.0,1.5
2019-04-06,Chennai,30.3,64,0.0,1.6
2019-04-07,Chennai,30.4,69,0.0,1.3
2019-04-08,Chennai,29.9,62,0.0,3.7
2019-04-09,Chennai,31.8,69,0.0,1.9
2019-04-10,Chennai,28.5,60,0.0,3.5
2019-04-11,Chennai,31.0,71,0.0,2.1
2019-04-12,Chennai,31.7,65,0.0,2.8
2019-04-13,Chennai,29.3,76,0.0,3.0
2019-04-14,Chennai,29.8,73,0.0,2.2
2019-04-15,Chennai,28.4,65,0.0,3.9
2019-04-16,Chennai,29.2,73,0.0,4.2
2019-04-17,Chennai,29.6,73,0.0,4.6
2019-04-18,Chennai,25.5,72,0.0,4.7
2019-04-19,Chennai,27.6,65,5.7,3.8
2019-04-20,Chennai,26.7,70,0.0,1.9
2019-04-21,Chennai,31.3,69,0.0,4.0
2019-04-22,Chennai,27.5,79,0.0,2.0
2019-04-23,Chennai,26.2,72,0.0,3.9
2019-04-24,Chennai,31.0,70,0.0,3.7
2019-04-25,Chennai,27.2,75,8.8,1.7
2019-04-26,Chennai,29.5,65,12.7,2.0
2019-04-27,Chennai,27.5,74,0.0,0.5
2019-04-28,Chennai,28.1,66,0.0,2.3
2019-04-29,Chennai,28.5,60,0.0,3.2
2019-04-30,Chennai,29.2,70,0.0,5.0
2019-05-01,Chennai,26.1,68,0.0,2.5
2019-05-02,Chennai,35.7,70,0.0,1.5
2019-05-03,Chennai,29.4,69,0.0,1.9
2019-05-04,Chennai,30.8,69,0.0,5.5
2019-05-05,Chennai,31.9,64,0.0,3.7
2019-05-06,Chennai,31.3,58,0.0,4.2
2019-05-07,Chennai,30.6,70,0.0,2.8
2019-05-08,Chennai,29.2,62,0.0,4.2
2019-05-09,Chennai,32.6,63,0.0,1.8
2019-05-10,Chennai,31.9,60,0.0,2.7
2019-05-11,Chennai,31.3,58,0.0,0.5
2019-05-12,Chennai,32.6,62,0.0,3.2
2019-05-13,Chennai,33.5,67,0.0,1.7
2019-05-14,Chennai,29.5,68,0.0,3.9
2019-05-15,Chennai,32.1,66,0.0,5.4
2019-05-16,Chennai,33.7,66,0.0,0.9
2019-05-17,Chennai,32.7,60,0.0,3.0
2019-05-18,Chennai,30.2,56,0.0,3.0
2019-05-19,Chennai,32.5,69,0.0,2.1
2019-05-20,Chennai,30.2,64,0.0,1.6
2019-05-21,Chennai,29.2,65,0.0,2.1
2019-05-22,Chennai,30.0,60,0.0,4.0
2019-05-23,Chennai,28.5,59,0.0,3.0
2019-05-24,Chennai,30.3,54,0.0,3.8
2019-05-25,Chennai,30.7,59,0.0,2.9
2019-05-26,Chennai,29.1,61,0.0,4.0
2019-05-27,Chennai,29.6,59,0.0,1.2
2019-05-28,Chennai,35.2,61,0.0,3.7
2019-05-29,Chennai,34.8,63,0.0,2.3
2019-05-30,Chennai,31.9,63,0.0,2.0
2019-05-31,Chennai,33.4,66,19.7,5.3
2019-06-01,Chennai,29.2,50,5.2,5.1
2019-06-02,Chennai,33.6,55,0.0,7.4
2019-06-03,Chennai,32.6,55,0.0,5.4
2019-06-04,Chennai,34.8,63,18.5,5.0
2019-06-05,Chennai,32.5,69,0.0,6.2
2019-06-06,Chennai,31.9,71,14.3,4.2
2019-06-07,Chennai,28.7,57,1.6,6.1
2019-06-08,Chennai,30.0,52,13.2,6.1
2019-06-09,Chennai,34.8,58,15.9,4.0
2019-06-10,Chennai,33.5,56,15.8,5.2
2019-06-11,Chennai,31.3,65,14.6,5.7
2019-06-12,Chennai,33.5,56,9.7,4.8
2019-06-13,Chennai,32.2,68,0.0,5.2
2019-06-14,Chennai,31.1,65,12.0,5.3
2019-06-15,Chennai,32.3,62,0.0,4.0
2019-06-16,Chennai,28.3,59,4.1,5.9
2019-06-17,Chennai,31.3,59,0.0,4.7
2019-06-18,Chennai,34.0,53,7.7,5.6
2019-06-19,Chennai,34.8,59,1.6,4.2
2019-06-20,Chennai,32.1,71,1.6,4.1
2019-06-21,Chennai,29.2,52,16.6,4.8
2019-06-22,Chennai,31.9,65,18.6,5.9
2019-06-23,Chennai,34.3,64,9.7,5.3
2019-06-24,Chennai,32.8,49,6.1,6.5
2019-06-25,Chennai,28.7,58,14.3,5.1
2019-06-26,Chennai,35.2,63,6.9,3.3
2019-06-27,Chennai,35.0,52,12.8,4.7
2019-06-28,Chennai,31.3,61,2.5,6.1
2019-06-29,Chennai,33.0,63,0.0,3.8
2019-06-30,Chennai,31.4,64,3.6,3.8
2019-07-01,Chennai,36.1,52,0.0,5.5
2019-07-02,Chennai,32.7,60,3.4,4.9
2019-07-03,Chennai,34.8,56,5.6,5.5
2019-07-04,Chennai,34.1,51,24.7,4.7
2019-07-05,Chennai,35.8,63,6.3,5.0
2019-07-06,Chennai,33.6,58,6.1,5.7
2019-07-07,Chennai,34.0,57,11.3,3.3
2019-07-08,Chennai,31.4,62,9.1,4.8
2019-07-09,Chennai,35.7,62,0.0,6.1
2019-07-10,Chennai,34.7,58,3.0,3.5
2019-07-11,Chennai,34.6,57,4.4,3.5
2019-07-12,Chennai,34.2,63,4.2,4.4
2019-07-13,Chennai,34.5,62,12.6,5.2
2019-07-14,Chennai,34.8,64,0.0,5.9
2019-07-15,Chennai,32.4,56,2.7,6.4
2019-07-16,Chennai,32.6,63,7.4,4.7
2019-07-17,Chennai,32.0,58,0.0,5.6
2019-07-18,Chennai,33.0,64,2.2,4.3
2019-07-19,Chennai,32.3,60,15.8,5.8
2019-07-20,Chennai,33.9,57,8.5,3.9
2019-07-21,Chennai,32.2,60,10.6,4.6
2019-07-22,Chennai,35.3,55,22.7,5.6
2019-07-23,Chennai,35.5,67,14.0,3.0
2019-07-24,Chennai,31.9,59,16.0,4.4
2019-07-25,Chennai,33.9,65,2.3,5.7
2019-07-26,Chennai,30.7,58,4.0,4.2
2019-07-27,Chennai,29.8,54,3.1,4.8
2019-07-28,Chennai,34.1,60,13.5,5.7
2019-07-29,Chennai,36.0,65,1.3,2.7
2019-07-30,Chennai,34.7,59,13.6,4.8
2019-07-31,Chennai,32.3,63,7.8,5.4
2019-08-01,Chennai,28.4,61,38.7,5.3
2019-08-02,Chennai,32.7,68,0.0,4.3
2019-08-03,Chennai,32.8,54,14.1,4.7
2019-08-04,Chennai,29.3,61,5.3,5.8
2019-08-05,Chennai,35.6,68,0.0,4.7
2019-08-06,Chennai,33.6,65,9.8,5.2
2019-08-07,Chennai,34.0,64,6.7,4.6
2019-08-08,Chennai,29.0,68,8.3,4.6
2019-08-09,Chennai,35.0,60,0.3,4.5
2019-08-10,Chennai,31.4,65,3.5,6.1
2019-08-11,Chennai,31.3,53,4.7,4.9
2019-08-12,Chennai,33.2,67,17.2,8.1
2019-08-13,Chennai,32.8,59,24.7,7.5
2019-08-14,Chennai,30.1,56,8.7,3.0
2019-08-15,Chennai,30.4,64,0.0,5.2
2019-08-16,Chennai,33.9,61,39.3,4.4
2019-08-17,Chennai,29.0,68,0.0,5.4
2019-08-18,Chennai,30.5,70,8.3,6.1
2019-08-19,Chennai,34.8,58,0.0,5.4
2019-08-20,Chennai,30.4,53,7.0,6.0
2019-08-21,Chennai,29.9,64,21.9,4.8
2019-08-22,Chennai,34.7,66,8.1,5.6
2019-08-23,Chennai,31.6,61,2.3,5.4
2019-08-24,Chennai,31.8,56,0.0,4.4
2019-08-25,Chennai,27.4,64,0.0,4.3
2019-08-26,Chennai,34.0,64,8.1,6.8
2019-08-27,Chennai,32.8,64,0.0,7.1
2019-08-28,Chennai,33.2,60,8.6,5.9
2019-08-29,Chennai,33.8,56,16.1,4.0
2019-08-30,Chennai,32.3,62,19.7,3.5
2019-08-31,Chennai,30.4,60,8.0,5.3
2019-09-01,Chennai,32.5,66,15.5,2.4
2019-09-02,Chennai,28.1,60,6.5,6.1
2019-09-03,Chennai,31.5,61,9.0,6.0
2019-09-04,Chennai,32.7,60,4.7,6.1
2019-09-05,Chennai,32.9,61,5.0,6.4
2019-09-06,Chennai,31.1,60,4.6,3.2
2019-09-07,Chennai,32.2,66,17.8,6.3
2019-09-08,Chennai,32.5,58,10.6,4.2
2019-09-09,Chennai,31.0,66,3.7,2.0
2019-09-10,Chennai,32.6,65,0.0,5.7
2019-09-11,Chennai,31.9,58,4.6,5.0
2019-09-12,Chennai,28.1,68,0.0,6.3
2019-09-13,Chennai,30.3,59,15.6,4.1
2019-09-14,Chennai,30.1,66,5.5,4.7
2019-09-15,Chennai,30.6,65,0.0,5.3
2019-09-16,Chennai,34.1,53,17.6,4.3
2019-09-17,Chennai,31.5,60,8.0,5.5
2019-09-18,Chennai,31.8,64,7.3,4.5
2019-09-19,Chennai,27.9,69,7.7,5.2
2019-09-20,Chennai,28.8,70,0.0,5.1
2019-09-21,Chennai,29.0,69,11.4,4.8
2019-09-22,Chennai,28.0,69,0.0,3.4
2019-09-23,Chennai,30.8,72,17.7,5.4
2019-09-24,Chennai,31.1,73,7.3,6.5
2019-09-25,Chennai,33.8,72,5.4,4.1
2019-09-26,Chennai,34.7,63,8.5,5.2
2019-09-27,Chennai,29.8,65,0.0,1.4
2019-09-28,Chennai,32.3,65,0.0,3.2
2019-09-29,Chennai,30.6,68,0.0,3.4
2019-09-30,Chennai,31.0,61,0.0,2.2
2019-10-01,Chennai,28.1,65,0.0,2.8
2019-10-02,Chennai,28.5,69,0.0,1.6
2019-10-03,Chennai,25.7,65,0.0,2.4
2019-10-04,Chennai,30.1,75,0.0,4.2
2019-10-05,Chennai,31.0,72,0.0,2.9
2019-10-06,Chennai,31.4,74,0.0,3.1
2019-10-07,Chennai,30.7,72,0.0,2.1
2019-10-08,Chennai,29.3,70,0.0,1.9
2019-10-09,Chennai,25.1,65,0.0,3.9
2019-10-10,Chennai,28.0,62,0.0,1.7
2019-10-11,Chennai,29.9,75,0.0,2.6
2019-10-12,Chennai,29.9,71,0.0,2.7
2019-10-13,Chennai,27.7,76,0.0,2.9
2019-10-14,Chennai,32.7,72,0.0,3.8
2019-10-15,Chennai,30.7,73,0.0,3.7
2019-10-16,Chennai,31.6,83,0.0,1.9
2019-10-17,Chennai,28.6,68,0.0,3.1
2019-10-18,Chennai,29.3,69,0.0,4.5
2019-10-19,Chennai,26.7,68,0.0,1.7
2019-10-20,Chennai,28.0,73,0.0,2.6
2019-10-21,Chennai,28.0,69,0.0,2.7
2019-10-22,Chennai,25.8,81,0.0,2.2
2019-10-23,Chennai,31.0,72,0.0,2.3
2019-10-24,Chennai,27.3,73,0.0,3.8
2019-10-25,Chennai,31.1,72,0.0,2.8
2019-10-26,Chennai,27.7,68,0.0,1.0
2019-10-27,Chennai,28.9,68,1.9,3.4
2019-10-28,Chennai,25.6,74,0.0,4.1
2019-10-29,Chennai,26.4,76,0.0,2.2
2019-10-30,Chennai,32.6,78,4.8,2.3
2019-10-31,Chennai,28.2,71,0.0,2.9
2019-11-01,Chennai,25.3,73,3.8,3.6
2019-11-02,Chennai,25.2,73,0.0,2.7
2019-11-03,Chennai,30.0,74,0.0,4.0
2019-11-04,Chennai,30.0,74,0.0,2.3
2019-11-05,Chennai,23.1,67,0.0,3.2
2019-11-06,Chennai,25.3,70,0.0,4.3
2019-11-07,Chennai,29.4,72,0.0,3.6
2019-11-08,Chennai,29.8,61,0.0,3.3
2019-11-09,Chennai,29.6,69,4.9,4.5
2019-11-10,Chennai,26.5,70,0.0,2.3
2019-11-11,Chennai,23.6,73,0.0,4.6
2019-11-12,Chennai,26.6,77,0.0,3.8
2019-11-13,Chennai,26.2,79,0.0,3.5
2019-11-14,Chennai,29.6,79,0.0,3.1
2019-11-15,Chennai,27.0,73,0.0,2.3
2019-11-16,Chennai,30.3,68,0.0,1.9
2019-11-17,Chennai,28.0,74,0.0,2.6
2019-11-18,Chennai,26.4,80,0.0,2.4
2019-11-19,Chennai,29.3,77,0.0,1.8
2019-11-20,Chennai,26.2,80,0.0,1.4
2019-11-21,Chennai,27.3,87,0.0,3.7
2019-11-22,Chennai,27.4,80,0.0,4.4
2019-11-23,Chennai,30.8,79,12.2,3.5
2019-11-24,Chennai,22.4,75,2.9,3.7
2019-11-25,Chennai,27.7,72,0.0,1.9
2019-11-26,Chennai,25.7,75,0.0,2.7
2019-11-27,Chennai,27.2,85,0.0,2.4
2019-11-28,Chennai,25.5,78,0.0,2.8
2019-11-29,Chennai,28.1,68,0.0,2.9
2019-11-30,Chennai,26.2,73,0.0,3.5
2019-12-01,Chennai,26.1,80,0.0,4.0
2019-12-02,Chennai,25.9,81,0.0,4.3
2019-12-03,Chennai,24.8,76,0.4,4.5
2019-12-04,Chennai,29.7,84,0.0,0.8
2019-12-05,Chennai,24.4,82,0.0,3.4
2019-12-06,Chennai,29.8,76,0.0,2.4
2019-12-07,Chennai,26.2,66,0.0,2.5
2019-12-08,Chennai,24.9,87,0.0,1.3
2019-12-09,Chennai,29.8,69,0.0,2.4
2019-12-10,Chennai,24.4,76,0.0,3.6
2019-12-11,Chennai,24.6,78,0.0,2.0
2019-12-12,Chennai,19.7,78,0.0,2.9
2019-12-13,Chennai,26.6,71,15.3,2.4
2019-12-14,Chennai,25.8,78,0.0,2.5
2019-12-15,Chennai,26.0,84,24.9,2.7
2019-12-16,Chennai,27.9,81,0.0,5.4
2019-12-17,Chennai,25.8,86,0.0,4.9
2019-12-18,Chennai,29.0,80,0.0,2.0
2019-12-19,Chennai,23.5,80,0.0,2.9
2019-12-20,Chennai,24.4,68,0.0,3.6
2019-12-21,Chennai,24.1,71,0.0,3.5
2019-12-22,Chennai,27.0,80,0.0,2.1
2019-12-23,Chennai,25.0,81,0.0,1.6
2019-12-24,Chennai,25.5,72,0.0,0.8
2019-12-25,Chennai,23.1,76,0.0,2.5
2019-12-26,Chennai,24.6,77,4.2,4.2
2019-12-27,Chennai,27.6,82,0.0,4.2
2019-12-28,Chennai,25.0,80,0.0,3.8
2019-12-29,Chennai,25.4,72,6.1,4.6
2019-12-30,Chennai,26.0,77,0.0,2.9
2019-12-31,Chennai,21.0,78,0.0,2.0
2020-01-01,Chennai,23.5,83,0.0,3.7
2020-01-02,Chennai,24.9,84,0.0,2.3
2020-01-03,Chennai,23.4,77,5.3,3.7
2020-01-04,Chennai,25.1,77,0.0,4.2
2020-01-05,Chennai,27.4,79,0.0,3.2
2020-01-06,Chennai,21.1,87,0.0,2.2
2020-01-07,Chennai,26.8,78,0.0,2.1
2020-01-08,Chennai,23.0,70,0.0,2.2
2020-01-09,Chennai,25.0,84,0.0,0.6
2020-01-10,Chennai,26.9,83,0.0,4.6
2020-01-11,Chennai,25.6,85,0.0,1.8
2020-01-12,Chennai,21.8,82,0.0,1.3
2020-01-13,Chennai,23.7,81,0.0,2.5
2020-01-14,Chennai,25.9,85,0.0,4.0
2020-01-15,Chennai,20.3,74,5.8,1.7
2020-01-16,Chennai,24.1,78,0.0,2.6
2020-01-17,Chennai,29.1,78,0.0,2.2
2020-01-18,Chennai,23.8,79,0.0,3.8
2020-01-19,Chennai,23.7,84,3.7,2.2
2020-01-20,Chennai,21.0,75,0.0,1.4
2020-01-21,Chennai,26.5,80,0.0,2.4
2020-01-22,Chennai,26.8,73,0.0,3.3
2020-01-23,Chennai,22.6,84,0.0,3.3
2020-01-24,Chennai,21.7,79,0.0,1.4
2020-01-25,Chennai,23.7,72,0.0,2.4
2020-01-26,Chennai,27.3,82,0.0,4.5
2020-01-27,Chennai,25.3,79,0.0,2.4
2020-01-28,Chennai,25.9,83,0.0,2.5
2020-01-29,Chennai,28.3,75,7.8,3.8
2020-01-30,Chennai,29.4,83,0.0,3.7
2020-01-31,Chennai,24.9,85,0.0,3.9
2020-02-01,Chennai,27.1,84,0.0,2.3
2020-02-02,Chennai,27.5,71,0.0,2.9
2020-02-03,Chennai,25.3,87,0.0,3.0
2020-02-04,Chennai,27.6,74,0.0,2.5
2020-02-05,Chennai,25.3,73,0.0,3.3
2020-02-06,Chennai,25.3,76,0.0,2.7
2020-02-07,Chennai,23.3,76,0.0,1.2
2020-02-08,Chennai,24.2,82,0.0,3.7
2020-02-09,Chennai,24.2,81,0.0,3.2
2020-02-10,Chennai,28.2,82,0.0,2.5
2020-02-11,Chennai,25.2,85,0.0,3.2
2020-02-12,Chennai,24.9,85,0.0,4.2
2020-02-13,Chennai,24.0,72,0.0,5.2
2020-02-14,Chennai,24.2,72,0.0,2.5
2020-02-15,Chennai,26.6,69,0.0,4.1
2020-02-16,Chennai,24.9,74,16.2,2.1
2020-02-17,Chennai,27.2,83,0.0,2.0
2020-02-18,Chennai,27.8,72,0.0,2.9
2020-02-19,Chennai,26.5,88,0.0,2.2
2020-02-20,Chennai,27.8,82,0.0,4.3
2020-02-21,Chennai,26.8,67,0.0,2.2
2020-02-22,Chennai,26.5,72,0.0,4.8
2020-02-23,Chennai,26.0,77,0.0,1.9
2020-02-24,Chennai,27.3,74,0.0,2.5
2020-02-25,Chennai,26.0,78,0.0,2.2
2020-02-26,Chennai,25.6,75,0.0,3.3
2020-02-27,Chennai,26.4,80,0.0,2.8
2020-02-28,Chennai,24.1,78,0.0,2.5
2020-02-29,Chennai,27.1,73,0.0,2.6
2020-03-01,Chennai,28.0,71,0.0,3.9
2020-03-02,Chennai,27.2,82,0.0,3.3
2020-03-03,Chennai,26.0,77,0.0,3.1
2020-03-04,Chennai,27.0,81,0.0,4.9
2020-03-05,Chennai,27.0,71,0.0,3.6
2020-03-06,Chennai,27.0,80,0.0,3.1
2020-03-07,Chennai,25.2,77,0.0,3.4
2020-03-08,Chennai,29.6,78,0.0,2.2
2020-03-09,Chennai,25.9,65,0.0,1.0
2020-03-10,Chennai,28.9,76,0.0,2.5
2020-03-11,Chennai,26.6,77,0.0,2.1
2020-03-12,Chennai,26.8,74,18.5,3.4
2020-03-13,Chennai,30.6,75,0.0,4.3
2020-03-14,Chennai,29.2,71,0.0,2.9
2020-03-15,Chennai,30.2,76,18.0,3.2
2020-03-16,Chennai,28.4,64,0.0,1.7
2020-03-17,Chennai,25.8,81,0.0,3.6
2020-03-18,Chennai,28.9,72,0.0,1.4
2020-03-19,Chennai,27.0,68,10.8,2.1
2020-03-20,Chennai,25.8,67,0.0,4.8
2020-03-21,Chennai,26.9,65,0.0,2.4
2020-03-22,Chennai,26.2,69,0.0,1.6
2020-03-23,Chennai,29.7,79,0.0,0.8
2020-03-24,Chennai,26.3,71,0.0,3.5
2020-03-25,Chennai,31.1,79,0.0,3.2
2020-03-26,Chennai,30.8,81,0.0,4.0
2020-03-27,Chennai,24.5,72,0.0,1.5
2020-03-28,Chennai,26.5,76,0.0,2.6
2020-03-29,Chennai,28.0,79,0.0,1.4
2020-03-30,Chennai,28.9,67,0.0,3.3
2020-03-31,Chennai,31.2,74,0.0,3.2
2020-04-01,Chennai,31.4,72,11.4,3.0
2020-04-02,Chennai,25.4,68,0.0,3.1
2020-04-03,Chennai,27.2,63,0.0,3.2
2020-04-04,Chennai,26.7,61,0.0,2.4
2020-04-05,Chennai,29.4,69,18.2,1.9
2020-04-06,Chennai,31.1,70,0.0,5.4
2020-04-07,Chennai,28.5,67,0.0,1.4
2020-04-08,Chennai,27.9,61,7.7,4.0
2020-04-09,Chennai,30.1,80,0.0,2.6
2020-04-10,Chennai,26.2,67,0.0,3.3
2020-04-11,Chennai,27.8,67,0.0,3.9
2020-04-12,Chennai,31.0,83,0.0,1.7
2020-04-13,Chennai,34.5,69,0.0,3.5
2020-04-14,Chennai,28.2,61,0.0,3.4
2020-04-15,Chennai,31.8,69,16.4,3.0
2020-04-16,Chennai,27.4,72,0.0,3.9
2020-04-17,Chennai,28.3,75,0.0,4.2
2020-04-18,Chennai,30.3,67,0.0,3.3
2020-04-19,Chennai,28.7,66,0.0,3.9
2020-04-20,Chennai,30.6,74,0.0,2.8
2020-04-21,Chennai,28.8,75,0.0,4.5
2020-04-22,Chennai,33.2,75,0.0,4.8
2020-04-23,Chennai,31.3,74,0.0,3.1
2020-04-24,Chennai,29.1,69,0.0,4.3
2020-04-25,Chennai,33.2,70,10.3,2.3
2020-04-26,Chennai,25.7,68,0.0,3.0
2020-04-27,Chennai,32.5,63,0.0,1.9
2020-04-28,Chennai,31.7,69,0.0,2.5
2020-04-29,Chennai,29.1,58,0.0,2.7
2020-04-30,Chennai,31.7,60,3.2,3.4
2020-05-01,Chennai,30.0,54,0.0,1.7
2020-05-02,Chennai,28.7,59,0.0,1.4
2020-05-03,Chennai,32.6,61,0.0,4.0
2020-05-04,Chennai,33.1,68,0.0,3.8
2020-05-05,Chennai,34.5,78,23.9,2.2
2020-05-06,Chennai,34.0,60,0.0,2.9
2020-05-07,Chennai,32.6,59,0.0,3.6
2020-05-08,Chennai,29.0,64,0.0,3.3
2020-05-09,Chennai,32.4,68,0.0,3.1
2020-05-10,Chennai,29.6,62,0.0,3.2
2020-05-11,Chennai,31.4,63,0.0,1.8
2020-05-12,Chennai,29.9,67,9.3,2.7
2020-05-13,Chennai,31.0,60,0.0,2.0
2020-05-14,Chennai,30.0,63,1.6,3.6
2020-05-15,Chennai,30.4,66,0.0,4.7
2020-05-16,Chennai,31.9,72,0.0,4.2
2020-05-17,Chennai,29.1,71,0.0,2.5
2020-05-18,Chennai,30.3,63,0.0,2.1
2020-05-19,Chennai,31.1,61,0.0,3.0
2020-05-20,Chennai,30.5,70,16.4,1.4
2020-05-21,Chennai,34.0,64,0.0,3.2
2020-05-22,Chennai,34.1,58,0.0,3.4
2020-05-23,Chennai,32.1,66,13.8,4.0
2020-05-24,Chennai,31.8,60,0.0,2.9
2020-05-25,Chennai,27.9,56,0.0,2.9
2020-05-26,Chennai,36.6,67,0.0,4.2
2020-05-27,Chennai,32.2,62,0.0,4.0
2020-05-28,Chennai,31.4,64,0.0,3.1
2020-05-29,Chennai,30.8,66,0.0,2.8
2020-05-30,Chennai,32.4,72,6.1,4.7
2020-05-31,Chennai,30.7,61,6.2,3.8
2020-06-01,Chennai,33.1,56,13.1,4.6
2020-06-02,Chennai,35.4,57,7.1,6.5
2020-06-03,Chennai,31.9,61,1.7,5.4
2020-06-04,Chennai,34.9,67,6.4,5.2
2020-06-05,Chennai,34.4,51,9.8,4.0
2020-06-06,Chennai,31.3,58,3.7,5.0
2020-06-07,Chennai,32.1,71,6.2,4.8
2020-06-08,Chennai,37.0,57,8.0,7.1
2020-06-09,Chennai,32.0,57,2.7,5.2
2020-06-10,Chennai,30.3,62,7.5,5.7
2020-06-11,Chennai,33.7,66,9.9,7.1
2020-06-12,Chennai,31.2,58,4.7,4.2
2020-06-13,Chennai,27.6,68,0.0,3.8
2020-06-14,Chennai,34.5,64,5.2,4.9
2020-06-15,Chennai,34.3,54,0.0,5.5
2020-06-16,Chennai,31.2,60,0.0,6.9
2020-06-17,Chennai,29.7,64,10.0,5.2
2020-06-18,Chennai,30.4,66,16.0,0.6
2020-06-19,Chennai,35.2,56,0.0,2.3
2020-06-20,Chennai,34.6,58,11.3,5.8
2020-06-21,Chennai,31.3,58,6.8,3.9
2020-06-22,Chennai,33.1,59,6.6,5.1
2020-06-23,Chennai,31.7,58,2.0,5.4
2020-06-24,Chennai,33.5,52,0.0,5.2
2020-06-25,Chennai,29.5,56,6.4,5.5
2020-06-26,Chennai,35.7,55,0.0,5.2
2020-06-27,Chennai,32.5,54,0.0,6.8
2020-06-28,Chennai,32.5,66,0.6,5.6
2020-06-29,Chennai,32.2,59,2.6,3.7
2020-06-30,Chennai,32.9,55,15.5,6.6
2020-07-01,Chennai,30.3,60,16.7,3.6
2020-07-02,Chennai,33.4,57,0.0,3.4
2020-07-03,Chennai,33.6,66,7.8,5.3
2020-07-04,Chennai,32.3,60,0.0,6.5
2020-07-05,Chennai,32.4,52,4.4,6.4
2020-07-06,Chennai,37.1,67,0.0,3.5
2020-07-07,Chennai,34.7,58,2.1,3.9
2020-07-08,Chennai,34.3,57,0.0,5.6
2020-07-09,Chennai,31.3,66,9.8,6.2
2020-07-10,Chennai,33.8,65,38.0,4.9
2020-07-11,Chennai,34.7,58,14.9,6.6
2020-07-12,Chennai,34.6,60,4.6,5.7
2020-07-13,Chennai,33.2,65,26.6,4.9
2020-07-14,Chennai,32.3,63,6.5,5.9
2020-07-15,Chennai,31.9,71,0.0,3.5
2020-07-16,Chennai,37.2,62,0.0,5.2
2020-07-17,Chennai,36.4,59,21.5,5.0
2020-07-18,Chennai,28.7,58,8.3,4.9
2020-07-19,Chennai,36.1,55,3.6,7.8
2020-07-20,Chennai,35.8,63,10.4,6.1
2020-07-21,Chennai,31.8,60,0.0,3.9
2020-07-22,Chennai,33.5,68,4.8,5.0
2020-07-23,Chennai,34.4,63,0.0,4.4
2020-07-24,Chennai,32.8,53,3.2,4.2
2020-07-25,Chennai,34.9,62,0.0,4.6
2020-07-26,Chennai,34.2,49,16.6,4.1
2020-07-27,Chennai,36.4,67,0.0,6.3
2020-07-28,Chennai,34.8,65,5.2,6.3
2020-07-29,Chennai,33.2,64,2.1,5.0
2020-07-30,Chennai,36.8,68,5.0,4.3
2020-07-31,Chennai,36.0,67,14.6,4.3
2020-08-01,Chennai,30.6,56,0.0,5.1
2020-08-02,Chennai,33.3,61,17.0,3.9
2020-08-03,Chennai,33.6,60,5.0,4.4
2020-08-04,Chennai,31.6,59,7.5,5.0
2020-08-05,Chennai,34.4,62,16.5,4.5
2020-08-06,Chennai,30.0,57,0.0,4.9
2020-08-07,Chennai,33.7,48,25.7,3.9
2020-08-08,Chennai,32.7,55,18.3,5.3
2020-08-09,Chennai,35.3,66,8.8,5.8
2020-08-10,Chennai,32.7,51,0.0,5.6
2020-08-11,Chennai,34.7,66,7.1,5.2
2020-08-12,Chennai,32.3,66,25.4,4.8
2020-08-13,Chennai,30.6,61,4.5,3.0
2020-08-14,Chennai,29.9,66,18.6,4.7
2020-08-15,Chennai,32.5,54,7.0,3.6
2020-08-16,Chennai,34.5,61,2.9,5.3
2020-08-17,Chennai,34.0,63,0.0,4.6
2020-08-18,Chennai,31.3,61,15.7,5.2
2020-08-19,Chennai,32.5,66,23.6,5.7
2020-08-20,Chennai,33.9,67,0.0,5.0
2020-08-21,Chennai,26.4,69,7.3,3.9
2020-08-22,Chennai,28.9,62,0.0,5.3
2020-08-23,Chennai,32.1,55,9.8,3.7
2020-08-24,Chennai,31.1,60,26.7,5.8
2020-08-25,Chennai,30.8,56,10.5,4.5
2020-08-26,Chennai,31.6,60,0.0,5.8
2020-08-27,Chennai,32.2,62,4.2,5.7
2020-08-28,Chennai,33.6,62,0.0,5.4
2020-08-29,Chennai,34.0,62,4.7,4.9
2020-08-30,Chennai,32.1,67,4.9,4.0
2020-08-31,Chennai,31.3,63,5.2,4.3
2020-09-01,Chennai,31.3,67,1.9,6.5
2020-09-02,Chennai,33.7,72,13.1,5.7
2020-09-03,Chennai,28.4,72,3.5,4.6
2020-09-04,Chennai,35.9,57,3.6,5.4
2020-09-05,Chennai,29.9,62,14.6,5.6
2020-09-06,Chennai,34.8,65,14.7,4.2
2020-09-07,Chennai,27.1,64,0.0,6.9
2020-09-08,Chennai,30.5,57,8.9,5.0
2020-09-09,Chennai,30.3,71,0.0,5.8
2020-09-10,Chennai,31.4,67,12.5,5.2
2020-09-11,Chennai,29.6,62,9.8,5.8
2020-09-12,Chennai,26.1,64,3.9,4.8
2020-09-13,Chennai,32.6,65,0.0,3.4
2020-09-14,Chennai,32.6,63,7.6,6.6
2020-09-15,Chennai,27.4,63,8.3,5.6
2020-09-16,Chennai,32.1,62,0.0,4.8
2020-09-17,Chennai,33.8,66,2.9,4.8
2020-09-18,Chennai,31.7,65,3.1,6.0
2020-09-19,Chennai,31.3,66,0.0,4.6
2020-09-20,Chennai,32.1,62,13.3,6.1
2020-09-21,Chennai,27.0,63,11.7,5.7
2020-09-22,Chennai,31.4,63,7.6,3.1
2020-09-23,Chennai,27.6,67,3.3,4.4
2020-09-24,Chennai,29.8,66,16.5,5.4
2020-09-25,Chennai,29.0,61,7.9,4.8
2020-09-26,Chennai,30.5,64,0.0,2.4
2020-09-27,Chennai,33.6,58,0.0,3.2
2020-09-28,Chennai,26.5,73,24.6,3.8
2020-09-29,Chennai,26.4,64,0.0,5.3
2020-09-30,Chennai,28.7,67,0.0,1.8
2020-10-01,Chennai,30.0,76,0.0,4.0
2020-10-02,Chennai,30.8,70,0.0,2.1
2020-10-03,Chennai,29.9,62,25.0,3.0
2020-10-04,Chennai,27.7,76,0.0,2.9
2020-10-05,Chennai,26.9,69,0.0,2.6
2020-10-06,Chennai,28.3,71,0.0,2.0
2020-10-07,Chennai,30.7,65,10.3,2.5
2020-10-08,Chennai,28.4,69,0.0,4.5
2020-10-09,Chennai,28.9,70,0.0,1.9
2020-10-10,Chennai,30.9,68,0.0,3.3
2020-10-11,Chennai,24.2,70,24.2,2.2
2020-10-12,Chennai,26.0,76,0.0,2.1
2020-10-13,Chennai,31.1,77,10.7,2.6
2020-10-14,Chennai,28.5,66,0.0,1.4
2020-10-15,Chennai,29.4,66,0.0,1.8
2020-10-16,Chennai,31.0,70,0.0,2.4
2020-10-17,Chennai,30.6,69,0.0,2.1
2020-10-18,Chennai,30.0,70,0.0,3.9
2020-10-19,Chennai,26.7,61,0.0,2.1
2020-10-20,Chennai,26.9,72,0.0,5.3
2020-10-21,Chennai,26.0,76,0.0,2.2
2020-10-22,Chennai,28.6,71,11.4,1.9
2020-10-23,Chennai,28.0,67,0.0,2.3
2020-10-24,Chennai,31.5,68,0.0,2.4
2020-10-25,Chennai,26.0,72,0.0,5.1
2020-10-26,Chennai,27.9,75,0.0,2.7
2020-10-27,Chennai,28.9,70,0.0,3.4
2020-10-28,Chennai,30.4,74,0.0,1.7
2020-10-29,Chennai,26.5,67,0.0,3.9
2020-10-30,Chennai,26.9,75,0.0,3.4
2020-10-31,Chennai,30.2,70,0.0,2.9
2020-11-01,Chennai,25.0,76,0.0,1.4
2020-11-02,Chennai,27.9,68,3.5,3.3
2020-11-03,Chennai,25.5,75,0.0,3.3
2020-11-04,Chennai,28.8,70,0.0,1.9
2020-11-05,Chennai,30.6,73,0.0,2.1
2020-11-06,Chennai,24.0,73,0.0,3.4
2020-11-07,Chennai,27.0,86,8.1,2.9
2020-11-08,Chennai,26.9,73,0.0,5.5
2020-11-09,Chennai,23.2,73,0.9,2.9
2020-11-10,Chennai,27.5,76,0.0,5.2
2020-11-11,Chennai,27.3,71,25.6,3.1
2020-11-12,Chennai,24.1,73,0.0,3.9
2020-11-13,Chennai,29.6,72,0.0,4.3
2020-11-14,Chennai,27.7,80,0.0,3.4
2020-11-15,Chennai,26.5,79,0.0,2.8
2020-11-16,Chennai,27.0,70,0.0,5.1
2020-11-17,Chennai,29.1,71,0.0,4.0
2020-11-18,Chennai,25.9,77,0.0,4.2
2020-11-19,Chennai,26.1,72,0.0,3.8
2020-11-20,Chennai,28.2,67,0.0,3.8
2020-11-21,Chennai,24.4,79,0.0,4.0
2020-11-22,Chennai,21.4,76,0.0,2.5
2020-11-23,Chennai,26.5,71,0.0,2.9
2020-11-24,Chennai,29.5,73,0.0,2.4
2020-11-25,Chennai,30.5,81,0.0,2.8
2020-11-26,Chennai,27.7,80,0.0,1.4
2020-11-27,Chennai,25.9,67,0.0,2.2
2020-11-28,Chennai,27.9,69,0.0,4.2
2020-11-29,Chennai,27.1,82,0.0,4.2
2020-11-30,Chennai,23.9,81,0.0,3.5
2020-12-01,Chennai,24.8,79,2.0,2.8
2020-12-02,Chennai,23.8,76,0.0,3.8
2020-12-03,Chennai,29.0,79,0.0,2.9
2020-12-04,Chennai,26.3,82,0.0,2.2
2020-12-05,Chennai,24.9,84,0.0,3.3
2020-12-06,Chennai,24.4,80,9.1,2.8
2020-12-07,Chennai,27.2,80,0.0,2.0
2020-12-08,Chennai,26.2,77,0.0,2.0
2020-12-09,Chennai,24.9,77,0.0,3.2
2020-12-10,Chennai,26.7,78,10.1,2.9
2020-12-11,Chennai,25.3,78,0.0,4.4
2020-12-12,Chennai,24.9,76,0.0,3.1
2020-12-13,Chennai,28.4,83,0.0,1.0
2020-12-14,Chennai,23.1,78,0.0,1.9
2020-12-15,Chennai,23.3,72,0.0,5.0
2020-12-16,Chennai,26.7,82,0.0,2.9
2020-12-17,Chennai,24.3,82,0.0,2.7
2020-12-18,Chennai,27.4,82,15.9,2.6
2020-12-19,Chennai,23.7,87,0.0,4.2
2020-12-20,Chennai,24.0,85,0.0,3.0
2020-12-21,Chennai,24.8,75,0.0,1.7
2020-12-22,Chennai,26.8,76,0.0,2.0
2020-12-23,Chennai,25.1,75,0.0,1.6
2020-12-24,Chennai,27.7,79,3.4,2.7
2020-12-25,Chennai,26.2,79,0.0,1.7
2020-12-26,Chennai,26.5,79,0.0,2.5
2020-12-27,Chennai,29.7,80,15.6,2.7
2020-12-28,Chennai,28.9,78,0.0,2.5
2020-12-29,Chennai,23.8,82,0.0,2.7
2020-12-30,Chennai,22.4,81,0.0,3.5
2020-12-31,Chennai,25.7,79,0.0,2.7
2021-01-01,Chennai,21.3,83,0.0,1.6
2021-01-02,Chennai,24.6,65,0.0,4.3
2021-01-03,Chennai,29.8,79,0.0,2.4
2021-01-04,Chennai,24.1,69,0.0,2.2
2021-01-05,Chennai,22.7,80,0.0,2.4
2021-01-06,Chennai,26.4,78,3.3,3.9
2021-01-07,Chennai,23.2,75,0.0,4.2
2021-01-08,Chennai,27.4,79,0.0,3.5
2021-01-09,Chennai,26.8,77,0.0,2.2
2021-01-10,Chennai,26.5,73,0.0,2.5
2021-01-11,Chennai,23.9,79,0.0,2.4
2021-01-12,Chennai,26.1,79,0.0,2.6
2021-01-13,Chennai,25.6,75,0.0,3.7
2021-01-14,Chennai,24.4,73,0.0,0.6
2021-01-15,Chennai,23.4,75,0.0,4.3
2021-01-16,Chennai,24.5,85,0.0,2.7
2021-01-17,Chennai,22.7,86,0.0,1.5
2021-01-18,Chennai,21.5,79,0.0,5.7
2021-01-19,Chennai,26.7,87,0.0,2.1
2021-01-20,Chennai,25.4,84,15.4,2.2
2021-01-21,Chennai,25.7,85,0.0,3.0
2021-01-22,Chennai,22.8,82,0.0,4.0
2021-01-23,Chennai,22.8,73,0.0,5.6
2021-01-24,Chennai,25.2,79,0.0,1.2
2021-01-25,Chennai,27.5,78,0.0,1.8
2021-01-26,Chennai,25.4,81,0.0,4.6
2021-01-27,Chennai,25.8,83,0.0,2.2
2021-01-28,Chennai,24.3,80,0.0,0.6
2021-01-29,Chennai,23.7,81,0.0,3.7
2021-01-30,Chennai,23.3,73,0.0,3.2
2021-01-31,Chennai,25.4,77,0.0,4.0
2021-02-01,Chennai,25.7,85,0.0,3.4
2021-02-02,Chennai,24.3,76,0.0,1.3
2021-02-03,Chennai,21.6,75,0.0,3.4
2021-02-04,Chennai,25.9,75,0.0,2.2
2021-02-05,Chennai,22.3,82,0.0,3.4
2021-02-06,Chennai,25.9,75,0.0,2.6
2021-02-07,Chennai,27.0,85,0.0,3.0
2021-02-08,Chennai,25.4,79,0.0,2.1
2021-02-09,Chennai,27.4,75,0.0,2.9
2021-02-10,Chennai,25.8,83,0.0,2.2
2021-02-11,Chennai,22.3,77,0.0,3.0
2021-02-12,Chennai,22.7,70,0.0,3.5
2021-02-13,Chennai,21.6,74,0.0,2.7
2021-02-14,Chennai,27.3,82,0.0,3.2
2021-02-15,Chennai,25.7,76,0.0,4.5
2021-02-16,Chennai,26.2,76,0.0,3.5
2021-02-17,Chennai,28.5,73,0.0,3.4
2021-02-18,Chennai,27.5,82,0.0,3.3
2021-02-19,Chennai,25.8,80,0.0,2.8
2021-02-20,Chennai,24.2,78,0.0,4.8
2021-02-21,Chennai,25.5,75,0.0,3.1
2021-02-22,Chennai,28.9,83,15.2,3.5
2021-02-23,Chennai,25.0,77,0.0,2.1
2021-02-24,Chennai,27.3,79,5.8,3.2
2021-02-25,Chennai,23.5,79,0.0,3.2
2021-02-26,Chennai,28.3,78,0.0,3.3
2021-02-27,Chennai,24.1,71,0.0,2.1
2021-02-28,Chennai,23.9,70,0.0,1.7
2021-03-01,Chennai,24.1,75,0.0,3.8
2021-03-02,Chennai,23.6,75,0.0,1.7
2021-03-03,Chennai,23.7,67,0.0,4.9
2021-03-04,Chennai,27.7,70,0.0,2.2
2021-03-05,Chennai,28.7,70,0.0,4.4
2021-03-06,Chennai,25.6,74,0.0,4.3
2021-03-07,Chennai,26.5,76,0.0,1.8
2021-03-08,Chennai,26.2,78,0.0,1.6
2021-03-09,Chennai,30.2,77,0.0,3.0
2021-03-10,Chennai,26.6,74,0.0,2.7
2021-03-11,Chennai,26.1,63,0.0,2.8
2021-03-12,Chennai,29.6,79,0.0,4.8
2021-03-13,Chennai,26.8,69,0.0,2.9
2021-03-14,Chennai,24.6,81,0.0,1.5
2021-03-15,Chennai,27.2,79,0.0,2.9
2021-03-16,Chennai,25.1,74,51.0,3.7
2021-03-17,Chennai,25.7,85,0.0,0.5
2021-03-18,Chennai,25.9,75,1.9,2.7
2021-03-19,Chennai,27.6,75,9.9,3.6
2021-03-20,Chennai,32.0,65,0.0,2.5
2021-03-21,Chennai,27.5,79,0.0,3.9
2021-03-22,Chennai,24.9,63,0.0,2.8
2021-03-23,Chennai,26.1,81,13.2,2.7
2021-03-24,Chennai,29.2,70,0.0,2.8
2021-03-25,Chennai,27.5,79,0.0,2.9
2021-03-26,Chennai,29.6,66,0.0,3.0
2021-03-27,Chennai,28.1,70,0.0,4.2
2021-03-28,Chennai,28.3,74,0.0,4.4
2021-03-29,Chennai,27.9,62,0.0,2.3
2021-03-30,Chennai,24.7,68,0.0,1.9
2021-03-31,Chennai,27.9,65,0.0,3.4
2021-04-01,Chennai,27.9,68,0.0,5.0
2021-04-02,Chennai,27.1,70,0.0,4.4
2021-04-03,Chennai,24.5,70,0.0,2.6
2021-04-04,Chennai,29.5,65,0.0,2.8
2021-04-05,Chennai,28.9,75,0.0,3.0
2021-04-06,Chennai,29.0,76,14.4,2.7
2021-04-07,Chennai,31.2,76,6.1,3.3
2021-04-08,Chennai,27.1,63,0.0,3.0
2021-04-09,Chennai,26.9,74,0.0,2.6
2021-04-10,Chennai,28.3,71,0.0,4.3
2021-04-11,Chennai,28.4,69,0.0,4.3
2021-04-12,Chennai,29.0,60,0.0,4.3
2021-04-13,Chennai,32.4,66,0.0,2.8
2021-04-14,Chennai,31.3,66,0.0,3.7
2021-04-15,Chennai,29.2,68,14.3,0.5
2021-04-16,Chennai,26.6,73,0.0,4.3
2021-04-17,Chennai,31.3,70,0.0,3.5
2021-04-18,Chennai,34.4,70,0.0,1.1
2021-04-19,Chennai,29.4,63,0.0,2.4
2021-04-20,Chennai,30.6,79,0.0,4.5
2021-04-21,Chennai,27.3,63,0.0,3.3
2021-04-22,Chennai,29.3,62,0.0,5.1
2021-04-23,Chennai,32.6,62,0.0,4.6
2021-04-24,Chennai,31.1,72,0.0,3.7
2021-04-25,Chennai,27.1,69,0.0,2.0
2021-04-26,Chennai,29.1,65,0.0,3.9
2021-04-27,Chennai,31.4,65,0.0,3.7
2021-04-28,Chennai,32.5,69,11.4,3.0
2021-04-29,Chennai,31.6,67,0.0,4.1
2021-04-30,Chennai,32.3,64,0.0,3.0
2021-05-01,Chennai,29.1,59,0.0,4.2
2021-05-02,Chennai,31.8,66,0.0,3.7
2021-05-03,Chennai,29.9,69,0.0,3.8
2021-05-04,Chennai,32.2,69,0.0,3.4
2021-05-05,Chennai,28.8,74,0.0,2.6
2021-05-06,Chennai,29.1,66,0.0,1.1
2021-05-07,Chennai,30.9,66,0.0,1.3
2021-05-08,Chennai,30.8,68,0.0,3.6
2021-05-09,Chennai,32.4,61,0.0,4.6
2021-05-10,Chennai,31.4,64,0.0,2.4
2021-05-11,Chennai,31.4,57,0.0,4.7
2021-05-12,Chennai,30.1,68,0.0,3.9
2021-05-13,Chennai,31.7,68,13.1,3.1
2021-05-14,Chennai,27.5,60,0.0,3.7
2021-05-15,Chennai,27.9,59,0.0,2.6
2021-05-16,Chennai,31.7,66,0.0,3.6
2021-05-17,Chennai,28.6,67,0.0,3.5
2021-05-18,Chennai,30.7,64,0.0,3.1
2021-05-19,Chennai,29.3,55,0.0,3.3
2021-05-20,Chennai,32.1,54,0.0,3.5
2021-05-21,Chennai,33.6,66,8.7,3.8
2021-05-22,Chennai,27.7,62,0.0,3.7
2021-05-23,Chennai,29.6,63,0.0,3.4
2021-05-24,Chennai,31.3,65,0.0,2.3
2021-05-25,Chennai,31.5,65,0.0,2.4
2021-05-26,Chennai,30.4,62,6.1,3.8
2021-05-27,Chennai,27.9,63,0.0,2.0
2021-05-28,Chennai,30.5,70,6.6,1.6
2021-05-29,Chennai,29.4,61,0.0,2.4
2021-05-30,Chennai,31.0,65,0.0,3.2
2021-05-31,Chennai,27.9,63,14.9,5.3
2021-06-01,Chennai,30.2,56,0.0,4.4
2021-06-02,Chennai,31.9,54,21.9,4.6
2021-06-03,Chennai,32.1,63,20.0,5.8
2021-06-04,Chennai,32.4,69,7.9,4.2
2021-06-05,Chennai,32.8,57,2.2,4.6
2021-06-06,Chennai,33.7,58,0.0,5.1
2021-06-07,Chennai,33.0,60,16.3,5.0
2021-06-08,Chennai,32.5,66,0.0,5.3
2021-06-09,Chennai,30.4,61,9.3,5.4
2021-06-10,Chennai,34.0,61,10.6,5.0
2021-06-11,Chennai,31.7,58,22.8,4.8
2021-06-12,Chennai,29.6,65,16.0,6.3
2021-06-13,Chennai,32.1,63,13.9,6.4
2021-06-14,Chennai,34.1,56,7.6,5.3
2021-06-15,Chennai,35.5,57,0.0,5.1
2021-06-16,Chennai,32.2,59,7.1,6.2
2021-06-17,Chennai,35.0,53,14.3,4.9
2021-06-18,Chennai,29.8,58,9.2,4.8
2021-06-19,Chennai,35.0,65,0.0,4.7
2021-06-20,Chennai,30.7,55,3.6,3.8
2021-06-21,Chennai,29.7,71,0.0,5.1
2021-06-22,Chennai,28.7,55,16.7,4.8
2021-06-23,Chennai,32.6,65,20.1,4.7
2021-06-24,Chennai,32.9,58,13.7,3.8
2021-06-25,Chennai,31.4,61,12.5,4.3
2021-06-26,Chennai,32.4,67,3.2,4.9
2021-06-27,Chennai,33.2,48,0.0,4.1
2021-06-28,Chennai,30.3,56,14.8,4.9
2021-06-29,Chennai,32.5,57,7.0,4.2
2021-06-30,Chennai,32.1,47,6.6,6.3
2021-07-01,Chennai,34.4,53,16.3,5.3
2021-07-02,Chennai,32.6,63,6.6,4.8
2021-07-03,Chennai,32.6,52,20.2,5.1
2021-07-04,Chennai,29.0,52,6.8,5.8
2021-07-05,Chennai,33.6,56,0.0,4.8
2021-07-06,Chennai,32.0,60,8.8,5.2
2021-07-07,Chennai,34.6,57,13.1,5.1
2021-07-08,Chennai,33.8,57,3.6,6.6
2021-07-09,Chennai,32.2,60,0.0,5.8
2021-07-10,Chennai,32.1,61,0.0,4.4
2021-07-11,Chennai,31.9,66,0.0,3.4
2021-07-12,Chennai,32.2,58,15.8,6.2
2021-07-13,Chennai,31.9,62,24.4,5.3
2021-07-14,Chennai,35.9,61,13.4,4.7
2021-07-15,Chennai,37.4,62,17.4,6.2
2021-07-16,Chennai,28.7,65,6.7,5.9
2021-07-17,Chennai,35.2,58,0.0,5.4
2021-07-18,Chennai,32.1,58,3.5,5.3
2021-07-19,Chennai,34.0,70,18.3,5.0
2021-07-20,Chennai,34.4,64,1.1,3.9
2021-07-21,Chennai,34.8,60,0.0,6.4
2021-07-22,Chennai,34.6,66,0.0,4.3
2021-07-23,Chennai,31.8,55,10.2,5.2
2021-07-24,Chennai,30.1,54,0.0,4.9
2021-07-25,Chennai,34.1,62,0.0,5.0
2021-07-26,Chennai,31.3,65,10.9,5.0
2021-07-27,Chennai,33.8,60,0.0,5.2
2021-07-28,Chennai,32.5,59,1.0,5.5
2021-07-29,Chennai,31.1,63,6.2,5.5
2021-07-30,Chennai,33.8,69,0.0,6.0
2021-07-31,Chennai,37.8,50,14.7,5.5
2021-08-01,Chennai,32.5,60,9.8,3.0
2021-08-02,Chennai,29.3,52,13.2,4.0
2021-08-03,Chennai,29.4,61,10.1,4.3
2021-08-04,Chennai,33.1,55,3.2,5.5
2021-08-05,Chennai,35.5,62,9.2,6.4
2021-08-06,Chennai,30.6,58,14.2,5.7
2021-08-07,Chennai,33.8,42,8.2,4.0
2021-08-08,Chennai,32.5,71,19.4,4.9
2021-08-09,Chennai,30.1,65,10.8,4.2
2021-08-10,Chennai,32.5,65,7.0,4.7
2021-08-11,Chennai,38.5,65,6.8,3.8
2021-08-12,Chennai,36.1,58,20.3,5.5
2021-08-13,Chennai,33.8,59,6.2,5.8
2021-08-14,Chennai,35.5,64,8.2,3.4
2021-08-15,Chennai,28.3,65,0.0,6.5
2021-08-16,Chennai,38.6,63,6.8,4.6
2021-08-17,Chennai,37.3,63,10.4,4.6
2021-08-18,Chennai,31.2,58,0.0,5.5
2021-08-19,Chennai,31.5,60,4.9,5.5
2021-08-20,Chennai,32.5,51,10.8,2.8
2021-08-21,Chennai,35.7,63,7.0,4.8
2021-08-22,Chennai,30.9,64,5.2,6.1
2021-08-23,Chennai,32.9,60,0.0,7.5
2021-08-24,Chennai,30.0,72,0.0,2.3
2021-08-25,Chennai,34.6,56,4.1,7.2
2021-08-26,Chennai,30.5,60,33.1,5.6
2021-08-27,Chennai,33.9,64,0.0,2.6
2021-08-28,Chennai,32.2,62,8.4,6.4
2021-08-29,Chennai,31.4,60,4.8,4.7
2021-08-30,Chennai,33.2,67,0.0,5.4
2021-08-31,Chennai,30.0,66,12.8,4.5
2021-09-01,Chennai,32.5,61,12.0,4.8
2021-09-02,Chennai,35.2,52,1.8,5.2
2021-09-03,Chennai,28.9,65,0.0,5.1
2021-09-04,Chennai,31.2,60,8.4,3.9
2021-09-05,Chennai,32.1,63,23.0,6.3
2021-09-06,Chennai,33.5,51,0.0,3.4
2021-09-07,Chennai,34.0,60,16.1,5.9
2021-09-08,Chennai,30.9,70,11.4,4.1
2021-09-09,Chennai,33.7,64,17.2,4.5
2021-09-10,Chennai,30.9,69,2.2,4.6
2021-09-11,Chennai,35.4,63,0.0,4.0
2021-09-12,Chennai,33.2,68,2.7,5.4
2021-09-13,Chennai,32.1,63,0.0,4.1
2021-09-14,Chennai,32.7,61,5.5,4.2
2021-09-15,Chennai,31.6,64,10.4,6.1
2021-09-16,Chennai,33.0,62,8.8,5.8
2021-09-17,Chennai,27.1,63,2.8,3.9
2021-09-18,Chennai,31.6,71,8.4,5.8
2021-09-19,Chennai,28.6,66,20.1,4.6
2021-09-20,Chennai,28.5,60,10.1,5.3
2021-09-21,Chennai,26.3,66,12.3,4.2
2021-09-22,Chennai,28.9,67,0.0,4.9
2021-09-23,Chennai,29.9,61,16.0,6.0
2021-09-24,Chennai,31.4,69,22.0,5.2
2021-09-25,Chennai,29.1,71,4.4,5.1
2021-09-26,Chennai,27.8,64,2.7,4.5
2021-09-27,Chennai,29.5,62,0.0,2.1
2021-09-28,Chennai,31.1,72,0.0,3.4
2021-09-29,Chennai,28.2,71,0.0,3.4
2021-09-30,Chennai,29.8,72,7.8,2.0
2021-10-01,Chennai,29.4,63,0.0,3.5
2021-10-02,Chennai,29.8,69,0.0,4.4
2021-10-03,Chennai,30.2,73,0.0,3.1
2021-10-04,Chennai,32.5,74,0.0,3.3
2021-10-05,Chennai,29.1,66,0.0,2.5
2021-10-06,Chennai,28.3,65,0.0,2.8
2021-10-07,Chennai,30.5,68,0.0,1.9
2021-10-08,Chennai,28.0,76,0.5,3.9
2021-10-09,Chennai,27.5,63,0.0,4.9
2021-10-10,Chennai,30.0,70,3.5,3.6
2021-10-11,Chennai,28.2,64,0.0,3.2
2021-10-12,Chennai,29.1,70,0.0,4.1
2021-10-13,Chennai,31.9,72,0.0,3.5
2021-10-14,Chennai,30.1,74,0.0,3.5
2021-10-15,Chennai,27.1,72,0.0,0.9
2021-10-16,Chennai,32.5,70,0.0,3.1
2021-10-17,Chennai,29.5,62,0.0,1.2
2021-10-18,Chennai,30.3,73,0.0,4.0
2021-10-19,Chennai,30.5,67,0.0,1.9
2021-10-20,Chennai,30.9,70,0.0,4.7
2021-10-21,Chennai,27.6,73,0.0,3.0
2021-10-22,Chennai,29.7,61,0.0,2.7
2021-10-23,Chennai,26.2,62,0.0,4.8
2021-10-24,Chennai,25.7,81,0.0,1.7
2021-10-25,Chennai,25.9,70,0.0,2.3
2021-10-26,Chennai,26.4,76,0.0,3.2
2021-10-27,Chennai,26.4,77,0.0,2.3
2021-10-28,Chennai,28.7,73,0.0,2.5
2021-10-29,Chennai,27.5,72,0.0,1.0
2021-10-30,Chennai,24.3,77,0.0,2.7
2021-10-31,Chennai,29.3,75,0.0,3.9
2021-11-01,Chennai,28.5,67,0.0,3.8
2021-11-02,Chennai,29.1,74,7.4,3.4
2021-11-03,Chennai,25.7,69,0.0,2.4
2021-11-04,Chennai,27.7,72,0.0,1.6
2021-11-05,Chennai,31.4,72,0.0,4.0
2021-11-06,Chennai,28.2,69,0.0,3.6
2021-11-07,Chennai,27.5,74,0.0,2.1
2021-11-08,Chennai,26.6,74,0.0,2.1
2021-11-09,Chennai,28.6,79,0.0,4.1
2021-11-10,Chennai,25.0,67,0.0,3.1
2021-11-11,Chennai,29.0,76,0.0,2.6
2021-11-12,Chennai,29.2,71,0.0,3.6
2021-11-13,Chennai,29.1,79,0.0,3.4
2021-11-14,Chennai,23.0,79,0.0,2.3
2021-11-15,Chennai,30.0,75,0.0,3.7
2021-11-16,Chennai,28.5,72,13.7,2.8
2021-11-17,Chennai,27.1,79,0.0,4.8
2021-11-18,Chennai,28.6,78,0.0,3.4
2021-11-19,Chennai,29.3,72,0.0,3.8
2021-11-20,Chennai,28.5,78,0.0,5.4
2021-11-21,Chennai,25.1,73,0.0,4.1
2021-11-22,Chennai,25.3,83,0.0,4.6
2021-11-23,Chennai,24.7,75,15.4,3.0
2021-11-24,Chennai,22.2,79,0.0,2.1
2021-11-25,Chennai,24.4,76,0.0,2.0
2021-11-26,Chennai,25.7,74,0.0,2.5
2021-11-27,Chennai,26.8,75,8.3,3.5
2021-11-28,Chennai,27.5,76,0.0,2.0
2021-11-29,Chennai,29.6,84,0.0,1.8
2021-11-30,Chennai,25.6,71,0.0,3.8
2021-12-01,Chennai,29.4,79,0.0,3.2
2021-12-02,Chennai,26.1,83,0.0,4.5
2021-12-03,Chennai,26.2,75,14.5,2.6
2021-12-04,Chennai,26.2,76,0.0,2.1
2021-12-05,Chennai,26.8,75,0.0,2.6
2021-12-06,Chennai,25.1,77,0.0,3.0
2021-12-07,Chennai,23.9,80,0.0,2.4
2021-12-08,Chennai,26.8,78,0.0,3.7
2021-12-09,Chennai,24.8,78,0.0,2.8
2021-12-10,Chennai,26.9,78,0.0,4.4
2021-12-11,Chennai,22.0,82,0.0,4.9
2021-12-12,Chennai,24.0,78,0.0,3.5
2021-12-13,Chennai,28.0,75,0.0,2.5
2021-12-14,Chennai,28.5,83,0.0,3.2
2021-12-15,Chennai,25.1,76,0.0,3.0
2021-12-16,Chennai,27.1,89,0.0,2.7
2021-12-17,Chennai,23.1,84,0.0,3.1
2021-12-18,Chennai,26.1,71,0.0,2.4
2021-12-19,Chennai,26.5,71,0.0,3.2
2021-12-20,Chennai,28.0,83,0.0,2.5
2021-12-21,Chennai,25.4,75,0.0,2.6
2021-12-22,Chennai,27.6,71,0.0,4.2
2021-12-23,Chennai,23.6,84,0.0,3.0
2021-12-24,Chennai,26.8,72,0.0,3.9
2021-12-25,Chennai,21.8,79,6.9,3.4
2021-12-26,Chennai,27.1,67,0.0,4.7
2021-12-27,Chennai,21.4,83,0.0,4.0
2021-12-28,Chennai,26.2,80,0.0,3.9
2021-12-29,Chennai,30.1,82,0.0,2.4
2021-12-30,Chennai,24.3,82,0.0,2.9
2021-12-31,Chennai,22.3,74,0.0,3.8
2022-01-01,Chennai,23.0,83,0.0,3.2
2022-01-02,Chennai,26.2,79,0.0,1.5
2022-01-03,Chennai,23.3,83,0.0,3.2
2022-01-04,Chennai,26.2,78,16.9,2.8
2022-01-05,Chennai,21.2,83,0.0,3.1
2022-01-06,Chennai,26.0,73,0.0,3.8
2022-01-07,Chennai,26.0,85,0.0,2.7
2022-01-08,Chennai,29.7,78,2.4,3.2
2022-01-09,Chennai,24.4,76,0.0,3.2
2022-01-10,Chennai,23.3,74,8.7,2.2
2022-01-11,Chennai,23.3,69,0.0,3.8
2022-01-12,Chennai,22.9,77,0.0,3.4
2022-01-13,Chennai,25.2,75,0.0,3.9
2022-01-14,Chennai,24.1,83,0.0,2.8
2022-01-15,Chennai,24.0,75,0.0,3.1
2022-01-16,Chennai,25.7,77,0.0,2.3
2022-01-17,Chennai,24.2,80,0.0,4.0
2022-01-18,Chennai,30.0,80,0.0,2.8
2022-01-19,Chennai,24.4,78,0.0,2.6
2022-01-20,Chennai,22.8,68,0.0,1.6
2022-01-21,Chennai,24.7,82,0.0,4.5
2022-01-22,Chennai,22.5,85,0.0,3.2
2022-01-23,Chennai,21.9,86,0.0,3.9
2022-01-24,Chennai,22.8,81,0.0,3.3
2022-01-25,Chennai,25.9,80,0.0,2.5
2022-01-26,Chennai,25.9,77,0.0,2.9
2022-01-27,Chennai,25.8,73,0.0,4.2
2022-01-28,Chennai,25.5,74,0.0,3.6
2022-01-29,Chennai,30.2,75,0.0,3.0
2022-01-30,Chennai,23.6,71,0.0,2.5
2022-01-31,Chennai,25.4,89,19.1,1.7
2022-02-01,Chennai,22.4,79,0.0,2.7
2022-02-02,Chennai,25.3,86,4.6,2.6
2022-02-03,Chennai,26.2,78,0.0,2.4
2022-02-04,Chennai,28.3,86,0.0,3.1
2022-02-05,Chennai,25.0,81,0.0,4.6
2022-02-06,Chennai,23.3,81,0.0,1.4
2022-02-07,Chennai,25.4,82,0.0,3.9
2022-02-08,Chennai,24.9,80,0.0,0.9
2022-02-09,Chennai,26.8,91,0.0,0.8
2022-02-10,Chennai,26.8,78,0.0,3.2
2022-02-11,Chennai,25.2,82,0.0,3.4
2022-02-12,Chennai,24.8,80,0.0,1.6
2022-02-13,Chennai,27.7,86,0.0,3.4
2022-02-14,Chennai,24.7,82,0.0,4.2
2022-02-15,Chennai,23.6,88,0.0,1.9
2022-02-16,Chennai,27.0,73,0.0,2.3
2022-02-17,Chennai,22.8,76,0.0,2.3
2022-02-18,Chennai,28.1,79,0.0,4.4
2022-02-19,Chennai,26.1,69,0.0,3.7
2022-02-20,Chennai,26.6,74,0.0,1.6
2022-02-21,Chennai,25.0,76,0.0,2.7
2022-02-22,Chennai,28.6,78,0.0,2.3
2022-02-23,Chennai,24.6,84,3.6,3.9
2022-02-24,Chennai,22.0,79,0.0,2.9
2022-02-25,Chennai,23.0,86,0.0,4.3
2022-02-26,Chennai,26.7,65,0.0,3.5
2022-02-27,Chennai,26.6,70,0.0,2.5
2022-02-28,Chennai,27.0,75,0.0,2.8
2022-03-01,Chennai,28.1,76,0.0,2.1
2022-03-02,Chennai,28.4,72,0.0,1.4
2022-03-03,Chennai,32.2,72,0.0,3.4
2022-03-04,Chennai,28.3,80,15.0,3.7
2022-03-05,Chennai,24.6,77,10.9,2.6
2022-03-06,Chennai,28.2,75,0.0,1.7
2022-03-07,Chennai,26.0,67,1.2,4.5
2022-03-08,Chennai,24.1,72,0.0,2.9
2022-03-09,Chennai,25.0,70,6.6,2.2
2022-03-10,Chennai,27.0,61,0.0,4.1
2022-03-11,Chennai,26.7,71,0.0,2.9
2022-03-12,Chennai,26.4,70,0.0,2.5
2022-03-13,Chennai,25.3,66,0.0,2.5
2022-03-14,Chennai,25.9,71,0.0,3.8
2022-03-15,Chennai,25.8,74,0.0,4.1
2022-03-16,Chennai,30.5,66,0.0,1.5
2022-03-17,Chennai,28.2,78,0.0,5.0
2022-03-18,Chennai,25.8,67,0.0,3.1
2022-03-19,Chennai,23.8,76,0.0,4.3
2022-03-20,Chennai,29.5,68,0.0,3.2
2022-03-21,Chennai,26.8,76,0.0,3.1
2022-03-22,Chennai,25.7,72,0.0,2.9
2022-03-23,Chennai,25.2,70,0.0,3.3
2022-03-24,Chennai,27.0,66,0.0,5.0
2022-03-25,Chennai,28.3,79,0.0,2.3
2022-03-26,Chennai,26.3,75,0.0,3.5
2022-03-27,Chennai,25.5,70,0.0,3.1
2022-03-28,Chennai,27.7,65,0.0,3.2
2022-03-29,Chennai,29.1,71,0.0,2.0
2022-03-30,Chennai,26.2,70,0.0,3.0
2022-03-31,Chennai,26.5,77,6.3,3.7
2022-04-01,Chennai,28.5,73,0.0,3.4
2022-04-02,Chennai,26.1,66,0.0,3.4
2022-04-03,Chennai,29.8,73,9.6,2.6
2022-04-04,Chennai,27.0,82,0.0,2.4
2022-04-05,Chennai,30.3,69,3.6,3.5
2022-04-06,Chennai,29.8,70,0.0,2.7
2022-04-07,Chennai,28.0,72,0.0,1.6
2022-04-08,Chennai,31.1,65,0.0,2.3
2022-04-09,Chennai,29.3,64,0.0,2.8
2022-04-10,Chennai,28.8,70,0.0,3.9
2022-04-11,Chennai,28.4,62,0.0,4.0
2022-04-12,Chennai,31.9,76,0.0,3.9
2022-04-13,Chennai,29.3,67,0.0,1.9
2022-04-14,Chennai,26.8,62,11.1,3.6
2022-04-15,Chennai,29.2,68,0.0,3.9
2022-04-16,Chennai,29.8,71,0.0,3.9
2022-04-17,Chennai,29.3,64,0.0,3.5
2022-04-18,Chennai,28.1,69,0.0,3.6
2022-04-19,Chennai,30.8,69,0.0,3.0
2022-04-20,Chennai,31.7,68,0.0,2.9
2022-04-21,Chennai,28.3,74,0.0,2.5
2022-04-22,Chennai,33.3,67,0.0,3.6
2022-04-23,Chennai,30.7,69,0.0,2.4
2022-04-24,Chennai,26.4,66,0.0,1.9
2022-04-25,Chennai,32.1,56,0.0,2.7
2022-04-26,Chennai,28.3,63,0.0,3.3
2022-04-27,Chennai,28.3,65,0.0,2.7
2022-04-28,Chennai,29.1,77,0.0,3.3
2022-04-29,Chennai,28.7,74,0.0,3.0
2022-04-30,Chennai,30.7,65,0.0,2.2
2022-05-01,Chennai,30.6,63,0.0,3.5
2022-05-02,Chennai,31.2,74,0.0,4.3
2022-05-03,Chennai,32.7,72,0.0,3.2
2022-05-04,Chennai,28.2,68,0.0,2.1
2022-05-05,Chennai,31.2,66,0.0,4.4
2022-05-06,Chennai,31.3,70,0.0,0.7
2022-05-07,Chennai,29.6,67,0.0,0.7
2022-05-08,Chennai,30.7,68,0.0,1.1
2022-05-09,Chennai,28.6,62,0.0,2.6
2022-05-10,Chennai,29.4,66,0.0,3.1
2022-05-11,Chennai,30.6,56,0.0,3.7
2022-05-12,Chennai,32.1,69,0.0,4.9
2022-05-13,Chennai,31.8,61,7.0,1.6
2022-05-14,Chennai,28.3,67,11.3,1.9
2022-05-15,Chennai,32.8,62,0.0,2.9
2022-05-16,Chennai,30.5,63,11.5,3.6
2022-05-17,Chennai,30.9,68,0.0,2.0
2022-05-18,Chennai,32.6,57,0.0,3.2
2022-05-19,Chennai,31.9,54,0.0,3.3
2022-05-20,Chennai,35.3,60,0.0,3.7
2022-05-21,Chennai,28.5,58,0.0,3.1
2022-05-22,Chennai,28.4,61,0.0,3.2
2022-05-23,Chennai,32.4,67,0.0,2.4
2022-05-24,Chennai,28.3,63,0.0,3.3
2022-05-25,Chennai,35.2,69,0.0,3.7
2022-05-26,Chennai,29.7,65,0.0,3.7
2022-05-27,Chennai,31.1,60,0.0,3.3
2022-05-28,Chennai,32.6,67,0.0,4.1
2022-05-29,Chennai,28.3,60,0.0,3.3
2022-05-30,Chennai,32.3,66,0.0,3.3
2022-05-31,Chennai,31.5,70,14.6,4.9
2022-06-01,Chennai,30.8,71,0.0,5.1
2022-06-02,Chennai,35.5,63,0.0,4.7
2022-06-03,Chennai,36.5,63,0.0,5.2
2022-06-04,Chennai,35.4,69,5.8,4.9
2022-06-05,Chennai,30.6,62,18.7,3.6
2022-06-06,Chennai,30.9,66,26.0,5.8
2022-06-07,Chennai,32.4,57,5.3,3.8
2022-06-08,Chennai,31.2,61,0.0,4.5
2022-06-09,Chennai,30.7,64,1.1,4.4
2022-06-10,Chennai,32.7,64,16.9,7.1
2022-06-11,Chennai,30.5,70,15.0,4.7
2022-06-12,Chennai,33.1,69,0.0,5.7
2022-06-13,Chennai,31.8,60,6.6,4.7
2022-06-14,Chennai,29.3,62,0.0,5.1
2022-06-15,Chennai,34.8,55,16.6,6.5
2022-06-16,Chennai,29.4,59,14.0,4.7
2022-06-17,Chennai,35.3,62,2.8,5.4
2022-06-18,Chennai,35.3,61,10.4,5.5
2022-06-19,Chennai,29.4,60,16.8,4.2
2022-06-20,Chennai,30.7,69,8.0,5.6
2022-06-21,Chennai,32.4,50,0.0,5.2
2022-06-22,Chennai,35.1,48,12.6,4.0
2022-06-23,Chennai,31.4,54,22.5,5.6
2022-06-24,Chennai,33.5,64,6.0,3.4
2022-06-25,Chennai,31.7,59,8.2,5.1
2022-06-26,Chennai,29.4,64,1.6,4.3
2022-06-27,Chennai,31.7,56,0.0,6.3
2022-06-28,Chennai,32.1,50,0.0,4.9
2022-06-29,Chennai,36.2,62,0.0,3.0
2022-06-30,Chennai,34.9,62,7.3,5.8
2022-07-01,Chennai,31.5,52,8.1,5.0
2022-07-02,Chennai,32.9,54,9.4,4.8
2022-07-03,Chennai,31.5,62,8.8,5.7
2022-07-04,Chennai,33.6,58,6.4,5.4
2022-07-05,Chennai,31.5,53,3.8,4.1
2022-07-06,Chennai,34.5,59,2.3,3.7
2022-07-07,Chennai,33.8,60,0.0,5.3
2022-07-08,Chennai,29.6,48,0.0,3.6
2022-07-09,Chennai,33.9,55,10.6,5.4
2022-07-10,Chennai,36.4,62,0.0,4.3
2022-07-11,Chennai,34.6,60,4.8,4.8
2022-07-12,Chennai,31.5,59,0.0,4.7
2022-07-13,Chennai,33.5,58,15.9,3.3
2022-07-14,Chennai,33.0,61,16.8,5.1
2022-07-15,Chennai,33.5,59,5.6,5.1
2022-07-16,Chennai,32.1,58,9.6,6.0
2022-07-17,Chennai,30.9,55,3.7,4.7
2022-07-18,Chennai,33.2,53,28.7,4.8
2022-07-19,Chennai,35.5,61,5.3,5.4
2022-07-20,Chennai,33.0,51,1.6,4.7
2022-07-21,Chennai,29.3,61,5.1,3.5
2022-07-22,Chennai,32.4,51,0.0,2.9
2022-07-23,Chennai,33.7,56,10.3,5.0
2022-07-24,Chennai,32.5,59,7.4,3.9
2022-07-25,Chennai,32.6,64,10.2,4.7
2022-07-26,Chennai,32.2,58,26.4,4.7
2022-07-27,Chennai,31.6,60,8.1,6.5
2022-07-28,Chennai,33.1,69,37.4,5.1
2022-07-29,Chennai,35.3,58,10.6,7.1
2022-07-30,Chennai,32.3,53,0.0,4.9
2022-07-31,Chennai,29.6,62,0.0,4.2
2022-08-01,Chennai,36.2,54,16.4,7.0
2022-08-02,Chennai,35.1,61,9.9,3.3
2022-08-03,Chennai,31.1,59,0.0,4.1
2022-08-04,Chennai,30.8,58,11.2,5.2
2022-08-05,Chennai,33.5,60,13.6,4.9
2022-08-06,Chennai,31.8,66,5.9,5.2
2022-08-07,Chennai,32.8,60,12.4,4.9
2022-08-08,Chennai,31.3,66,10.2,5.2
2022-08-09,Chennai,28.8,62,0.0,5.8
2022-08-10,Chennai,31.9,64,4.9,5.9
2022-08-11,Chennai,32.5,68,1.8,4.7
2022-08-12,Chennai,32.9,66,0.0,5.9
2022-08-13,Chennai,33.4,61,0.0,6.2
2022-08-14,Chennai,32.9,52,7.3,5.5
2022-08-15,Chennai,31.3,57,16.9,5.1
2022-08-16,Chennai,30.4,59,7.6,5.4
2022-08-17,Chennai,34.0,64,20.1,4.9
2022-08-18,Chennai,31.9,59,14.9,6.2
2022-08-19,Chennai,29.5,68,10.7,4.5
2022-08-20,Chennai,33.2,71,25.7,6.1
2022-08-21,Chennai,33.8,70,2.4,3.7
2022-08-22,Chennai,32.1,65,0.0,5.5
2022-08-23,Chennai,34.8,70,16.1,4.3
2022-08-24,Chennai,29.8,65,3.3,6.0
2022-08-25,Chennai,32.3,61,4.4,4.1
2022-08-26,Chennai,32.5,57,0.0,4.1
2022-08-27,Chennai,31.9,65,27.4,4.6
2022-08-28,Chennai,32.8,70,22.2,6.6
2022-08-29,Chennai,31.7,70,4.2,4.3
2022-08-30,Chennai,28.5,63,0.0,4.6
2022-08-31,Chennai,33.7,60,4.7,5.9
2022-09-01,Chennai,30.8,66,6.3,4.5
2022-09-02,Chennai,30.8,69,7.0,6.1
2022-09-03,Chennai,32.4,68,6.2,3.8
2022-09-04,Chennai,32.3,63,4.2,5.5
2022-09-05,Chennai,29.3,67,24.2,5.7
2022-09-06,Chennai,30.1,63,0.0,5.7
2022-09-07,Chennai,32.7,74,0.0,4.6
2022-09-08,Chennai,29.7,61,5.3,5.8
2022-09-09,Chennai,30.1,70,2.6,6.9
2022-09-10,Chennai,29.3,61,3.6,4.2
2022-09-11,Chennai,31.5,63,10.0,2.6
2022-09-12,Chennai,28.5,74,3.2,3.4
2022-09-13,Chennai,31.3,62,4.9,6.2
2022-09-14,Chennai,30.1,67,9.3,5.6
2022-09-15,Chennai,30.6,64,5.7,5.2
2022-09-16,Chennai,27.3,60,8.3,6.2
2022-09-17,Chennai,29.0,55,3.5,4.6
2022-09-18,Chennai,28.8,64,12.1,6.1
2022-09-19,Chennai,27.9,74,8.1,4.9
2022-09-20,Chennai,29.0,65,0.0,5.5
2022-09-21,Chennai,29.1,50,15.2,5.0
2022-09-22,Chennai,27.8,72,0.0,4.0
2022-09-23,Chennai,27.1,71,0.0,6.0
2022-09-24,Chennai,30.0,61,0.0,5.9
2022-09-25,Chennai,29.9,64,20.0,3.9
2022-09-26,Chennai,26.7,62,11.5,5.9
2022-09-27,Chennai,28.3,71,0.0,1.8
2022-09-28,Chennai,31.6,69,0.0,5.1
2022-09-29,Chennai,28.3,70,0.0,3.5
2022-09-30,Chennai,27.7,69,0.0,3.5
2022-10-01,Chennai,31.0,73,0.0,3.6
2022-10-02,Chennai,30.0,70,0.0,3.3
2022-10-03,Chennai,28.8,61,0.0,2.7
2022-10-04,Chennai,34.4,73,0.0,1.9
2022-10-05,Chennai,30.5,60,0.0,4.0
2022-10-06,Chennai,28.2,66,1.4,3.3
2022-10-07,Chennai,29.3,72,0.0,3.1
2022-10-08,Chennai,27.2,70,0.0,3.5
2022-10-09,Chennai,27.1,68,0.0,3.0
2022-10-10,Chennai,33.6,74,0.0,2.5
2022-10-11,Chennai,26.5,73,0.0,5.3
2022-10-12,Chennai,27.2,76,0.0,2.0
2022-10-13,Chennai,27.8,67,0.0,5.0
2022-10-14,Chennai,28.7,80,0.0,3.1
2022-10-15,Chennai,32.5,70,0.0,3.1
2022-10-16,Chennai,27.2,71,0.0,2.9
2022-10-17,Chennai,25.5,66,0.0,3.3
2022-10-18,Chennai,31.8,72,0.0,4.0
2022-10-19,Chennai,26.3,69,0.0,1.3
2022-10-20,Chennai,28.8,75,0.0,3.9
2022-10-21,Chennai,27.4,72,0.0,3.6
2022-10-22,Chennai,29.6,76,0.0,3.1
2022-10-23,Chennai,28.9,75,0.0,2.9
2022-10-24,Chennai,27.2,74,0.0,2.8
2022-10-25,Chennai,28.8,81,0.0,4.6
2022-10-26,Chennai,30.5,73,11.5,2.9
2022-10-27,Chennai,26.2,63,0.0,3.2
2022-10-28,Chennai,30.5,69,0.0,1.5
2022-10-29,Chennai,28.3,79,0.0,4.1
2022-10-30,Chennai,25.4,74,0.0,2.3
2022-10-31,Chennai,27.1,71,15.6,4.2
2022-11-01,Chennai,25.5,72,0.0,1.9
2022-11-02,Chennai,24.6,63,0.0,3.5
2022-11-03,Chennai,27.9,68,13.7,3.3
2022-11-04,Chennai,30.1,78,0.0,2.5
2022-11-05,Chennai,25.7,74,0.0,3.2
2022-11-06,Chennai,29.7,78,0.0,3.3
2022-11-07,Chennai,29.0,71,0.0,2.0
2022-11-08,Chennai,27.4,75,0.0,4.9
2022-11-09,Chennai,30.2,80,0.0,2.1
2022-11-10,Chennai,26.7,79,0.0,3.1
2022-11-11,Chennai,28.3,78,0.0,2.6
2022-11-12,Chennai,24.7,76,0.0,5.1
2022-11-13,Chennai,28.7,71,0.0,3.1
2022-11-14,Chennai,26.0,82,0.0,2.6
2022-11-15,Chennai,25.2,74,8.8,3.3
2022-11-16,Chennai,24.5,83,0.0,3.4
2022-11-17,Chennai,23.4,66,0.0,1.2
2022-11-18,Chennai,31.7,79,0.0,3.2
2022-11-19,Chennai,29.8,81,0.0,3.7
2022-11-20,Chennai,28.2,80,0.0,3.2
2022-11-21,Chennai,28.5,69,0.0,1.7
2022-11-22,Chennai,26.5,79,12.9,4.1
2022-11-23,Chennai,26.0,83,0.0,3.6
2022-11-24,Chennai,23.5,69,0.0,2.5
2022-11-25,Chennai,24.4,65,0.0,1.7
2022-11-26,Chennai,28.9,78,14.8,2.3
2022-11-27,Chennai,27.5,86,5.6,1.5
2022-11-28,Chennai,25.0,76,0.0,3.5
2022-11-29,Chennai,28.8,87,0.0,2.6
2022-11-30,Chennai,28.3,78,0.0,2.5
2022-12-01,Chennai,26.3,80,0.0,4.2
2022-12-02,Chennai,26.0,72,0.0,3.0
2022-12-03,Chennai,25.1,84,1.2,2.8
2022-12-04,Chennai,22.0,81,0.0,2.1
2022-12-05,Chennai,30.4,80,8.1,4.6
2022-12-06,Chennai,26.6,83,0.0,4.4
2022-12-07,Chennai,27.1,77,0.0,4.0
2022-12-08,Chennai,22.1,79,0.0,1.6
2022-12-09,Chennai,28.6,81,0.0,2.3
2022-12-10,Chennai,28.9,77,0.0,2.2
2022-12-11,Chennai,27.2,81,9.9,2.7
2022-12-12,Chennai,27.9,92,0.0,4.2
2022-12-13,Chennai,25.2,73,0.0,2.0
2022-12-14,Chennai,25.9,77,0.0,6.0
2022-12-15,Chennai,24.3,75,0.0,2.4
2022-12-16,Chennai,25.2,82,0.0,4.6
2022-12-17,Chennai,22.8,78,5.4,4.2
2022-12-18,Chennai,22.0,86,0.0,1.5
2022-12-19,Chennai,25.1,79,0.0,4.4
2022-12-20,Chennai,27.0,78,0.0,2.2
2022-12-21,Chennai,23.3,77,0.0,4.3
2022-12-22,Chennai,26.4,82,0.0,5.9
2022-12-23,Chennai,28.2,72,0.0,1.9
2022-12-24,Chennai,24.2,71,0.0,2.7
2022-12-25,Chennai,21.0,83,0.0,3.0
2022-12-26,Chennai,27.3,75,0.0,3.1
2022-12-27,Chennai,24.4,80,5.3,3.9
2022-12-28,Chennai,26.6,75,0.0,4.2
2022-12-29,Chennai,28.2,76,0.0,3.8
2022-12-30,Chennai,26.4,80,0.0,2.1
2022-12-31,Chennai,26.7,85,0.0,2.8
2023-01-01,Chennai,22.7,73,0.0,1.6
2023-01-02,Chennai,22.4,69,0.0,3.5
2023-01-03,Chennai,26.3,73,0.0,4.0
2023-01-04,Chennai,25.5,77,0.0,2.6
2023-01-05,Chennai,26.4,73,0.0,0.6
2023-01-06,Chennai,25.0,82,0.0,4.1
2023-01-07,Chennai,25.9,80,0.0,1.4
2023-01-08,Chennai,22.9,82,11.4,4.3
2023-01-09,Chennai,23.8,72,0.0,4.4
2023-01-10,Chennai,25.4,87,0.0,3.2
2023-01-11,Chennai,29.0,83,0.0,2.3
2023-01-12,Chennai,23.6,76,0.0,1.1
2023-01-13,Chennai,24.8,81,0.0,3.3
2023-01-14,Chennai,25.4,76,0.0,3.1
2023-01-15,Chennai,24.0,82,0.0,5.0
2023-01-16,Chennai,27.2,76,0.0,2.7
2023-01-17,Chennai,23.9,77,0.0,3.4
2023-01-18,Chennai,24.4,82,0.0,2.9
2023-01-19,Chennai,25.2,83,10.3,4.1
2023-01-20,Chennai,22.8,89,0.0,3.0
2023-01-21,Chennai,25.9,77,0.0,3.7
2023-01-22,Chennai,24.5,84,0.0,2.6
2023-01-23,Chennai,24.7,84,0.0,2.6
2023-01-24,Chennai,25.6,78,0.0,2.0
2023-01-25,Chennai,24.6,77,0.0,2.0
2023-01-26,Chennai,28.1,83,0.0,1.5
2023-01-27,Chennai,22.4,71,0.0,4.1
2023-01-28,Chennai,27.3,73,3.4,1.8
2023-01-29,Chennai,26.1,81,0.0,2.9
2023-01-30,Chennai,24.9,81,0.0,3.0
2023-01-31,Chennai,24.5,79,0.0,3.1
2023-02-01,Chennai,25.5,86,0.0,1.9
2023-02-02,Chennai,24.3,84,0.0,1.5
2023-02-03,Chennai,25.2,79,0.0,3.8
2023-02-04,Chennai,26.1,77,0.0,4.0
2023-02-05,Chennai,23.2,75,0.0,1.8
2023-02-06,Chennai,25.8,81,0.0,2.4
2023-02-07,Chennai,26.5,83,0.0,1.4
2023-02-08,Chennai,27.7,69,0.0,3.3
2023-02-09,Chennai,21.6,75,0.0,3.4
2023-02-10,Chennai,22.4,69,0.0,2.9
2023-02-11,Chennai,24.9,90,6.0,2.6
2023-02-12,Chennai,28.1,78,0.0,3.4
2023-02-13,Chennai,26.8,82,0.0,3.6
2023-02-14,Chennai,30.5,69,0.0,3.7
2023-02-15,Chennai,29.1,85,0.0,3.3
2023-02-16,Chennai,26.2,70,0.0,1.3
2023-02-17,Chennai,23.2,77,0.0,3.7
2023-02-18,Chennai,24.4,71,3.8,2.4
2023-02-19,Chennai,26.5,80,0.0,1.4
2023-02-20,Chennai,26.4,76,0.0,2.9
2023-02-21,Chennai,27.6,80,0.0,3.3
2023-02-22,Chennai,27.1,76,0.0,0.6
2023-02-23,Chennai,25.6,74,5.8,1.1
2023-02-24,Chennai,26.6,77,0.0,1.9
2023-02-25,Chennai,26.1,86,0.0,1.8
2023-02-26,Chennai,29.7,80,0.0,3.4
2023-02-27,Chennai,25.3,81,14.0,4.3
2023-02-28,Chennai,28.1,84,0.0,2.6
2023-03-01,Chennai,23.8,68,0.0,2.1
2023-03-02,Chennai,27.3,82,0.0,2.4
2023-03-03,Chennai,29.3,82,29.1,2.6
2023-03-04,Chennai,24.8,74,0.0,4.2
2023-03-05,Chennai,24.9,76,0.0,3.1
2023-03-06,Chennai,27.5,73,0.0,3.4
2023-03-07,Chennai,24.8,73,0.0,2.7
2023-03-08,Chennai,27.5,71,0.0,3.5
2023-03-09,Chennai,27.7,83,0.0,4.3
2023-03-10,Chennai,24.4,79,0.0,5.6
2023-03-11,Chennai,28.0,66,0.0,3.0
2023-03-12,Chennai,28.9,75,0.0,2.0
2023-03-13,Chennai,27.2,74,11.0,4.6
2023-03-14,Chennai,26.2,82,0.0,5.1
2023-03-15,Chennai,29.6,74,3.5,2.2
2023-03-16,Chennai,25.7,77,7.6,2.9
2023-03-17,Chennai,25.5,77,13.4,2.5
2023-03-18,Chennai,24.5,69,0.0,3.0
2023-03-19,Chennai,23.7,76,0.0,2.8
2023-03-20,Chennai,29.8,65,0.0,4.0
2023-03-21,Chennai,31.7,71,0.0,3.0
2023-03-22,Chennai,26.8,72,0.0,4.4
2023-03-23,Chennai,24.2,77,0.0,2.0
2023-03-24,Chennai,29.8,67,0.0,3.6
2023-03-25,Chennai,29.8,76,0.0,1.5
2023-03-26,Chennai,29.8,71,0.0,3.6
2023-03-27,Chennai,26.7,75,0.0,2.2
2023-03-28,Chennai,23.9,67,0.0,2.3
2023-03-29,Chennai,28.6,69,0.0,2.2
2023-03-30,Chennai,31.1,76,0.0,1.6
2023-03-31,Chennai,28.7,77,0.0,3.1
2023-04-01,Chennai,26.2,74,0.0,1.4
2023-04-02,Chennai,26.4,68,0.0,1.6
2023-04-03,Chennai,25.2,69,0.0,3.0
2023-04-04,Chennai,28.5,68,0.0,3.0
2023-04-05,Chennai,29.5,81,0.0,3.1
2023-04-06,Chennai,28.4,70,6.3,2.1
2023-04-07,Chennai,27.3,70,0.0,2.7
2023-04-08,Chennai,26.8,72,0.0,5.0
2023-04-09,Chennai,29.8,64,0.0,3.7
2023-04-10,Chennai,26.5,65,0.0,0.5
2023-04-11,Chennai,27.5,69,0.0,2.3
2023-04-12,Chennai,31.4,74,0.0,2.9
2023-04-13,Chennai,29.8,71,18.6,3.1
2023-04-14,Chennai,30.3,67,0.0,3.6
2023-04-15,Chennai,30.7,65,0.0,3.7
2023-04-16,Chennai,27.7,73,0.0,3.0
2023-04-17,Chennai,28.2,75,0.0,3.2
2023-04-18,Chennai,30.0,64,0.0,3.1
2023-04-19,Chennai,28.6,70,22.2,2.7
2023-04-20,Chennai,29.6,68,0.0,2.3
2023-04-21,Chennai,26.6,66,0.0,3.2
2023-04-22,Chennai,29.1,72,0.0,4.2
2023-04-23,Chennai,31.0,67,0.0,3.5
2023-04-24,Chennai,31.0,64,0.0,2.8
2023-04-25,Chennai,26.3,60,0.0,3.1
2023-04-26,Chennai,31.0,71,0.0,3.8
2023-04-27,Chennai,29.7,69,0.0,2.5
2023-04-28,Chennai,28.1,67,0.0,3.4
2023-04-29,Chennai,32.4,57,0.0,2.4
2023-04-30,Chennai,29.1,70,0.0,3.5
2023-05-01,Chennai,30.2,66,0.0,3.0
2023-05-02,Chennai,31.5,70,0.0,3.2
2023-05-03,Chennai,31.9,68,0.0,3.1
2023-05-04,Chennai,29.0,66,0.0,3.1
2023-05-05,Chennai,31.3,68,0.0,2.9
2023-05-06,Chennai,32.9,59,0.0,5.2
2023-05-07,Chennai,31.4,68,0.0,2.3
2023-05-08,Chennai,29.3,70,0.0,5.1
2023-05-09,Chennai,30.6,60,0.0,4.0
2023-05-10,Chennai,30.2,62,0.0,3.3
2023-05-11,Chennai,32.3,66,9.1,1.3
2023-05-12,Chennai,31.0,63,0.0,3.2
2023-05-13,Chennai,32.4,64,0.0,3.8
2023-05-14,Chennai,32.3,63,0.0,3.2
2023-05-15,Chennai,31.0,66,0.0,3.5
2023-05-16,Chennai,31.6,59,0.0,3.0
2023-05-17,Chennai,31.5,58,0.0,2.3
2023-05-18,Chennai,30.5,65,15.6,3.2
2023-05-19,Chennai,30.9,62,0.0,2.5
2023-05-20,Chennai,34.8,61,0.0,2.8
2023-05-21,Chennai,30.1,66,0.0,3.1
2023-05-22,Chennai,31.3,61,0.0,3.7
2023-05-23,Chennai,29.7,63,0.0,3.0
2023-05-24,Chennai,33.6,68,0.0,1.9
2023-05-25,Chennai,35.8,62,0.0,3.8
2023-05-26,Chennai,30.8,62,0.0,2.1
2023-05-27,Chennai,33.7,69,0.0,4.3
2023-05-28,Chennai,31.8,68,1.0,1.7
2023-05-29,Chennai,33.0,61,0.0,2.3
2023-05-30,Chennai,29.3,62,0.0,3.0
2023-05-31,Chennai,35.4,65,9.8,4.8
2023-06-01,Chennai,35.9,51,14.5,4.8
2023-06-02,Chennai,33.7,62,5.5,5.1
2023-06-03,Chennai,31.7,68,6.4,6.0
2023-06-04,Chennai,34.0,73,7.9,7.8
2023-06-05,Chennai,30.2,56,5.1,4.6
2023-06-06,Chennai,33.8,58,5.2,6.0
2023-06-07,Chennai,31.5,62,2.8,4.7
2023-06-08,Chennai,29.6,63,0.0,4.4
2023-06-09,Chennai,34.4,64,0.0,4.1
2023-06-10,Chennai,32.1,53,4.5,6.2
2023-06-11,Chennai,32.4,57,14.4,4.2
2023-06-12,Chennai,30.0,61,0.0,4.5
2023-06-13,Chennai,29.8,66,0.0,5.0
2023-06-14,Chennai,34.2,68,0.0,4.7
2023-06-15,Chennai,35.6,66,6.5,4.4
2023-06-16,Chennai,31.7,68,9.1,1.1
2023-06-17,Chennai,34.5,59,3.5,5.8
2023-06-18,Chennai,31.1,55,16.9,5.7
2023-06-19,Chennai,31.9,71,7.1,5.5
2023-06-20,Chennai,33.7,63,0.0,3.0
2023-06-21,Chennai,35.6,58,10.5,6.4
2023-06-22,Chennai,35.4,58,12.2,4.8
2023-06-23,Chennai,32.9,66,3.6,6.1
2023-06-24,Chennai,31.9,58,0.0,3.8
2023-06-25,Chennai,30.8,61,2.6,4.1
2023-06-26,Chennai,32.4,57,3.7,5.2
2023-06-27,Chennai,32.7,52,27.3,5.3
2023-06-28,Chennai,35.4,51,9.4,4.4
2023-06-29,Chennai,30.6,62,0.0,6.5
2023-06-30,Chennai,32.2,59,23.8,4.9
2023-07-01,Chennai,34.0,60,35.3,2.6
2023-07-02,Chennai,33.0,58,15.9,4.0
2023-07-03,Chennai,35.8,56,6.0,2.5
2023-07-04,Chennai,32.1,55,0.0,5.5
2023-07-05,Chennai,32.4,62,0.0,5.8
2023-07-06,Chennai,35.5,56,14.8,5.1
2023-07-07,Chennai,29.7,61,20.1,6.6
2023-07-08,Chennai,36.2,60,0.0,5.0
2023-07-09,Chennai,30.4,57,5.0,4.8
2023-07-10,Chennai,33.2,66,0.0,4.8
2023-07-11,Chennai,32.8,60,13.5,4.6
2023-07-12,Chennai,32.2,55,5.1,3.7
2023-07-13,Chennai,34.2,53,3.4,4.1
2023-07-14,Chennai,32.6,61,7.4,5.5
2023-07-15,Chennai,32.6,49,14.3,6.8
2023-07-16,Chennai,33.7,60,17.0,3.5
2023-07-17,Chennai,32.7,54,9.7,3.5
2023-07-18,Chennai,29.8,60,5.0,4.6
2023-07-19,Chennai,30.4,64,22.8,4.1
2023-07-20,Chennai,33.6,60,0.0,3.5
2023-07-21,Chennai,32.4,57,12.8,4.6
2023-07-22,Chennai,34.5,68,5.0,4.3
2023-07-23,Chennai,32.4,58,0.0,7.4
2023-07-24,Chennai,33.7,57,0.0,5.4
2023-07-25,Chennai,31.9,53,9.6,6.1
2023-07-26,Chennai,32.6,66,0.0,6.0
2023-07-27,Chennai,32.9,69,2.9,4.4
2023-07-28,Chennai,34.5,58,12.3,5.7
2023-07-29,Chennai,36.2,54,0.0,5.5
2023-07-30,Chennai,32.2,59,12.1,5.8
2023-07-31,Chennai,34.6,58,17.3,6.2
2023-08-01,Chennai,31.0,64,3.4,5.0
2023-08-02,Chennai,32.8,56,16.0,5.9
2023-08-03,Chennai,32.6,59,1.9,5.4
2023-08-04,Chennai,31.8,57,0.0,3.8
2023-08-05,Chennai,34.0,59,16.6,5.6
2023-08-06,Chennai,32.4,60,3.9,5.0
2023-08-07,Chennai,35.0,55,14.8,4.9
2023-08-08,Chennai,28.2,59,3.9,4.0
2023-08-09,Chennai,30.5,60,34.8,3.5
2023-08-10,Chennai,34.6,65,9.6,4.6
2023-08-11,Chennai,33.1,51,8.2,5.3
2023-08-12,Chennai,30.4,54,0.0,6.0
2023-08-13,Chennai,38.3,50,0.0,5.9
2023-08-14,Chennai,32.8,54,0.0,4.7
2023-08-15,Chennai,33.2,56,2.5,4.2
2023-08-16,Chennai,30.6,62,8.6,6.0
2023-08-17,Chennai,30.3,67,6.5,4.1
2023-08-18,Chennai,29.8,68,5.5,6.4
2023-08-19,Chennai,32.6,52,1.2,4.6
2023-08-20,Chennai,32.3,55,12.5,5.4
2023-08-21,Chennai,33.3,58,11.0,5.0
2023-08-22,Chennai,32.1,63,1.7,4.2
2023-08-23,Chennai,34.5,63,10.1,4.1
2023-08-24,Chennai,30.7,66,6.4,6.2
2023-08-25,Chennai,32.3,65,5.7,5.3
2023-08-26,Chennai,34.7,61,9.4,5.4
2023-08-27,Chennai,28.6,67,6.2,6.0
2023-08-28,Chennai,31.7,70,4.3,4.9
2023-08-29,Chennai,30.2,66,9.4,6.1
2023-08-30,Chennai,33.7,60,5.5,4.6
2023-08-31,Chennai,33.0,56,2.2,5.0
2023-09-01,Chennai,30.0,65,3.7,5.2
2023-09-02,Chennai,33.4,67,16.0,7.5
2023-09-03,Chennai,28.6,69,0.0,6.4
2023-09-04,Chennai,30.8,61,0.0,3.5
2023-09-05,Chennai,28.7,71,0.0,5.6
2023-09-06,Chennai,31.9,61,2.7,5.3
2023-09-07,Chennai,32.5,56,12.5,4.3
2023-09-08,Chennai,31.6,71,35.1,5.0
2023-09-09,Chennai,32.4,76,21.5,3.6
2023-09-10,Chennai,27.2,62,24.1,4.1
2023-09-11,Chennai,31.3,59,8.1,3.9
2023-09-12,Chennai,31.1,67,2.6,5.6
2023-09-13,Chennai,34.2,62,8.1,5.3
2023-09-14,Chennai,29.9,72,20.5,5.2
2023-09-15,Chennai,29.0,70,3.6,3.1
2023-09-16,Chennai,31.6,60,2.5,4.8
2023-09-17,Chennai,28.7,65,0.0,5.8
2023-09-18,Chennai,31.5,62,26.7,6.7
2023-09-19,Chennai,32.1,64,10.4,6.3
2023-09-20,Chennai,28.8,72,5.8,6.3
2023-09-21,Chennai,31.0,66,4.5,4.2
2023-09-22,Chennai,29.7,59,35.4,4.7
2023-09-23,Chennai,32.4,74,7.1,4.9
2023-09-24,Chennai,24.8,64,3.7,4.4
2023-09-25,Chennai,26.9,67,10.9,5.2
2023-09-26,Chennai,28.3,77,3.1,4.4
2023-09-27,Chennai,30.4,59,11.0,3.0
2023-09-28,Chennai,31.8,64,0.0,3.0
2023-09-29,Chennai,29.5,76,0.0,2.3
2023-09-30,Chennai,29.4,60,0.0,3.6
2023-10-01,Chennai,31.2,78,0.0,3.6
2023-10-02,Chennai,27.8,73,0.0,1.6
2023-10-03,Chennai,28.3,66,0.0,2.7
2023-10-04,Chennai,28.7,70,0.0,3.0
2023-10-05,Chennai,26.0,61,0.0,4.0
2023-10-06,Chennai,31.2,69,0.0,4.8
2023-10-07,Chennai,28.3,69,0.0,3.4
2023-10-08,Chennai,35.0,67,0.0,2.0
2023-10-09,Chennai,28.4,66,0.0,3.5
2023-10-10,Chennai,31.7,71,0.0,2.3
2023-10-11,Chennai,27.3,68,0.0,2.6
2023-10-12,Chennai,27.9,74,0.0,3.7
2023-10-13,Chennai,27.5,64,0.0,3.1
2023-10-14,Chennai,27.3,71,6.3,3.5
2023-10-15,Chennai,26.7,70,0.0,1.6
2023-10-16,Chennai,22.7,67,0.0,3.0
2023-10-17,Chennai,29.6,69,0.0,3.9
2023-10-18,Chennai,31.2,68,0.0,4.5
2023-10-19,Chennai,27.9,72,3.7,3.5
2023-10-20,Chennai,30.3,64,0.0,4.1
2023-10-21,Chennai,25.9,74,0.0,2.2
2023-10-22,Chennai,26.7,76,0.0,3.0
2023-10-23,Chennai,30.5,72,0.0,3.4
2023-10-24,Chennai,30.9,73,0.0,3.8
2023-10-25,Chennai,27.6,76,0.0,2.2
2023-10-26,Chennai,30.6,69,0.0,1.4
2023-10-27,Chennai,27.6,79,0.0,2.8
2023-10-28,Chennai,27.8,70,0.0,3.5
2023-10-29,Chennai,26.3,78,0.0,3.9
2023-10-30,Chennai,27.0,83,0.0,3.0
2023-10-31,Chennai,27.0,72,0.0,2.8
2023-11-01,Chennai,23.6,74,0.0,2.8
2023-11-02,Chennai,29.3,70,0.0,3.4
2023-11-03,Chennai,28.5,76,0.0,4.4
2023-11-04,Chennai,26.0,88,0.0,4.3
2023-11-05,Chennai,24.8,74,0.0,2.3
2023-11-06,Chennai,24.9,78,0.0,2.6
2023-11-07,Chennai,25.9,76,0.0,2.9
2023-11-08,Chennai,26.8,76,0.0,2.1
2023-11-09,Chennai,22.7,75,0.0,3.5
2023-11-10,Chennai,24.3,78,0.0,3.8
2023-11-11,Chennai,28.7,80,0.0,2.8
2023-11-12,Chennai,24.3,71,0.0,1.2
2023-11-13,Chennai,22.9,71,1.5,3.4
2023-11-14,Chennai,25.5,64,0.0,2.5
2023-11-15,Chennai,27.1,82,0.0,2.2
2023-11-16,Chennai,27.9,79,0.0,3.5
2023-11-17,Chennai,25.6,72,0.0,3.8
2023-11-18,Chennai,24.0,82,0.0,2.3
2023-11-19,Chennai,26.6,69,0.0,2.2
2023-11-20,Chennai,26.7,77,0.0,2.8
2023-11-21,Chennai,24.6,79,0.0,2.8
2023-11-22,Chennai,23.5,74,0.0,3.6
2023-11-23,Chennai,26.2,73,0.0,2.7
2023-11-24,Chennai,26.8,73,0.0,3.2
2023-11-25,Chennai,25.3,72,0.0,3.0
2023-11-26,Chennai,27.3,78,0.0,3.3
2023-11-27,Chennai,28.6,71,0.0,3.6
2023-11-28,Chennai,30.0,82,0.0,1.5
2023-11-29,Chennai,26.3,75,0.0,2.7
2023-11-30,Chennai,26.9,75,0.0,2.9
2023-12-01,Chennai,24.9,78,0.0,2.1
2023-12-02,Chennai,28.4,83,0.0,3.4
2023-12-03,Chennai,25.0,71,0.0,1.7
2023-12-04,Chennai,28.7,84,0.0,2.5
2023-12-05,Chennai,26.7,72,0.0,1.9
2023-12-06,Chennai,23.4,73,0.0,3.4
2023-12-07,Chennai,23.2,86,0.0,4.5
2023-12-08,Chennai,25.9,68,0.0,4.4
2023-12-09,Chennai,23.3,78,0.0,2.0
2023-12-10,Chennai,23.7,70,4.0,4.5
2023-12-11,Chennai,30.1,70,0.0,1.7
2023-12-12,Chennai,25.6,76,0.0,2.8
2023-12-13,Chennai,26.0,82,21.3,3.0
2023-12-14,Chennai,24.6,86,0.0,1.9
2023-12-15,Chennai,29.8,78,0.0,3.5
2023-12-16,Chennai,29.3,66,0.0,2.5
2023-12-17,Chennai,27.9,83,0.0,4.5
2023-12-18,Chennai,23.1,82,0.0,1.4
2023-12-19,Chennai,25.1,80,0.0,2.9
2023-12-20,Chennai,25.2,87,3.3,4.7
2023-12-21,Chennai,25.1,75,0.0,1.1
2023-12-22,Chennai,22.1,76,0.0,1.7
2023-12-23,Chennai,28.4,75,0.0,1.7
2023-12-24,Chennai,24.3,88,0.0,4.3
2023-12-25,Chennai,23.6,70,1.4,2.0
2023-12-26,Chennai,25.6,78,0.0,3.3
2023-12-27,Chennai,27.9,82,0.0,1.5
2023-12-28,Chennai,27.1,87,0.0,3.3
2023-12-29,Chennai,23.0,83,0.0,2.3
2023-12-30,Chennai,27.3,73,0.0,3.3
2023-12-31,Chennai,24.5,75,0.0,0.7
2024-01-01,Chennai,25.8,70,20.8,3.8
